movie_id,movie_name,cluster,genre
tt0000679,The Fairylogue and Radio-Plays,1,"Fantasy, Adventure"
tt0003740,Cabiria,0,"Adventure, Drama, History"
tt0005059,The Captive,1,"Drama, Romance, War"
tt0005078,The Cheat,4,"Drama, Romance"
tt0005808,The New Exploits of Elaine,4,"Action, Adventure"
tt0006517,Civilization,2,"Drama, War"
tt0006736,The Good Bad-Man,1,"Romance, Western"
tt0006886,Judex,2,"Adventure, Crime"
tt0008735,The Vicar of Wakefield,1,"Romance, Drama"
tt0008807,El último malón,2,"History, War"
tt0008854,The Eyes of the Mummy,2,"Drama, Horror"
tt0009677,Das Tagebuch einer Verlorenen,0,"Drama, Thriller"
tt0009900,Back to God's Country,1,"Adventure, Romance, Western"
tt0010281,Ich möchte kein Mann sein,1,"Comedy, Romance"
tt0010323,The Cabinet of Dr. Caligari,4,"Horror, Mystery, Thriller"
tt0010849,A Virtuous Vamp,1,"Comedy, Romance"
tt0011157,Erotikon,1,"Comedy, Romance"
tt0011387,The Last of the Mohicans,0,"Action, Adventure, Drama"
tt0011565,The Penalty,4,"Crime, Drama, Horror"
tt0012349,The Kid,3,"Comedy, Drama, Family"
tt0013075,Dr. Jack,1,"Comedy, Romance"
tt0013140,Foolish Wives,4,"Drama, Thriller"
tt0013201,Grandma's Boy,1,"Comedy, Family"
tt0013442,Nosferatu,4,"Fantasy, Horror"
tt0013572,Samson und Delila,2,"Adventure, History"
tt0014142,The Hunchback of Notre Dame,0,"Drama, Horror, Romance"
tt0014532,The Ten Commandments,0,"Biography, Drama, Fantasy"
tt0014586,Waxworks,4,"Fantasy, Horror"
tt0014646,"Aelita, the Queen of Mars",2,"Adventure, Comedy, Drama"
tt0014770,The Chechahcos,1,"Adventure, Drama, Western"
tt0015163,The Navigator,3,"Action, Comedy, Romance"
tt0015167,The Extraordinary Adventures of Mr. West in the Land of the Bolsheviks,1,"Comedy, Fantasy, Romance"
tt0015175,Die Nibelungen: Siegfried,0,"Adventure, Drama, Fantasy"
tt0015324,Sherlock Jr.,3,"Action, Comedy, Romance"
tt0015624,The Big Parade,0,"Drama, Romance, War"
tt0015864,The Gold Rush,3,"Adventure, Comedy, Drama"
tt0016185,Orochi,4,"Action, Adventure"
tt0016361,Smouldering Fires,1,"Drama, Romance"
tt0016473,The Unholy Three,2,"Crime, Drama, Romance"
tt0016481,Variety,4,"Crime, Drama, Romance"
tt0016629,The Bat,2,"Mystery, Thriller"
tt0016832,Exit Smiling,1,"Comedy, Romance"
tt0017075,The Lodger: A Story of the London Fog,4,"Crime, Drama, Mystery"
tt0017120,Mare Nostrum,0,"Drama, War"
tt0017132,Memory Lane,1,"Comedy, Romance"
tt0017136,Metropolis,0,"Drama, Sci-Fi"
tt0017374,The Shamrock Handicap,1,"Romance, Drama"
tt0017567,The Winning of Barbara Worth,1,"Drama, Romance, Western"
tt0017621,A Daughter of Destiny,2,"Drama, Fantasy, Horror"
tt0017623,Am Rande der Welt,4,"Drama, War"
tt0017632,Annie Laurie,2,"Drama, Romance"
tt0017736,Casanova,2,"Biography, Drama"
tt0017825,When Boys Leave Home,2,"Adventure, Drama, Thriller"
tt0017925,The General,3,"Action, Adventure, Comedy"
tt0017938,La glace à trois faces,2,"Drama, Romance"
tt0017998,Fanny Hawthorne,2,"Drama, Romance"
tt0018051,The Kid Brother,3,"Comedy, Drama, Family"
tt0018054,The King of Kings,0,"Biography, Drama, Family"
tt0018087,The Love of Jeanne Ney,2,"Drama, Romance"
tt0018217,October (Ten Days that Shook the World),0,"Drama, History"
tt0018451,The Student Prince in Old Heidelberg,1,"Drama, Romance"
tt0018455,Sunrise,0,"Drama, Romance"
tt0018742,The Cameraman,3,"Comedy, Drama, Family"
tt0019195,The Mysterious Lady,2,"Drama, Romance"
tt0019412,Speedy,3,"Action, Comedy, Family"
tt0019563,West of Zanzibar,4,"Drama, Mystery"
tt0019777,The Cocoanuts,1,"Adventure, Comedy, Musical"
tt0019889,The Flying Scotsman,2,"Crime, Drama"
tt0019901,Woman in the Moon,0,"Adventure, Comedy, Drama"
tt0020230,The New Babylon,0,"Drama, History"
tt0020269,Piccadilly,2,"Crime, Drama"
tt0020590,The Wild Party,1,"Drama, Romance"
tt0020620,Abraham Lincoln,0,"Biography, Drama, War"
tt0020629,All Quiet on the Western Front,4,"Drama, War"
tt0020641,Anna Christie,1,"Drama, Romance"
tt0020668,The Bat Whispers,2,"Crime, Drama, Horror"
tt0020691,The Big Trail,1,"Adventure, Romance, Western"
tt0020842,Three from the Filling Station,1,"Comedy, Musical, Romance"
tt0020876,Feet First,1,"Adventure, Comedy, Family"
tt0021016,Just Imagine,1,"Comedy, Fantasy, Musical"
tt0021030,Knowing Men,1,"Comedy, Romance"
tt0021165,Murder!,4,"Crime, Mystery, Thriller"
tt0021192,Numbered Men,1,"Crime, Drama"
tt0021309,The Story of the Fox,1,"Animation, Adventure, Comedy"
tt0021310,Romance,1,"Drama, Romance"
tt0021505,The Unholy Three,2,"Crime, Drama, Romance"
tt0021616,Ariane,1,"Drama, Romance"
tt0021749,City Lights,3,"Comedy, Drama, Romance"
tt0021815,Drácula,4,"Drama, Fantasy, Horror"
tt0021818,The 3 Penny Opera,4,"Comedy, Crime, Drama"
tt0021884,Frankenstein,4,"Drama, Horror, Sci-Fi"
tt0021890,The Front Page,2,"Comedy, Crime, Drama"
tt0022034,Congress Dances,3,"Comedy, History, Musical"
tt0022100,M,4,"Crime, Mystery, Thriller"
tt0022149,Millie,2,"Drama, Romance"
tt0022290,Quick Millions,2,"Crime, Drama"
tt0022578,Working Girls,1,"Drama, Romance"
tt0022615,Air Mail,1,"Adventure, Drama"
tt0022645,Au nom de la loi,2,"Crime, Drama"
tt0022689,Bird of Paradise,1,"Adventure, Drama, Romance"
tt0022699,A Blonde Dream,1,"Comedy, Musical, Romance"
tt0022835,Dr. Jekyll and Mr. Hyde,4,"Horror, Sci-Fi"
tt0022867,Ecstasy,2,"Drama, Romance"
tt0022879,A Farewell to Arms,2,"Drama, Romance, War"
tt0022913,Freaks,2,"Drama, Horror"
tt0023194,The Mask of Fu Manchu,2,"Adventure, Horror, Sci-Fi"
tt0023284,Night at the Crossroads,4,"Crime, Drama, Mystery"
tt0023382,Red Dust,1,"Comedy, Drama, Romance"
tt0023395,East of Shanghai,1,"Comedy, Drama, Romance"
tt0023525,The Strange Love of Molly Louvain,1,"Crime, Drama, Romance"
tt0023589,Three Wise Girls,1,"Comedy, Drama, Romance"
tt0023616,Trailing the Killer,1,"Adventure, Thriller, Western"
tt0023622,Trouble in Paradise,1,"Comedy, Crime, Romance"
tt0023649,Vampyr,4,"Fantasy, Horror"
tt0023694,White Zombie,2,Horror
tt0023731,"20, 000 Years in Sing Sing",2,"Crime, Drama, Film-Noir"
tt0023808,The Big Chance,1,"Action, Adventure, Comedy"
tt0023902,Godfather Mendoza,4,"Drama, War"
tt0023973,The Eagle and the Hawk,2,"Action, Drama, War"
tt0024044,Gabriel Over the White House,0,"Drama, Fantasy, Romance"
tt0024055,The Ghoul,2,"Action, Drama, Horror"
tt0024083,Hallelujah I'm a Bum,1,"Comedy, Drama, Musical"
tt0024151,I Cover the Waterfront,2,"Crime, Drama, Romance"
tt0024184,The Invisible Man,4,"Horror, Sci-Fi"
tt0024188,Island of Lost Souls,4,"Film-Noir, Horror, Sci-Fi"
tt0024216,King Kong,0,"Adventure, Horror, Sci-Fi"
tt0024262,The Little Giant,1,"Comedy, Crime, Romance"
tt0024264,Little Women,3,"Drama, Family, Romance"
tt0024302,Man's Castle,1,"Drama, Romance"
tt0024480,July 14,1,"Comedy, Romance"
tt0024500,Riders of Destiny,2,"Music, Romance, Western"
tt0024548,She Done Him Wrong,1,"Comedy, Drama, History"
tt0024645,Tarzan the Fearless,1,"Adventure, Family"
tt0024647,The Telegraph Trail,1,"Action, Adventure, Western"
tt0024894,The Black Cat,4,"Adventure, Crime, Horror"
tt0025028,Dames,1,"Comedy, Music, Musical"
tt0025062,Two Monks,2,"Drama, Horror, Mystery"
tt0025134,Four Frightened People,1,"Adventure, Drama"
tt0025204,Green Eyes,2,Mystery
tt0025248,"Workers, Let's Go",1,"Adventure, Comedy, Romance"
tt0025271,The House of Mystery,2,Mystery
tt0025316,It Happened One Night,1,"Comedy, Romance"
tt0025335,Judge Priest,1,"Comedy, Drama, Romance"
tt0025480,Bad Seed,2,"Comedy, Drama, Romance"
tt0025543,Mystery Liner,2,"Adventure, Mystery"
tt0025610,Our Daily Bread,1,"Drama, Romance"
tt0025681,The Private Life of Don Juan,1,"Adventure, Comedy, Romance"
tt0025740,Sadie McKee,1,"Drama, Romance"
tt0025896,Tiger Bay,2,"Crime, Drama, Romance"
tt0025898,Toni,2,"Crime, Drama, Romance"
tt0025907,Treasure Island,0,"Adventure, Family"
tt0025919,Twentieth Century,1,"Comedy, Romance"
tt0026023,Zouzou,1,"Crime, Musical, Romance"
tt0026185,The Case of the Lucky Legs,2,"Comedy, Crime, Mystery"
tt0026276,The Devil Is a Woman,2,"Comedy, Drama, Romance"
tt0026556,Justin de Marseille,2,"Crime, Drama"
tt0026606,The Last Journey,2,"Crime, Drama"
tt0026661,Luponini de Chicago,2,"Action, Comedy, Crime"
tt0026663,Mad Love,4,"Horror, Romance, Sci-Fi"
tt0026667,Magnificent Obsession,1,"Drama, Music, Mystery"
tt0026673,The Man from Guntown,1,"Action, Adventure, Western"
tt0026752,Mutiny on the Bounty,0,"Adventure, Biography, Drama"
tt0027042,Steamboat Round the Bend,1,"Comedy, Drama, Romance"
tt0027125,Top Hat,3,"Comedy, Musical, Romance"
tt0027146,Two Sinners,1,Romance
tt0027189,The Wedding Night,1,"Drama, Romance"
tt0027231,Yidl mitn fidl,3,"Comedy, Musical, Romance"
tt0027240,Let's Go with Pancho Villa,4,"Drama, War"
tt0027407,Bullets or Ballots,2,"Crime, Drama, Film-Noir"
tt0027652,Fury,4,"Crime, Drama, Film-Noir"
tt0027764,The House of a Thousand Candles,2,"Action, Romance"
tt0027877,The Leathernecks Have Landed,2,"Action, Adventure, Romance"
tt0027977,Modern Times,3,"Comedy, Drama, Romance"
tt0027996,Mr. Deeds Goes to Town,3,"Comedy, Drama, Romance"
tt0028167,Rembrandt,0,"Biography, Drama"
tt0028203,Romeo and Juliet,0,"Drama, Romance"
tt0028212,Sabotage,4,"Crime, Thriller"
tt0028216,San Francisco,3,"Drama, Music, Romance"
tt0028346,Reefer Madness,2,"Comedy, Crime, Drama"
tt0028511,Winterset,4,"Crime, Drama, Music"
tt0028622,Without Dowry,2,"Drama, Romance"
tt0028663,Dangerous Secrets,2,"Drama, Romance"
tt0028714,Chikemuri Takadanobaba,2,"Action, Comedy, Drama"
tt0028767,Dark Journey,2,"Adventure, Crime, Romance"
tt0028953,The Great Garrick,1,"Comedy, Romance"
tt0029054,It Could Happen to You,2,"Action, Adventure, Crime"
tt0029080,Kid Galahad,2,"Crime, Drama, Film-Noir"
tt0029207,The Mandarin Mystery,2,"Comedy, Crime, Film-Noir"
tt0029209,Manhattan Merry-Go-Round,1,"Comedy, Drama, Music"
tt0029272,Nobody's Wife,1,"Drama, Romance"
tt0029433,Portia on Trial,2,"Crime, Drama"
tt0029583,Snow White and the Seven Dwarfs,3,"Animation, Adventure, Family"
tt0029604,Stage Door,1,"Comedy, Drama, Romance"
tt0029712,Under the Red Robe,1,"Adventure, Romance"
tt0029826,L'étrange Monsieur Victor,4,"Crime, Drama"
tt0029850,Alexander Nevsky,0,"Action, Biography, Drama"
tt0029929,Bluebeard's Eighth Wife,1,"Comedy, Romance"
tt0029939,Born to Be Wild,1,"Action, Comedy, Drama"
tt0029950,The Buccaneer,1,"Adventure, Biography, Drama"
tt0030082,The Drum,1,"Adventure, War"
tt0030341,The Lady Vanishes,4,"Mystery, Thriller"
tt0030409,Man from Music Mountain,1,"Action, Music, Romance"
tt0030418,Marie Antoinette,0,"Biography, Drama, History"
tt0030637,Pygmalion,1,"Comedy, Drama, Romance"
tt0030743,The Shining Hour,1,"Drama, Music, Romance"
tt0030798,Storm Over Bengal,1,"Action, Adventure, Romance"
tt0030845,The Terror of Tiny Town,1,"Family, Western"
tt0030996,You and Me,1,"Crime, Film-Noir"
tt0031055,The Arsenal Stadium Mystery,2,"Comedy, Crime, Sport"
tt0031058,Ask a Policeman,1,"Adventure, Comedy, Crime"
tt0031067,Bachelor Mother,1,"Comedy, Romance"
tt0031068,Back Door to Heaven,2,"Crime, Drama, Music"
tt0031252,Drums Along the Mohawk,0,"Drama, Romance, War"
tt0031259,Dust Be My Destiny,2,"Crime, Drama, Film-Noir"
tt0031305,Fighting Mad,1,"Action, Adventure, Drama"
tt0031320,Flight at Midnight,1,"Action, Adventure, Drama"
tt0031381,Gone with the Wind,0,"Drama, Romance, War"
tt0031387,The Gorilla,1,"Comedy, Horror"
tt0031397,Gulliver's Travels,3,"Animation, Adventure, Comedy"
tt0031580,The Little Princess,3,"Comedy, Drama, Family"
tt0031614,The Man They Could Not Hang,2,"Crime, Horror, Sci-Fi"
tt0031762,Only Angels Have Wings,0,"Adventure, Drama, Romance"
tt0031835,The Rains Came,0,"Adventure, Drama, Romance"
tt0031951,Son of Frankenstein,4,"Drama, Horror, Sci-Fi"
tt0032138,The Wizard of Oz,3,"Adventure, Family, Fantasy"
tt0032152,You Can't Cheat an Honest Man,1,"Comedy, Family, Music"
tt0032155,Young Mr. Lincoln,0,"Biography, Drama, History"
tt0032194,"All This, and Heaven Too",0,"Drama, Romance"
tt0032220,"Arise, My Love",1,"Comedy, Drama, Romance"
tt0032342,City for Conquest,1,"Drama, Music, Sport"
tt0032410,Down Argentine Way,3,"Comedy, Drama, Musical"
tt0032455,Fantasia,1,"Animation, Family, Fantasy"
tt0032467,The Fighting 69th,2,"Action, Adventure, Biography"
tt0032553,The Great Dictator,0,"Comedy, Drama, War"
tt0032602,Hold That Woman!,1,"Comedy, Crime, Romance"
tt0032629,In Old Missouri,1,"Adventure, Comedy, Drama"
tt0032642,Isle of Destiny,1,"Action, Adventure, Drama"
tt0032802,Gorky 3: My Universities,2,"Biography, Drama"
tt0032904,The Philadelphia Story,3,"Comedy, Romance"
tt0032910,Pinocchio,3,"Animation, Adventure, Comedy"
tt0032976,Rebecca,4,"Drama, Film-Noir, Mystery"
tt0033028,The Sea Hawk,3,"Action, Adventure, History"
tt0033045,The Shop Around the Corner,3,"Comedy, Drama, Romance"
tt0033110,Strike Up the Band,3,"Comedy, Musical, Romance"
tt0033149,They Drive by Night,2,"Crime, Drama, Film-Noir"
tt0033244,The Way of All Flesh,2,"Crime, Drama, Romance"
tt0033337,Among the Living,2,"Drama, Film-Noir, Mystery"
tt0033429,Bowery Boy,1,"Action, Adventure, Crime"
tt0033459,Cheers for Miss Bishop,1,"Drama, Romance"
tt0033467,Citizen Kane,0,"Drama, Mystery"
tt0033563,Dumbo,3,"Animation, Adventure, Drama"
tt0033747,I'll Sell My Life,2,"Action, Crime, Drama"
tt0033760,Invisible Ghost,2,"Crime, Drama, Horror"
tt0033803,Lady Be Good,1,"Comedy, Music, Musical"
tt0033804,The Lady Eve,1,"Comedy, Romance"
tt0033870,The Maltese Falcon,4,"Crime, Film-Noir, Mystery"
tt0034126,Romeo und Julia auf dem Dorfe,2,"Drama, Romance"
tt0034266,Tarzan's Secret Treasure,1,"Action, Adventure, Romance"
tt0034268,"Doctor, Beware",1,"Comedy, Drama, Romance"
tt0034370,The Wagons Roll at Night,1,"Drama, Romance"
tt0034384,Western Union,1,"Drama, History, Western"
tt0034405,A Yank in the R.A.F.,1,"Action, Adventure, Drama"
tt0034439,Ala-Arriba!,1,"Drama, Romance"
tt0034492,Bambi,3,"Animation, Adventure, Drama"
tt0034521,Black Dragons,2,"Thriller, War"
tt0034551,Brooklyn Orchid,1,"Comedy, Music, Romance"
tt0034583,Casablanca,0,"Drama, Romance, War"
tt0034637,The Dawn Express,2,"Action, Crime, Drama"
tt0034646,Desperate Journey,1,"Drama, War"
tt0034734,Spitfire,0,"Adventure, Biography, Drama"
tt0034862,Holiday Inn,3,"Comedy, Drama, Music"
tt0034885,Ice Capades Revue,1,"Comedy, Music, Romance"
tt0034891,In Which We Serve,1,"Drama, War"
tt0035019,The Major and the Minor,1,"Comedy, Romance"
tt0035078,The Moon and Sixpence,2,"Drama, Romance"
tt0035093,Mrs. Miniver,0,"Drama, Romance, War"
tt0035121,The Next of Kin,2,"Drama, Mystery, Thriller"
tt0035211,The Pride of the Yankees,1,"Biography, Drama, Romance"
tt0035244,Reap the Wild Wind,0,"Action, Adventure, Drama"
tt0035360,Son of Fury: The Story of Benjamin Blake,3,"Drama, Romance"
tt0035423,Kate & Leopold,1,"Comedy, Fantasy, Romance"
tt0035446,To Be or Not to Be,0,"Comedy, Romance, War"
tt0035583,You Were Never Lovelier,3,"Comedy, Musical, Romance"
tt0035640,The Ape Man,2,"Drama, Horror, Sci-Fi"
tt0035727,Hit Parade of 1943,1,"Music, Romance"
tt0035751,The Constant Nymph,1,"Drama, Music, Mystery"
tt0035807,Another Dawn,4,"Drama, Romance, Thriller"
tt0035884,Five Graves to Cairo,4,"Thriller, War"
tt0035896,For Whom the Bell Tolls,0,"Adventure, Drama, History"
tt0035937,The Ghost Ship,4,"Drama, Mystery, Thriller"
tt0035938,The Ghost and the Guest,1,"Comedy, Drama, Fantasy"
tt0035979,Heaven Can Wait,1,"Comedy, Drama, Fantasy"
tt0036092,A Lady Takes a Chance,1,"Comedy, Romance, Western"
tt0036208,No Time for Love,1,"Comedy, Romance"
tt0036341,The Seventh Victim,4,"Drama, Horror, Mystery"
tt0036342,Shadow of a Doubt,4,"Film-Noir, Thriller"
tt0036432,Thousands Cheer,1,"Comedy, Drama, Musical"
tt0036443,Titanic,2,"Action, Drama, History"
tt0036515,Watch on the Rhine,0,"Drama, Thriller"
tt0036575,Derrière la façade,2,"Comedy, Crime, Drama"
tt0036613,Arsenic and Old Lace,1,"Comedy, Crime, Thriller"
tt0036619,Atlantic City,1,"Musical, Romance"
tt0036736,Cécile est morte!,2,"Crime, Drama, Film-Noir"
tt0036775,Double Indemnity,4,"Crime, Drama, Film-Noir"
tt0036838,Die Frau meiner Träume,1,"Comedy, Musical, Romance"
tt0036868,The Best Years of Our Lives,0,"Drama, Romance, War"
tt0036880,The Great Moment,1,"Biography, Drama"
tt0036886,Guest in the House,2,"Drama, Film-Noir, Music"
tt0036931,House of Frankenstein,2,"Fantasy, Horror, Sci-Fi"
tt0036941,I'm from Arkansas,1,"Comedy, Music, Romance"
tt0036977,Jubilation Street,2,"Drama, War"
tt0036989,Burning Hearts,0,"Drama, History, Romance"
tt0037045,Man from Frisco,1,"Drama, Romance, War"
tt0037077,The Miracle of Morgan's Creek,1,"Comedy, Romance, War"
tt0037101,"Murder, My Sweet",4,"Crime, Drama, Film-Noir"
tt0037166,Passage to Marseille,2,"Adventure, Drama, Romance"
tt0037193,The Princess and the Pirate,1,"Adventure, Comedy, Romance"
tt0037323,The Fighting Sullivans,3,"Biography, Drama, History"
tt0037387,The Tower of the Seven Hunchbacks,2,"Comedy, Fantasy, Horror"
tt0037441,Voodoo Man,2,"Crime, Drama, Horror"
tt0037455,Western Approaches,2,"Drama, War"
tt0037458,When Strangers Marry,2,"Crime, Drama, Film-Noir"
tt0037461,The Whistler,2,"Film-Noir, Mystery"
tt0037469,The Woman in the Window,4,"Crime, Drama, Film-Noir"
tt0037549,The Body Snatcher,4,"Horror, Thriller"
tt0037557,Brewster's Millions,1,"Comedy, Music, Romance"
tt0037630,Les Dames du Bois de Boulogne,2,"Drama, Romance"
tt0037671,The Enchanted Cottage,1,"Drama, Fantasy, Romance"
tt0037680,Days of Hope,2,"Drama, War"
tt0037793,House of Dracula,2,"Fantasy, Horror, Sci-Fi"
tt0037811,Identity Unknown,1,"Drama, Music, Romance"
tt0037824,"Ivan the Terrible, Part I",4,"Biography, Drama, History"
tt0037909,Mexicana,1,"Music, Romance"
tt0037950,Notorious Gentleman,2,"Drama, Romance"
tt0038007,The Purple Monster Strikes,1,"Action, Sci-Fi"
tt0038031,Road to Alcatraz,2,"Action, Crime, Mystery"
tt0038046,"Salome, Where She Danced",1,"Adventure, Drama, Music"
tt0038169,Three's a Crowd,2,"Crime, Drama, Mystery"
tt0038182,The Men Who Tread on the Tiger's Tail,0,"Adventure, Drama, Thriller"
tt0038256,Without Love,1,"Comedy, Romance"
tt0038259,The Woman in Green,4,"Crime, Drama, Mystery"
tt0038262,Yolanda and the Thief,3,"Fantasy, Musical, Romance"
tt0038263,You Came Along,1,"Drama, Romance"
tt0038302,Anmol Ghadi,1,"Drama, Musical, Romance"
tt0038326,The Bandit of Sherwood Forest,1,"Action, Adventure, Family"
tt0038340,Beauty and the Bandit,1,"Drama, Romance, Western"
tt0038342,Bedelia,2,"Crime, Drama, Romance"
tt0038353,Beware,1,"Music, Romance"
tt0038355,The Big Sleep,4,"Crime, Film-Noir, Mystery"
tt0038361,Black Beauty,1,"Drama, Family, Romance"
tt0038366,Blonde for a Day,2,"Action, Adventure, Crime"
tt0038369,The Blue Dahlia,2,"Crime, Film-Noir, Mystery"
tt0038390,Caesar and Cleopatra,1,"Biography, Comedy, Drama"
tt0038409,The Chase,2,"Crime, Film-Noir, Romance"
tt0038418,A Close Call for Boston Blackie,2,"Comedy, Crime, Drama"
tt0038476,Devil in the Flesh,2,"Drama, Romance"
tt0038477,The Diary of a Chambermaid,2,"Drama, Romance"
tt0038504,Earl Carroll Sketchbook,1,"Comedy, Music, Romance"
tt0038650,It's a Wonderful Life,3,"Drama, Family, Fantasy"
tt0038704,Love Laughs at Andy Hardy,1,"Comedy, Family, Romance"
tt0038716,The Magnificent Rogue,1,"Comedy, Romance"
tt0038769,Murderers Among Us,4,"Drama, Romance, Thriller"
tt0038776,Night and Day,1,"Biography, Drama, Musical"
tt0038782,Nocturne,2,"Crime, Drama, Film-Noir"
tt0038787,Notorious,0,"Drama, Film-Noir, Romance"
tt0038794,O.S.S.,2,"Drama, War"
tt0038801,One Exciting Week,1,"Comedy, Crime, Romance"
tt0038918,Secrets of a Sorority Girl,2,"Crime, Drama"
tt0038990,The Strange Woman,2,"Drama, Romance, Thriller"
tt0039037,The Time of Their Lives,1,"Comedy, Family, Fantasy"
tt0039040,To Each His Own,1,"Drama, Romance"
tt0039042,Traffic in Crime,2,"Action, Adventure, Drama"
tt0039066,Undercurrent,4,"Drama, Film-Noir, Thriller"
tt0039158,Appointment with Crime,2,"Crime, Drama"
tt0039169,The Bachelor and the Bobby-Soxer,1,"Comedy, Romance"
tt0039190,The Bishop's Wife,3,"Comedy, Drama, Fantasy"
tt0039208,Boomerang!,4,"Crime, Drama, Film-Noir"
tt0039286,Crossfire,4,"Crime, Drama, Film-Noir"
tt0039310,The Last Vacation,1,"Drama, Romance"
tt0039314,Det kom en gäst...,2,Thriller
tt0039323,La diosa arrodillada,2,"Crime, Drama, Mystery"
tt0039340,Dreams That Money Can Buy,2,"Drama, Fantasy"
tt0039416,Gentleman's Agreement,2,"Drama, Romance"
tt0039431,Good News,1,"Comedy, Music, Musical"
tt0039438,The Guilt of Janet Ames,1,"Drama, Mystery, Romance"
tt0039482,I Walk Alone,2,"Crime, Drama, Film-Noir"
tt0039501,It Happened in Brooklyn,1,"Comedy, Musical, Romance"
tt0039567,Lighthouse,2,"Drama, Music, Romance"
tt0039591,The Macomber Affair,2,"Adventure, Drama"
tt0039628,Miracle on 34th Street,3,"Comedy, Drama, Family"
tt0039632,Monsieur Vincent,0,"Biography, Drama, History"
tt0039739,Quai des Orfèvres,2,"Crime, Drama"
tt0039894,That's My Gal,1,"Action, Comedy, Music"
tt0040098,Anna Karenina,2,"Drama, Romance"
tt0040271,A Date with Judy,1,"Comedy, Musical, Romance"
tt0040336,"Fado, História d'uma Cantadeira",1,"Drama, Musical, Romance"
tt0040539,Lightnin' in the Forest,1,"Action, Comedy, Crime"
tt0040695,Pitfall,4,"Crime, Film-Noir, Thriller"
tt0040737,Bitter Rice,2,"Crime, Drama"
tt0040746,Rope,4,"Crime, Drama, Mystery"
tt0040768,Secret Service Investigator,2,"Crime, Drama, Romance"
tt0040829,The Amazing Mr. X,2,"Film-Noir, Horror, Thriller"
tt0040895,Train to Alcatraz,2,"Action, Crime, Drama"
tt0040897,The Treasure of the Sierra Madre,4,"Adventure, Drama, Western"
tt0040946,Wake of the Red Witch,2,"Action, Adventure, Romance"
tt0040976,Words and Music,3,"Biography, Comedy, Musical"
tt0040979,Drunken Angel,4,"Crime, Drama, Romance"
tt0041113,All the King's Men,4,"Drama, Film-Noir"
tt0041281,Daughter of the Jungle,1,Adventure
tt0041340,Eureka Stockade,0,"Drama, History"
tt0041372,Flaming Fury,2,"Crime, Drama"
tt0041437,Guilty of Treason,4,"Biography, Drama, History"
tt0041460,The Hidden Room,4,"Crime, Film-Noir, Thriller"
tt0041461,Hideout,2,"Crime, Drama, Film-Noir"
tt0041509,The Inspector General,1,"Comedy, Musical, Romance"
tt0041513,Intruder in the Dust,4,"Crime, Drama, Family"
tt0041545,The Kid from Cleveland,1,"Drama, Family, Sport"
tt0041607,The Lucky Stiff,2,"Comedy, Crime"
tt0041615,Madame Bovary,2,"Drama, Romance"
tt0041628,The Man on the Eiffel Tower,2,"Mystery, Thriller"
tt0041640,La Marie du port,1,"Crime, Drama, Romance"
tt0041650,Mighty Joe Young,1,"Adventure, Drama, Fantasy"
tt0041705,La nuit fantastique,1,"Comedy, Fantasy, Romance"
tt0041788,The Red Danube,2,"Drama, Romance, War"
tt0041822,Rope of Sand,2,"Action, Adventure, Crime"
tt0041838,Samson and Delilah,0,"Drama, Family, History"
tt0041841,Sands of Iwo Jima,2,"Action, Drama, Romance"
tt0041890,So Dear to My Heart,3,"Animation, Drama, Family"
tt0041911,The Spider and the Fly,2,"Crime, Romance, Thriller"
tt0041959,The Third Man,4,"Film-Noir, Mystery, Thriller"
tt0041999,Border Street,4,"Drama, War"
tt0042040,Whisky Galore!,1,"Comedy, Crime"
tt0042261,The Blonde Bandit,2,"Action, Crime, Drama"
tt0042313,The Capture,2,"Crime, Drama, Western"
tt0042332,Cinderella,3,"Animation, Family, Fantasy"
tt0042395,Devil's Doorway,0,"Drama, Romance, Western"
tt0042511,The Golden Gloves Story,1,"Drama, Romance, Sport"
tt0042522,The Great Manhunt,2,"Drama, Romance, Thriller"
tt0042643,The Killer That Stalked New York,4,"Drama, Film-Noir, Thriller"
tt0042648,Kiss Tomorrow Goodbye,2,"Crime, Film-Noir, Thriller"
tt0042781,Native Son,4,"Drama, Film-Noir"
tt0042809,One Way Street,2,"Crime, Drama, Film-Noir"
tt0042830,Paid in Full,2,"Drama, Romance"
tt0042876,Rashomon,4,"Crime, Drama, Mystery"
tt0042952,Shadow on the Wall,2,"Comedy, Crime, Drama"
tt0042980,So Long at the Fair,4,"Drama, Mystery"
tt0043014,Sunset Blvd.,4,"Drama, Film-Noir"
tt0043017,Surrender,2,"Drama, Romance, Western"
tt0043024,Tarnished,2,"Action, Adventure, Crime"
tt0043067,Treasure Island,0,"Adventure, Family"
tt0043137,Winchester '73,2,"Action, Drama, Western"
tt0043265,The African Queen,3,"Adventure, Drama, Romance"
tt0043274,Alice in Wonderland,3,"Animation, Adventure, Comedy"
tt0043292,Appointment with Danger,2,"Crime, Drama, Film-Noir"
tt0043320,The Basketball Fix,2,"Crime, Drama, Film-Noir"
tt0043360,Bride of the Gorilla,2,"Adventure, Horror"
tt0043379,Captain Horatio Hornblower,0,"Action, Adventure, Drama"
tt0043456,The Day the Earth Stood Still,0,"Drama, Sci-Fi"
tt0043469,Distant Drums,1,"Action, Adventure, Drama"
tt0043547,Flying Leathernecks,2,"Action, Drama, War"
tt0043560,Fourteen Hours,0,"Drama, Film-Noir, Thriller"
tt0043621,The Harlem Globetrotters,1,"Drama, Sport"
tt0043638,The Highwayman,1,"Adventure, Drama, Music"
tt0043652,One Summer of Happiness,1,"Drama, Romance"
tt0043686,Forbidden Games,2,"Comedy, Drama, War"
tt0043687,Jim Thorpe -- All-American,1,"Biography, Drama, Family"
tt0043758,Lost Planet Airmen,1,"Action, Crime, Sci-Fi"
tt0043812,The Mob,2,"Crime, Drama, Film-Noir"
tt0043822,Mr. Imperium,1,"Drama, Music, Musical"
tt0043871,Odette,0,"Drama, History, War"
tt0043924,A Place in the Sun,4,"Drama, Romance"
tt0043949,Quo Vadis,0,"Biography, Drama, Romance"
tt0043967,Rhubarb,1,"Comedy, Family, Sport"
tt0044010,The Sea Hornet,2,"Adventure, Crime, Mystery"
tt0044036,Silver City,1,"Action, Adventure, Romance"
tt0044079,Strangers on a Train,4,"Crime, Drama, Film-Noir"
tt0044085,Submarine Command,2,"Drama, War"
tt0044091,Superman and the Mole-Men,1,"Action, Adventure, Drama"
tt0044202,The Well,2,"Drama, Thriller"
tt0044357,Angel Face,4,"Crime, Drama, Film-Noir"
tt0044364,Another Man's Poison,2,"Crime, Drama, Film-Noir"
tt0044419,The Big Sky,1,"Adventure, Drama, Western"
tt0044446,The Sound Barrier,2,"Adventure, Drama, Romance"
tt0044460,The Bushwhackers,1,"Film-Noir, Western"
tt0044486,Carrie,2,"Drama, Romance"
tt0044517,The Crimson Pirate,3,"Action, Adventure, Comedy"
tt0044621,Flat Top,2,"Drama, War"
tt0044706,High Noon,0,"Drama, Thriller, Western"
tt0044762,Jack and the Beanstalk,3,"Comedy, Family, Fantasy"
tt0044849,The Long Memory,4,"Crime, Drama, Thriller"
tt0044926,Moulin Rouge,0,"Biography, Drama, Music"
tt0044977,We Are All Murderers,2,"Crime, Drama"
tt0045053,The Prisoner of Zenda,0,"Adventure, Music, Mystery"
tt0045072,Red Ball Express,2,"Action, Drama, War"
tt0045094,Road to Bali,1,"Adventure, Comedy, Fantasy"
tt0045124,Scandal Sheet,2,"Crime, Drama, Film-Noir"
tt0045129,Sea Tiger,2,"Action, Adventure, Crime"
tt0045152,Singin' in the Rain,3,"Comedy, Musical, Romance"
tt0045162,The Snows of Kilimanjaro,2,"Adventure, Drama, Romance"
tt0045316,Way of a Gaucho,0,"Action, Adventure, Romance"
tt0045361,Él,4,"Drama, Romance"
tt0045469,Abbott and Costello Meet Dr. Jekyll and Mr. Hyde,1,"Comedy, Horror, Mystery"
tt0045471,The Actress,1,"Biography, Comedy, Drama"
tt0045492,All I Desire,1,"Drama, Romance"
tt0045574,Botany Bay,2,"Adventure, Drama, Romance"
tt0045592,Call Me Madam,3,"Comedy, Musical, Romance"
tt0045595,The Bandit,2,"Action, Drama, History"
tt0045609,Cat-Women of the Moon,2,"Adventure, Sci-Fi"
tt0045630,City Beneath the Sea,1,"Action, Adventure, Drama"
tt0045659,The Cruel Sea,0,"Drama, War"
tt0045670,Dangerous When Wet,3,"Animation, Comedy, Musical"
tt0045769,The Final Test,1,"Comedy, Drama, Sport"
tt0045787,Four Sided Triangle,2,"Romance, Sci-Fi"
tt0045793,From Here to Eternity,2,"Drama, Romance, War"
tt0045877,The Hitch-Hiker,2,"Crime, Drama, Film-Noir"
tt0045899,I Love Melvin,1,"Comedy, Musical, Romance"
tt0045911,Inferno,2,"Crime, Drama, Romance"
tt0046183,Peter Pan,3,"Animation, Adventure, Family"
tt0046187,Pickup on South Street,4,"Crime, Film-Noir, Mystery"
tt0046229,Reaching from Heaven,1,"Drama, Romance"
tt0046247,The Robe,0,"Drama, History, Romance"
tt0046250,Roman Holiday,3,"Comedy, Romance"
tt0046268,The Wages of Fear,4,"Adventure, Drama, Thriller"
tt0046345,Summer with Monika,0,"Drama, Romance"
tt0046397,Take Me to Town,1,"Adventure, Comedy, Romance"
tt0046785,Black Horse Canyon,1,"Drama, Romance, Western"
tt0046792,Blackout,2,"Crime, Drama, Film-Noir"
tt0046806,The Bridges at Toko-Ri,2,"Drama, Romance, War"
tt0046839,Cattle Queen of Montana,1,"Action, Romance, Western"
tt0046878,Crime Wave,2,"Crime, Drama, Film-Noir"
tt0046911,Diabolique,4,"Crime, Drama, Horror"
tt0046912,Dial M for Murder,4,"Crime, Thriller"
tt0046963,Executive Suite,2,"Drama, Romance"
tt0047030,The Glenn Miller Story,3,"Biography, Drama, Music"
tt0047087,Highway Dragnet,2,"Crime, Drama, Film-Noir"
tt0047101,Human Desire,4,"Drama, Film-Noir, Romance"
tt0047102,The Human Jungle,2,"Crime, Drama, Film-Noir"
tt0047127,Jail Bait,2,"Crime, Drama, Film-Noir"
tt0047167,A Lesson in Love,1,"Comedy, Drama, Romance"
tt0047194,Lucky Me,1,"Comedy, Musical, Romance"
tt0047217,Marianne of My Youth,1,"Drama, Fantasy, Romance"
tt0047259,The Story of Vickie,1,"Comedy, History, Romance"
tt0047272,The Ship of Damned Women,2,"Adventure, Drama"
tt0047296,On the Waterfront,0,"Crime, Drama, Thriller"
tt0047376,The Purple Plain,2,"Adventure, Drama, War"
tt0047388,The Raid,2,"Action, Drama, War"
tt0047396,Rear Window,4,"Mystery, Thriller"
tt0047437,Sabrina,3,"Comedy, Drama, Romance"
tt0047469,Senso,0,"Drama, Romance, War"
tt0047478,Seven Samurai,0,"Action, Drama"
tt0047484,Royal Affairs in Versailles,1,"Comedy, Drama, History"
tt0047542,Suddenly,2,"Crime, Drama, Film-Noir"
tt0047562,"Taza, Son of Cochise",1,"Action, Drama, Romance"
tt0047574,There's No Business Like Show Business,3,"Comedy, Drama, Musical"
tt0047580,Three Coins in the Fountain,3,"Drama, Romance"
tt0047604,Track the Man Down,2,"Crime, Drama"
tt0047688,Young at Heart,1,"Drama, Music, Romance"
tt0047797,Above Us the Waves,2,"Drama, War"
tt0047821,Le Amiche,2,"Drama, Romance"
tt0047878,The Big Combo,4,"Crime, Drama, Film-Noir"
tt0047892,Bob le Flambeur,4,"Crime, Drama, Thriller"
tt0047898,Bride of the Monster,2,"Horror, Sci-Fi"
tt0047930,A Journey to the Beginning of Time,1,"Adventure, Family, Fantasy"
tt0047956,The Court-Martial of Billy Mitchell,2,"Biography, Drama, War"
tt0047960,Creature with the Atom Brain,2,"Crime, Horror, Sci-Fi"
tt0048140,Guys and Dolls,3,"Comedy, Crime, Musical"
tt0048191,I'll Cry Tomorrow,1,"Biography, Drama, Music"
tt0048227,Jedda the Uncivilized,0,"Adventure, Drama, History"
tt0048254,Killer's Kiss,2,"Crime, Drama, Film-Noir"
tt0048280,Lady and the Tramp,3,"Animation, Adventure, Comedy"
tt0048312,The Long Gray Line,3,"Biography, Comedy, Drama"
tt0048393,Confidential Report,4,"Crime, Drama, Film-Noir"
tt0048424,The Night of the Hunter,4,"Crime, Drama, Film-Noir"
tt0048535,Rage at Dawn,2,"Action, Adventure, Crime"
tt0048573,Sabaka,2,Adventure
tt0048605,The Seven Year Itch,1,"Comedy, Romance"
tt0048673,Summertime,1,"Comedy, Drama, Romance"
tt0048696,Tarantula,2,"Horror, Sci-Fi"
tt0048705,The Tender Trap,1,"Comedy, Musical, Romance"
tt0048728,To Catch a Thief,0,"Mystery, Romance, Thriller"
tt0048729,To Hell and Back,0,"Action, Biography, Drama"
tt0048752,The Unknown Soldier,4,"Drama, War"
tt0048801,We're No Angels,1,"Comedy, Crime, Romance"
tt0048925,Action immédiate,2,"Comedy, Crime"
tt0048976,Backlash,2,"Action, Adventure, Mystery"
tt0048993,Castle of the Banned Lovers,2,"Biography, Drama, History"
tt0049035,The Burglar,2,"Drama, Film-Noir, Thriller"
tt0049092,The Conqueror,1,"Adventure, Biography, History"
tt0049140,Diane,1,"Drama, History, Music"
tt0049314,High Society,3,"Comedy, Musical, Romance"
tt0049357,Night Ambush,2,"Action, Adventure, Drama"
tt0049406,The Killing,4,"Crime, Drama, Film-Noir"
tt0049428,The Body Snatcher,2,"Horror, Sci-Fi, Thriller"
tt0049468,Man Beast,2,"Horror, Sci-Fi"
tt0049470,The Man Who Knew Too Much,0,"Drama, Thriller"
tt0049515,Mohawk,2,"Adventure, Drama, Romance"
tt0049553,Nightmare,2,"Crime, Drama, Film-Noir"
tt0049646,The Quatermass Xperiment,4,"Horror, Sci-Fi"
tt0049656,Ransom!,4,"Crime, Drama, Film-Noir"
tt0049697,Runaway Daughters,1,"Crime, Drama, Music"
tt0049730,The Searchers,0,"Adventure, Drama, Western"
tt0049737,Serenade,1,"Drama, Music, Romance"
tt0049782,Rodan,2,"Horror, Sci-Fi"
tt0049833,The Ten Commandments,0,"Adventure, Drama, Family"
tt0049900,Warning from Space,2,"Drama, Sci-Fi"
tt0049961,A Woman's Devotion,2,"Crime, Drama, Film-Noir"
tt0049968,Cry of the Bewitched,2,"Horror, Thriller"
tt0050083,12 Angry Men,4,"Crime, Drama"
tt0050086,3:10 to Yuma,0,"Drama, Thriller, Western"
tt0050104,Affair in Reno,1,"Comedy, Crime, Mystery"
tt0050105,An Affair to Remember,1,"Drama, Romance"
tt0050155,Baby Face Nelson,2,"Biography, Crime, Drama"
tt0050210,The Brain from Planet Arous,2,"Action, Adventure, Horror"
tt0050212,The Bridge on the River Kwai,4,"Adventure, Drama, War"
tt0050356,The Enemy Below,2,"Action, Adventure, Drama"
tt0050432,The Giant Claw,1,"Fantasy, Horror, Sci-Fi"
tt0050468,Gunfight at the O.K. Corral,0,"Biography, Drama, Western"
tt0050669,Inspector Maigret,2,"Crime, Drama"
tt0050720,The Monolith Monsters,2,"Drama, Horror, Sci-Fi"
tt0050752,Chveni ezo,1,"Comedy, Drama, Romance"
tt0050758,Naya Daur,3,"Action, Drama, Musical"
tt0050798,Old Yeller,3,"Adventure, Drama, Family"
tt0050815,Pal Joey,1,"Drama, Musical, Romance"
tt0050825,Paths of Glory,4,"Drama, War"
tt0050879,Raiders of Old California,1,"Drama, History, Western"
tt0050976,The Seventh Seal,4,"Drama, Fantasy"
tt0050986,Wild Strawberries,0,"Drama, Romance"
tt0051077,The Three Faces of Eve,2,"Drama, Mystery"
tt0051109,Les 3 font la paire,2,"Comedy, Crime"
tt0051201,Witness for the Prosecution,4,"Crime, Drama, Mystery"
tt0051337,The 7th Voyage of Sinbad,0,"Action, Adventure, Family"
tt0051364,"Another Time, Another Place",2,"Drama, Romance, War"
tt0051390,Cairo Station,4,"Crime, Drama"
tt0051406,Bell Book and Candle,1,"Comedy, Fantasy, Romance"
tt0051484,The Colossus of New York,2,"Horror, Sci-Fi"
tt0051504,The Soldiers of Pancho Villa,1,"Drama, Romance, War"
tt0051539,Djamilah,0,"Biography, Drama, History"
tt0051631,Frankenstein's Daughter,2,"Horror, Romance, Sci-Fi"
tt0051756,I Married a Monster from Outer Space,2,"Horror, Sci-Fi"
tt0051786,It! The Terror from Beyond Space,2,"Horror, Sci-Fi, Thriller"
tt0051959,Murder by Contract,2,"Crime, Drama, Film-Noir"
tt0051978,The Naked and the Dead,2,"Drama, War"
tt0052126,The Reluctant Debutante,1,"Comedy, Romance"
tt0052130,Retour de manivelle,2,"Crime, Drama"
tt0052257,Suicide Battalion,2,"War, Drama"
tt0052311,Touch of Evil,4,"Crime, Drama, Film-Noir"
tt0052357,Vertigo,4,"Mystery, Romance, Thriller"
tt0052379,War of the Satellites,2,"Horror, Sci-Fi"
tt0052534,The Accomplices,2,"Thriller, Crime"
tt0052561,Anatomy of a Murder,4,"Drama, Mystery"
tt0052589,Fiasco in Milan,1,"Comedy, Crime"
tt0052618,Ben-Hur,0,"Adventure, Drama"
tt0052634,Chance Meeting,2,"Crime, Drama, Mystery"
tt0052646,The Brain That Wouldn't Die,2,"Horror, Sci-Fi"
tt0052700,Compulsion,4,"Biography, Crime, Drama"
tt0052713,The Crimson Kimono,2,"Crime, Drama, Mystery"
tt0052717,Cuban Rebel Girls,2,Adventure
tt0052784,Skeleton of Mrs. Morales,2,"Comedy, Crime, Horror"
tt0052805,First Man Into Space,2,"Drama, Horror, Sci-Fi"
tt0052809,The Five Pennies,3,"Biography, Drama, Music"
tt0052846,The Giant Gila Monster,1,"Horror, Sci-Fi, Thriller"
tt0052847,Gidget,3,"Comedy, Drama, Romance"
tt0052891,High School Big Shot,2,"Crime, Drama"
tt0052893,Hiroshima Mon Amour,0,"Drama, Romance"
tt0053002,Les liaisons dangereuses,4,"Drama, Romance"
tt0053010,Lin Zexu,0,"Drama, History, War"
tt0053103,Battle Beyond the Sun,1,"Adventure, Sci-Fi"
tt0053114,The Human Condition I: No Greater Love,0,"Drama, History, War"
tt0053125,North by Northwest,0,"Action, Adventure, Mystery"
tt0053135,Okefenokee,2,"Crime, Drama"
tt0053137,On the Beach,4,"Drama, Romance, Sci-Fi"
tt0053143,Operation Petticoat,1,"Comedy, Romance, War"
tt0053198,The 400 Blows,0,"Crime, Drama"
tt0053213,The Rebel Set,2,"Crime, Drama"
tt0053226,Room at the Top,2,"Drama, Romance"
tt0053285,Sleeping Beauty,3,"Animation, Adventure, Family"
tt0053291,Some Like It Hot,3,"Comedy, Music, Romance"
tt0053374,The Trap,2,"Action, Crime, Drama"
tt0053472,Breathless,4,"Crime, Drama"
tt0053604,The Apartment,1,"Comedy, Drama, Romance"
tt0053804,Exodus,0,"Action, Drama, War"
tt0053890,The Hand,2,"Crime, Drama, Horror"
tt0053925,House of Usher,4,"Drama, Horror"
tt0054004,Knights of the Teutonic Order,0,"Adventure, Drama, History"
tt0054022,Let's Make Love,1,"Comedy, Musical, Romance"
tt0054047,The Magnificent Seven,0,"Action, Adventure, Western"
tt0054115,Never Let Go,2,"Crime, Drama, Thriller"
tt0054177,The Little Soldier,4,"Drama, War"
tt0054215,Psycho,4,"Horror, Mystery, Thriller"
tt0054254,El rufián,4,"Drama, Thriller"
tt0054321,La sombra del Caudillo,4,"Drama, History, Romance"
tt0054331,Spartacus,0,"Adventure, Biography, Drama"
tt0054333,Horrors of Spider Island,2,Horror
tt0054345,Strangers When We Meet,2,"Drama, Romance"
tt0054415,12 to the Moon,1,Sci-Fi
tt0054447,Garibaldi,0,"Drama, History"
tt0054462,The Wasp Woman,2,"Horror, Sci-Fi"
tt0054476,Wild River,2,"Drama, History, Romance"
tt0054698,Breakfast at Tiffany's,3,"Comedy, Drama, Romance"
tt0054749,Two Women,0,"Drama, War"
tt0054777,The Curse of the Werewolf,2,Horror
tt0054795,The Deadly Companions,2,"Adventure, Western"
tt0054866,Fanny,1,"Drama, Romance"
tt0054880,Flaming Creatures,2,"Comedy, Drama, Horror"
tt0054890,The Four Horsemen of the Apocalypse,2,"Drama, War"
tt0054910,Gunga Jumna,0,"Action, Adventure, Drama"
tt0054950,Battle of the Worlds,2,"Horror, Sci-Fi"
tt0054953,The Guns of Navarone,0,"Action, Adventure, Drama"
tt0054997,The Hustler,0,"Drama, Sport"
tt0055031,Judgment at Nuremberg,2,"Drama, War"
tt0055035,Junglee,3,"Comedy, Drama, Musical"
tt0055134,Man-Trap,2,"Crime, Drama, Thriller"
tt0055184,The Misfits,0,"Drama, Romance, Western"
tt0055253,On the Double,1,"Adventure, Comedy, War"
tt0055254,One Hundred and One Dalmatians,3,"Animation, Adventure, Comedy"
tt0055304,The Pit and the Pendulum,4,"Drama, Horror, Mystery"
tt0055336,Le président,2,Thriller
tt0055408,Santo vs. the Vampire Women,2,"Action, Horror"
tt0055508,Three Daughters,1,"Comedy, Drama, Fantasy"
tt0055614,West Side Story,0,"Crime, Drama, Musical"
tt0055630,Yojimbo,0,"Action, Drama, Thriller"
tt0055805,Boccaccio '70,1,"Comedy, Fantasy, Romance"
tt0055830,Carnival of Souls,4,"Horror, Mystery"
tt0055844,Amphibian Man,0,"Adventure, Drama, Romance"
tt0055850,Chushingura,0,"Action, Drama, History"
tt0055864,Confessions of an Opium Eater,2,"Crime, Drama, Mystery"
tt0055871,The Counterfeit Traitor,4,"Drama, History, Thriller"
tt0055928,Dr. No,0,"Action, Adventure, Thriller"
tt0055994,Forever My Love,3,"Drama, Romance"
tt0056062,Hell Is for Heroes,4,"Drama, War"
tt0056112,Jack the Giant Killer,1,"Adventure, Family, Fantasy"
tt0056121,Jigsaw,2,"Crime, Drama, Mystery"
tt0056142,King Kong vs. Godzilla,1,"Action, Adventure, Fantasy"
tt0056172,Lawrence of Arabia,0,"Adventure, Biography, Drama"
tt0056193,Lolita,4,"Crime, Drama, Romance"
tt0056194,The Loneliness of the Long Distance Runner,4,"Drama, Sport"
tt0056218,The Manchurian Candidate,4,"Drama, Thriller"
tt0056288,Attack of the Normans,2,Adventure
tt0056331,Panic in Year Zero!,4,"Action, Horror, Sci-Fi"
tt0056528,Curse of the Blood Ghouls,2,Horror
tt0056552,Tales of Terror,4,"Comedy, Horror, Mystery"
tt0056576,The Damned,4,"Drama, Fantasy, Horror"
tt0056582,Assault on the Pay Train,2,"Crime, Drama"
tt0056592,To Kill a Mockingbird,0,"Crime, Drama"
tt0056609,Transport z ráje,4,"Drama, War"
tt0056626,Two for the Seesaw,1,"Drama, Romance"
tt0056667,Stowaway in the Sky,1,"Adventure, Family"
tt0056676,The War Lover,2,"Adventure, Drama, War"
tt0056693,Wild Guitar,1,"Comedy, Drama, Music"
tt0056694,Wild Ones on Wheels,2,"Crime, Drama"
tt0056850,Bandini,0,"Drama, Musical, Romance"
tt0056860,Beach Party,1,"Comedy, Musical, Romance"
tt0056868,Billy Liar,2,"Comedy, Drama, Romance"
tt0056869,The Birds,4,"Drama, Horror, Mystery"
tt0056886,A Boy Ten Feet Tall,3,Adventure
tt0056923,Charade,0,"Comedy, Mystery, Romance"
tt0056931,Children of the Damned,2,"Drama, Horror, Mystery"
tt0056952,The Cool World,4,"Crime, Drama"
tt0056967,Cry of Battle,2,"Action, Adventure, Drama"
tt0057012,Dr. Strangelove or: How I Learned to Stop Worrying and Love the Bomb,4,"Comedy, War"
tt0057051,Let's Rob the Bank,1,"Comedy, Crime"
tt0057076,From Russia with Love,0,"Action, Adventure, Thriller"
tt0057078,The Whip and the Body,4,"Horror, Romance"
tt0057115,The Great Escape,0,"Adventure, Drama, History"
tt0057191,It Happened at the World's Fair,1,"Comedy, Musical, Romance"
tt0057193,It's a Mad Mad Mad Mad World,1,"Action, Adventure, Comedy"
tt0057197,Jason and the Argonauts,0,"Action, Adventure, Family"
tt0057200,Johnny Cool,2,"Action, Crime, Drama"
tt0057212,Jûsan-nin no shikaku,0,"Adventure, Action"
tt0057238,The Warped Ones,4,"Crime, Drama"
tt0057239,The L-Shaped Room,2,"Drama, Romance"
tt0057329,"Move Over, Darling",1,"Comedy, Romance"
tt0057344,Any Number Can Win,2,"Crime, Drama, Romance"
tt0057413,The Pink Panther,1,"Comedy, Crime, Romance"
tt0057434,Violent Midnight,2,Horror
tt0057468,Death Drums Along the River,2,Adventure
tt0057518,Son of Flubber,1,"Comedy, Family, Sci-Fi"
tt0057546,The Sword in the Stone,3,"Animation, Adventure, Comedy"
tt0057568,Tere Ghar Ke Samne,3,"Romance, Musical, Comedy"
tt0057628,Ursus in the Land of Fire,1,"Action, Adventure, Drama"
tt0057637,The Night Before Christmas,1,"Comedy, Fantasy, Romance"
tt0057677,West 11,2,"Crime, Drama"
tt0057704,Yôsô,0,"Drama, Fantasy"
tt0057715,Zatoichi the Fugitive,0,"Drama, Adventure, Action"
tt0057840,The Americanization of Emily,1,"Comedy, Drama, Romance"
tt0057917,The Carpetbaggers,2,"Drama, Romance"
tt0057984,Voodoo Blood Death,2,Horror
tt0058006,"Black God, White Devil",4,"Adventure, Crime, Drama"
tt0058018,The Disorderly Orderly,1,"Comedy, Romance"
tt0058092,Father Goose,1,"Adventure, Comedy, Romance"
tt0058150,Goldfinger,0,"Action, Adventure, Thriller"
tt0058154,Goodbye Charlie,1,"Comedy, Fantasy, Romance"
tt0058166,Guns at Batasi,2,"Drama, History, War"
tt0058213,"Hush...Hush, Sweet Charlotte",4,"Crime, Drama, Mystery"
tt0058247,Murieta,2,"Biography, Western"
tt0058263,King & Country,2,"Drama, War"
tt0058281,Dear John,1,"Drama, Romance"
tt0058311,Hercules Against the Moon Men,1,"Adventure, Fantasy"
tt0058331,Mary Poppins,3,"Comedy, Family, Fantasy"
tt0058333,The Masque of the Red Death,4,"Drama, Horror"
tt0058335,Marriage Italian Style,3,"Comedy, Drama, Romance"
tt0058385,My Fair Lady,3,"Drama, Family, Musical"
tt0058430,Onibaba,4,"Drama, Horror, Thriller"
tt0058461,A Fistful of Dollars,4,"Action, Drama, Western"
tt0058534,Roustabout,1,"Drama, Music, Musical"
tt0058557,Seance on a Wet Afternoon,4,"Crime, Drama"
tt0058586,A Shot in the Dark,1,"Comedy, Mystery"
tt0058715,The Gospel According to St. Matthew,0,"Biography, Drama, History"
tt0058869,Abashiri bangaichi,2,"Crime, Drama"
tt0058947,Battle of the Bulge,2,"Drama, History, War"
tt0058977,Blindfold,2,"Comedy, Crime, Mystery"
tt0058985,Le Bonheur,2,"Drama, Romance"
tt0058990,Brainstorm,2,"Drama, Thriller"
tt0059028,Chemmeen,0,"Drama, Romance"
tt0059029,The Enchanting Shadow,0,"Drama, Fantasy, Horror"
tt0059050,The Sleeping Car Murder,4,"Crime, Drama, Mystery"
tt0059063,Man Is Not a Bird,2,"Comedy, Drama, Romance"
tt0059084,Darling,2,"Drama, Romance"
tt0059112,Do Not Disturb,1,"Comedy, Romance"
tt0059113,Doctor Zhivago,0,"Drama, Romance, War"
tt0059205,Frankenstein vs. Baragon,2,"Horror, Sci-Fi, Thriller"
tt0059219,Genghis Khan,0,"Adventure, Drama, History"
tt0059232,The Glory Guys,1,"Drama, Romance, Western"
tt0059245,The Greatest Story Ever Told,0,"Biography, Drama, History"
tt0059290,The Human Duplicators,2,"Horror, Sci-Fi"
tt0059320,Tattooed Life,4,"Action, Crime"
tt0059325,Born in '45,2,"Drama, Romance"
tt0059382,The Lemon Grove Kids Meet the Monsters,1,"Adventure, Comedy, Crime"
tt0059399,Lord Jim,0,"Adventure, Drama, Romance"
tt0059418,Major Dundee,2,"Adventure, War, Western"
tt0059496,The Nanny,4,"Mystery, Thriller"
tt0059527,The Shop on Main Street,4,"Drama, War"
tt0059539,Once Before I Die,2,"Drama, War"
tt0059550,Operation 'Y' & Other Shurik's Adventures,1,"Comedy, Crime, Drama"
tt0059573,A Patch of Blue,1,"Drama, Music, Romance"
tt0059588,War Between the Planets,2,Sci-Fi
tt0059677,Sanshiro Sugata,0,"Action, Drama"
tt0059714,Brutal Tales of Chivalry,4,"Action, Crime"
tt0059724,Situation Hopeless -- But Not Serious,1,"Comedy, War"
tt0059727,The Skull,2,"Horror, Thriller"
tt0059742,The Sound of Music,3,"Biography, Drama, Family"
tt0059798,A Thousand Clowns,1,"Comedy, Drama, Romance"
tt0059800,Thunderball,0,"Action, Adventure, Thriller"
tt0059856,Vague Stars of Ursa...,4,"Drama, Mystery"
tt0059880,Vinyl,2,Sci-Fi
tt0059884,"War and Peace, Part I: Andrei Bolkonsky",0,"Drama, War"
tt0060097,Nightmare Castle,4,Horror
tt0060107,Andrei Rublev,0,"Biography, Drama, History"
tt0060176,Blow-Up,4,"Drama, Mystery, Thriller"
tt0060196,"The Good, the Bad and the Ugly",0,"Adventure, Western"
tt0060200,After the Fox,1,"Comedy, Crime"
tt0060277,The Sword of Doom,4,"Action, Drama"
tt0060318,"Do svidaniya, malchiki!",1,"Drama, War"
tt0060380,Esta Noite Encarnarei no Teu Cadáver,4,Horror
tt0060420,"Follow Me, Boys!",1,"Drama, Family"
tt0060424,The Fortune Cookie,1,"Comedy, Romance"
tt0060486,Violence at Noon,4,"Crime, Drama"
tt0060558,Jesse James Meets Frankenstein's Daughter,2,"Horror, Sci-Fi, Western"
tt0060579,The Magic Serpent,0,"Adventure, Fantasy"
tt0060666,Manos: The Hands of Fate,2,Horror
tt0060668,Marat/Sade,4,"Drama, History, Music"
tt0060675,Masculine Feminine,2,"Drama, Romance"
tt0060728,Murderers' Row,1,"Action, Adventure, Comedy"
tt0060749,"Die Nibelungen, Teil 1 - Siegfried",1,"Adventure, Fantasy"
tt0060754,The Night of the Grizzly,1,"Adventure, Western"
tt0060818,Penelope,1,"Comedy, Crime"
tt0060820,For One Thousand Dollars Per Day,2,"Action, Drama, Western"
tt0060827,Persona,4,"Drama, Thriller"
tt0060880,The Quiller Memorandum,2,"Crime, Drama, Mystery"
tt0060908,King of Hearts,2,"Comedy, Drama, War"
tt0060921,The Russians Are Coming the Russians Are Coming,1,"Comedy, War"
tt0060965,Seven Magnificent Guns,1,"Action, Adventure, Comedy"
tt0061069,Tatsu no ko Tarô,3,"Adventure, Family, Fantasy"
tt0061093,Three on a Couch,1,"Comedy, Romance"
tt0061177,"What's Up, Tiger Lily?",1,"Adventure, Comedy, Crime"
tt0061391,Bedazzled,1,"Comedy, Fantasy, Romance"
tt0061405,Billion Dollar Brain,4,"Crime, Drama, Thriller"
tt0061418,Bonnie and Clyde,4,"Action, Biography, Crime"
tt0061512,Cool Hand Luke,0,"Crime, Drama"
tt0061529,Creature of Destruction,2,"Horror, Sci-Fi"
tt0061556,The Deadly Affair,4,"Crime, Drama, Mystery"
tt0061578,The Dirty Dozen,0,"Action, Adventure, War"
tt0061582,Django Shoots First,2,"Romance, Western"
tt0061626,Enter Laughing,1,"Comedy, Romance"
tt0061722,The Graduate,1,"Comedy, Drama, Romance"
tt0061810,In Like Flint,3,"Action, Adventure, Comedy"
tt0061811,In the Heat of the Night,2,"Drama, Mystery, Thriller"
tt0061832,The Jackals,1,"Adventure, Western"
tt0061839,Jet Generation,2,"Drama, Romance"
tt0061841,The Killing Game,2,"Adventure, Comedy, Drama"
tt0061852,The Jungle Book,3,"Animation, Adventure, Comedy"
tt0061868,King Kong Escapes,2,"Action, Adventure, Family"
tt0061876,The Commissar,0,"Drama, War"
tt0061879,Late August at the Hotel Ozone,4,"Drama, Sci-Fi"
tt0062009,Muri shinjû: Nihon no natsu,4,"Crime, Drama"
tt0062155,Privilege,4,"Comedy, Drama, Music"
tt0062207,Robbery,2,"Crime, Drama, Mystery"
tt0062229,Le Samouraï,4,"Crime, Drama"
tt0062260,Jack and the Witch,3,"Animation, Fantasy"
tt0062301,The St. Valentine's Day Massacre,2,"Crime, Drama, History"
tt0062366,Théâtre de Monsieur & Madame Kabal,2,"Animation, Comedy"
tt0062430,Valley of the Dolls,2,"Drama, Music, Romance"
tt0062457,The Thief of Paris,2,"Crime, Drama"
tt0062473,Warning Shot,2,"Crime, Mystery, Thriller"
tt0062479,The Way West,2,"Adventure, Drama, Western"
tt0062485,Westerplatte Resists,2,"Drama, War"
tt0062492,Wild 90,2,"Comedy, Crime, Drama"
tt0062512,You Only Live Twice,0,"Action, Adventure, Thriller"
tt0062622,2001: A Space Odyssey,0,"Adventure, Sci-Fi"
tt0062742,Blue,2,"Romance, Western"
tt0062765,Bullitt,4,"Action, Crime, Thriller"
tt0062782,Carry on Up the Khyber,1,"Adventure, Comedy"
tt0062790,The Charge of the Light Brigade,4,"Drama, History, War"
tt0062803,Chitty Chitty Bang Bang,3,"Adventure, Family, Fantasy"
tt0062804,The Chronicle of Anna Magdalena Bach,1,"Biography, Drama, History"
tt0062936,Enter the Game of Death,1,"Action, Drama"
tt0062974,Finian's Rainbow,3,"Family, Fantasy, Musical"
tt0063013,The Girl on a Motorcycle,2,"Drama, Romance"
tt0063023,Goopy Gyne Bagha Byne,3,"Adventure, Comedy, Family"
tt0063171,The Snow Woman,2,"Horror, Romance"
tt0063198,Kôshikei,4,"Comedy, Crime, Drama"
tt0063350,Night of the Living Dead,4,"Horror, Thriller"
tt0063356,No Way to Treat a Lady,2,"Comedy, Crime, Drama"
tt0063370,"The Young, the Evil and the Savage",2,"Mystery, Thriller"
tt0063442,Planet of the Apes,0,"Adventure, Sci-Fi"
tt0063443,Play Dirty,4,"Adventure, Drama, War"
tt0063483,"Rachel, Rachel",1,"Drama, Romance"
tt0063518,Romeo and Juliet,0,"Drama, Romance"
tt0063522,Rosemary's Baby,4,"Drama, Horror"
tt0063595,She-Devils on Wheels,2,"Action, Crime, Thriller"
tt0063647,The Strange Affair,2,"Crime, Drama"
tt0063678,Teorema,2,"Drama, Mystery"
tt0063679,Tepepa,2,"Action, Adventure, Drama"
tt0063688,The Thomas Crown Affair,2,"Crime, Drama, Romance"
tt0063737,One Night... a Train,2,"Drama, Fantasy, Mystery"
tt0063821,With Six You Get Eggroll,1,"Comedy, Drama, Family"
tt0063835,Zatoichi and the Fugitives,0,"Drama, Action, Adventure"
tt0063850,If....,4,"Crime, Drama"
tt0064041,The Arrangement,2,"Drama, Romance"
tt0064100,Bob & Carol & Ted & Alice,1,"Comedy, Drama, Romance"
tt0064115,Butch Cassidy and the Sundance Kid,1,"Biography, Crime, Drama"
tt0064160,"Cherry, Harry & Raquel!",2,"Action, Comedy"
tt0064186,So Sweet... So Perverse,2,"Mystery, Thriller"
tt0064276,Easy Rider,0,"Adventure, Drama"
tt0064300,The 5-Man Army,2,"Action, Adventure, Western"
tt0064387,Goyokin,0,"Action, Adventure, Drama"
tt0064397,The Gypsy Moths,2,"Action, Drama, Romance"
tt0064403,Hannibal Brooks,1,"Action, Adventure, Comedy"
tt0064415,Hell's Angels '69,2,"Action, Drama"
tt0064417,Hello Down There,1,"Comedy, Sci-Fi"
tt0064418,"Hello, Dolly!",3,"Adventure, Comedy, Musical"
tt0064426,Red Peony Gambler 3: The Flower Cards Game,2,Action
tt0064465,Ice,4,"Drama, Sci-Fi"
tt0064485,Giacomo Casanova: Childhood and Adolescence,1,"Biography, Comedy, History"
tt0064531,Kaya,4,"Crime, Drama, War"
tt0064714,Puss in Boots,3,"Animation, Adventure, Comedy"
tt0064729,Nightmare in Wax,2,Horror
tt0064757,On Her Majesty's Secret Service,0,"Action, Adventure, Thriller"
tt0064842,Prince,1,"Musical, Romance"
tt0064843,Prípad pro zacínajícího kata,2,"Drama, Fantasy, Mystery"
tt0064905,Red Sun,2,Crime
tt0065023,Sotto il segno dello scorpione,2,"Drama, Fantasy"
tt0065051,Support Your Local Sheriff!,1,"Comedy, Romance, Western"
tt0065214,The Wild Bunch,4,"Action, Adventure, Western"
tt0065421,The AristoCats,3,"Animation, Adventure, Comedy"
tt0065486,Borsalino,2,"Crime, Drama"
tt0065569,Count Dracula,2,"Drama, Horror"
tt0065737,Fragment of Fear,4,"Crime, Drama, Horror"
tt0065744,The Shiver of the Vampires,2,Horror
tt0065856,House of Dark Shadows,2,"Drama, Fantasy, Horror"
tt0065889,Investigation of a Citizen Above Suspicion,4,"Crime, Drama"
tt0065950,The Kremlin Letter,4,"Crime, Drama, Thriller"
tt0065963,The Landlord,2,"Comedy, Drama, Romance"
tt0066026,M*A*S*H,1,"Comedy, Drama, War"
tt0066109,The Music Lovers,0,"Biography, Comedy, Drama"
tt0066121,Na komete,1,"Adventure, Comedy, Sci-Fi"
tt0066126,The Losers,2,"Action, Drama, Thriller"
tt0066192,Out 1: Spectre,2,"Comedy, Drama, Thriller"
tt0066206,Patton,0,"Biography, Drama, War"
tt0066214,Performance,4,"Crime, Drama"
tt0066296,The Revolutionary,2,"Action, Drama"
tt0066318,The Breach,2,Thriller
tt0066364,Shango,1,"Action, Drama, Western"
tt0066380,Vampyros Lesbos,2,"Drama, Horror"
tt0066392,Something for Everyone,4,"Comedy, Crime, Drama"
tt0066415,The Strawberry Statement,2,"Drama, Romance"
tt0066475,Torture Dungeon,2,"Drama, Horror"
tt0066516,Valerie and Her Week of Wonders,0,"Adventure, Drama, Fantasy"
tt0066533,"Vnimanie, cherepakha!",1,"Comedy, Family"
tt0066540,WUSA,2,"Drama, Romance"
tt0066612,Compañeros,1,"Action, Comedy, Western"
tt0066735,Four Flies on Grey Velvet,4,"Crime, Mystery, Thriller"
tt0066740,The Abominable Dr. Phibes,4,"Comedy, Horror"
tt0066767,The Anderson Tapes,2,"Action, Crime, Thriller"
tt0066769,The Andromeda Strain,4,"Mystery, Sci-Fi, Thriller"
tt0066832,Billy Jack,2,"Action, Drama"
tt0066835,Black Killer,2,"Crime, Drama, Western"
tt0066863,The Brotherhood of Satan,2,Horror
tt0066914,A Virgin Among the Living Dead,2,Horror
tt0066921,A Clockwork Orange,4,"Crime, Sci-Fi"
tt0066952,"Count Yorga, Vampire",2,"Drama, Fantasy, Horror"
tt0066995,Diamonds Are Forever,0,"Action, Adventure, Thriller"
tt0066999,Dirty Harry,4,"Action, Crime, Thriller"
tt0067065,Escape from the Planet of the Apes,0,"Action, Sci-Fi"
tt0067116,The French Connection,4,"Action, Crime, Drama"
tt0067176,Hands of the Ripper,4,Horror
tt0067185,Harold and Maude,3,"Comedy, Drama, Romance"
tt0067206,The Hitchhikers,2,"Action, Drama"
tt0067277,Johnny Got His Gun,4,"Drama, War"
tt0067341,Let's Scare Jessica to Death,4,"Drama, Horror, Mystery"
tt0067388,Man in the Wilderness,2,"Adventure, Drama, Western"
tt0067433,Minnie and Moskowitz,1,"Comedy, Drama, Romance"
tt0067517,Officers,1,"Drama, Romance, War"
tt0067595,The Point,3,"Animation, Adventure, Family"
tt0067641,Four Nights of a Dreamer,2,"Drama, Romance"
tt0067667,Appointment in Bray,2,"Drama, Music, War"
tt0067698,Sacco & Vanzetti,4,"Biography, Crime, Drama"
tt0067708,Santo and Blue Demon vs. Dracula and the Wolf Man,1,"Action, Crime, Horror"
tt0067714,The Scavengers,2,"Drama, Western, War"
tt0067741,Shaft,2,"Action, Crime, Thriller"
tt0067770,Red Sun,2,"Action, Western"
tt0067800,Straw Dogs,4,"Crime, Drama, Thriller"
tt0067810,Sweet Sweetback's Baadasssss Song,4,"Action, Crime, Drama"
tt0067840,Tere Mere Sapne,1,"Drama, Romance"
tt0067848,They Might Be Giants,1,"Comedy, Mystery, Romance"
tt0067870,A Town Called Hell,2,"Action, Drama, Western"
tt0067958,WR: Mysteries of the Organism,2,"Comedy, Drama, Fantasy"
tt0067959,Walkabout,0,"Adventure, Drama"
tt0067983,Whoever Slew Auntie Roo?,4,"Horror, Thriller"
tt0067992,Willy Wonka & the Chocolate Factory,3,"Family, Fantasy, Musical"
tt0068161,The Dawns Here Are Quiet,0,"Drama, History, War"
tt0068190,Alice's Adventures in Wonderland,1,"Adventure, Family, Fantasy"
tt0068264,Ben,2,"Drama, Horror, Thriller"
tt0068278,The Bitter Tears of Petra von Kant,2,"Drama, Romance"
tt0068281,Black Gunn,2,"Action, Crime, Thriller"
tt0068327,Cabaret,0,"Drama, Music, Musical"
tt0068341,The Valachi Papers,2,"Crime, Drama"
tt0068371,Godzilla vs. Gigan,1,"Action, Adventure, Family"
tt0068473,Deliverance,4,"Adventure, Drama, Thriller"
tt0068505,Dracula A.D. 1972,2,Horror
tt0068506,Dreamwood,1,Fantasy
tt0068638,The Getaway,2,"Action, Crime, Thriller"
tt0068646,The Godfather,0,"Crime, Drama"
tt0068675,Hannie Caulder,2,"Crime, Drama, Western"
tt0068687,The Heartbreak Kid,1,"Comedy, Drama, Romance"
tt0068705,Hito-kiri yota: Kyôken san-kyôdai,4,"Action, Crime"
tt0068716,Tower of Evil,2,"Horror, Mystery, Thriller"
tt0068718,The Hot Rock,1,"Action, Comedy, Crime"
tt0068746,Invasion of the Blood Farmers,2,Horror
tt0068815,Lone Wolf and Cub: Sword of Vengeance,0,"Action, Adventure"
tt0068833,The Last House on the Left,4,"Crime, Horror, Thriller"
tt0068971,Death Walks at Midnight,2,"Crime, Mystery, Thriller"
tt0068979,Creeping Death,2,"Horror, Mystery, Western"
tt0068997,The New Centurions,4,"Action, Crime, Drama"
tt0069007,The Nightcomers,2,"Drama, Horror, Thriller"
tt0069080,Pete 'n' Tillie,1,"Comedy, Drama, Romance"
tt0069120,Indian Summer,2,"Drama, Romance"
tt0069146,Quelques messieurs trop tranquilles,1,"Comedy, Crime, Mystery"
tt0069280,Slaughterhouse-Five,4,"Comedy, Drama, Sci-Fi"
tt0069293,Solaris,4,"Drama, Mystery, Sci-Fi"
tt0069341,Tales from the Crypt,2,"Drama, Horror, Mystery"
tt0069689,The All-American Boy,2,"Drama, Sport"
tt0069747,The Mad Adventures of Rabbi Jacob,1,"Adventure, Comedy"
tt0069754,The Baby,2,"Drama, Horror, Thriller"
tt0069761,Badge 373,4,"Crime, Drama, Thriller"
tt0069762,Badlands,4,"Action, Crime, Drama"
tt0069818,The Boss,4,"Action, Crime, Thriller"
tt0069833,Chino,2,"Action, Adventure, Drama"
tt0069865,Charley Varrick,4,"Crime, Drama, Thriller"
tt0069995,Don't Look Now,4,"Drama, Horror, Mystery"
tt0069996,Don't Play Us Cheap,1,"Comedy, Musical, Romance"
tt0070034,Enter the Dragon,0,"Action, Crime, Drama"
tt0070039,Horror Rises from the Tomb,2,Horror
tt0070047,The Exorcist,4,Horror
tt0070061,Love & Anarchy,4,"Comedy, Drama, Romance"
tt0070091,The Gatling Gun,2,"Action, Drama, Western"
tt0070119,Godmonster of Indian Flats,2,"Western, Horror"
tt0070155,The Harder They Come,4,"Crime, Drama, Music"
tt0070170,Henry VIII and His Six Wives,2,"Biography, Drama"
tt0070328,Live and Let Die,1,"Action, Adventure, Thriller"
tt0070350,The Mack,2,"Crime, Drama"
tt0070355,Magnum Force,4,"Action, Crime, Mystery"
tt0070379,Mean Streets,4,"Crime, Drama, Thriller"
tt0070424,My Ain Folk,2,"Biography, Drama"
tt0070464,O Lucky Man!,0,"Comedy, Drama, Fantasy"
tt0070511,Papillon,4,"Biography, Crime, Drama"
tt0070608,Robin Hood,3,"Animation, Adventure, Comedy"
tt0070634,The Satanic Rites of Dracula,2,Horror
tt0070656,Scream Blacula Scream,2,"Fantasy, Horror"
tt0070666,Serpico,4,"Biography, Crime, Drama"
tt0070723,Soylent Green,4,"Crime, Mystery, Sci-Fi"
tt0070735,The Sting,0,"Comedy, Crime, Drama"
tt0070782,Terminal Island,4,"Action, Drama, Thriller"
tt0070787,That Man Bolt,2,"Action, Crime, Drama"
tt0070861,Only Old Men Are Going to Battle,0,"Comedy, Drama, War"
tt0070903,The Way We Were,1,"Drama, Romance"
tt0070917,The Wicker Man,4,"Horror, Mystery, Thriller"
tt0070947,Zanjeer,2,"Action, Crime, Drama"
tt0071089,99 and 44/100% Dead!,2,"Action, Adventure, Comedy"
tt0071093,Abigail Lesley Is Back in Town,2,"Drama, Romance"
tt0071095,Abby,2,Horror
tt0071194,The Bank Shot,1,"Comedy, Crime"
tt0071203,Belladonna of Sadness,4,"Animation, Drama, Fantasy"
tt0071221,Black Belt Jones,1,Action
tt0071315,Chinatown,4,"Drama, Mystery, Thriller"
tt0071360,The Conversation,4,"Drama, Mystery, Thriller"
tt0071381,Celine and Julie Go Boating,0,"Comedy, Drama, Fantasy"
tt0071408,Deranged: Confessions of a Necrophile,4,"Drama, Horror, Thriller"
tt0071437,Double Agent 73,2,Action
tt0071455,Earthquake,2,"Action, Drama, Thriller"
tt0071502,Arabian Nights,0,"Comedy, Drama, Fantasy"
tt0071532,The Gambler,4,"Crime, Drama"
tt0071562,The Godfather Part II,4,"Crime, Drama"
tt0071569,The Golden Voyage of Sinbad,1,"Action, Adventure, Fantasy"
tt0071577,The Great Gatsby,0,"Drama, Romance"
tt0071591,El guía de las turistas,1,"Adventure, Comedy"
tt0071661,Inn of the Damned,2,"Crime, Horror, Thriller"
tt0071691,The Enigma of Kaspar Hauser,0,"Biography, Drama, History"
tt0071737,Lancelot of the Lake,4,"Drama, Fantasy, Romance"
tt0071771,The Longest Yard,1,"Comedy, Crime, Drama"
tt0071807,The Man with the Golden Gun,2,"Action, Adventure, Thriller"
tt0071853,Monty Python and the Holy Grail,1,"Adventure, Comedy, Fantasy"
tt0071877,Murder on the Orient Express,4,"Crime, Drama, Mystery"
tt0071938,Old Dracula,1,"Comedy, Horror"
tt0071994,Phantom of the Paradise,4,"Comedy, Drama, Fantasy"
tt0072067,Act of Vengeance,2,"Crime, Drama, Horror"
tt0072096,Romans o vlyublyonnykh,0,"Drama, Romance, Musical"
tt0072145,Wu yi,1,"Drama, Romance"
tt0072187,Solomon King,2,"Action, Adventure"
tt0072231,"At Home Among Strangers, a Stranger Among His Own",0,"Action, Adventure, Drama"
tt0072239,Symptoms,4,Horror
tt0072253,The Tamarind Seed,1,"Drama, Romance, Thriller"
tt0072271,The Texas Chain Saw Massacre,4,Horror
tt0072274,Thieves Like Us,2,"Crime, Drama, Romance"
tt0072288,Thunderbolt and Lightfoot,2,"Action, Comedy, Crime"
tt0072290,Ba wang quan,2,"Action, Crime"
tt0072324,Truck Stop Women,2,"Action, Crime, Drama"
tt0072386,W,2,Thriller
tt0072402,Where the Red Fern Grows,3,"Drama, Family"
tt0072403,The White Dawn,4,"Adventure, Drama, History"
tt0072684,Barry Lyndon,0,"Adventure, Drama, War"
tt0072791,Cleopatra Jones and the Casino of Gold,2,Action
tt0072820,Cooley High,3,"Comedy, Drama, Romance"
tt0072826,Cousin cousine,1,"Comedy, Romance"
tt0072844,Darktown Strutters,1,"Action, Comedy, Musical"
tt0072848,The Day of the Locust,4,"Drama, Thriller"
tt0072890,Dog Day Afternoon,4,"Biography, Crime, Drama"
tt0073012,The Four Musketeers: Milady's Revenge,0,Adventure
tt0073045,"""Giliap""",2,"Crime, Drama"
tt0073092,Hard Times,2,"Crime, Drama, Sport"
tt0073113,The Hindenburg,4,"Adventure, Drama, History"
tt0073195,Jaws,0,"Adventure, Thriller"
tt0073219,The Judge and the Assassin,4,"Crime, Drama, History"
tt0073343,The Man from Hong Kong,2,"Action, Adventure, Drama"
tt0073451,The Nickel Ride,4,"Crime, Drama"
tt0073453,Night Moves,4,"Crime, Drama, Mystery"
tt0073460,Noce i dnie,0,"Drama, Romance, War"
tt0073537,Double Exposure,2,"Crime, Drama, Horror"
tt0073629,The Rocky Horror Picture Show,1,"Comedy, Horror, Musical"
tt0073631,Rollerball,0,"Action, Sci-Fi, Sport"
tt0073654,Brothel No. 8,0,"Drama, History, War"
tt0073663,Lovers Like Us,1,"Adventure, Comedy, Drama"
tt0073694,The Hand of Death,2,"Action, Drama"
tt0073707,Sholay,0,"Action, Adventure, Comedy"
tt0074119,All the President's Men,4,"Drama, History, Thriller"
tt0074121,Allegro non troppo,1,"Animation, Comedy, Fantasy"
tt0074219,Blind makker,1,"Comedy, Crime, Drama"
tt0074224,Ma Su Zhen bao xiong chou,2,"Action, Adventure"
tt0074225,The Blue Bird,1,"Adventure, Drama, Family"
tt0074235,Bound for Glory,0,"Biography, Drama, Music"
tt0074256,Bugsy Malone,1,"Comedy, Crime, Family"
tt0074285,Carrie,4,"Horror, Mystery"
tt0074412,Disco Godfather,2,"Action, Crime, Drama"
tt0074452,The Eagle Has Landed,2,"Adventure, Drama, Thriller"
tt0074486,Eraserhead,4,"Fantasy, Horror"
tt0074611,The Haunting of Julia,4,"Drama, Horror, Mystery"
tt0074634,Hollywood Man,2,"Action, Crime, Drama"
tt0074746,The Killer Inside Me,2,"Crime, Drama"
tt0074781,Leadbelly,0,"Biography, Drama, Music"
tt0074860,Marathon Man,4,"Crime, Drama, Thriller"
tt0074885,Mean Johnny Barrows,2,"Action, Crime, Drama"
tt0074937,Murder by Death,2,"Comedy, Crime, Mystery"
tt0074972,Black and White in Color,2,"Comedy, Drama, War"
tt0074974,Noroît (une vengeance),2,"Adventure, Drama, Fantasy"
tt0075001,The Oily Maniac,2,"Action, Horror"
tt0075005,The Omen,4,"Horror, Mystery"
tt0075068,Pipe Dreams,1,"Drama, Romance"
tt0075119,A Slave of Love,0,"Comedy, Drama, Romance"
tt0075147,Robin and Marian,1,"Adventure, Drama, Romance"
tt0075148,Rocky,3,"Drama, Sport"
tt0075152,The Tough Ones,2,"Action, Crime, Drama"
tt0075164,Satan's Slave,2,Horror
tt0075165,Satan's Brew,4,"Comedy, Drama, Romance"
tt0075228,Skip Tracer,2,"Drama, Thriller"
tt0075314,Taxi Driver,4,"Crime, Drama"
tt0075344,Trackdown,2,"Action, Drama"
tt0075467,The Fifth Seal,4,"Drama, War"
tt0075612,3 Women,2,"Drama, Mystery, Thriller"
tt0075669,Amar Akbar Anthony,3,"Action, Comedy, Drama"
tt0075686,Annie Hall,1,"Comedy, Romance"
tt0075716,Backroads,2,"Crime, Drama"
tt0075744,Between the Lines,1,"Comedy, Drama, Romance"
tt0075764,The Black Panther,2,"Crime, Thriller"
tt0075774,Bobby Deerfield,1,"Drama, Romance"
tt0075778,Bokusâ,2,"Drama, Sport"
tt0075807,Candleshoe,3,"Adventure, Comedy, Drama"
tt0075859,Shen wei san meng long,2,"Action, Drama"
tt0075860,Close Encounters of the Third Kind,0,"Drama, Sci-Fi"
tt0075888,The Crater Lake Monster,2,"Adventure, Crime, Fantasy"
tt0075909,Damnation Alley,2,Sci-Fi
tt0075930,God Told Me To,4,"Crime, Horror, Sci-Fi"
tt0075932,The Lacemaker,2,"Drama, Romance"
tt0075936,Desperate Living,4,"Comedy, Crime, Fantasy"
tt0075956,Double Nickels,2,"Action, Comedy, Crime"
tt0075967,Jue bi tai yang ta,2,"Action, Drama"
tt0076028,Final Chapter: Walking Tall,2,"Action, Crime, Drama"
tt0076054,Freaky Friday,1,"Comedy, Family, Fantasy"
tt0076109,The Great Texas Dynamite Chase,1,"Action, Comedy, Crime"
tt0076137,Herbie Goes to Monte Carlo,1,"Action, Adventure, Comedy"
tt0076240,Jubilee,2,"Comedy, Drama, Fantasy"
tt0076276,Who's Singin' Over There?,2,"Adventure, Comedy, Drama"
tt0076294,The Last Dinosaur,2,"Action, Adventure, Sci-Fi"
tt0076374,Matinée,1,"Adventure, Crime, Drama"
tt0076380,Meatcleaver Massacre,2,Horror
tt0076504,Orca,2,"Adventure, Drama, Horror"
tt0076507,The Other Side of Midnight,2,"Drama, Romance, Thriller"
tt0076575,Foul Play,1,"Action, Comedy, Crime"
tt0076584,The Inglorious Bastards,2,"Action, Adventure, War"
tt0076618,The Rescuers,3,"Animation, Adventure, Comedy"
tt0076699,Shen tui tie shan gong,2,Action
tt0076752,The Spy Who Loved Me,0,"Action, Adventure, Thriller"
tt0076759,Star Wars,0,"Action, Adventure, Fantasy"
tt0076786,Suspiria,4,"Crime, Horror"
tt0076843,The Turning Point,1,"Drama, Music, Romance"
tt0076847,"Another Man, Another Chance",1,"Adventure, Drama, Romance"
tt0076884,Hotel Fear,4,"Drama, Horror, Mystery"
tt0076931,Wombling Free,1,"Animation, Comedy, Family"
tt0077149,Allegro barbaro,0,"Drama, History"
tt0077202,Bájecní muzi s klikou,3,"Comedy, Drama, History"
tt0077248,Blue Collar,4,"Crime, Drama"
tt0077262,Tai ji yuan gong,2,Action
tt0077275,The Brink's Job,1,"Comedy, Crime, Drama"
tt0077290,Shen long xiao hu chuang jiang hu,2,"Action, Drama"
tt0077355,Coma,4,"Drama, Mystery, Thriller"
tt0077395,Gui ma da xia,1,"Action, Comedy"
tt0077402,Dawn of the Dead,4,"Horror, Thriller"
tt0077416,The Deer Hunter,4,"Drama, War"
tt0077452,Dona Flor and Her Two Husbands,1,"Comedy, Fantasy"
tt0077463,Double Suicide of Sonezaki,2,"Crime, Drama, Romance"
tt0077512,Erótica,2,"Drama, Thriller"
tt0077524,The Evil,2,"Horror, Thriller"
tt0077530,Eyes of Laura Mars,4,"Mystery, Thriller"
tt0077539,Fedora,4,"Drama, Romance"
tt0077549,Fingers,2,"Crime, Drama, Music"
tt0077594,Game of Death,2,"Action, Crime, Drama"
tt0077631,Grease,3,"Comedy, Musical, Romance"
tt0077651,Halloween,4,"Horror, Thriller"
tt0077714,I Wanna Hold Your Hand,1,"Comedy, Music, Romance"
tt0077722,A Ilha dos Amores,1,"Biography, Drama, Romance"
tt0077745,Invasion of the Body Snatchers,4,"Horror, Sci-Fi"
tt0077766,Jaws 2,2,"Adventure, Horror, Thriller"
tt0077888,The Mafu Cage,4,"Drama, Horror, Thriller"
tt0077928,Midnight Express,4,"Biography, Crime, Drama"
tt0077952,Movie Movie,1,"Comedy, Musical, Sport"
tt0078054,Beauty and the Beast,1,"Fantasy, Horror, Mystery"
tt0078058,Pari e dispari,1,"Action, Comedy, Crime"
tt0078087,Piranha,2,"Comedy, Horror, Sci-Fi"
tt0078159,Return to Boggy Creek,1,"Adventure, Drama, Family"
tt0078199,"Same Time, Next Year",1,"Comedy, Drama, Romance"
tt0078256,Blood Feud,2,Thriller
tt0078335,Stunt Rock,1,"Action, Drama, Music"
tt0078346,Superman,3,"Action, Adventure, Sci-Fi"
tt0078405,The Toolbox Murders,2,"Horror, Mystery, Thriller"
tt0078417,The Bermuda Triangle,2,"Horror, Sci-Fi, Mystery"
tt0078513,Yagyu Clan Conspiracy,4,"Action, Adventure, Drama"
tt0078721,10,1,"Comedy, Romance"
tt0078748,Alien,4,"Horror, Sci-Fi"
tt0078771,Love on the Run,1,"Comedy, Drama, Romance"
tt0078788,Apocalypse Now,4,"Drama, Mystery, War"
tt0078872,The Black Stallion,1,"Adventure, Family, Sport"
tt0078879,Bloodline,2,"Crime, Drama, Mystery"
tt0078892,"Bolívar, a Tropical Symphony",2,"Biography, Drama"
tt0078915,The Bugs Bunny/Road-Runner Movie,1,"Animation, Comedy, Family"
tt0078916,Beyond the Darkness,4,Horror
tt0078934,Caniche,2,"Comedy, Drama, Mystery"
tt0079041,Demon Pond,2,"Fantasy, Romance"
tt0079048,Cops and Robbers,4,"Crime, Drama"
tt0079116,Escape from Alcatraz,4,"Action, Biography, Crime"
tt0079147,Mad Monkey Kung Fu,0,"Action, Comedy"
tt0079154,The Fish That Saved Pittsburgh,1,"Comedy, Sport"
tt0079219,Going in Style,1,"Comedy, Crime, Drama"
tt0079277,He Never Gives Up,1,"Biography, Drama"
tt0079278,Chilly Scenes of Winter,2,"Comedy, Drama, Romance"
tt0079292,Da wu shi yu xiao piao ke,2,"Action, Drama"
tt0079351,I'm for the Hippopotamus,1,"Action, Adventure, Comedy"
tt0079358,Han shan fei hu,2,"Action, Drama"
tt0079437,Last Embrace,4,"Mystery, Romance, Thriller"
tt0079472,The Magnificent Butcher,1,"Action, Comedy, Drama"
tt0079501,Mad Max,4,"Action, Adventure, Sci-Fi"
tt0079510,The Main Event,1,"Comedy, Romance, Sport"
tt0079522,Manhattan,1,"Comedy, Drama, Romance"
tt0079537,Mary My Dearest,2,"Comedy, Drama, Thriller"
tt0079574,Moonraker,0,"Action, Adventure, Sci-Fi"
tt0079710,A Perfect Couple,1,"Comedy, Musical, Romance"
tt0079764,Five Evenings,1,"Drama, Romance"
tt0079788,Zombie Holocaust,2,"Adventure, Horror, Mystery"
tt0079801,Xiao hun yu,2,Horror
tt0079808,The Riddle of the Sands,1,"Adventure, Drama, Thriller"
tt0079817,Rocky II,3,"Drama, Sport"
tt0079826,The Rose,2,"Drama, Music, Romance"
tt0079907,Siberiade,0,"Drama, History, Romance"
tt0079944,Stalker,0,"Drama, Sci-Fi"
tt0079945,Star Trek: The Motion Picture,0,"Adventure, Mystery, Sci-Fi"
tt0080040,Tourist Trap,4,Horror
tt0080051,Twice a Woman,4,"Drama, Romance"
tt0080057,Zombie,2,Horror
tt0080062,Unidentified Flying Oddball,1,"Adventure, Comedy, Family"
tt0080120,The Warriors,4,"Action, Crime, Thriller"
tt0080377,Any Which Way You Can,1,"Action, Comedy"
tt0080419,Children's Island,1,"Drama, Romance"
tt0080421,Battle Beyond the Stars,1,"Action, Adventure, Sci-Fi"
tt0080430,Berlin Chamissoplatz,2,"Drama, Romance"
tt0080440,The Black Cat,2,Horror
tt0080453,The Blue Lagoon,1,"Adventure, Drama, Romance"
tt0080455,The Blues Brothers,3,"Action, Adventure, Comedy"
tt0080487,Caddyshack,1,"Comedy, Sport"
tt0080653,Friendship,1,"Action, Crime, Drama"
tt0080678,The Elephant Man,0,"Biography, Drama"
tt0080684,Star Wars: Episode V - The Empire Strikes Back,0,"Action, Adventure, Fantasy"
tt0080715,The Falls,2,"Comedy, Sci-Fi"
tt0080717,My Young Auntie,1,"Action, Comedy"
tt0080749,The Fog,4,"Horror, Thriller"
tt0080752,Forbidden Zone,1,"Comedy, Fantasy, Musical"
tt0080761,Friday the 13th,4,"Horror, Mystery, Thriller"
tt0080772,Galaxy Express 999,0,"Animation, Action, Adventure"
tt0080798,Gloria,2,"Crime, Drama, Thriller"
tt0080801,The Gods Must Be Crazy,1,"Adventure, Comedy"
tt0080833,Guyana: Cult of the Damned,2,"Adventure, Drama, Thriller"
tt0080850,He Knows You're Alone,2,"Horror, Thriller"
tt0080855,Heaven's Gate,0,"Adventure, Drama, Western"
tt0080903,The Human Factor,2,"Drama, Romance, Thriller"
tt0080979,Kagemusha,0,"Drama, History, War"
tt0080997,The Kidnapping of the President,2,Thriller
tt0081063,Little Miss Marker,1,"Comedy, Drama, Romance"
tt0081070,The Long Good Friday,4,"Crime, Drama, Mystery"
tt0081163,The Mirror Crack'd,2,"Crime, Mystery, Thriller"
tt0081165,The Mystery of Oberwald,2,"Drama, Romance"
tt0081235,Nijinsky,2,"Biography, Drama, Music"
tt0081259,The Octagon,2,"Action, Drama, Romance"
tt0081280,One-Trick Pony,1,"Comedy, Drama, Music"
tt0081286,Murder Syndrome,2,"Horror, Mystery"
tt0081288,Tora-san's Tropical Fever,1,"Comedy, Drama, Romance"
tt0081375,Private Benjamin,1,"Comedy, War"
tt0081398,Raging Bull,4,"Biography, Drama, Sport"
tt0081505,The Shining,4,"Drama, Horror"
tt0081573,Superman II,3,"Action, Adventure, Sci-Fi"
tt0081633,Time Bandits,0,"Adventure, Comedy, Fantasy"
tt0081672,"Täältä tullaan, elämä!",2,"Drama, Romance"
tt0081777,Xanadu,1,"Fantasy, Musical, Romance"
tt0081784,The Happenings,2,"Crime, Drama, Thriller"
tt0081803,The Spooky Bunch,1,"Comedy, Fantasy"
tt0081809,North Sea Hijack,2,"Action, Adventure, Thriller"
tt0081992,Love Massacre,4,"Drama, Mystery, Romance"
tt0082010,An American Werewolf in London,4,"Comedy, Horror"
tt0082085,Blow Out,4,"Crime, Drama, Mystery"
tt0082088,Blood Wedding,2,"Drama, Music, Romance"
tt0082089,Body Heat,4,"Crime, Drama, Romance"
tt0082095,The Boat Is Full,2,"Drama, War"
tt0082096,The Boat,4,"Drama, War"
tt0082158,Chariots of Fire,3,"Biography, Drama, Sport"
tt0082176,Christiane F.,0,"Biography, Drama"
tt0082198,Conan the Barbarian,0,"Action, Adventure, Fantasy"
tt0082259,"Deprisa, Deprisa",4,"Crime, Drama"
tt0082294,Shivers,4,"Drama, History"
tt0082309,Deep Water,4,"Crime, Drama"
tt0082329,Endless Love,2,"Drama, Romance"
tt0082340,Escape from New York,4,"Action, Adventure, Sci-Fi"
tt0082348,Excalibur,0,"Adventure, Drama, Fantasy"
tt0082398,For Your Eyes Only,2,"Action, Adventure, Thriller"
tt0082406,The Fox and the Hound,3,"Animation, Adventure, Drama"
tt0082414,Freak Orlando,0,"Comedy, Fantasy"
tt0082418,Friday the 13th Part 2,4,"Horror, Mystery, Thriller"
tt0082427,The Funhouse,2,Horror
tt0082484,Quest for Fire,0,"Adventure, Drama"
tt0082495,Halloween II,2,Horror
tt0082509,Heavy Metal,0,"Animation, Adventure, Fantasy"
tt0082694,The Road Warrior,0,"Action, Adventure, Sci-Fi"
tt0082699,Samurai Reincarnation,0,"Action, Fantasy, Horror"
tt0082763,Modern Problems,1,"Comedy, Fantasy, Sci-Fi"
tt0082817,Nighthawks,2,"Action, Crime, Thriller"
tt0082927,Le Pont du Nord,2,"Adventure, Crime, Drama"
tt0082934,The Postman Always Rings Twice,2,"Crime, Drama, Romance"
tt0082958,The Pursuit of D.B. Cooper,2,"Adventure, Crime, Drama"
tt0082971,Raiders of the Lost Ark,0,"Action, Adventure"
tt0083064,Sharky's Machine,2,"Action, Crime, Drama"
tt0083131,Stripes,1,"Comedy, War"
tt0083189,They All Laughed,1,"Comedy, Romance"
tt0083248,Umrao Jaan,0,"Drama, Musical, Romance"
tt0083352,Dreadnaught,2,"Action, Comedy, Horror"
tt0083511,48 Hrs.,2,"Action, Comedy, Crime"
tt0083517,Abuse,2,"Biography, Drama"
tt0083547,American Taboo,2,"Drama, Romance"
tt0083550,Amityville II: The Possession,2,Horror
tt0083558,Angae maeul,2,"Drama, Mystery"
tt0083578,Arth,1,"Drama, Romance"
tt0083629,The Beast Within,2,Horror
tt0083658,Blade Runner,4,"Action, Drama, Sci-Fi"
tt0083670,Boardinghouse,2,"Comedy, Horror"
tt0083728,Chan Is Missing,2,"Drama, Mystery"
tt0083791,The Dark Crystal,0,"Adventure, Family, Fantasy"
tt0083804,Dear Mr. Wonderful,2,"Crime, Drama, Comedy"
tt0083806,Deathtrap,4,"Comedy, Crime, Mystery"
tt0083851,The Draughtsman's Contract,4,"Comedy, Drama, Mystery"
tt0083866,E.T.,3,"Adventure, Family, Sci-Fi"
tt0083872,Another Way,4,"Biography, Drama, History"
tt0083907,The Evil Dead,4,Horror
tt0083934,Ferocious Female Freedom Fighters,1,"Action, Comedy"
tt0083944,First Blood,4,"Action, Adventure, Thriller"
tt0083987,Gandhi,0,"Biography, Drama, History"
tt0084049,Hanky Panky,1,"Action, Comedy, Crime"
tt0084060,Heidi's Song,1,"Animation, Adventure, Drama"
tt0084090,Horrorplanet,2,"Horror, Sci-Fi"
tt0084116,Identification of a Woman,2,"Drama, Romance"
tt0084117,If You Could See What I Hear,1,"Biography, Comedy, Drama"
tt0084119,Illuminated Texts,2,Mystery
tt0084133,The Incubus,4,"Horror, Thriller"
tt0084153,Irezumi,2,"Drama, Romance"
tt0084357,The Living Dead Girl,2,Horror
tt0084408,Next of Kin,4,"Horror, Mystery"
tt0084422,The Night of the Shooting Stars,0,"Drama, Fantasy, Romance"
tt0084434,An Officer and a Gentleman,3,"Drama, Romance"
tt0084503,Pink Floyd: The Wall,4,"Drama, Fantasy, Music"
tt0084516,Poltergeist,4,"Horror, Thriller"
tt0084602,Rocky III,3,"Drama, Sport"
tt0084671,Legendary Weapons of China,2,"Action, Comedy, Drama"
tt0084714,Split Image,2,"Drama, Romance"
tt0084726,Star Trek II: The Wrath of Khan,0,"Action, Adventure, Sci-Fi"
tt0084732,Still of the Night,2,"Crime, Drama, Mystery"
tt0084737,Summer Lovers,1,"Comedy, Drama, Romance"
tt0084787,The Thing,4,"Horror, Mystery, Sci-Fi"
tt0084796,Time Walker,2,"Horror, Sci-Fi"
tt0084805,Tootsie,1,"Comedy, Drama, Romance"
tt0084827,Tron,0,"Action, Adventure, Sci-Fi"
tt0084829,La truite,2,"Drama, Romance"
tt0084854,Venom,2,"Horror, Thriller"
tt0084899,White Dog,4,"Drama, Horror"
tt0084921,Five Elements Ninjas,0,"Action, Drama"
tt0085127,Project A,3,"Action, Comedy"
tt0085179,Ardiente paciencia,1,"Drama, Romance"
tt0085213,Le Bal,1,"History, Musical"
tt0085279,Bullshot Crummond,1,"Action, Adventure, Comedy"
tt0085303,A Blade in the Dark,2,"Horror, Mystery, Thriller"
tt0085333,Christine,4,"Horror, Thriller"
tt0085334,A Christmas Story,3,"Comedy, Family"
tt0085382,Cujo,2,"Horror, Thriller"
tt0085407,The Dead Zone,4,"Drama, Horror, Sci-Fi"
tt0085599,Glykia symmoria,4,"Crime, Drama, Thriller"
tt0085601,Go for It,1,"Action, Adventure, Comedy"
tt0085656,Heart Like a Wheel,1,"Biography, Drama, Romance"
tt0085672,Hercules,1,"Adventure, Fantasy, History"
tt0085693,House of the Long Shadows,2,"Comedy, Horror, Mystery"
tt0085743,Jaane Bhi Do Yaaro,0,"Comedy, Crime, Drama"
tt0085794,The King of Comedy,2,"Comedy, Crime, Drama"
tt0085951,The Boxer's Omen,4,Horror
tt0085995,National Lampoon's Vacation,1,"Adventure, Comedy"
tt0086006,Never Say Never Again,2,"Action, Adventure, Thriller"
tt0086014,Nightmares,2,"Horror, Sci-Fi"
tt0086019,Nocaut,2,"Crime, Drama, Thriller"
tt0086034,Octopussy,2,"Action, Adventure, Thriller"
tt0086066,The Outsiders,0,"Crime, Drama"
tt0086135,Atlantis Interceptors,2,"Action, Sci-Fi"
tt0086137,The Prey,2,Horror
tt0086154,Psycho II,4,"Crime, Horror, Mystery"
tt0086190,Star Wars: Episode VI - Return of the Jedi,0,"Action, Adventure, Fantasy"
tt0086197,The Right Stuff,0,"Adventure, Biography, Drama"
tt0086200,Risky Business,1,"Comedy, Crime, Drama"
tt0086232,Sahara,1,"Adventure, Drama"
tt0086242,The Makioka Sisters,0,"Drama, Romance"
tt0086250,Scarface,4,"Crime, Drama"
tt0086312,Silkwood,4,"Biography, Drama, History"
tt0086320,Sleepaway Camp,4,Horror
tt0086355,Star 80,4,"Biography, Drama"
tt0086370,The Sting II,2,"Comedy, Crime"
tt0086393,Superman III,1,"Action, Adventure, Comedy"
tt0086405,Table for Five,1,"Drama, Romance"
tt0086429,Testament,0,"Drama, Sci-Fi"
tt0086443,Timerider: The Adventure of Lyle Swann,1,"Action, Adventure, Sci-Fi"
tt0086461,Tough Enough,1,"Action, Drama, Romance"
tt0086476,Trenchcoat,1,"Comedy, Mystery, Thriller"
tt0086497,Utu,4,"Adventure, Drama, History"
tt0086510,Under Fire,4,"Drama, War"
tt0086541,Videodrome,4,"Horror, Sci-Fi, Thriller"
tt0086542,Life Is a Bed of Roses,1,"Comedy, Drama, Fantasy"
tt0086567,WarGames,0,"Action, Drama, Sci-Fi"
tt0086589,Suburbia,2,"Drama, Thriller"
tt0086619,Yentl,3,"Drama, Musical, Romance"
tt0086856,The Adventures of Buckaroo Banzai Across the 8th Dimension,0,"Adventure, Comedy, Sci-Fi"
tt0086879,Amadeus,0,"Biography, Drama, Music"
tt0086960,Beverly Hills Cop,1,"Action, Comedy, Crime"
tt0086979,Blood Simple,4,"Crime, Drama, Thriller"
tt0086980,Blood Suckers from Outer Space,1,"Comedy, Horror, Sci-Fi"
tt0086984,Body Double,4,"Crime, Drama, Mystery"
tt0087034,Carmen,0,"Drama, Music, Romance"
tt0087050,Children of the Corn,2,"Horror, Thriller"
tt0087078,Conan the Destroyer,1,"Action, Adventure, Fantasy"
tt0087089,The Cotton Club,0,"Crime, Drama, Music"
tt0087100,Crimes of Passion,2,"Drama, Romance, Thriller"
tt0087110,Da lunhui,2,"Drama, Romance"
tt0087130,DEFCON-4,2,"Action, Sci-Fi"
tt0087144,La diagonale du fou,2,"Drama, Sport, Thriller"
tt0087182,Dune,0,"Action, Adventure, Sci-Fi"
tt0087263,Firstborn,2,"Drama, Thriller"
tt0087277,Footloose,1,"Drama, Music, Romance"
tt0087332,Ghostbusters,3,"Action, Comedy, Fantasy"
tt0087343,Gojira Fantajî: SF Kôkyô Fantajî,1,"Fantasy, Music"
tt0087363,Gremlins,1,"Comedy, Fantasy, Horror"
tt0087464,Impulse,4,"Horror, Mystery, Sci-Fi"
tt0087469,Indiana Jones and the Temple of Doom,0,"Action, Adventure"
tt0087507,Johnny Dangerously,1,"Comedy, Crime"
tt0087513,Joy of Sex,1,"Comedy, Romance"
tt0087538,The Karate Kid,3,"Action, Drama, Family"
tt0087544,Nausicaä of the Valley of the Wind,0,"Animation, Adventure, Sci-Fi"
tt0087660,Macross: Do You Remember Love?,0,"Animation, Action, Adventure"
tt0087666,Making the Grade,1,"Comedy, Romance"
tt0087747,Moscow on the Hudson,1,"Comedy, Drama, Romance"
tt0087755,The Muppets Take Manhattan,3,"Adventure, Comedy, Drama"
tt0087781,The Natural,3,"Drama, Sport"
tt0087800,A Nightmare on Elm Street,4,Horror
tt0087803,1984,4,"Drama, Sci-Fi"
tt0087810,No Small Affair,1,"Comedy, Drama, Music"
tt0087843,Once Upon a Time in America,0,"Crime, Drama"
tt0087901,Perfect Strangers,2,"Crime, Drama, Thriller"
tt0087918,The Pirate,2,"Drama, Romance"
tt0087932,The Pope of Greenwich Village,2,"Action, Comedy, Crime"
tt0087981,Razorback,4,"Horror, Thriller"
tt0088011,Romancing the Stone,3,"Action, Adventure, Comedy"
tt0088015,Ronia: The Robber's Daughter,3,"Adventure, Drama, Family"
tt0088041,Farewell to the Ark,0,"Fantasy, Mystery, Romance"
tt0088067,Screamplay,2,"Comedy, Horror, Mystery"
tt0088092,As Sete Vampiras,2,"Comedy, Horror, Mystery"
tt0088103,Sheena,1,"Adventure, Fantasy"
tt0088111,The Shooting Party,2,"Drama, Romance"
tt0088128,Sixteen Candles,1,"Comedy, Romance"
tt0088133,Slagskämpen,2,"Mystery, Action, Thriller"
tt0088161,Splash,1,"Comedy, Fantasy, Romance"
tt0088170,Star Trek III: The Search for Spock,0,"Action, Adventure, Sci-Fi"
tt0088206,Supergirl,3,"Action, Adventure, Fantasy"
tt0088224,Tank,1,"Action, Comedy, Drama"
tt0088247,The Terminator,4,"Action, Sci-Fi"
tt0088255,They're Playing with Fire,2,"Crime, Horror, Thriller"
tt0088286,Top Secret!,1,"Comedy, Crime, Music"
tt0088323,The NeverEnding Story,3,"Adventure, Drama, Family"
tt0088326,Unfaithfully Yours,1,"Comedy, Music, Romance"
tt0088359,White Fire,2,"Action, Drama, Thriller"
tt0088393,Wheels of Fire,2,"Action, Adventure, Sci-Fi"
tt0088462,Kill the Referee,4,Thriller
tt0088680,After Hours,4,"Comedy, Crime, Drama"
tt0088714,L'amour braque,4,"Comedy, Drama, Romance"
tt0088760,Baby: Secret of the Lost Legend,1,"Adventure, Family, Sci-Fi"
tt0088763,Back to the Future,3,"Adventure, Comedy, Sci-Fi"
tt0088830,Eternal Evil,2,Horror
tt0088846,Brazil,0,"Drama, Sci-Fi"
tt0088864,Buddies,2,"Drama, History, Romance"
tt0088876,Came a Hot Friday,1,"Adventure, Comedy"
tt0088895,Certain Fury,2,"Action, Crime, Drama"
tt0088896,A Certain Sacrifice,2,"Crime, Drama, Music"
tt0088930,Clue,2,"Comedy, Crime, Mystery"
tt0088933,Cocoon,1,"Comedy, Drama, Sci-Fi"
tt0088934,Code Name: Emerald,4,"Action, Drama, War"
tt0088944,Commando,0,"Action, Adventure, Thriller"
tt0088967,Crimewave,1,"Comedy, Crime, Horror"
tt0088993,Day of the Dead,4,"Horror, Thriller"
tt0089015,Desert Hearts,1,"Drama, Romance"
tt0089072,L'effrontée,1,"Comedy, Drama, Music"
tt0089087,The Emerald Forest,0,"Action, Adventure, Drama"
tt0089091,Endgame - Bronx lotta finale,2,"Action, Sci-Fi, Thriller"
tt0089175,Fright Night,2,"Fantasy, Horror"
tt0089218,The Goonies,3,"Adventure, Comedy, Family"
tt0089265,The Heavenly Kid,1,"Comedy, Fantasy, Romance"
tt0089274,The Hills Have Eyes Part II,2,"Horror, Thriller"
tt0089283,The Holcroft Covenant,2,"Action, Crime, Mystery"
tt0089393,Just One of the Guys,1,"Comedy, Romance"
tt0089457,Ladyhawke,3,"Adventure, Comedy, Drama"
tt0089458,Lamentations a Monument for the Dead World,2,"History, Mystery"
tt0089469,Legend,0,"Adventure, Fantasy, Romance"
tt0089470,The Legend of Billie Jean,1,"Action, Drama"
tt0089530,Mad Max Beyond Thunderdome,0,"Action, Adventure, Sci-Fi"
tt0089569,Maxie,1,"Comedy, Fantasy"
tt0089572,The Mean Season,2,"Crime, Thriller"
tt0089591,Miami Supercops,1,"Action, Comedy, Crime"
tt0089601,Mischief,1,"Comedy, Romance"
tt0089622,Morons from Outer Space,1,"Comedy, Sci-Fi"
tt0089670,National Lampoon's European Vacation,1,"Adventure, Comedy"
tt0089678,New Delhi Times,4,"Drama, Mystery"
tt0089686,A Nightmare on Elm Street 2: Freddy's Revenge,4,Horror
tt0089716,Colonel Redl,4,"Biography, Drama, History"
tt0089755,Out of Africa,3,"Biography, Drama, Romance"
tt0089798,Perfect,1,"Drama, Romance"
tt0089841,Prizzi's Honor,4,"Comedy, Crime, Drama"
tt0089853,The Purple Rose of Cairo,1,"Comedy, Fantasy, Romance"
tt0089880,Rambo: First Blood Part II,0,"Action, Adventure, Thriller"
tt0089881,Ran,0,"Action, Drama, War"
tt0089885,Re-Animator,2,"Comedy, Horror, Sci-Fi"
tt0089893,Red Sonja,1,"Action, Adventure, Fantasy"
tt0089907,The Return of the Living Dead,2,"Comedy, Horror, Sci-Fi"
tt0089927,Rocky IV,3,"Drama, Sport"
tt0089997,Seven Minutes in Heaven,1,"Comedy, Drama, Romance"
tt0090022,Silverado,0,"Action, Crime, Drama"
tt0090110,Sweet Dreams,1,"Biography, Drama, Music"
tt0090244,Urusei Yatsura 3: Remember My Love,3,"Animation, Comedy, Romance"
tt0090264,A View to a Kill,0,"Action, Adventure, Thriller"
tt0090280,Vreme leoparda,2,"Action, Drama, War"
tt0090305,Weird Science,1,"Comedy, Romance, Sci-Fi"
tt0090329,Witness,0,"Drama, Romance, Thriller"
tt0090340,Gao shan xia de hua huan,4,"Drama, War"
tt0090349,Yasha,0,"Crime, Drama"
tt0090368,A Cruel Romance,0,"Drama, Romance"
tt0090555,Crocodile Dundee,1,"Action, Adventure, Comedy"
tt0090605,Aliens,0,"Action, Adventure, Sci-Fi"
tt0090631,American Anthem,1,"Drama, Sport"
tt0090633,An American Tail,3,"Animation, Adventure, Comedy"
tt0090678,Avenging Force,2,"Action, Drama, Thriller"
tt0090713,The Best of Times,1,"Comedy, Drama, Sport"
tt0090728,Big Trouble in Little China,3,"Action, Adventure, Comedy"
tt0090750,Blood Hook,2,"Comedy, Horror"
tt0090756,Blue Velvet,4,"Crime, Drama, Mystery"
tt0090769,The Boy in Blue,1,"Biography, Drama, Sport"
tt0090788,Body Count,2,"Horror, Mystery"
tt0090798,Caravaggio,2,"Biography, Drama, History"
tt0090848,The Clan of the Cave Bear,0,"Adventure, Drama, Fantasy"
tt0090859,Cobra,2,"Action, Crime, Thriller"
tt0090863,The Color of Money,0,"Drama, Sport"
tt0090866,Combat Shock,4,"Drama, Horror, Thriller"
tt0090888,Crossroads,1,"Drama, Music, Mystery"
tt0090903,The Devil's Honey,2,"Mystery, Thriller"
tt0090915,Dead End Drive-In,4,"Action, Drama, Horror"
tt0090930,Demons 2,2,Horror
tt0091064,The Fly,4,"Drama, Horror, Sci-Fi"
tt0091083,From Beyond,4,"Horror, Sci-Fi"
tt0091129,The Golden Child,3,"Action, Adventure, Comedy"
tt0091142,Gothic,4,"Drama, Fantasy, Horror"
tt0091200,Hey Babu Riba,1,"Drama, Romance"
tt0091203,Highlander,0,"Action, Adventure, Fantasy"
tt0091251,Come and See,4,"Drama, Thriller, War"
tt0091278,Iron Eagle,1,"Action, Thriller, War"
tt0091313,Born American,2,"Action, Drama, Thriller"
tt0091326,The Karate Kid Part II,3,"Action, Family, Sport"
tt0091369,Labyrinth,3,"Adventure, Family, Fantasy"
tt0091377,The Old Well,0,"Drama, Romance"
tt0091396,Legal Eagles,1,"Comedy, Crime, Romance"
tt0091419,Little Shop of Horrors,0,"Comedy, Horror, Musical"
tt0091447,Lucky Stars Go Places,1,"Action, Comedy, Crime"
tt0091464,Malcolm,1,"Comedy, Crime, Sci-Fi"
tt0091474,Manhunter,4,"Crime, Mystery, Thriller"
tt0091497,Bad Blood,2,"Crime, Drama, Romance"
tt0091507,Mélo,2,"Drama, Romance"
tt0091530,The Mission,0,"Adventure, Drama, History"
tt0091535,Les mois d'avril sont meurtriers,4,Crime
tt0091603,The Naked Cage,2,"Action, Crime, Drama"
tt0091605,The Name of the Rose,4,"Drama, Mystery, Thriller"
tt0091631,Nightmare Weekend,2,"Horror, Sci-Fi"
tt0091763,Platoon,4,"Drama, War"
tt0091790,Pretty in Pink,1,"Comedy, Drama, Romance"
tt0091814,Quicksilver,1,"Crime, Drama, Thriller"
tt0091829,Rawhead Rex,4,"Fantasy, Horror, Mystery"
tt0091949,Short Circuit,3,"Comedy, Family, Sci-Fi"
tt0092005,Stand by Me,3,"Adventure, Drama"
tt0092007,Star Trek IV: The Voyage Home,3,"Action, Adventure, Comedy"
tt0092067,Castle in the Sky,3,"Animation, Adventure, Family"
tt0092074,TerrorVision,2,"Comedy, Horror, Sci-Fi"
tt0092099,Top Gun,0,"Action, Drama"
tt0092225,Wisdom,2,"Crime, Drama"
tt0092534,Allan Quatermain and the Lost City of Gold,1,"Action, Adventure, Comedy"
tt0092546,Amazon Women on the Moon,1,"Comedy, Sci-Fi"
tt0092563,Angel Heart,4,"Horror, Mystery, Thriller"
tt0092593,"Goodbye, Children",0,"Drama, War"
tt0092627,The Bedroom Window,2,"Crime, Mystery, Thriller"
tt0092641,Best Seller,2,"Action, Crime, Drama"
tt0092644,Beverly Hills Cop II,1,"Action, Comedy, Crime"
tt0092666,Blind Date,1,"Comedy, Romance"
tt0092669,Blood Diner,2,"Comedy, Horror"
tt0092675,Bloodsport,1,"Action, Biography, Drama"
tt0092783,Cop,4,"Crime, Drama, Mystery"
tt0092802,Cross My Heart,1,"Comedy, Romance"
tt0092809,The Curse,2,"Horror, Sci-Fi"
tt0092847,Deadly Illusion,2,"Adventure, Crime, Mystery"
tt0092850,Deadtime Stories,2,"Comedy, Horror"
tt0092890,Dirty Dancing,3,"Drama, Music, Romance"
tt0092892,Dirty Laundry,2,"Comedy, Thriller"
tt0092925,Dragnet,1,"Comedy, Crime"
tt0092965,Empire of the Sun,0,"Drama, War"
tt0092991,Evil Dead II,4,"Comedy, Horror"
tt0093010,Fatal Attraction,4,"Drama, Thriller"
tt0093050,Friendship's Death,2,"Drama, Sci-Fi"
tt0093058,Full Metal Jacket,4,"Drama, War"
tt0093101,Twilight of the Cockroaches,2,"Animation, Drama, Horror"
tt0093105,"Good Morning, Vietnam",3,"Biography, Comedy, Drama"
tt0093139,Hamlet Goes Business,2,"Comedy, Drama, Romance"
tt0093143,The Hanoi Hilton,2,"Drama, War"
tt0093176,Hello Mary Lou: Prom Night II,2,"Horror, Thriller"
tt0093177,Hellraiser,4,"Horror, Thriller"
tt0093191,Wings of Desire,0,"Drama, Fantasy, Romance"
tt0093207,Wings of Honneamise,0,"Animation, Drama, Sci-Fi"
tt0093223,House of Games,4,"Crime, Thriller"
tt0093253,In the Mood,1,"Comedy, Romance"
tt0093286,It's Alive III: Island of the Alive,2,"Horror, Sci-Fi"
tt0093349,King Lear,2,"Comedy, Drama, Sci-Fi"
tt0093378,La Bamba,3,"Biography, Drama, Music"
tt0093389,The Last Emperor,0,"Biography, Drama, History"
tt0093409,Lethal Weapon,0,"Action, Crime, Thriller"
tt0093422,Mr. Vampire Part 3,1,"Action, Comedy, Horror"
tt0093428,The Living Daylights,0,"Action, Adventure, Thriller"
tt0093435,City on Fire,4,"Action, Adventure, Crime"
tt0093437,The Lost Boys,2,"Comedy, Horror"
tt0093456,Lust for Freedom,2,"Drama, Thriller, Crime"
tt0093467,Made in Heaven,1,"Comedy, Fantasy, Romance"
tt0093489,Man on Fire,2,"Action, Drama, Thriller"
tt0093505,Masks,2,"Crime, Drama, Mystery"
tt0093565,Moonstruck,3,"Comedy, Drama, Romance"
tt0093578,Mr. India,3,"Action, Comedy, Drama"
tt0093582,Munchies,1,"Comedy, Fantasy, Horror"
tt0093621,The Night Stalker,2,"Crime, Drama, Horror"
tt0093629,A Nightmare on Elm Street 3: Dream Warriors,4,"Fantasy, Horror"
tt0093640,No Way Out,4,"Action, Crime, Drama"
tt0093693,Overboard,1,"Comedy, Romance"
tt0093771,A Prayer for the Dying,2,"Action, Crime, Drama"
tt0093773,Predator,4,"Action, Adventure, Horror"
tt0093776,Prick Up Your Ears,2,"Biography, Drama"
tt0093779,The Princess Bride,3,"Adventure, Family, Fantasy"
tt0093793,Project X,1,"Comedy, Drama, Sci-Fi"
tt0093822,Raising Arizona,1,"Comedy, Crime"
tt0093828,Real Men,1,"Action, Comedy, Sci-Fi"
tt0093870,RoboCop,0,"Action, Crime, Sci-Fi"
tt0093894,The Running Man,0,"Action, Sci-Fi, Thriller"
tt0093913,Sammy and Rosie Get Laid,2,"Comedy, Drama, Romance"
tt0093995,Slugs,2,Horror
tt0094008,Someone to Watch Over Me,2,"Crime, Drama, Romance"
tt0094012,Spaceballs,3,"Adventure, Comedy, Sci-Fi"
tt0094033,Steel Dawn,2,"Action, Adventure, Sci-Fi"
tt0094074,Superman IV: The Quest for Peace,1,"Action, Adventure, Sci-Fi"
tt0094205,Ubu et la grande Gidouille,2,"Animation, Crime, Drama"
tt0094208,A Man in Love,1,"Drama, Romance"
tt0094210,Un zoo la nuit,4,"Crime, Drama, Thriller"
tt0094226,The Untouchables,0,"Crime, Drama, Thriller"
tt0094291,Wall Street,0,"Crime, Drama"
tt0094320,White of the Eye,4,"Horror, Thriller"
tt0094332,The Witches of Eastwick,2,"Comedy, Fantasy, Horror"
tt0094383,Zombie High,1,"Comedy, Horror"
tt0094387,Final Victory,1,"Crime, Drama, Romance"
tt0094597,976-EVIL,2,"Comedy, Horror"
tt0094606,The Accidental Tourist,1,"Drama, Romance"
tt0094625,Akira,0,"Animation, Action, Drama"
tt0094642,American Gothic,4,Horror
tt0094669,Appointment with Death,2,"Crime, Drama, Mystery"
tt0094709,The Gang of Four,2,"Drama, Mystery"
tt0094711,Baptême,1,"Biography, Drama, Romance"
tt0094712,Bat*21,2,"Drama, War"
tt0094721,Beetlejuice,0,"Comedy, Fantasy"
tt0094731,Betrayed,4,"Crime, Drama, Thriller"
tt0094737,Big,3,"Comedy, Drama, Fantasy"
tt0094761,The Blob,2,"Horror, Sci-Fi, Thriller"
tt0094862,Child's Play,2,"Horror, Thriller"
tt0094889,Cocktail,1,"Comedy, Drama, Romance"
tt0094890,Cocoon: The Return,1,"Adventure, Comedy, Mystery"
tt0094898,Coming to America,3,"Comedy, Romance"
tt0094921,Crossing Delancey,1,"Comedy, Romance"
tt0094933,D.O.A.,4,"Mystery, Thriller"
tt0094947,Dangerous Liaisons,4,"Drama, Romance"
tt0095016,Die Hard,0,"Action, Thriller"
tt0095031,Dirty Rotten Scoundrels,2,"Comedy, Crime"
tt0095159,A Fish Called Wanda,2,"Comedy, Crime"
tt0095217,Ghosts... of the Civil Dead,4,"Crime, Drama"
tt0095288,Heartbreak Hotel,1,"Comedy, Musical, Romance"
tt0095327,Grave of the Fireflies,0,"Animation, Drama, War"
tt0095337,In the Line of Duty III,2,Action
tt0095348,I'm Gonna Git You Sucka,1,"Action, Comedy, Crime"
tt0095386,Itinerary of a Spoiled Child,1,"Drama, Adventure, Comedy"
tt0095389,Jack's Back,4,"Crime, Horror, Mystery"
tt0095394,Jericho,2,"Adventure, Drama"
tt0095409,Johnny Be Good,1,"Comedy, Sport"
tt0095483,Lady Terminator,2,"Action, Drama, Fantasy"
tt0095484,Lady in White,2,"Fantasy, Horror, Mystery"
tt0095489,The Land Before Time,3,"Animation, Adventure, Drama"
tt0095530,Little Dorrit,0,"Drama, Romance"
tt0095593,Married to the Mob,1,"Comedy, Crime, Romance"
tt0095631,Midnight Run,0,"Action, Comedy, Crime"
tt0095647,Mississippi Burning,4,"Crime, Drama, Mystery"
tt0095649,The Moderns,2,"Comedy, Drama, Romance"
tt0095687,My Stepmother Is an Alien,1,"Comedy, Sci-Fi"
tt0095705,The Naked Gun: From the Files of Police Squad!,1,"Comedy, Crime"
tt0095709,The Navigator: A Medieval Odyssey,0,"Action, Adventure, Drama"
tt0095765,Cinema Paradiso,3,"Drama, Romance"
tt0095774,Off Limits,2,"Action, Drama, Thriller"
tt0095863,Phantasm II,2,"Action, Fantasy, Horror"
tt0095869,The Little Devil,1,"Comedy, Fantasy, Romance"
tt0095956,Rambo III,0,"Action, Adventure, Thriller"
tt0095963,Red Heat,2,"Action, Comedy, Crime"
tt0096061,Scrooged,3,"Comedy, Drama, Fantasy"
tt0096142,Sorority Babes in the Slimeball Bowl-O-Rama,1,"Comedy, Horror"
tt0096161,Split Decisions,1,"Action, Drama, Sport"
tt0096219,Talk Radio,4,"Drama, Thriller"
tt0096251,Tetsuo: The Iron Man,4,"Horror, Sci-Fi"
tt0096256,They Live,0,"Action, Horror, Sci-Fi"
tt0096283,My Neighbor Totoro,3,"Animation, Comedy, Family"
tt0096320,Twins,1,"Comedy, Crime"
tt0096332,The Unbearable Lightness of Being,0,"Drama, Romance"
tt0096420,Warm Nights on a Slow Moving Train,2,"Comedy, Drama, Thriller"
tt0096438,Who Framed Roger Rabbit,0,"Animation, Adventure, Comedy"
tt0096446,Willow,3,"Action, Adventure, Drama"
tt0096453,Witchery,2,Horror
tt0096454,Without a Clue,1,"Comedy, Crime, Mystery"
tt0096472,School on Fire,4,"Action, Crime, Drama"
tt0096477,Yateem,1,"Action, Drama"
tt0096487,Young Guns,0,"Action, Western"
tt0096734,The 'Burbs,2,"Comedy, Mystery, Thriller"
tt0096754,The Abyss,0,"Adventure, Drama, Mystery"
tt0096794,Always,1,"Drama, Fantasy, Romance"
tt0096842,Asterix and the Big Fight,1,"Animation, Adventure, Comedy"
tt0096863,My Twentieth Century,0,"Comedy, Drama, Sci-Fi"
tt0096874,Back to the Future Part II,0,"Adventure, Comedy, Sci-Fi"
tt0096885,Wild Search,2,"Action, Drama, Romance"
tt0096895,Batman,4,"Action, Adventure"
tt0096913,Best of the Best,1,"Action, Drama, Sport"
tt0096928,Bill & Ted's Excellent Adventure,1,"Adventure, Comedy, Music"
tt0096933,Black Rain,4,"Action, Crime, Drama"
tt0096943,Blaze,1,"Biography, Comedy, Drama"
tt0096945,Blind Fury,1,"Action, Comedy, Crime"
tt0096969,Born on the Fourth of July,0,"Biography, Drama, War"
tt0096976,Breaking In,1,"Adventure, Comedy"
tt0097037,The Chair,2,Horror
tt0097062,"Chyornaya roza - emblema pechali, krasnaya roza - emblema lyubvi",1,"Comedy, Romance"
tt0097076,Cold Feet,2,"Comedy, Crime"
tt0097230,Dracula's Widow,2,"Horror, Thriller"
tt0097239,Driving Miss Daisy,1,"Comedy, Drama, Romance"
tt0097328,Family Business,2,"Crime, Drama"
tt0097334,Farewell to the King,2,"Action, Adventure, Drama"
tt0097351,Field of Dreams,3,"Drama, Family, Fantasy"
tt0097428,Ghostbusters II,3,"Action, Comedy, Fantasy"
tt0097438,Gleaming the Cube,2,"Action, Drama, Mystery"
tt0097441,Glory,0,"Biography, Drama, History"
tt0097493,Heathers,2,"Comedy, Crime"
tt0097523,"Honey, I Shrunk the Kids",3,"Adventure, Comedy, Family"
tt0097576,Indiana Jones and the Last Crusade,0,"Action, Adventure"
tt0097579,An Innocent Man,2,"Action, Crime, Drama"
tt0097647,The Karate Kid Part III,1,"Action, Drama, Family"
tt0097733,Lethal Weapon 2,0,"Action, Crime, Thriller"
tt0097742,Licence to Kill,4,"Action, Adventure, Thriller"
tt0097757,The Little Mermaid,3,"Animation, Adventure, Comedy"
tt0097814,Kiki's Delivery Service,3,"Animation, Family, Fantasy"
tt0097815,Major League,1,"Comedy, Sport"
tt0097937,My Left Foot,0,"Biography, Drama"
tt0097987,No Holds Barred,1,"Action, Sport"
tt0098084,Pet Sematary,4,"Fantasy, Horror, Thriller"
tt0098105,Police Academy 6: City Under Siege,1,"Comedy, Crime"
tt0098155,Pedicab Driver,1,"Action, Comedy, Drama"
tt0098184,Relentless,2,"Crime, Thriller"
tt0098197,Reunion,2,"Drama, History"
tt0098206,Road House,2,"Action, Thriller"
tt0098209,Roadkill,1,"Adventure, Comedy, Drama"
tt0098240,Freedom Is Paradise,0,"Adventure, Drama"
tt0098258,Say Anything,1,"Comedy, Drama, Romance"
tt0098282,"See No Evil, Hear No Evil",1,"Comedy, Crime"
tt0098321,Terminator II,0,"Action, Adventure, Fantasy"
tt0098343,Skin Deep,1,"Comedy, Drama, Romance"
tt0098412,Sundown: The Vampire in Retreat,1,"Comedy, Horror, Western"
tt0098439,Tango & Cash,2,"Action, Comedy, Crime"
tt0098454,Ten Little Indians,2,"Crime, Mystery, Thriller"
tt0098471,Three Fugitives,1,"Action, Comedy"
tt0098521,Tropical Snow,2,"Crime, Drama"
tt0098531,Treasure of the Bitch Islands,2,"Mystery, Sci-Fi"
tt0098536,Turner & Hooch,1,"Comedy, Crime, Drama"
tt0098635,When Harry Met Sally...,1,"Comedy, Drama, Romance"
tt0098645,Who's Harry Crumb?,1,"Comedy, Mystery"
tt0098662,Witchtrap,2,"Action, Horror, Thriller"
tt0098663,The Wizard,1,"Adventure, Comedy, Drama"
tt0098678,Worth Winning,1,"Comedy, Romance"
tt0098692,Wicked City,0,"Animation, Action, Fantasy"
tt0098999,Agneepath,0,"Action, Crime, Drama"
tt0099014,All the Vermeers in New York,1,"Comedy, Drama, Romance"
tt0099052,Arachnophobia,2,"Comedy, Horror, Thriller"
tt0099077,Awakenings,0,"Biography, Drama"
tt0099088,Back to the Future Part III,3,"Adventure, Comedy, Sci-Fi"
tt0099128,Betsy's Wedding,1,"Comedy, Romance"
tt0099348,Dances with Wolves,0,"Adventure, Drama, Western"
tt0099352,Snake's Fang,2,"Action, Drama, Thriller"
tt0099364,The Dark Side of the Moon,2,"Action, Horror, Mystery"
tt0099365,Darkman,4,"Action, Sci-Fi, Thriller"
tt0099371,Days of Thunder,1,"Action, Drama, Sport"
tt0099385,Death Warrant,2,"Action, Crime, Mystery"
tt0099422,Dick Tracy,0,"Action, Comedy, Crime"
tt0099423,Die Hard 2,0,"Action, Thriller"
tt0099474,Dune Warriors,2,"Action, Adventure, Sci-Fi"
tt0099487,Edward Scissorhands,3,"Drama, Fantasy, Romance"
tt0099496,Elves,2,Horror
tt0099558,Operation Condor,1,"Action, Adventure, Comedy"
tt0099582,Flatliners,4,"Drama, Horror, Sci-Fi"
tt0099587,Flight of the Intruder,2,"Action, Drama, Thriller"
tt0099611,Frankenhooker,2,"Comedy, Horror, Sci-Fi"
tt0099623,Funny About Love,1,"Comedy, Romance"
tt0099637,A Cat in the Brain,4,"Comedy, Fantasy, Horror"
tt0099652,Ghayal,0,"Action, Crime, Drama"
tt0099653,Ghost,0,"Drama, Fantasy, Romance"
tt0099674,The Godfather Part III,4,"Crime, Drama"
tt0099685,Goodfellas,4,"Biography, Crime, Drama"
tt0099700,Gremlins 2: The New Batch,1,"Comedy, Fantasy, Horror"
tt0099731,The Handmaid's Tale,0,"Drama, Romance, Sci-Fi"
tt0099733,Happily Ever After,3,"Animation, Family, Fantasy"
tt0099743,The Haunting of Morella,2,"Horror, Romance, Thriller"
tt0099785,Home Alone,3,"Comedy, Family"
tt0099810,The Hunt for Red October,0,"Action, Adventure, Thriller"
tt0099818,I Hired a Contract Killer,2,"Comedy, Crime, Drama"
tt0099871,Jacob's Ladder,4,"Drama, Horror, Mystery"
tt0099938,Kindergarten Cop,1,"Action, Comedy, Crime"
tt0099991,The Last of the Finest,2,"Action, Crime, Drama"
tt0100029,Lionheart,1,"Action, Crime, Drama"
tt0100054,Lord of the Flies,4,"Adventure, Drama, Thriller"
tt0100079,Luther the Geek,2,"Comedy, Horror"
tt0100107,Maniac Cop 2,4,"Action, Crime, Horror"
tt0100129,Meet the Applegates,1,"Comedy, Fantasy, Horror"
tt0100142,Metropolitan,1,"Comedy, Drama, Romance"
tt0100150,Miller's Crossing,4,"Crime, Drama, Thriller"
tt0100152,Mindwarp,4,"Horror, Sci-Fi, Thriller"
tt0100157,Misery,4,"Drama, Thriller"
tt0100196,Mountains of the Moon,0,"Adventure, Drama, History"
tt0100223,Diary for My Father and Mother,4,"Biography, Drama"
tt0100240,The NeverEnding Story II: The Next Chapter,1,"Adventure, Drama, Family"
tt0100263,Nikita,4,"Action, Crime, Drama"
tt0100269,"'Non', ou A Vã Glória de Mandar",4,"Drama, History, War"
tt0100403,Predator 2,4,"Action, Horror, Sci-Fi"
tt0100405,Pretty Woman,3,"Comedy, Romance"
tt0100502,RoboCop 2,4,"Action, Crime, Sci-Fi"
tt0100503,Robot Ninja,2,"Action, Drama, Fantasy"
tt0100507,Rocky V,1,"Drama, Sport"
tt0100596,Sher Mountain Killings Mystery,2,"Mystery, Thriller"
tt0100625,A Chinese Ghost Story II,0,"Action, Comedy, Fantasy"
tt0100631,Ski Patrol,1,"Action, Comedy, Sport"
tt0100685,State of Grace,4,"Action, Crime, Drama"
tt0100691,Stella,1,"Drama, Romance"
tt0100707,Streets,2,"Action, Drama, Thriller"
tt0100758,Teenage Mutant Ninja Turtles,3,"Action, Adventure, Comedy"
tt0100784,The Law,2,"Drama, Romance"
tt0100802,Total Recall,0,"Action, Adventure, Sci-Fi"
tt0100814,Tremors,2,"Comedy, Horror"
tt0100826,Twisted Justice,2,"Action, Crime, Drama"
tt0100873,Vincent & Theo,0,"Biography, Drama"
tt0100935,Wild at Heart,2,"Comedy, Crime, Drama"
tt0100991,Yôkai hantâ: Hiruko,2,"Comedy, Fantasy, Horror"
tt0101026,Tie Me Up! Tie Me Down!,2,"Comedy, Crime, Drama"
tt0101258,Days of Being Wild,0,"Crime, Drama, Romance"
tt0101272,The Addams Family,3,"Comedy, Fantasy"
tt0101316,The Lover,1,"Biography, Drama, Romance"
tt0101329,An American Tail: Fievel Goes West,3,"Animation, Adventure, Family"
tt0101343,And You Thought Your Parents Were Weird,1,"Comedy, Family, Fantasy"
tt0101393,Backdraft,0,"Action, Drama, Mystery"
tt0101410,Barton Fink,4,"Comedy, Drama, Thriller"
tt0101414,Beauty and the Beast,3,"Animation, Family, Fantasy"
tt0101452,Bill & Ted's Bogus Journey,3,"Adventure, Comedy, Fantasy"
tt0101453,Billy Bathgate,2,"Crime, Drama, Thriller"
tt0101507,Boyz n the Hood,0,"Crime, Drama"
tt0101523,The Butcher's Wife,1,"Comedy, Fantasy, Romance"
tt0101526,Börn náttúrunnar,0,"Drama, Romance"
tt0101529,Cabeza de Vaca,0,"Adventure, Biography, Drama"
tt0101540,Cape Fear,4,"Crime, Thriller"
tt0101694,Deceived,2,"Crime, Drama, Mystery"
tt0101698,Defending Your Life,1,"Comedy, Drama, Fantasy"
tt0101700,Delicatessen,0,"Comedy, Crime"
tt0101761,The Doors,0,"Biography, Drama, Music"
tt0101765,The Double Life of Véronique,0,"Drama, Fantasy, Music"
tt0101846,F/X2,2,"Action, Thriller"
tt0101862,Father of the Bride,1,"Comedy, Family, Romance"
tt0101866,Femme Fatale,2,"Drama, Mystery"
tt0101889,The Fisher King,3,"Comedy, Drama, Fantasy"
tt0101912,Frankie and Johnny,1,"Comedy, Drama, Romance"
tt0102004,The Hard Way,1,"Action, Comedy, Crime"
tt0102011,"He Said, She Said",1,"Comedy, Drama, Romance"
tt0102057,Hook,3,"Adventure, Comedy, Family"
tt0102059,Hot Shots!,1,"Action, Comedy"
tt0102095,If Looks Could Kill,1,"Action, Comedy"
tt0102138,JFK,4,"Drama, History, Thriller"
tt0102164,Johnny Stecchino,1,"Comedy, Crime, Romance"
tt0102178,K2,0,"Adventure, Drama, Sport"
tt0102266,The Last Boy Scout,0,"Action, Comedy, Crime"
tt0102286,Tiger Cage III,2,Action
tt0102293,Story of Ricky,4,"Action, Comedy, Crime"
tt0102307,Light Sleeper,2,"Crime, Drama"
tt0102395,Mannequin: On the Move,1,"Comedy, Fantasy, Romance"
tt0102439,The Suspended Step of the Stork,2,"Drama, Romance"
tt0102488,My Sons,1,"Drama, Romance"
tt0102492,My Girl,3,"Comedy, Drama, Family"
tt0102510,The Naked Gun 2½: The Smell of Fear,1,"Comedy, Crime"
tt0102526,New Jack City,4,"Action, Crime, Drama"
tt0102590,Once Around,1,"Comedy, Drama, Romance"
tt0102614,Out for Justice,2,"Action, Crime, Drama"
tt0102685,Point Break,0,"Action, Crime, Thriller"
tt0102709,Primal Rage,2,"Horror, Sci-Fi, Thriller"
tt0102722,Prospero's Books,0,"Drama, Fantasy"
tt0102729,Pure Luck,1,"Comedy, Crime, Mystery"
tt0102768,Regarding Henry,3,"Drama, Romance"
tt0102798,Robin Hood: Prince of Thieves,0,"Action, Adventure, Drama"
tt0102812,Roujin Z,2,"Animation, Comedy, Drama"
tt0102915,Showdown in Little Tokyo,1,"Action, Comedy, Crime"
tt0102926,The Silence of the Lambs,4,"Crime, Drama, Thriller"
tt0102945,Sleeping with the Enemy,2,"Drama, Thriller"
tt0102975,Star Trek VI: The Undiscovered Country,0,"Action, Adventure, Sci-Fi"
tt0102989,Straight Out of Brooklyn,2,"Crime, Drama"
tt0102996,Strictly Business,1,"Comedy, Romance"
tt0103044,Prison on Fire II,4,"Action, Crime, Drama"
tt0103064,Terminator 2: Judgment Day,0,"Action, Sci-Fi"
tt0103074,Thelma & Louise,0,"Adventure, Crime, Drama"
tt0103083,Po jian ji xian feng,2,Crime
tt0103110,Tous les matins du monde,0,"Biography, Drama, History"
tt0103176,Close to Eden,1,"Adventure, Drama, Romance"
tt0103223,To Want to Fly,1,"Animation, Comedy, Fantasy"
tt0103617,Aces: Iron Eagle III,1,Action
tt0103639,Aladdin,3,"Animation, Adventure, Comedy"
tt0103644,Alien³,4,"Action, Horror, Sci-Fi"
tt0103743,The Eight Immortals Restaurant: The Untold Story,4,"Comedy, Crime, Drama"
tt0103752,Back in the U.S.S.R.,2,"Crime, Drama, Thriller"
tt0103759,Bad Lieutenant,4,"Crime, Drama, Thriller"
tt0103772,Basic Instinct,4,"Drama, Mystery, Thriller"
tt0103776,Batman Returns,0,"Action, Crime, Fantasy"
tt0103786,Beethoven,1,"Comedy, Drama, Family"
tt0103855,The Bodyguard,1,"Action, Drama, Music"
tt0103873,Braindead,2,"Comedy, Fantasy, Horror"
tt0103874,Dracula,0,"Drama, Fantasy, Horror"
tt0103919,Candyman,4,"Horror, Thriller"
tt0103924,Captain Ron,1,"Adventure, Comedy"
tt0103935,Rebels of the Neon God,4,"Crime, Drama, Romance"
tt0104008,A Tale of Winter,1,"Drama, Romance"
tt0104029,Cronos,4,"Drama, Fantasy, Horror"
tt0104070,Death Becomes Her,0,"Comedy, Fantasy, Horror"
tt0104181,Wuthering Heights,0,"Drama, History, Romance"
tt0104231,Far and Away,3,"Adventure, Drama, Romance"
tt0104257,A Few Good Men,2,"Drama, Thriller"
tt0104278,Flaming Ears,2,"Fantasy, Sci-Fi"
tt0104299,Freejack,4,"Action, Crime, Sci-Fi"
tt0104348,Glengarry Glen Ross,4,"Crime, Drama, Mystery"
tt0104377,Guncrazy,2,"Crime, Drama, Romance"
tt0104391,Hard Hunted,2,"Action, Adventure, Crime"
tt0104418,Highway to Hell,0,"Adventure, Comedy, Fantasy"
tt0104431,Home Alone 2: Lost in New York,3,"Adventure, Comedy, Crime"
tt0104438,Honeymoon in Vegas,1,"Comedy, Romance, Thriller"
tt0104466,Husbands and Wives,2,"Comedy, Drama, Romance"
tt0104473,IP5: The Island of Pachyderms,1,"Adventure, Crime, Drama"
tt0104545,"Jamón, Jamón",2,"Comedy, Drama, Romance"
tt0104553,"All's Well, Ends Well",3,"Comedy, Romance"
tt0104573,Juice,4,"Action, Crime, Drama"
tt0104617,Oxygen Starvation,2,"Drama, War"
tt0104652,Porco Rosso,3,"Animation, Adventure, Comedy"
tt0104672,Al-lail,2,"Drama, History, War"
tt0104691,The Last of the Mohicans,0,"Action, Adventure, Drama"
tt0104694,A League of Their Own,3,"Comedy, Drama, Sport"
tt0104714,Lethal Weapon 3,2,"Action, Crime, Thriller"
tt0104745,The Living End,4,"Comedy, Crime, Drama"
tt0104756,Lorenzo's Oil,0,"Biography, Drama"
tt0104779,Bitter Moon,2,"Drama, Romance, Thriller"
tt0104797,Malcolm X,0,"Biography, Drama, History"
tt0104815,El Mariachi,0,"Action, Crime, Thriller"
tt0104868,The Mighty Ducks,3,"Comedy, Drama, Family"
tt0104940,The Muppet Christmas Carol,3,"Comedy, Drama, Family"
tt0104952,My Cousin Vinny,1,"Comedy, Crime"
tt0105032,Savage Nights,2,"Biography, Crime, Drama"
tt0105108,Past Midnight,2,"Drama, Mystery, Romance"
tt0105112,Patriot Games,2,"Action, Thriller"
tt0105128,Pet Sematary II,2,"Fantasy, Horror, Thriller"
tt0105151,The Player,4,"Comedy, Crime, Drama"
tt0105236,Reservoir Dogs,4,"Crime, Thriller"
tt0105328,Schtonk,2,"Comedy, Crime"
tt0105417,Sister Act,3,"Comedy, Family, Music"
tt0105459,Split Second,2,"Action, Crime, Horror"
tt0105466,Stay Tuned,1,"Adventure, Comedy, Fantasy"
tt0105476,The Stone,2,"Drama, Fantasy"
tt0105500,Suryavanshi,1,"Action, Fantasy, Horror"
tt0105526,The Taking of Beverly Hills,2,"Action, Thriller"
tt0105665,Twin Peaks: Fire Walk with Me,4,"Drama, Horror, Mystery"
tt0105690,Under Siege,0,"Action, Thriller"
tt0105698,Universal Soldier,2,"Action, Sci-Fi"
tt0105750,The Bohemian Life,2,"Comedy, Drama, Romance"
tt0105810,Where the Day Takes You,2,"Crime, Drama, Thriller"
tt0105812,White Men Can't Jump,1,"Comedy, Sport"
tt0106220,Addams Family Values,3,"Comedy, Fantasy"
tt0106226,The Age of Innocence,0,"Drama, Romance"
tt0106279,Angel of Fury,4,"Action, Crime, Drama"
tt0106292,Another Stakeout,1,"Comedy, Crime"
tt0106305,The Red Squirrel,2,"Comedy, Drama, Music"
tt0106308,Army of Darkness,0,"Comedy, Horror"
tt0106342,The Bride with White Hair,0,"Action, Fantasy, Romance"
tt0106343,The Bride with White Hair II,0,"Action, Fantasy, Romance"
tt0106373,Bedevil,4,Horror
tt0106489,A Bronx Tale,0,"Crime, Drama"
tt0106519,Carlito's Way,4,"Crime, Drama, Thriller"
tt0106557,Children of the Corn II: The Final Sacrifice,2,"Horror, Thriller"
tt0106582,Cliffhanger,0,"Action, Adventure, Thriller"
tt0106598,Coneheads,1,"Comedy, Sci-Fi"
tt0106611,Cool Runnings,3,"Adventure, Comedy, Family"
tt0106655,Damini,0,"Crime, Drama"
tt0106697,Demolition Man,0,"Action, Sci-Fi, Thriller"
tt0106701,Dennis the Menace,1,"Comedy, Family"
tt0106742,Dollar Mambo,2,"Drama, Music, Romance"
tt0106753,Doppelganger,2,"Horror, Romance, Thriller"
tt0106792,Ed and His Dead Mother,1,"Comedy, Horror"
tt0106833,Ethan Frome,2,"Drama, Romance"
tt0106856,Falling Down,4,"Action, Crime, Drama"
tt0106881,Fearless,0,"Drama, Thriller"
tt0106912,Fire in the Sky,2,"Biography, Drama, Fantasy"
tt0106913,Fire on the Amazon,2,"Action, Adventure, Drama"
tt0106918,The Firm,4,"Drama, Mystery, Thriller"
tt0106965,Free Willy,3,"Adventure, Drama, Family"
tt0106977,The Fugitive,4,"Action, Crime, Drama"
tt0106989,"Gatica, el mono",0,"Biography, Drama, Sport"
tt0107009,Ghost in the Machine,2,"Horror, Sci-Fi, Thriller"
tt0107048,Groundhog Day,3,"Comedy, Drama, Fantasy"
tt0107060,Gumrah,2,"Action, Crime, Drama"
tt0107120,Hocus Pocus,3,"Comedy, Family, Fantasy"
tt0107130,A Home of Our Own,1,"Biography, Drama"
tt0107144,Hot Shots! Part Deux,1,"Action, Comedy"
tt0107175,"Oh, Woe Is Me",2,"Comedy, Drama, Fantasy"
tt0107179,A Man in Uniform,2,"Drama, Thriller"
tt0107206,In the Line of Fire,4,"Action, Crime, Drama"
tt0107207,In the Name of the Father,0,"Biography, Crime, Drama"
tt0107209,"Faraway, So Close!",0,"Drama, Fantasy, Romance"
tt0107211,Indecent Proposal,2,"Drama, Romance"
tt0107254,Jason Goes to Hell: The Final Friday,2,"Fantasy, Horror, Thriller"
tt0107290,Jurassic Park,0,"Action, Adventure, Sci-Fi"
tt0107311,Khalnayak,1,"Action, Adventure, Crime"
tt0107362,Last Action Hero,1,"Action, Adventure, Comedy"
tt0107438,Look Who's Talking Now,1,"Comedy, Family, Romance"
tt0107665,Needful Things,4,"Crime, Drama, Fantasy"
tt0107688,The Nightmare Before Christmas,3,"Animation, Family, Fantasy"
tt0107745,Once Upon a Forest,1,"Animation, Adventure, Drama"
tt0107756,Orlando,0,"Biography, Drama, Fantasy"
tt0107798,The Pelican Brief,4,"Crime, Drama, Mystery"
tt0107808,A Perfect World,0,"Crime, Drama, Thriller"
tt0107822,The Piano,0,"Drama, Music, Romance"
tt0107943,The Remains of the Day,0,"Drama, Romance"
tt0107977,Robin Hood: Men in Tights,1,"Adventure, Comedy, Musical"
tt0108002,Rudy,3,"Biography, Drama, Sport"
tt0108037,The Sandlot,3,"Comedy, Drama, Family"
tt0108052,Schindler's List,0,"Biography, Drama, History"
tt0108071,The Secret Garden,3,"Drama, Family, Fantasy"
tt0108077,Il segreto del bosco vecchio,1,"Family, Fantasy"
tt0108100,Shadowhunter,2,"Action, Drama, Horror"
tt0108147,Sister Act 2: Back in the Habit,3,"Comedy, Family, Music"
tt0108160,Sleepless in Seattle,3,"Comedy, Drama, Romance"
tt0108174,So I Married an Axe Murderer,1,"Comedy, Romance"
tt0108186,Son in Law,1,"Comedy, Drama, Romance"
tt0108187,Son of the Pink Panther,1,"Comedy, Crime"
tt0108221,Stella polaris,0,"Drama, History"
tt0108238,Striking Distance,4,"Action, Crime, Mystery"
tt0108255,Super Mario Bros.,3,"Adventure, Comedy, Family"
tt0108260,Suture,2,"Drama, Thriller"
tt0108277,TC 2000,2,"Action, Sci-Fi"
tt0108289,Flirting Scholar,1,"Comedy, Romance"
tt0108290,Tango,1,"Comedy, Crime"
tt0108333,The Three Musketeers,1,"Action, Adventure, Comedy"
tt0108341,Time Indefinite,1,Biography
tt0108358,Tombstone,0,"Biography, Drama, History"
tt0108394,Three Colors: Blue,0,"Drama, Music, Mystery"
tt0108399,True Romance,4,"Crime, Drama, Romance"
tt0108583,Wittgenstein,2,"Biography, Comedy, Drama"
tt0109028,Cold Fever,0,"Comedy, Drama, Mystery"
tt0109035,Above the Rim,0,"Crime, Drama, Sport"
tt0109190,Baby's Day Out,1,"Adventure, Comedy, Crime"
tt0109198,Bad Girls,2,"Action, Adventure, Romance"
tt0109254,Beverly Hills Cop III,1,"Action, Comedy, Crime"
tt0109279,Black Beauty,1,"Adventure, Drama, Family"
tt0109361,Cabin Boy,1,"Adventure, Comedy, Romance"
tt0109424,Chungking Express,0,"Comedy, Crime, Drama"
tt0109444,Clear and Present Danger,4,"Action, Crime, Drama"
tt0109446,The Client,2,"Crime, Drama, Mystery"
tt0109484,"Corrina, Corrina",3,"Comedy, Drama, Romance"
tt0109498,The Crew,2,"Drama, Thriller"
tt0109506,The Crow,4,"Action, Crime, Drama"
tt0109635,Disclosure,2,"Drama, Thriller"
tt0109642,Dolores Claiborne,4,"Crime, Drama, Mystery"
tt0109707,Ed Wood,3,"Biography, Comedy, Drama"
tt0109739,Ernest Goes to School,1,"Comedy, Family, Sport"
tt0109813,The Flintstones,3,"Comedy, Family, Fantasy"
tt0109830,Forrest Gump,3,"Drama, Romance"
tt0109831,Four Weddings and a Funeral,1,"Comedy, Drama, Romance"
tt0110005,Heavenly Creatures,4,"Biography, Crime, Drama"
tt0110008,Pom Poko,0,"Animation, Comedy, Drama"
tt0110027,Highlander: The Final Dimension,1,"Action, Fantasy, Romance"
tt0110074,The Hudsucker Proxy,0,"Comedy, Drama, Fantasy"
tt0110091,I Like It Like That,1,"Comedy, Drama, Romance"
tt0110115,Imaginary Crimes,1,"Biography, Drama"
tt0110116,Immortal Beloved,0,"Biography, Drama, Music"
tt0110148,Interview with the Vampire: The Vampire Chronicles,0,"Drama, Fantasy, Horror"
tt0110216,Junior,1,"Comedy, Romance, Sci-Fi"
tt0110259,Bulletproof Heart,2,"Crime, Drama, Romance"
tt0110322,Legends of the Fall,0,"Drama, Romance, War"
tt0110357,The Lion King,3,"Animation, Adventure, Drama"
tt0110363,Little Big League,3,"Comedy, Family, Sport"
tt0110365,Little Odessa,4,"Crime, Drama"
tt0110392,Love Is a Gun,2,"Crime, Drama, Mystery"
tt0110413,Léon: The Professional,0,"Action, Crime, Drama"
tt0110445,Making Waves,1,"Comedy, Fantasy"
tt0110475,The Mask,3,"Action, Comedy, Crime"
tt0110478,Maverick,3,"Action, Adventure, Comedy"
tt0110500,Metal Skin,4,"Action, Drama, Romance"
tt0110557,Monkey Trouble,1,"Adventure, Comedy, Crime"
tt0110622,Naked Gun 33 1/3: The Final Insult,1,"Comedy, Crime"
tt0110632,Natural Born Killers,4,"Action, Crime, Drama"
tt0110725,On Deadly Ground,2,"Action, Adventure, Thriller"
tt0110889,Priest,2,"Drama, Romance"
tt0110912,Pulp Fiction,4,"Crime, Drama"
tt0110913,Pumpkinhead II: Blood Wings,2,"Fantasy, Horror, Thriller"
tt0110932,Quiz Show,4,"Biography, Drama, History"
tt0110950,Reality Bites,1,"Comedy, Drama, Romance"
tt0110978,Texas Chainsaw Massacre: The Next Generation,4,"Comedy, Horror, Thriller"
tt0110989,Richie Rich,3,"Comedy, Family"
tt0111070,The Santa Clause,3,"Comedy, Drama, Family"
tt0111149,Shallow Grave,4,"Crime, Thriller"
tt0111255,The Specialist,2,"Action, Drama, Thriller"
tt0111257,Speed,0,"Action, Adventure, Thriller"
tt0111280,Star Trek: Generations,0,"Action, Adventure, Mystery"
tt0111282,Stargate,0,"Action, Adventure, Sci-Fi"
tt0111301,Street Fighter,1,"Action, Adventure, Comedy"
tt0111418,Threesome,1,"Comedy, Drama, Romance"
tt0111438,Timecop,2,"Action, Crime, Sci-Fi"
tt0111450,Tokarev,4,"Action, Drama"
tt0111495,Three Colors: Red,2,"Drama, Mystery, Romance"
tt0111503,True Lies,0,"Action, Comedy, Thriller"
tt0111507,Three Colors: White,0,"Comedy, Drama, Romance"
tt0111686,New Nightmare,4,"Fantasy, Horror, Mystery"
tt0112281,Ace Ventura: When Nature Calls,1,"Adventure, Comedy, Crime"
tt0112302,Tom and Huck,1,"Adventure, Comedy, Drama"
tt0112352,L'amore molesto,4,"Drama, Mystery, Romance"
tt0112384,Apollo 13,0,"Adventure, Drama, History"
tt0112401,Assassins,2,"Action, Crime, Thriller"
tt0112427,An Awfully Big Adventure,2,"Comedy, Drama, Romance"
tt0112431,Babe,3,"Comedy, Drama, Family"
tt0112442,Bad Boys,1,"Action, Comedy, Crime"
tt0112443,Bad Company,2,"Crime, Drama, Thriller"
tt0112453,Balto,3,"Animation, Adventure, Drama"
tt0112461,The Basketball Diaries,2,"Biography, Crime, Drama"
tt0112462,Batman Forever,0,"Action, Adventure"
tt0112471,Before Sunrise,1,"Drama, Romance"
tt0112536,Bloodsport 2,1,"Action, Sport"
tt0112573,Braveheart,0,"Biography, Drama, History"
tt0112579,The Bridges of Madison County,1,"Drama, Romance"
tt0112606,Bye Bye Love,1,"Comedy, Romance"
tt0112634,Carnosaur 2,2,"Action, Horror, Sci-Fi"
tt0112641,Casino,4,"Crime, Drama"
tt0112642,Casper,3,"Comedy, Family, Fantasy"
tt0112682,The City of Lost Children,0,"Drama, Fantasy, Sci-Fi"
tt0112688,Clockers,4,"Crime, Drama, Mystery"
tt0112697,Clueless,3,"Comedy, Romance"
tt0112740,Crimson Tide,4,"Action, Drama, Thriller"
tt0112817,Dead Man,0,"Adventure, Drama, Fantasy"
tt0112818,Dead Man Walking,4,"Crime, Drama"
tt0112851,Desperado,0,"Action, Crime, Thriller"
tt0112864,Die Hard with a Vengeance,0,"Action, Adventure, Thriller"
tt0112870,Dilwale Dulhania Le Jayenge,3,"Drama, Romance"
tt0112913,Fallen Angels,4,"Comedy, Crime, Drama"
tt0112986,Eskapo,0,"Drama, Thriller, Action"
tt0113061,Le fils de Gascogne,1,"Comedy, Drama, Music"
tt0113063,The Final Cut,2,"Action, Drama, Thriller"
tt0113071,First Knight,0,"Action, Adventure, Drama"
tt0113161,Get Shorty,1,"Comedy, Crime, Thriller"
tt0113168,Gimlet,2,Thriller
tt0113189,GoldenEye,0,"Action, Adventure, Thriller"
tt0113199,Gordy,3,"Comedy, Drama, Family"
tt0113221,Grim,2,Horror
tt0113228,Grumpier Old Men,1,"Comedy, Romance"
tt0113243,Hackers,1,"Crime, Drama, Romance"
tt0113247,La haine,4,"Crime, Drama"
tt0113277,Heat,4,"Action, Crime, Drama"
tt0113375,I.D.,4,"Crime, Drama"
tt0113409,In the Mouth of Madness,4,"Drama, Fantasy, Horror"
tt0113419,The Indian in the Cupboard,1,"Drama, Family, Fantasy"
tt0113449,Jack-O,2,Horror
tt0113472,Our Neighbour Detective,2,"Crime, Mystery, Thriller"
tt0113481,Johnny Mnemonic,0,"Action, Drama, Sci-Fi"
tt0113492,Judge Dredd,0,"Action, Crime, Sci-Fi"
tt0113497,Jumanji,3,"Adventure, Comedy, Family"
tt0113537,Kicking and Screaming,1,"Comedy, Drama, Romance"
tt0113568,Ghost in the Shell,4,"Animation, Action, Crime"
tt0113613,The Last Supper,2,"Comedy, Crime, Drama"
tt0113627,Leaving Las Vegas,2,"Drama, Romance"
tt0113651,Full Throttle,0,"Action, Drama"
tt0113749,Mallrats,1,"Comedy, Romance"
tt0113824,Whisper of the Heart,3,"Animation, Drama, Family"
tt0113855,Mortal Kombat,0,"Action, Adventure, Fantasy"
tt0113918,Nobody Will Speak of Us When We're Dead,2,"Crime, Drama, Thriller"
tt0113957,The Net,4,"Action, Crime, Drama"
tt0114069,Outbreak,4,"Action, Drama, Thriller"
tt0114086,Beyond the Clouds,2,"Drama, Romance"
tt0114148,Pocahontas,3,"Animation, Adventure, Drama"
tt0114168,Powder,2,"Drama, Fantasy, Mystery"
tt0114214,The Quick and the Dead,0,"Action, Romance, Thriller"
tt0114230,Raja,1,"Action, Comedy, Drama"
tt0114234,Rangeela,3,"Comedy, Drama, Musical"
tt0114287,Rob Roy,0,"Adventure, Biography, Drama"
tt0114369,Se7en,4,"Crime, Drama, Mystery"
tt0114388,Sense and Sensibility,3,"Drama, Romance"
tt0114508,Species,2,"Action, Horror, Sci-Fi"
tt0114558,Strange Days,4,"Crime, Drama, Sci-Fi"
tt0114608,Tales from the Crypt: Demon Knight,4,"Action, Fantasy, Horror"
tt0114609,Tales from the Hood,4,"Crime, Drama, Horror"
tt0114614,Tank Girl,0,"Action, Comedy, Sci-Fi"
tt0114663,Three Wishes,3,"Drama, Family, Fantasy"
tt0114694,Tommy Boy,3,"Adventure, Comedy"
tt0114702,Total Eclipse,4,"Biography, Drama, Romance"
tt0114709,Toy Story,3,"Animation, Adventure, Comedy"
tt0114733,Tromeo and Juliet,2,"Action, Comedy, Drama"
tt0114746,12 Monkeys,4,"Mystery, Sci-Fi, Thriller"
tt0114814,The Usual Suspects,4,"Crime, Drama, Mystery"
tt0114857,Virtuosity,4,"Action, Crime, Sci-Fi"
tt0114898,Waterworld,0,"Action, Adventure, Sci-Fi"
tt0114917,When Saturday Comes,1,"Drama, Sport"
tt0114924,While You Were Sleeping,3,"Comedy, Drama, Romance"
tt0114996,A Chinese Odyssey: Part 2 - Cinderella,3,"Action, Adventure, Comedy"
tt0115431,Haru,1,"Drama, Romance"
tt0115433,101 Dalmatians,3,"Adventure, Comedy, Crime"
tt0115461,Acri,1,Fantasy
tt0115509,All Dogs Go to Heaven 2,1,"Animation, Adventure, Family"
tt0115632,Basquiat,2,"Biography, Drama"
tt0115734,Bottle Rocket,1,"Comedy, Crime, Drama"
tt0115759,Broken Arrow,0,"Action, Adventure, Thriller"
tt0115798,The Cable Guy,2,"Comedy, Drama, Thriller"
tt0115822,Captain Conan,0,"Drama, War"
tt0115907,City Hall,4,"Crime, Drama, Mystery"
tt0115928,My Sex Life... or How I Got Into an Argument,2,"Comedy, Drama, Romance"
tt0115951,Cosi,1,"Comedy, Drama, Music"
tt0115963,The Craft,2,"Drama, Fantasy, Horror"
tt0115986,The Crow: City of Angels,4,"Action, Crime, Fantasy"
tt0115996,Cwal,1,"Comedy, Drama, History"
tt0116014,Forbidden City Cop,3,"Action, Comedy, Fantasy"
tt0116040,Daylight,0,"Action, Adventure, Drama"
tt0116092,The Devil Takes a Holiday,1,"Comedy, Fantasy"
tt0116102,Different for Girls,1,"Comedy, Drama, Romance"
tt0116136,DragonHeart,0,"Action, Adventure, Fantasy"
tt0116209,The English Patient,0,"Drama, Romance, War"
tt0116213,Eraser,2,"Action, Crime, Thriller"
tt0116225,Escape from L.A.,4,"Action, Adventure, Sci-Fi"
tt0116231,The Bandit,4,"Crime, Drama, Thriller"
tt0116250,Evita,0,"Biography, Drama, History"
tt0116282,Fargo,4,"Crime, Thriller"
tt0116287,Fear,2,"Drama, Thriller"
tt0116295,Temptress Moon,4,"Drama, Romance"
tt0116365,The Frighteners,0,"Comedy, Fantasy, Horror"
tt0116367,From Dusk Till Dawn,4,"Action, Crime, Horror"
tt0116404,Get on the Bus,1,"Adventure, Drama, History"
tt0116409,The Ghost and the Darkness,0,"Adventure, Drama, Thriller"
tt0116421,The Glimmer Man,2,"Action, Comedy, Crime"
tt0116483,Happy Gilmore,1,"Comedy, Sport"
tt0116514,Hellraiser: Bloodline,2,"Horror, Sci-Fi"
tt0116552,Homeward Bound II: Lost in San Francisco,3,"Adventure, Comedy, Family"
tt0116583,The Hunchback of Notre Dame,0,"Animation, Drama, Family"
tt0116629,Independence Day,3,"Action, Adventure, Sci-Fi"
tt0116654,The Island of Dr. Moreau,4,"Horror, Sci-Fi, Thriller"
tt0116669,Jack,3,"Comedy, Drama, Fantasy"
tt0116683,James and the Giant Peach,3,"Animation, Adventure, Family"
tt0116695,Jerry Maguire,3,"Comedy, Drama, Romance"
tt0116705,Jingle All the Way,1,"Adventure, Comedy, Family"
tt0116707,Joe's Apartment,1,"Comedy, Fantasy, Musical"
tt0116731,The Juror,4,"Crime, Drama, Thriller"
tt0116743,Kama Sutra: A Tale of Love,0,"Crime, Drama, History"
tt0116771,Killers,2,"Action, Horror, Thriller"
tt0116778,Kingpin,1,"Comedy, Sport"
tt0116779,Bag of Rice,1,"Drama, Family"
tt0116783,Kissed,2,"Drama, Romance"
tt0116827,Last Dance,2,"Drama, Thriller"
tt0116830,Last Man Standing,2,"Action, Crime, Drama"
tt0116908,The Long Kiss Goodnight,0,"Action, Crime, Drama"
tt0116922,Lost Highway,4,"Mystery, Thriller"
tt0116996,Mars Attacks!,1,"Comedy, Sci-Fi"
tt0117008,Matilda,3,"Comedy, Family, Fantasy"
tt0117060,Mission: Impossible,0,"Action, Adventure, Thriller"
tt0117202,Normal Life,2,"Crime, Drama"
tt0117218,The Nutty Professor,3,"Comedy, Romance, Sci-Fi"
tt0117247,One Fine Day,1,"Comedy, Drama, Romance"
tt0117318,The People vs. Larry Flynt,2,"Biography, Drama"
tt0117331,The Phantom,3,"Action, Adventure, Comedy"
tt0117333,Phenomenon,1,"Drama, Fantasy, Romance"
tt0117381,Primal Fear,4,"Crime, Drama, Mystery"
tt0117417,A Queer Story,1,"Comedy, Drama, Romance"
tt0117433,The Rage,2,"Action, Thriller"
tt0117438,Ransom,4,"Action, Crime, Thriller"
tt0117500,The Rock,0,"Action, Adventure, Thriller"
tt0117509,Romeo + Juliet,0,"Drama, Romance"
tt0117549,Santa Claws,2,Horror
tt0117571,Scream,4,"Horror, Mystery"
tt0117628,She's the One,1,"Comedy, Drama, Romance"
tt0117653,Silent Trigger,2,"Action, Drama, Thriller"
tt0117665,Sleepers,4,"Crime, Drama, Thriller"
tt0117690,Some Mother's Son,0,"Drama, History"
tt0117705,Space Jam,3,"Animation, Adventure, Comedy"
tt0117731,Star Trek: First Contact,0,"Action, Adventure, Drama"
tt0117765,Striptease,1,"Comedy, Crime, Drama"
tt0117786,Mr. Nice Guy,1,"Action, Adventure, Comedy"
tt0117797,Swallowtail Butterfly,0,"Crime, Drama"
tt0117913,A Time to Kill,2,"Crime, Drama, Thriller"
tt0117998,Twister,1,"Action, Adventure, Thriller"
tt0118001,Two Much,1,"Comedy, Romance"
tt0118011,Premeditated Murder,2,"Drama, Romance"
tt0118044,Unhook the Stars,1,"Drama, Romance"
tt0118113,Walking and Talking,1,"Comedy, Drama, Romance"
tt0118125,The Watermelon Woman,1,"Comedy, Drama, Romance"
tt0118127,Wedding Bell Blues,1,"Comedy, Romance"
tt0118159,White Tiger,2,Action
tt0118172,Mr. Toad's Wild Ride,3,"Adventure, Comedy, Family"
tt0118531,One Eight Seven,4,"Drama, Thriller"
tt0118548,Absolute Power,4,"Action, Crime, Drama"
tt0118566,Afterglow,2,"Comedy, Drama, Romance"
tt0118571,Air Force One,0,"Action, Drama, Thriller"
tt0118583,Alien: Resurrection,4,"Action, Horror, Sci-Fi"
tt0118586,All Over Me,1,"Crime, Drama, Romance"
tt0118607,Amistad,0,"Biography, Drama, History"
tt0118615,Anaconda,2,"Action, Adventure, Horror"
tt0118617,Anastasia,3,"Animation, Adventure, Drama"
tt0118631,The Apocalypse,2,"Action, Sci-Fi"
tt0118655,Austin Powers: International Man of Mystery,1,"Adventure, Comedy"
tt0118688,Batman & Robin,0,"Action, Sci-Fi"
tt0118689,Bean,1,"Adventure, Comedy, Family"
tt0118694,In the Mood for Love,0,"Drama, Romance"
tt0118715,The Big Lebowski,1,"Comedy, Crime"
tt0118799,Life Is Beautiful,0,"Comedy, Drama, Romance"
tt0118822,Backroads,1,"Drama, Romance"
tt0118829,Cats Don't Dance,1,"Animation, Comedy, Family"
tt0118842,Chasing Amy,1,"Comedy, Drama, Romance"
tt0118849,Bacheha-Ye aseman,3,"Drama, Family, Sport"
tt0118880,Con Air,0,"Action, Crime, Thriller"
tt0118883,Conspiracy Theory,4,"Action, Mystery, Thriller"
tt0118884,Contact,0,"Drama, Mystery, Sci-Fi"
tt0118887,Cop Land,4,"Crime, Drama, Thriller"
tt0118928,Dante's Peak,2,"Action, Adventure, Thriller"
tt0118929,Dark City,4,"Fantasy, Mystery, Sci-Fi"
tt0118956,Deep Rising,2,"Action, Adventure, Horror"
tt0118971,The Devil's Advocate,4,"Drama, Mystery, Thriller"
tt0118972,The Devil's Own,2,"Action, Crime, Drama"
tt0118998,Doctor Dolittle,1,"Comedy, Family, Fantasy"
tt0119008,Donnie Brasco,4,"Biography, Crime, Drama"
tt0119012,Double Tap,2,"Action, Crime, Drama"
tt0119051,The Edge,4,"Action, Adventure, Drama"
tt0119079,Onegin,1,"Drama, Romance"
tt0119081,Event Horizon,4,"Horror, Sci-Fi, Thriller"
tt0119084,The Ex,2,Thriller
tt0119086,Excess Baggage,1,"Action, Comedy, Crime"
tt0119092,Face,2,"Crime, Drama, Thriller"
tt0119094,Face/Off,4,"Action, Crime, Sci-Fi"
tt0119099,Fallen,4,"Action, Crime, Drama"
tt0119116,The Fifth Element,0,"Action, Adventure, Sci-Fi"
tt0119137,Flubber,3,"Comedy, Family, Sci-Fi"
tt0119167,Funny Games,4,"Crime, Drama, Thriller"
tt0119173,G.I. Jane,0,"Action, Drama, War"
tt0119174,The Game,4,"Drama, Mystery, Thriller"
tt0119177,Gattaca,0,"Drama, Sci-Fi, Thriller"
tt0119190,George of the Jungle,3,"Action, Adventure, Comedy"
tt0119217,Good Will Hunting,3,"Drama, Romance"
tt0119229,Grosse Pointe Blank,1,"Action, Comedy, Crime"
tt0119282,Hercules,3,"Animation, Adventure, Comedy"
tt0119303,Home Alone 3,1,"Action, Comedy, Crime"
tt0119304,Home Fries,1,"Comedy, Drama, Romance"
tt0119307,Man Is a Woman,1,"Comedy, Music, Romance"
tt0119331,Hunger: Longing for Love,2,"Romance, Drama"
tt0119345,I Know What You Did Last Summer,2,"Horror, Mystery"
tt0119395,The Jackal,4,"Action, Crime, Drama"
tt0119396,Jackie Brown,0,"Crime, Drama, Thriller"
tt0119448,Character,4,"Crime, Drama, Mystery"
tt0119468,Kiss the Girls,4,"Crime, Drama, Mystery"
tt0119485,Kundun,0,"Biography, Drama, History"
tt0119488,L.A. Confidential,4,"Crime, Drama, Mystery"
tt0119517,Your Friends and Neighbors,2,"Comedy, Drama, Romance"
tt0119527,Deceiver,4,"Crime, Drama, Mystery"
tt0119528,Liar Liar,1,"Comedy, Fantasy"
tt0119567,The Lost World: Jurassic Park,0,"Action, Adventure, Sci-Fi"
tt0119576,Another 9½ Weeks,2,"Drama, Romance"
tt0119630,Masterminds,1,"Action, Comedy, Thriller"
tt0119643,Meet Joe Black,0,"Drama, Fantasy, Romance"
tt0119654,Men in Black,3,"Action, Adventure, Comedy"
tt0119698,Princess Mononoke,0,"Animation, Action, Adventure"
tt0119709,Most Wanted,2,"Action, Thriller"
tt0119718,Mr. Magoo,1,"Adventure, Comedy, Family"
tt0119738,My Best Friend's Wedding,1,"Comedy, Drama, Romance"
tt0119783,Night Falls on Manhattan,2,"Crime, Drama, Thriller"
tt0119822,As Good as It Gets,1,"Comedy, Drama, Romance"
tt0119896,Picture Perfect,1,"Comedy, Drama, Romance"
tt0119925,The Postman,0,"Action, Adventure, Drama"
tt0119978,The Rainmaker,2,"Crime, Drama, Thriller"
tt0119988,Caught Up,2,"Crime, Drama, Thriller"
tt0120029,RocketMan,1,"Comedy, Family, Sci-Fi"
tt0120053,The Saint,0,"Action, Adventure, Romance"
tt0120054,Saint-Ex,1,"Biography, Drama, Fantasy"
tt0120082,Scream 2,4,"Horror, Mystery"
tt0120102,Seven Years in Tibet,0,"Adventure, Biography, Drama"
tt0120107,Shadow Conspiracy,2,"Action, Thriller"
tt0120108,The Proposition,2,"Drama, Romance"
tt0120148,Sliding Doors,1,"Comedy, Drama, Fantasy"
tt0120151,A Smile Like Yours,1,"Comedy, Romance"
tt0120166,The Sorcerer's Apprentice,1,"Adventure, Family, Fantasy"
tt0120177,Spawn,0,"Action, Drama, Horror"
tt0120179,Speed 2: Cruise Control,2,"Action, Adventure, Crime"
tt0120184,Sphere,2,"Action, Mystery, Sci-Fi"
tt0120188,Three Kings,0,"Action, Adventure, Comedy"
tt0120190,Sprung,1,"Comedy, Romance"
tt0120201,Starship Troopers,0,"Action, Adventure, Sci-Fi"
tt0120324,A Simple Plan,4,"Crime, Drama, Thriller"
tt0120338,Titanic,0,"Drama, Romance"
tt0120347,Tomorrow Never Dies,0,"Action, Adventure, Thriller"
tt0120363,Toy Story 2,3,"Animation, Adventure, Comedy"
tt0120373,Trial and Error,1,"Comedy, Romance"
tt0120390,Turbulence,2,"Action, Thriller"
tt0120461,Volcano,0,"Action, Drama, Sci-Fi"
tt0120481,Washington Square,0,"Drama, Romance"
tt0120484,The Waterboy,3,"Comedy, Sport"
tt0120524,Wishmaster,4,"Fantasy, Horror"
tt0120586,American History X,4,"Crime, Drama"
tt0120587,Antz,1,"Animation, Adventure, Comedy"
tt0120591,Armageddon,0,"Action, Adventure, Sci-Fi"
tt0120598,Barney's Great Adventure,1,"Adventure, Comedy, Drama"
tt0120601,Being John Malkovich,0,"Comedy, Drama, Fantasy"
tt0120611,Blade,4,"Action, Horror, Sci-Fi"
tt0120616,The Mummy,0,"Action, Adventure, Fantasy"
tt0120623,A Bug's Life,3,"Animation, Adventure, Comedy"
tt0120630,Chicken Run,3,"Animation, Adventure, Comedy"
tt0120631,Ever After: A Cinderella Story,3,"Comedy, Drama, Romance"
tt0120632,City of Angels,1,"Drama, Fantasy, Romance"
tt0120647,Deep Impact,2,"Action, Drama, Sci-Fi"
tt0120655,Dogma,0,"Adventure, Comedy, Drama"
tt0120657,The 13th Warrior,0,"Action, Adventure, History"
tt0120660,Enemy of the State,0,"Action, Thriller"
tt0120663,Eyes Wide Shut,4,"Drama, Mystery, Thriller"
tt0120665,Secret Defense,4,"Crime, Drama"
tt0120667,Fantastic Four,1,"Action, Adventure, Fantasy"
tt0120669,Fear and Loathing in Las Vegas,2,"Adventure, Comedy, Drama"
tt0120679,Frida,0,"Biography, Drama, Romance"
tt0120681,From Hell,4,"Horror, Mystery, Thriller"
tt0120685,Godzilla,2,"Action, Sci-Fi, Thriller"
tt0120689,The Green Mile,0,"Crime, Drama, Fantasy"
tt0120693,Half Baked,1,"Comedy, Crime"
tt0120694,Halloween H20: 20 Years Later,4,"Horror, Thriller"
tt0120710,In Dreams,4,"Drama, Fantasy, Thriller"
tt0120722,Living Out Loud,1,"Comedy, Drama, Romance"
tt0120723,Kissing a Fool,1,"Comedy, Romance"
tt0120728,The Last Days of Disco,1,"Comedy, Drama, Music"
tt0120731,The Legend of 1900,0,"Drama, Music, Romance"
tt0120735,"Lock, Stock and Two Smoking Barrels",4,"Action, Comedy, Crime"
tt0120737,The Lord of the Rings: The Fellowship of the Ring,0,"Action, Adventure, Drama"
tt0120738,Lost in Space,0,"Action, Adventure, Family"
tt0120741,Mafia!,1,"Comedy, Crime"
tt0120744,The Man in the Iron Mask,0,"Action, Adventure, Drama"
tt0120746,The Mask of Zorro,3,"Action, Adventure, Comedy"
tt0120749,Mercury Rising,2,"Action, Crime, Drama"
tt0120753,The Million Dollar Hotel,4,"Drama, Mystery, Thriller"
tt0120755,Mission: Impossible II,0,"Action, Adventure, Thriller"
tt0120762,Mulan,3,"Animation, Adventure, Comedy"
tt0120768,The Negotiator,4,"Action, Crime, Drama"
tt0120770,A Night at the Roxbury,1,"Comedy, Music, Romance"
tt0120773,The Odd Couple II,1,"Adventure, Comedy"
tt0120780,Out of Sight,2,"Comedy, Crime, Drama"
tt0120782,Palmetto,2,"Crime, Drama, Mystery"
tt0120783,The Parent Trap,3,"Adventure, Comedy, Drama"
tt0120784,Payback,4,"Action, Crime, Drama"
tt0120787,A Perfect Murder,4,"Crime, Drama, Thriller"
tt0120789,Pleasantville,3,"Comedy, Drama, Fantasy"
tt0120791,Practical Magic,3,"Comedy, Drama, Fantasy"
tt0120794,The Prince of Egypt,0,"Animation, Adventure, Drama"
tt0120797,Pushing Tin,1,"Comedy, Drama, Romance"
tt0120800,Quest for Camelot,3,"Animation, Adventure, Comedy"
tt0120804,Resident Evil,2,"Action, Horror, Sci-Fi"
tt0120812,Rush Hour,1,"Action, Comedy, Crime"
tt0120813,Safe Men,1,"Comedy, Crime"
tt0120815,Saving Private Ryan,0,"Drama, War"
tt0120828,Six Days Seven Nights,1,"Action, Adventure, Comedy"
tt0120832,Snake Eyes,4,"Crime, Mystery, Thriller"
tt0120844,Star Trek: Insurrection,0,"Action, Adventure, Sci-Fi"
tt0120855,Tarzan,3,"Animation, Adventure, Comedy"
tt0120863,The Thin Red Line,0,"Drama, History, War"
tt0120866,Titus,4,"Drama, History, Thriller"
tt0120873,U.S. Marshals,4,"Action, Crime, Thriller"
tt0120877,Vampires,4,"Action, Horror, Thriller"
tt0120888,The Wedding Singer,1,"Comedy, Music, Romance"
tt0120889,What Dreams May Come,0,"Drama, Fantasy, Romance"
tt0120890,Wild Things,4,"Crime, Drama, Mystery"
tt0120891,Wild Wild West,3,"Action, Comedy, Sci-Fi"
tt0120901,Wrongfully Accused,1,"Action, Comedy, Thriller"
tt0120902,The X Files,4,"Drama, Mystery, Sci-Fi"
tt0120903,X-Men,0,"Action, Adventure, Sci-Fi"
tt0120907,eXistenZ,4,"Horror, Mystery, Sci-Fi"
tt0120912,Men in Black II,3,"Action, Adventure, Comedy"
tt0120913,Titan A.E.,0,"Animation, Action, Adventure"
tt0120915,Star Wars: Episode I - The Phantom Menace,0,"Action, Adventure, Fantasy"
tt0120917,The Emperor's New Groove,3,"Animation, Adventure, Comedy"
tt0121164,Corpse Bride,3,"Animation, Drama, Family"
tt0121694,Robo Vampire,2,"Action, Horror, Sci-Fi"
tt0121765,Star Wars: Episode II - Attack of the Clones,0,"Action, Adventure, Fantasy"
tt0121766,Star Wars: Episode III - Revenge of the Sith,0,"Action, Adventure, Fantasy"
tt0122151,Lethal Weapon 4,1,"Action, Crime, Thriller"
tt0122168,Mariannes bryllup eller hævnen er bitter,1,"Comedy, Romance"
tt0122326,The Falconet,2,"Comedy, History"
tt0122607,Meiji kyokyakuden - sandaime shumei,2,"Action, Crime"
tt0122690,Ronin,4,"Action, Crime, Thriller"
tt0122718,Small Soldiers,1,"Action, Adventure, Comedy"
tt0122933,Analyze This,1,"Comedy, Crime"
tt0123328,Made in Hong Kong,4,"Comedy, Crime, Drama"
tt0123755,Cube,4,"Drama, Horror, Mystery"
tt0123928,Johnny Larsen,1,"Romance, Drama"
tt0124298,Blast from the Past,3,"Comedy, Drama, Romance"
tt0124315,The Cider House Rules,3,"Drama, Romance"
tt0124595,Return to Paradise,4,"Drama, Romance, Thriller"
tt0125044,Condemned,4,"Crime, Drama, Mystery"
tt0125439,Notting Hill,1,"Comedy, Drama, Romance"
tt0125659,Open Your Eyes,4,"Drama, Mystery, Sci-Fi"
tt0125664,Man on the Moon,1,"Biography, Comedy, Drama"
tt0126029,Shrek,3,"Animation, Adventure, Comedy"
tt0126234,Chamatkar,1,"Comedy, Drama, Fantasy"
tt0126886,Election,2,"Comedy, Romance"
tt0126973,James Dean: Race with Destiny,1,"Biography, Drama"
tt0127045,Neon Maniacs,2,"Horror, Sci-Fi, Thriller"
tt0127163,Prisoners in Petticoats,2,"Action, Crime, Drama"
tt0127349,Waking the Dead,2,"Drama, Mystery, Romance"
tt0127350,Walking Thunder,1,"Drama, Family"
tt0127536,Elizabeth,0,"Biography, Drama, History"
tt0127722,Another Day in Paradise,2,"Crime, Drama, Thriller"
tt0127723,Can't Hardly Wait,1,"Comedy, Romance"
tt0127745,The Puppetoon Movie,1,"Animation, Family"
tt0128239,Grey Owl,1,"Biography, Drama, Western"
tt0128278,Instinct,2,"Drama, Thriller"
tt0128442,Rounders,2,"Crime, Drama"
tt0128445,Rushmore,3,"Comedy, Drama, Romance"
tt0128542,Sluchaynyy vals,2,Romance
tt0128853,You've Got Mail,1,"Comedy, Drama, Romance"
tt0129167,The Iron Giant,3,"Animation, Action, Adventure"
tt0129290,Patch Adams,3,"Biography, Comedy, Drama"
tt0129387,There's Something About Mary,1,"Comedy, Romance"
tt0129794,Un borghese piccolo piccolo,4,"Comedy, Crime, Drama"
tt0129797,The Brides Wore Blood,2,Horror
tt0130018,I Still Know What You Did Last Summer,2,"Horror, Mystery, Thriller"
tt0130089,Lolita 2000,1,Sci-Fi
tt0130268,So Is This,2,Animation
tt0130348,Vinashak - Destroyer,2,"Action, Crime, Drama"
tt0130623,Dinosaur,3,"Animation, Adventure, Drama"
tt0130827,Run Lola Run,0,"Action, Crime, Thriller"
tt0131335,Canoa: A Shameful Memory,4,"Adventure, Crime, Drama"
tt0131400,Footrot Flats: The Dog's Tale,1,"Animation, Comedy"
tt0131857,BASEketball,1,"Comedy, Sport"
tt0132347,Mystery Men,1,"Action, Comedy, Fantasy"
tt0132477,October Sky,3,"Biography, Drama, Family"
tt0133093,The Matrix,0,"Action, Sci-Fi"
tt0133152,Planet of the Apes,0,"Action, Adventure, Sci-Fi"
tt0133240,Treasure Planet,3,"Animation, Adventure, Family"
tt0133751,The Faculty,2,"Horror, Mystery, Sci-Fi"
tt0133952,The Siege,4,"Action, Thriller"
tt0134084,Scream 3,4,"Horror, Mystery"
tt0134119,The Talented Mr. Ripley,4,"Crime, Drama, Thriller"
tt0134273,8MM,4,"Crime, Drama, Mystery"
tt0134847,Pitch Black,4,"Action, Horror, Sci-Fi"
tt0136604,La virgen de la Caridad,1,"Drama, Romance"
tt0137100,Maya,2,"Drama, Mystery, Romance"
tt0137187,The Kidnapping,2,"Crime, Drama, Romance"
tt0137363,Arlington Road,4,"Action, Crime, Drama"
tt0137427,Ma tou da jue dou,1,"Action, Drama"
tt0137439,Autumn Tale,1,"Comedy, Drama, Romance"
tt0137494,Entrapment,2,"Action, Crime, Romance"
tt0138073,Os Saltimbancos Trapalhões,1,"Adventure, Comedy, Drama"
tt0138097,Shakespeare in Love,3,"Comedy, Drama, History"
tt0138510,Idle Hands,1,"Comedy, Fantasy, Horror"
tt0138524,Intolerable Cruelty,1,"Comedy, Crime, Romance"
tt0138564,The Secret Spring,1,"Romance, War"
tt0138704,Pi,4,"Drama, Horror, Mystery"
tt0138749,The Road to El Dorado,3,"Animation, Adventure, Comedy"
tt0138946,The Yards,4,"Crime, Drama, Romance"
tt0139134,Cruel Intentions,2,"Drama, Romance"
tt0139239,Go,2,"Comedy, Crime"
tt0139388,It Had to Be You,1,"Comedy, Romance"
tt0139394,The Joyriders,2,"Crime, Drama"
tt0139413,Windfall in Athens,1,"Comedy, Romance"
tt0139414,Lake Placid,2,"Action, Comedy, Horror"
tt0139564,See the Sea,2,"Drama, Thriller"
tt0139654,Training Day,4,"Action, Crime, Drama"
tt0139809,The Thirteenth Floor,2,"Mystery, Sci-Fi, Thriller"
tt0139820,The Red Angel,4,"Drama, Romance, War"
tt0139898,The Boys,4,"Crime, Drama"
tt0140348,Mahanadi,0,"Crime, Drama"
tt0140352,The Insider,0,"Biography, Drama, Thriller"
tt0140399,Muthu,3,"Action, Comedy, Drama"
tt0140448,Pathinaru Vayathinile,0,"Drama, Romance"
tt0140917,O Corpo Ardente,2,"Drama, Romance"
tt0141399,Isn't She Great,1,"Biography, Comedy, Drama"
tt0141914,Destination Death,2,"Drama, War"
tt0141926,U-571,0,"Action, War"
tt0142371,Fist of the North Star,0,"Animation, Action, Drama"
tt0142688,The Ninth Gate,4,"Mystery, Thriller"
tt0143145,The World Is Not Enough,0,"Action, Adventure, Thriller"
tt0143235,Between Eleven and Midnight,2,"Crime, Drama, Mystery"
tt0143907,Country of the Deaf,2,"Comedy, Crime, Drama"
tt0144004,What Happened Then?,2,"Crime, Mystery, Romance"
tt0144084,American Psycho,4,"Crime, Drama, Horror"
tt0144117,The Boondock Saints,2,"Action, Thriller"
tt0144625,Sudden Fury,2,"Action, Drama"
tt0144671,Vulkan der höllischen Triebe,2,Crime
tt0144777,Ato de Violência,2,"Drama, Thriller"
tt0144964,Highlander: Endgame,2,"Action, Adventure, Fantasy"
tt0145393,"Pizza, Beer, and Cigarettes",4,"Crime, Drama"
tt0145487,Spider-Man,0,"Action, Adventure, Sci-Fi"
tt0145531,Stigmata,2,Horror
tt0145534,Total Force,2,"Action, Sci-Fi"
tt0145547,Two Hands,2,"Comedy, Crime, Thriller"
tt0145653,Angela's Ashes,0,"Biography, Drama"
tt0145660,Austin Powers: The Spy Who Shagged Me,1,"Action, Adventure, Comedy"
tt0145681,The Bone Collector,4,"Crime, Drama, Mystery"
tt0145893,Simply Irresistible,1,"Comedy, Drama, Fantasy"
tt0146316,Lara Croft: Tomb Raider,0,"Action, Adventure, Fantasy"
tt0146336,Urban Legend,4,"Horror, Mystery, Thriller"
tt0146645,Dosti,3,"Drama, Family, Musical"
tt0146675,End of Days,4,"Action, Fantasy, Horror"
tt0146838,Any Given Sunday,2,"Drama, Sport"
tt0146882,High Fidelity,1,"Comedy, Drama, Music"
tt0147800,10 Things I Hate About You,3,"Comedy, Drama, Romance"
tt0149261,Deep Blue Sea,4,"Action, Adventure, Sci-Fi"
tt0149367,Where the Money Is,2,"Drama, Comedy, Crime"
tt0150377,Double Jeopardy,0,"Crime, Drama, Mystery"
tt0150388,The Dragon Painter,1,"Drama, Romance"
tt0150392,Ahlam Hind we Kamilia,2,"Drama, Romance"
tt0150980,The Housemaid,4,"Crime, Drama, Thriller"
tt0151137,The Messenger: The Story of Joan of Arc,0,"Adventure, Biography, Drama"
tt0151572,The Miracle of P. Tinto,1,"Comedy, Fantasy"
tt0151582,The Minus Man,2,"Crime, Drama, Mystery"
tt0151738,Never Been Kissed,3,"Comedy, Drama, Romance"
tt0152509,Sohni Mahiwal,1,"Action, Drama, Romance"
tt0152620,Subterfuge,2,"Action, Drama"
tt0152930,Taxi,1,"Action, Comedy, Crime"
tt0154506,Following,4,"Crime, Mystery, Thriller"
tt0154683,Jigoku,4,"Crime, Drama, Horror"
tt0155267,The Thomas Crown Affair,0,"Crime, Romance, Thriller"
tt0155796,Dr. Akagi,0,"Comedy, Drama, History"
tt0156106,Stonebrook,2,"Drama, Thriller"
tt0156248,August 32nd on Earth,1,"Drama, Romance"
tt0156408,Class Trip,2,"Drama, Mystery"
tt0156610,The Hole,2,"Drama, Fantasy, Musical"
tt0156729,Last Night,2,"Comedy, Drama, Romance"
tt0156887,Perfect Blue,4,"Animation, Crime, Drama"
tt0157044,Sitcom,2,"Comedy, Drama, Romance"
tt0157366,Beast Cops,4,"Action, Crime, Drama"
tt0157427,Lima: Breaking the Silence,2,"Crime, Drama"
tt0157472,Clockstoppers,1,"Action, Adventure, Comedy"
tt0157503,Drop Dead Gorgeous,1,"Comedy, Romance, Thriller"
tt0158493,Belly,4,"Crime, Drama"
tt0158692,Juha,2,"Comedy, Drama, Romance"
tt0158785,Mindkiller,2,"Horror, Sci-Fi"
tt0158983,"South Park: Bigger, Longer & Uncut",1,"Animation, Comedy, Fantasy"
tt0159097,The Virgin Suicides,2,"Drama, Romance"
tt0159273,Behind Enemy Lines,2,"Action, Drama, Thriller"
tt0159365,Cold Mountain,0,"Adventure, Drama, Romance"
tt0159421,The Adventures of Elmo in Grouchland,3,"Adventure, Comedy, Family"
tt0159432,Expect the Unexpected,4,"Action, Crime, Drama"
tt0159510,Mobile Suit Gundam II: Soldiers of Sorrow,0,"Animation, Action, Drama"
tt0160127,Charlie's Angels,3,"Action, Adventure, Comedy"
tt0160216,A Dog of Flanders,1,"Family, Drama"
tt0160401,In Too Deep,2,"Crime, Drama, Thriller"
tt0160710,Punks,1,"Comedy, Music, Romance"
tt0160862,She's All That,1,"Comedy, Romance"
tt0161081,What Lies Beneath,4,"Drama, Horror, Mystery"
tt0162035,A Very Unlucky Leprechaun,1,"Family, Fantasy"
tt0162222,Cast Away,0,"Adventure, Drama, Romance"
tt0162360,"Happy, Texas",1,"Comedy, Crime, Romance"
tt0162496,Nobleza gaucha,1,"Drama, History, Western"
tt0162650,Shaft,0,"Action, Crime, Thriller"
tt0162661,Sleepy Hollow,4,"Fantasy, Horror, Mystery"
tt0162710,Trick,1,"Comedy, Music, Romance"
tt0162876,Barn of the Blood Llama,2,"Comedy, Horror, Sci-Fi"
tt0162973,Get Real,1,"Comedy, Drama, Romance"
tt0163025,Jurassic Park III,2,"Action, Adventure, Sci-Fi"
tt0163187,Runaway Bride,1,"Comedy, Romance"
tt0163529,The Assault,2,"Action, Thriller"
tt0163582,Insect Woman,4,"Drama, Horror"
tt0163624,Faust,4,"Drama, Fantasy"
tt0163669,Woman of Fire '82,4,Horror
tt0163978,The Beach,2,"Adventure, Drama, Romance"
tt0163985,Peony Lantern,2,Horror
tt0163988,Bringing Out the Dead,4,"Drama, Thriller"
tt0164052,Hollow Man,4,"Action, Horror, Sci-Fi"
tt0164114,Drive Me Crazy,1,"Comedy, Drama, Romance"
tt0164181,Stir of Echoes,4,"Horror, Mystery, Thriller"
tt0164184,The Sum of All Fears,4,"Action, Drama, Thriller"
tt0164334,Along Came a Spider,4,"Drama, Thriller"
tt0164347,Assassination,4,"Action, Crime, Drama"
tt0164425,Brutal Boxer,2,"Action, Drama"
tt0164444,Militant Eagle,2,"Action, Drama"
tt0164564,...ere erera baleibu izik subua aruaren...,2,Animation
tt0164643,Bodyguard Kiba 2,2,"Action, Crime"
tt0164912,Stuart Little,3,"Adventure, Comedy, Family"
tt0165160,Da jiao long,2,"Action, Drama"
tt0165196,Molokai,0,"Biography, Drama"
tt0165214,Death Promise,2,"Action, Drama"
tt0165220,Fo Shan Zan xian sheng,2,Action
tt0165333,Jennifer Hale,2,Crime
tt0165429,Point de chute,4,"Crime, Thriller"
tt0165623,Angst,4,"Drama, Horror, Thriller"
tt0165636,Bilyy ptakh z chornoyu oznakoyu,0,"Drama, War"
tt0165773,Felicia's Journey,4,"Drama, Thriller"
tt0165798,Ghost Dog: The Way of the Samurai,4,"Crime, Drama"
tt0165929,Romeo Must Die,0,"Action, Crime, Thriller"
tt0166219,Hoods,1,"Comedy, Crime, Drama"
tt0166230,Jocelyn,2,"Drama, Romance"
tt0166252,The Love Letter,1,"Comedy, Drama, Romance"
tt0166485,Anna and the King,0,"Drama, History, Romance"
tt0166770,Privarzaniyat balon,2,"Comedy, Drama, Fantasy"
tt0166808,Sombre,4,"Drama, Horror"
tt0166813,Spirit: Stallion of the Cimarron,3,"Animation, Adventure, Drama"
tt0166896,The Straight Story,3,"Biography, Drama"
tt0166924,Mulholland Drive,4,"Drama, Mystery, Thriller"
tt0167190,Hellboy,0,"Action, Adventure, Fantasy"
tt0167260,The Lord of the Rings: The Return of the King,0,"Action, Adventure, Drama"
tt0167261,The Lord of the Rings: The Two Towers,0,"Action, Adventure, Drama"
tt0167320,The Golden Bat,1,"Adventure, Action, Sci-Fi"
tt0167404,The Sixth Sense,4,"Drama, Mystery, Thriller"
tt0168043,The Longest Nite,4,"Action, Crime, Mystery"
tt0168626,Distant Journey,4,"Drama, Thriller, War"
tt0168629,Dancer in the Dark,0,"Crime, Drama, Musical"
tt0169102,Lagaan: Once Upon a Time in India,3,"Drama, Musical, Sport"
tt0169253,Songs and Saddles,1,"Action, Adventure, Crime"
tt0169299,Terror Firmer,2,"Comedy, Horror"
tt0169324,Tick Tock,2,"Crime, Drama, Thriller"
tt0169828,Father of a Soldier,0,"Drama, War"
tt0170016,How the Grinch Stole Christmas,3,"Comedy, Family, Fantasy"
tt0170210,La Malibran,1,"Biography, Drama, Musical"
tt0171363,The Haunting,4,"Fantasy, Horror, Mystery"
tt0171804,Boys Don't Cry,4,"Biography, Crime, Drama"
tt0172156,Bad Boys II,0,"Action, Comedy, Crime"
tt0172493,"Girl, Interrupted",2,"Biography, Drama"
tt0172495,Gladiator,0,"Action, Adventure, Drama"
tt0173840,Final Fantasy: The Spirits Within,0,"Animation, Action, Adventure"
tt0174707,Hanzo the Razor: The Snare,2,"Action, Drama"
tt0174856,The Hurricane,0,"Biography, Drama, Sport"
tt0174918,Ningyo densetsu,4,"Crime, Drama, Horror"
tt0175555,Deal of a Lifetime,1,"Comedy, Fantasy, Romance"
tt0176422,Alice and Martin,2,"Drama, Romance"
tt0176666,Dossier 51,4,"Crime, Drama"
tt0177195,Sample People,2,"Comedy, Crime, Drama"
tt0177483,Aadmi,2,"Action, Crime, Drama"
tt0177789,Galaxy Quest,3,"Adventure, Comedy, Sci-Fi"
tt0177971,The Perfect Storm,2,"Action, Adventure, Drama"
tt0178868,Ringu,4,"Horror, Mystery"
tt0179098,Moonlight Mile,1,"Drama, Romance"
tt0179161,Wicked Duchess,2,"Drama, Romance"
tt0180316,Women Talking Dirty,1,"Comedy, Romance"
tt0180837,Bossa Nova,1,"Comedy, Romance, Drama"
tt0181012,Sole Survivor,2,"Horror, Thriller"
tt0181316,Blue Streak,1,"Action, Comedy, Crime"
tt0181689,Minority Report,0,"Action, Crime, Mystery"
tt0181852,Terminator 3: Rise of the Machines,0,"Action, Sci-Fi"
tt0181865,Traffic,4,"Crime, Drama, Thriller"
tt0181875,Almost Famous,3,"Adventure, Comedy, Drama"
tt0182503,Turist Ömer Uzay Yolu'nda,1,"Comedy, Sci-Fi"
tt0182789,Bicentennial Man,3,"Drama, Sci-Fi"
tt0183523,Mission to Mars,0,"Adventure, Sci-Fi, Thriller"
tt0183649,Phone Booth,4,"Crime, Thriller"
tt0183790,A Knight's Tale,3,"Action, Adventure, Romance"
tt0184512,The Flirtation of Girls,1,"Comedy, Musical, Romance"
tt0184858,Reindeer Games,4,"Action, Adventure, Crime"
tt0184894,Shanghai Noon,3,"Action, Adventure, Comedy"
tt0185183,Battlefield Earth,0,"Action, Adventure, Sci-Fi"
tt0185431,Little Nicky,1,"Comedy, Fantasy"
tt0185495,The Messenger,2,"Action, Drama"
tt0185937,The Blair Witch Project,2,"Horror, Mystery"
tt0186151,Frequency,0,"Crime, Drama, Mystery"
tt0186566,Space Cowboys,3,"Action, Adventure, Thriller"
tt0187078,Gone in 60 Seconds,1,"Action, Crime, Thriller"
tt0187115,Kshana Kshanam,1,"Action, Comedy, Crime"
tt0187187,O Jogo da Vida,2,"Crime, Drama"
tt0187393,The Patriot,0,"Action, Drama, History"
tt0187505,Si da tian wang,2,"Action, Crime"
tt0187738,Blade II,4,"Action, Horror, Sci-Fi"
tt0187809,The Pear Tree,2,"Drama, Romance"
tt0188388,The Depths,4,"Crime, Drama, Mystery"
tt0188518,Complicity,2,"Thriller, Drama"
tt0188589,L'enclos,4,"Drama, War"
tt0188766,King of Comedy,1,"Comedy, Drama, Romance"
tt0188858,Los de la mesa 10,1,"Drama, Romance"
tt0189142,Marcel Proust's Time Regained,0,"Drama, Romance, War"
tt0189173,Unconditional Love,2,Action
tt0189219,Spring in a Small Town,0,"Drama, Romance"
tt0189541,Gabriela,1,"Drama, Romance"
tt0189844,Odia il prossimo tuo,2,"Action, Drama, Western"
tt0189981,Scarfies,2,"Action, Comedy, Thriller"
tt0190138,The Whole Nine Yards,2,"Comedy, Crime"
tt0190332,"Crouching Tiger, Hidden Dragon",0,"Action, Adventure, Drama"
tt0190590,"O Brother, Where Art Thou?",3,"Adventure, Comedy, Crime"
tt0190865,Vertical Limit,0,"Action, Adventure, Drama"
tt0191043,The Color of Paradise,3,"Drama, Family"
tt0191397,The Replacements,1,"Comedy, Sport"
tt0191636,Widow of St. Pierre,2,"Drama, History, Romance"
tt0192111,Head Over Heels,1,"Comedy, Mystery, Romance"
tt0192255,The Little Vampire,1,"Adventure, Comedy, Family"
tt0192638,Striking Poses,2,Thriller
tt0192788,Where the Red Fern Grows,1,"Drama, Family"
tt0193458,The Orphan,1,"Drama, Family"
tt0193879,Don't Panic,2,Horror
tt0193949,Five on a Treasure Island,1,"Adventure, Family"
tt0194326,El río de las tumbas,2,"Comedy, Crime, Drama"
tt0194748,Les Charlots contre Dracula,1,"Comedy, Horror"
tt0195631,Alone with a Stranger,2,"Drama, Thriller"
tt0195644,"Dick Deadeye, or Duty Done",3,"Animation, Comedy, Musical"
tt0195685,Erin Brockovich,3,"Biography, Drama"
tt0195714,Final Destination,2,"Horror, Thriller"
tt0195822,Illustrious Energy,2,History
tt0196068,Sam the Man,1,"Comedy, Drama, Romance"
tt0196106,MVP: Most Valuable Primate,1,"Comedy, Family, Sport"
tt0196355,The Other,2,"Drama, Romance"
tt0196516,The Duke,1,"Comedy, Drama, Family"
tt0197569,Humanity,4,"Drama, Mystery"
tt0198586,Judgment Day: The Ellie Nesler Story,2,"Drama, Thriller"
tt0198781,"Monsters, Inc.",3,"Animation, Adventure, Comedy"
tt0198792,Pi li long quan,2,"Action, Adventure"
tt0199164,Za ma,1,Action
tt0199175,L'étrangleur,2,"Crime, Drama"
tt0199404,El caso de la mujer asesinadita,1,"Comedy, Fantasy, Mystery"
tt0199580,Samurai Vendetta,0,"Drama, Action"
tt0199725,Love & Basketball,3,"Drama, Romance, Sport"
tt0200087,Sarfarosh,0,"Action, Drama, Thriller"
tt0200465,The Bank Job,4,"Crime, Drama, Thriller"
tt0200469,Bats,2,"Horror, Sci-Fi, Thriller"
tt0200550,Coyote Ugly,1,"Comedy, Drama, Music"
tt0201092,Xia nu bao ta jie,2,Action
tt0201548,El crimen de Oribe,2,"Drama, Fantasy"
tt0201922,Zatoichi in Desperation,2,"Action, Adventure, Drama"
tt0202002,Da e kou,2,"Action, Crime, Drama"
tt0202009,The Traveling Ruffian,2,"Action, Drama"
tt0202152,Zatoichi,2,"Action, Drama"
tt0202153,Zatoichi at Large,1,"Drama, Action, Adventure"
tt0202449,The Bloody Sword of the 99th Virgin,2,"Drama, Horror"
tt0203009,Moulin Rouge!,0,"Drama, Musical, Romance"
tt0203019,Men of Honor,3,"Biography, Drama"
tt0203119,Sexy Beast,4,"Crime, Drama, Thriller"
tt0203612,Pitfall,4,"Crime, Drama, Fantasy"
tt0203895,Sea Prince and the Fire Child,3,"Animation, Drama, Family"
tt0204313,Exorcist: The Beginning,4,"Horror, Mystery, Thriller"
tt0204319,La fiancée des ténèbres,2,"Drama, Fantasy, Mystery"
tt0204946,Bring It On,1,"Comedy, Romance, Sport"
tt0205000,Deuce Bigalow: Male Gigolo,1,"Comedy, Romance"
tt0205271,Dr. T & the Women,1,"Comedy, Drama, Romance"
tt0205345,Sorrows of the Forbidden City,0,"Drama, History"
tt0205558,Yan shi huan hun ji,2,Horror
tt0206234,Qiu Haitang,2,"Drama, Romance"
tt0206275,Save the Last Dance,1,"Drama, Music, Romance"
tt0206314,Joy Ride,2,"Action, Mystery, Thriller"
tt0206634,Children of Men,0,"Action, Drama, Sci-Fi"
tt0207198,What to Do in Case of Fire,2,"Action, Comedy, Drama"
tt0207201,What Women Want,1,"Comedy, Fantasy, Romance"
tt0207359,Brotherhood of Death,2,"Action, Drama, Thriller"
tt0208003,Big Momma's House,1,"Action, Comedy, Crime"
tt0208092,Snatch,0,"Comedy, Crime"
tt0208504,Santo in the Treasure of Dracula,1,"Action, Adventure, Fantasy"
tt0208874,The Contender,2,"Drama, Thriller"
tt0209144,Memento,4,"Mystery, Thriller"
tt0209163,The Mummy Returns,3,"Action, Adventure, Fantasy"
tt0209475,The Wedding Planner,1,"Comedy, Romance"
tt0209958,The Cell,4,"Crime, Horror, Sci-Fi"
tt0210314,São Jerônimo,2,"Biography, Drama"
tt0210389,Wisconsin Death Trip,4,"Biography, Crime, Drama"
tt0210717,Goya in Bordeaux,0,"Biography, Drama, War"
tt0210945,Remember the Titans,3,"Biography, Drama, Sport"
tt0211492,The Luzhin Defence,2,"Drama, Romance"
tt0211915,Amélie,3,"Comedy, Romance"
tt0211933,Awake,2,"Crime, Drama, Mystery"
tt0212338,Meet the Parents,1,"Comedy, Romance"
tt0212346,Miss Congeniality,3,"Action, Comedy, Crime"
tt0212720,A.I. Artificial Intelligence,0,"Drama, Sci-Fi"
tt0212985,Hannibal,4,"Crime, Drama, Thriller"
tt0213149,Pearl Harbor,0,"Action, Drama, History"
tt0213847,Malena,2,"Drama, Romance, War"
tt0214388,100 Girls,1,"Comedy, Romance"
tt0215750,Enemy at the Gates,4,"Action, Drama, War"
tt0216216,The 6th Day,0,"Action, Mystery, Sci-Fi"
tt0217505,Gangs of New York,0,"Crime, Drama"
tt0217756,Ready to Rumble,1,"Comedy, Sport"
tt0217869,Unbreakable,4,"Drama, Mystery, Sci-Fi"
tt0218317,Hammer the Toff,2,"Crime, Drama, Film-Noir"
tt0218922,Original Sin,2,"Drama, Mystery, Romance"
tt0218967,The Family Man,3,"Comedy, Drama, Fantasy"
tt0219699,The Gift,2,"Drama, Fantasy, Horror"
tt0219965,Bandits,1,"Comedy, Crime, Drama"
tt0220806,Telmisseomding,4,"Crime, Mystery, Thriller"
tt0221027,Blow,2,"Biography, Crime, Drama"
tt0221073,Chopper,4,"Biography, Crime, Drama"
tt0223150,Door,2,"Horror, Thriller"
tt0223413,Wet Sand in August,2,"Action, Drama"
tt0223777,Darker Than Night,2,"Horror, Mystery, Thriller"
tt0224077,The Transgressor,4,"Drama, Thriller"
tt0227445,The Score,4,"Action, Crime, Drama"
tt0227538,Spy Kids,3,"Action, Adventure, Comedy"
tt0227858,Zero Focus,4,"Crime, Drama, Mystery"
tt0228054,Bear with Me,1,"Adventure, Family"
tt0228750,Proof of Life,2,"Action, Drama, Thriller"
tt0228786,The Crimson Rivers,4,"Crime, Mystery, Thriller"
tt0229528,The Legend of Blood Mountain,2,"Comedy, Crime, Drama"
tt0230011,Atlantis: The Lost Empire,0,"Animation, Action, Adventure"
tt0230030,Bedazzled,1,"Comedy, Fantasy"
tt0230412,Khoon Khoon,2,"Crime, Mystery, Thriller"
tt0230597,A Northern Story of Valor,0,"Drama, History"
tt0230600,The Others,4,"Horror, Mystery, Thriller"
tt0230838,Sweet November,1,"Drama, Romance"
tt0231138,Ancient Evil: Scream of the Mummy,2,Horror
tt0231402,Crocodile Dundee in Los Angeles,1,"Action, Adventure, Comedy"
tt0232500,The Fast and the Furious,2,"Action, Crime, Thriller"
tt0232954,Winter Kept Us Warm,1,"Drama, Romance"
tt0233418,Cavale,4,"Thriller, Crime, Drama"
tt0233469,Collateral Damage,2,"Action, Drama, Thriller"
tt0233808,Godmother,2,"Crime, Drama, Thriller"
tt0234215,The Matrix Reloaded,0,"Action, Sci-Fi"
tt0234542,Purab Aur Pachhim,1,"Drama, Romance"
tt0234805,The Legend of Rita,4,"Drama, History, Romance"
tt0235198,Audition,4,"Drama, Horror, Mystery"
tt0235618,The Nine Lives of Tomas Katz,2,"Comedy, Drama, Fantasy"
tt0236027,Flickering Lights,1,"Action, Comedy, Crime"
tt0236493,The Mexican,2,"Adventure, Comedy, Crime"
tt0236640,Prozac Nation,2,"Biography, Drama, Romance"
tt0237295,Hall of Mirrors,2,"Crime, Mystery, Thriller"
tt0237534,Brotherhood of the Wolf,4,"Action, Adventure, Drama"
tt0238080,The Black Cobra 2,2,"Action, Crime, Drama"
tt0238318,It Came from Somewhere Else,1,"Comedy, Sci-Fi"
tt0238380,Equilibrium,0,"Action, Drama, Sci-Fi"
tt0238588,Shadow Magic,1,"Drama, History, Romance"
tt0239594,Marine Battleground,2,"Drama, War"
tt0239655,Monday,2,"Action, Comedy, Crime"
tt0239986,Sidewalks of New York,1,"Comedy, Romance"
tt0240119,Tomie,4,"Crime, Drama, Horror"
tt0240468,Kung Pow: Enter the Fist,1,"Action, Comedy"
tt0240510,The Four Feathers,0,"Action, Adventure, Drama"
tt0240772,Ocean's Eleven,0,"Crime, Thriller"
tt0240890,Serendipity,1,"Comedy, Romance"
tt0241303,Chocolat,3,"Drama, Romance"
tt0241527,Harry Potter and the Sorcerer's Stone,3,"Adventure, Family, Fantasy"
tt0242423,"Dude, Where's My Car?",1,"Comedy, Mystery, Sci-Fi"
tt0242445,Exit Wounds,2,"Action, Crime, Thriller"
tt0242519,Hera Pheri,1,"Action, Comedy, Crime"
tt0242601,The Book of Stone,2,"Drama, Fantasy, Horror"
tt0242653,The Matrix Revolutions,0,"Action, Sci-Fi"
tt0242994,Who Knows?,1,"Comedy, Crime, Drama"
tt0243017,Waking Life,2,"Animation, Drama, Fantasy"
tt0243133,The Man Who Wasn't There,4,"Crime, Drama"
tt0243155,Bridget Jones's Diary,1,"Comedy, Drama, Romance"
tt0243462,Mee-Shee: The Water Giant,1,"Adventure, Family, Fantasy"
tt0243585,Stuart Little 2,3,"Animation, Adventure, Comedy"
tt0243609,To End All Wars,2,"Action, Drama, War"
tt0243736,40 Days and 40 Nights,1,"Comedy, Romance"
tt0243759,The American Astronaut,2,"Musical, Comedy, Sci-Fi"
tt0244000,American Outlaws,2,"Action, Western"
tt0244244,Swordfish,4,"Action, Crime, Thriller"
tt0244316,Yi Yi: A One and a Two...,0,"Drama, Romance"
tt0244479,Dark Blue World,0,"War, Drama, Action"
tt0244870,Spiral,4,"Drama, Fantasy, Horror"
tt0245238,Lost and Delirious,2,"Drama, Romance"
tt0245276,The Profession of Arms,0,"Drama, History, War"
tt0245429,Spirited Away,3,"Animation, Adventure, Family"
tt0245562,Windtalkers,2,"Action, Drama, War"
tt0245674,Thir13en Ghosts,4,"Fantasy, Horror"
tt0245712,Amores Perros,4,"Drama, Thriller"
tt0245837,Chunhyang,3,"Drama, Musical, Romance"
tt0245844,The Count of Monte Cristo,0,"Action, Adventure, Drama"
tt0245904,Forgive Me Father,2,"Crime, Drama, Mystery"
tt0246266,The Blackboard,0,"Drama, War"
tt0246460,Die Another Day,0,"Action, Adventure, Thriller"
tt0246578,Donnie Darko,4,"Drama, Mystery, Sci-Fi"
tt0246628,Focus,2,"Drama, Romance"
tt0247444,Juwanna Mann,1,"Comedy, Drama, Romance"
tt0247638,The Princess Diaries,1,"Comedy, Family, Romance"
tt0247745,Super Troopers,1,"Comedy, Crime, Mystery"
tt0247992,Dulhan Hum Le Jayenge,1,"Comedy, Drama, Romance"
tt0248126,Kabhi Khushi Kabhie Gham...,3,"Drama, Musical, Romance"
tt0248640,Hard Cash,2,"Action, Crime, Thriller"
tt0248667,Ali,0,"Biography, Drama, Sport"
tt0249188,Thoovanathumbikal,1,"Drama, Romance"
tt0249218,The Undertaker,2,Horror
tt0249241,Werckmeister Harmonies,4,"Drama, Mystery"
tt0249443,A Chronicle of Corpses,4,"Drama, Horror"
tt0249893,The Price of Milk,1,"Comedy, Drama, Fantasy"
tt0250258,The Experiment,4,"Drama, Thriller"
tt0250494,Legally Blonde,1,"Comedy, Romance"
tt0250687,Rat Race,1,"Action, Adventure, Comedy"
tt0250797,Unfaithful,2,"Drama, Romance, Thriller"
tt0250809,La Virgen de los Sicarios,4,"Crime, Drama"
tt0251075,Evolution,1,"Comedy, Sci-Fi"
tt0251110,Gypsy 83,1,"Drama, Romance"
tt0251127,How to Lose a Guy in 10 Days,1,"Comedy, Romance"
tt0251160,John Q,0,"Crime, Drama, Thriller"
tt0251736,House of 1000 Corpses,4,Horror
tt0251847,Missamma,3,"Comedy, Drama, Family"
tt0252076,Maid in Manhattan,1,"Comedy, Drama, Romance"
tt0252501,Hearts in Atlantis,1,"Drama, Mystery"
tt0253474,The Pianist,0,"Biography, Drama, Music"
tt0253556,Reign of Fire,0,"Action, Adventure, Fantasy"
tt0253754,Star Trek: Nemesis,0,"Action, Adventure, Sci-Fi"
tt0253840,The Triumph of Love,1,"Comedy, Romance"
tt0255713,Zubeidaa,0,"Biography, Drama, History"
tt0255798,The Animal,1,"Comedy, Sci-Fi"
tt0256009,The Devil's Backbone,4,"Drama, Horror, Thriller"
tt0256150,A Little Inside,1,"Comedy, Drama, Family"
tt0256380,Shallow Hal,1,"Comedy, Drama, Fantasy"
tt0256415,Sweet Home Alabama,1,"Comedy, Romance"
tt0257044,Road to Perdition,0,"Crime, Drama, Thriller"
tt0257076,S.W.A.T.,0,"Action, Adventure, Crime"
tt0257106,Scary Movie 2,1,"Comedy, Horror"
tt0257726,Gostanza da Libbiano,2,"Drama, History"
tt0258000,Panic Room,4,"Crime, Drama, Thriller"
tt0258463,The Bourne Identity,4,"Action, Mystery, Thriller"
tt0258470,Bubble Boy,1,"Adventure, Comedy, Romance"
tt0258761,Last Resort,0,"Drama, Romance"
tt0258960,Shinjuku Triad Society,4,"Crime, Drama, Mystery"
tt0259324,Ghost Rider,2,"Action, Fantasy, Thriller"
tt0259352,Les honneurs de la guerre,2,"Drama, War"
tt0259446,My Big Fat Greek Wedding,3,"Comedy, Drama, Romance"
tt0259711,Vanilla Sky,4,"Fantasy, Mystery, Romance"
tt0260991,Joint Security Area,4,"Action, Drama, Thriller"
tt0261552,Banchikwang,1,"Comedy, Sport"
tt0261739,Law of the Border,0,"Crime, Drama"
tt0261980,Sentencia de muerte,2,"Action, Drama, Thriller"
tt0262415,Woman of Fire,4,"Crime, Drama"
tt0263488,Jeepers Creepers,2,"Horror, Mystery"
tt0263734,Men with Brooms,1,"Comedy, Drama, Romance"
tt0263757,Uptown Girls,3,"Comedy, Drama, Romance"
tt0264395,Basic,4,"Action, Crime, Drama"
tt0264464,Catch Me If You Can,0,"Biography, Crime, Drama"
tt0264472,Changing Lanes,2,"Drama, Thriller"
tt0264616,Frailty,4,"Crime, Drama, Thriller"
tt0265018,Ah! My Goddess: The Movie,1,"Animation, Comedy, Drama"
tt0265086,Black Hawk Down,4,"Action, Drama, History"
tt0265087,Black Knight,1,"Adventure, Comedy, Fantasy"
tt0265148,Main Prem Ki Diwani Hoon,1,"Comedy, Drama, Musical"
tt0265171,Elvira's Haunted Hills,1,"Comedy, Horror"
tt0265208,The Girl Next Door,1,"Comedy, Drama, Romance"
tt0265298,Big Fat Liar,1,"Adventure, Comedy, Family"
tt0265349,The Mothman Prophecies,2,"Drama, Horror, Mystery"
tt0265459,One Hour Photo,4,"Drama, Thriller"
tt0265651,Ripley's Game,4,"Crime, Drama, Mystery"
tt0265930,The Last Kiss,1,"Comedy, Drama, Romance"
tt0266308,Battle Royale,4,"Action, Adventure, Drama"
tt0266465,A Man Apart,4,"Action, Crime, Drama"
tt0266543,Finding Nemo,3,"Animation, Adventure, Comedy"
tt0266697,Kill Bill: Vol. 1,0,"Action, Crime, Drama"
tt0266915,Rush Hour 2,1,"Action, Comedy, Crime"
tt0266987,Spy Game,4,"Action, Crime, Thriller"
tt0267116,Wild Zero,1,"Comedy, Horror, Music"
tt0267601,Truth About Demons,4,"Horror, Thriller, Fantasy"
tt0267626,K-19: The Widowmaker,4,"Drama, History, Thriller"
tt0267659,Last Run,2,"Action, Crime, Thriller"
tt0267804,The One,2,"Action, Sci-Fi, Thriller"
tt0267913,Scooby-Doo,1,"Adventure, Comedy, Family"
tt0268380,Ice Age,3,"Animation, Adventure, Comedy"
tt0268397,Jimmy Neutron: Boy Genius,3,"Animation, Action, Adventure"
tt0268695,The Time Machine,0,"Action, Adventure, Sci-Fi"
tt0268978,A Beautiful Mind,0,"Biography, Drama"
tt0269095,City by the Sea,4,"Crime, Drama, Mystery"
tt0269347,The Hunted,4,"Action, Crime, Drama"
tt0270288,Confessions of a Dangerous Mind,2,"Biography, Comedy, Crime"
tt0271027,Kiss of the Dragon,2,"Action, Crime, Thriller"
tt0271136,Quicksand,2,"Crime, Drama, Thriller"
tt0271383,A Dog's Will,3,"Comedy, Drama, Fantasy"
tt0271618,Lyubit...,2,"Drama, Romance"
tt0271972,Arachnid,2,"Action, Adventure, Horror"
tt0272020,The Last Castle,0,"Action, Drama, Thriller"
tt0272152,K-PAX,2,"Drama, Mystery, Sci-Fi"
tt0272338,Punch-Drunk Love,1,"Comedy, Drama, Romance"
tt0272585,Domnisoara Christina,2,"Horror, Mystery, Thriller"
tt0273148,La chambre des officiers,0,"Drama, Romance, War"
tt0274166,Johnny English,1,"Action, Adventure, Comedy"
tt0274558,The Hours,0,"Drama, Romance"
tt0274812,Secretary,1,"Comedy, Drama, Romance"
tt0275022,Crossroads,1,"Comedy, Drama, Romance"
tt0275362,Owls' Castle,4,"Action, Drama"
tt0275773,Versus,2,"Action, Drama, Fantasy"
tt0275847,Lilo & Stitch,3,"Animation, Adventure, Comedy"
tt0276276,Lawless Heart,1,"Comedy, Drama, Romance"
tt0276751,About a Boy,3,"Comedy, Drama, Romance"
tt0276919,Dogville,4,"Crime, Drama"
tt0277296,The Scorpion King,0,"Action, Adventure, Fantasy"
tt0277434,We Were Soldiers,0,"Action, Drama, History"
tt0278028,Seniman bujang lapok,1,"Comedy, Family, Romance"
tt0278488,How High,1,"Comedy, Fantasy"
tt0278500,The Importance of Being Earnest,3,"Comedy, Drama, Romance"
tt0278504,Insomnia,4,"Drama, Mystery, Thriller"
tt0278577,Mukham,2,"Crime, Mystery, Thriller"
tt0279231,Miss Minoes,1,"Comedy, Family, Fantasy"
tt0280523,Carnages,2,"Comedy, Drama, Romance"
tt0280590,Mr. Deeds,1,"Comedy, Romance"
tt0280605,Dirty Deeds,2,"Comedy, Crime"
tt0280609,Dog Soldiers,2,"Action, Horror, Thriller"
tt0280707,Gosford Park,4,"Comedy, Drama, Mystery"
tt0280949,Miranda,2,"Comedy, Romance, Thriller"
tt0281358,A Walk to Remember,1,"Drama, Romance"
tt0281594,Aniyathi Pravu,1,"Drama, Romance"
tt0281646,Khang lang phap,1,"Drama, Romance"
tt0282687,Life or Something Like It,1,"Comedy, Romance"
tt0283111,National Lampoon's Van Wilder,1,"Comedy, Romance"
tt0283426,The Jungle Book 2,3,"Animation, Adventure, Comedy"
tt0283503,Brooklyn Rules,2,"Crime, Drama"
tt0283559,Pressure,2,"Action, Thriller"
tt0284363,Obsluhoval jsem anglického krále,0,"Comedy, Drama, Romance"
tt0284490,Showtime,1,"Action, Comedy, Crime"
tt0284534,Swingers,1,"Drama, Romance"
tt0285169,Twilight Dinner,4,"Drama, Horror"
tt0285492,Cube²: Hypercube,4,"Horror, Mystery, Sci-Fi"
tt0285531,Dreamcatcher,2,"Drama, Horror, Sci-Fi"
tt0285682,Alchemy,1,"Comedy, Romance"
tt0285742,Monster's Ball,0,"Drama, Romance"
tt0285808,Nyi Blorong,2,"Fantasy, Horror"
tt0285823,Once Upon a Time in Mexico,2,"Action, Crime, Thriller"
tt0285906,Pisutoru opera,0,"Crime, Action, Drama"
tt0286106,Signs,0,"Drama, Mystery, Sci-Fi"
tt0286112,Siu Lam juk kau,3,"Action, Comedy, Fantasy"
tt0286499,Bend It Like Beckham,3,"Comedy, Drama, Romance"
tt0286716,Hulk,2,"Action, Sci-Fi"
tt0286788,What a Girl Wants,3,"Comedy, Drama, Family"
tt0286907,Qila,2,"Drama, Family, Music"
tt0287003,A Tale of Two Critters,1,"Adventure, Family"
tt0287467,Talk to Her,2,"Drama, Mystery, Romance"
tt0287717,Spy Kids 2: Island of Lost Dreams,3,"Action, Adventure, Comedy"
tt0287978,Daredevil,0,"Action, Crime"
tt0288260,Tokyo Marigold,2,Romance
tt0288477,Ghost Ship,4,Horror
tt0289043,28 Days Later,4,"Drama, Horror, Sci-Fi"
tt0289765,Red Dragon,4,"Crime, Drama, Thriller"
tt0289848,Analyze That,1,"Comedy, Crime"
tt0289879,The Butterfly Effect,4,"Drama, Sci-Fi, Thriller"
tt0289992,The Life of David Gale,4,"Crime, Drama, Thriller"
tt0290002,Meet the Fockers,1,"Comedy, Romance"
tt0290095,The Tuxedo,1,"Action, Comedy, Sci-Fi"
tt0290334,X2: X-Men United,0,"Action, Sci-Fi, Thriller"
tt0290673,Irreversible,4,"Crime, Drama, Mystery"
tt0290884,Tail Sting,2,"Action, Adventure, Horror"
tt0291183,Fragile as the World,1,"Drama, Romance"
tt0291939,Genghis Khan,0,Action
tt0292490,Dil Chahta Hai,3,"Comedy, Drama, Romance"
tt0292506,The Recruit,4,"Action, Thriller"
tt0292963,Before the Devil Knows You're Dead,4,"Crime, Drama, Thriller"
tt0293113,Dracula: Pages from a Virgin's Diary,4,"Drama, Horror, Musical"
tt0293429,Mortal Kombat,0,"Action, Adventure, Fantasy"
tt0293452,Loco Love,1,"Comedy, Romance"
tt0293508,The Phantom of the Opera,0,"Drama, Musical, Romance"
tt0293564,Rush Hour 3,1,"Action, Comedy, Crime"
tt0293662,The Transporter,2,"Action, Crime, Thriller"
tt0293854,The Little Bear Movie,1,"Animation, Adventure, Family"
tt0294929,Sorum,4,"Drama, Horror, Mystery"
tt0295178,Austin Powers in Goldmember,3,"Action, Adventure, Comedy"
tt0295289,A Guy Thing,1,"Comedy, Romance"
tt0295297,Harry Potter and the Chamber of Secrets,0,"Adventure, Family, Fantasy"
tt0295529,Power Play,2,"Action, Thriller"
tt0295700,Wrong Turn,4,"Horror, Thriller"
tt0295701,xXx,2,"Action, Adventure, Thriller"
tt0296572,The Chronicles of Riddick,0,"Action, Adventure, Sci-Fi"
tt0296696,My Wife Is a Gangster,1,"Action, Comedy, Crime"
tt0296845,Little Secrets,1,"Comedy, Drama, Family"
tt0297162,Half Past Dead,2,"Action, Crime, Thriller"
tt0297721,All About Lily Chou-Chou,0,"Crime, Drama, Music"
tt0297983,Ittefaq,2,"Action, Comedy, Drama"
tt0298130,The Ring,4,"Horror, Mystery"
tt0298148,Shrek 2,3,"Animation, Adventure, Comedy"
tt0298388,Jonah: A VeggieTales Movie,3,"Animation, Adventure, Comedy"
tt0298814,The Core,0,"Action, Adventure, Sci-Fi"
tt0299172,Home on the Range,3,"Animation, Adventure, Comedy"
tt0299213,Waterboys,1,"Comedy, Sport"
tt0299594,Brief Crossing,2,"Comedy, Drama, Romance"
tt0299658,Chicago,0,"Comedy, Crime, Musical"
tt0299977,Hero,0,"Action, Adventure, Drama"
tt0300051,Jersey Girl,3,"Comedy, Drama, Romance"
tt0300471,Shanghai Knights,1,"Action, Adventure, Comedy"
tt0300556,Timeline,2,"Action, Adventure, Sci-Fi"
tt0300620,So Close,2,"Action, Crime, Thriller"
tt0301245,Oesters van Nam Kee,2,"Drama, Romance"
tt0301357,Good Bye Lenin!,0,"Comedy, Drama, Romance"
tt0301394,Hellbound Train,2,"Crime, Drama, Fantasy"
tt0301414,Man on the Train,1,"Crime, Drama, Thriller"
tt0301429,Volcano High,3,"Action, Comedy, Fantasy"
tt0301470,Jeepers Creepers 2,2,Horror
tt0301893,State Property,2,"Drama, Crime, Action"
tt0302545,An Existential Affair,2,"Drama, Romance"
tt0302640,The Hot Chick,1,"Comedy, Fantasy"
tt0302674,Gerry,4,"Adventure, Drama, Mystery"
tt0303010,Savage Messiah,2,"Drama, Thriller"
tt0303243,Happy Times,2,"Comedy, Drama, Romance"
tt0303785,Bollywood/Hollywood,1,"Romance, Comedy, Drama"
tt0303816,Cabin Fever,2,Horror
tt0304141,Harry Potter and the Prisoner of Azkaban,0,"Adventure, Family, Fantasy"
tt0304678,Sex Is Comedy,2,"Comedy, Drama, Romance"
tt0305357,Charlie's Angels: Full Throttle,1,"Action, Adventure, Comedy"
tt0305689,Jab Jab Phool Khile,1,"Musical, Romance"
tt0305711,Just Married,1,"Comedy, Romance"
tt0306069,The Singles Ward,1,"Comedy, Drama, Romance"
tt0306474,Princess Arete,3,"Animation, Adventure, Drama"
tt0307034,Fat Choi Spirit,1,"Comedy, Romance"
tt0307109,The Lost Skeleton of Cadavra,1,"Comedy, Horror, Sci-Fi"
tt0307453,Shark Tale,3,"Animation, Adventure, Comedy"
tt0307479,Solaris,4,"Drama, Mystery, Romance"
tt0307987,Bad Santa,2,"Comedy, Crime, Drama"
tt0308055,Bobby,2,"Biography, Drama, History"
tt0308644,Finding Neverland,3,"Biography, Drama, Family"
tt0309593,Final Destination 2,2,"Horror, Thriller"
tt0309675,"Hesus, rebolusyunaryo",4,"Action, Drama, Sci-Fi"
tt0309698,Identity,4,"Mystery, Thriller"
tt0309912,Nicholas Nickleby,3,"Adventure, Drama, Romance"
tt0309987,The Dreamers,2,"Drama, Romance"
tt0310313,A New Life,2,"Drama, Horror"
tt0310357,Willard,4,"Drama, Horror, Thriller"
tt0310712,Bancharamer Bagan,1,Fantasy
tt0310775,Sympathy for Mr. Vengeance,4,"Crime, Drama, Thriller"
tt0310924,Crime Spree,1,"Action, Comedy, Crime"
tt0311113,Master and Commander: The Far Side of the World,0,"Action, Adventure, Drama"
tt0311284,Hitters,2,"Action, Crime, Drama"
tt0311289,Holes,3,"Adventure, Comedy, Drama"
tt0311305,The Beauty of Beauties,0,"Drama, History"
tt0311429,The League of Extraordinary Gentlemen,0,"Action, Adventure, Fantasy"
tt0311913,Chinese Odyssey 2002,3,"Comedy, Romance"
tt0312004,The Curse of the Were-Rabbit,3,"Animation, Adventure, Comedy"
tt0312528,The Cat in the Hat,1,"Adventure, Comedy, Family"
tt0312549,Veronica Guerin,4,"Biography, Crime, Drama"
tt0312565,Choyeon,2,"Comedy, Drama, Romance"
tt0313443,Out of Time,4,"Crime, Drama, Mystery"
tt0313542,Runaway Jury,2,"Crime, Drama, Thriller"
tt0313737,Two Weeks Notice,1,"Comedy, Romance"
tt0314259,El karateca azteca,1,"Action, Comedy, Family"
tt0314331,Love Actually,3,"Comedy, Drama, Romance"
tt0314353,Tears of the Sun,0,"Action, Drama, Thriller"
tt0314412,My Life Without Me,0,"Drama, Romance"
tt0314498,The Perfect Score,1,"Comedy, Crime, Drama"
tt0314734,Sucker Punch,2,"Comedy, Crime, Drama"
tt0314786,The In-Laws,1,"Action, Comedy, Thriller"
tt0315110,Twentynine Palms,4,"Drama, Horror"
tt0315273,Benji: Off the Leash!,1,"Comedy, Drama, Family"
tt0315327,Bruce Almighty,1,"Comedy, Fantasy"
tt0315466,Day of the Sirens,2,"Action, Thriller"
tt0315733,21 Grams,4,"Crime, Drama, Thriller"
tt0315904,Gogyo yalgae,1,"Comedy, Drama, Family"
tt0315983,House of Sand and Fog,4,"Crime, Drama"
tt0316188,Raising Victor Vargas,1,"Drama, Romance"
tt0316356,Open Range,0,"Action, Drama, Romance"
tt0316396,Peter Pan,3,"Adventure, Family, Fantasy"
tt0316654,Spider-Man 2,0,"Action, Adventure, Sci-Fi"
tt0316786,A Touch of Murder,2,Thriller
tt0317198,Bridget Jones: The Edge of Reason,1,"Comedy, Drama, Romance"
tt0317219,Cars,3,"Animation, Adventure, Comedy"
tt0317226,Marooned in Iraq,0,"Drama, War"
tt0317234,Painted Fire,0,"Biography, Drama, History"
tt0317248,City of God,4,"Crime, Drama"
tt0317303,Daddy Day Care,1,"Comedy, Family"
tt0317648,Hidalgo,3,"Action, Adventure, Biography"
tt0317705,The Incredibles,3,"Animation, Action, Adventure"
tt0317740,The Italian Job,0,"Action, Crime, Thriller"
tt0317751,Janwar,1,"Musical, Romance"
tt0317763,Jin nian xia tian,1,Romance
tt0317887,Madame Satã,0,"Biography, Crime, Drama"
tt0317919,Mission: Impossible III,0,"Action, Adventure, Thriller"
tt0317926,Mortuary,2,Thriller
tt0318155,Looney Tunes: Back in Action,3,"Animation, Adventure, Comedy"
tt0318462,The Motorcycle Diaries,0,"Adventure, Biography, Drama"
tt0318627,Resident Evil: Apocalypse,2,"Action, Horror, Sci-Fi"
tt0318649,Sahara,1,"Action, Adventure, Comedy"
tt0319061,Big Fish,3,"Adventure, Drama, Fantasy"
tt0319262,The Day After Tomorrow,0,"Action, Adventure, Sci-Fi"
tt0319343,Elf,3,"Adventure, Comedy, Family"
tt0319836,The Clay Bird,1,"Drama, History"
tt0319901,My Left Eye Sees Ghosts,1,"Comedy, Fantasy, Romance"
tt0320661,Kingdom of Heaven,0,"Action, Adventure, Drama"
tt0320691,Underworld,0,"Action, Fantasy, Thriller"
tt0320708,Vacaciones de terror,2,"Horror, Mystery, Thriller"
tt0321067,Ab Ke Baras,1,"Action, Romance, Thriller"
tt0321442,The Big Empty,2,"Comedy, Drama, Mystery"
tt0322259,2 Fast 2 Furious,1,"Action, Crime, Thriller"
tt0322265,Fearless Hyena 3,2,Action
tt0322289,The Flower of Evil,4,"Drama, Thriller"
tt0322330,Freaky Friday,3,"Comedy, Family, Fantasy"
tt0323279,Molitva za getmana Mazepu,0,"Drama, History"
tt0323572,Chasing Papi,1,"Comedy, Romance"
tt0323633,Melvin Goes to Dinner,1,"Comedy, Drama, Romance"
tt0323642,Piglet's Big Movie,3,"Animation, Adventure, Comedy"
tt0324216,The Texas Chainsaw Massacre,4,"Crime, Horror"
tt0324992,American Cousins,1,"Crime, Drama"
tt0325005,Antikiller,4,"Action, Crime"
tt0325703,Lara Croft Tomb Raider: The Cradle of Life,0,"Action, Adventure, Fantasy"
tt0325710,The Last Samurai,0,"Action, Drama"
tt0325758,Love = (Me)^3,1,Romance
tt0325805,Matchstick Men,2,"Comedy, Crime, Drama"
tt0325980,Pirates of the Caribbean: The Curse of the Black Pearl,0,"Action, Adventure, Fantasy"
tt0326900,Good Boy,1,"Comedy, Drama, Family"
tt0326905,The Great Raid,2,"Action, Drama, War"
tt0327056,Mystic River,4,"Crime, Drama, Mystery"
tt0327084,Over the Hedge,3,"Animation, Adventure, Comedy"
tt0327162,The Stepford Wives,2,"Comedy, Horror, Sci-Fi"
tt0327247,The Whole Ten Yards,1,"Comedy, Crime, Thriller"
tt0327437,Around the World in 80 Days,3,"Action, Adventure, Comedy"
tt0327554,Catwoman,1,"Action, Crime, Fantasy"
tt0327597,Coraline,0,"Animation, Drama, Family"
tt0327679,Ella Enchanted,3,"Comedy, Family, Fantasy"
tt0327850,The Rundown,1,"Action, Adventure, Comedy"
tt0328107,Man on Fire,4,"Action, Crime, Drama"
tt0328354,Sanbul,4,"Drama, War"
tt0328880,Brother Bear,3,"Animation, Adventure, Comedy"
tt0329101,Freddy vs. Jason,2,"Action, Horror"
tt0329111,Strayed,2,"Drama, Romance, War"
tt0329575,Seabiscuit,3,"Drama, History, Sport"
tt0329717,Hollywood Homicide,1,"Action, Comedy, Crime"
tt0329774,xXx: State of the Union,2,"Action, Adventure, Crime"
tt0330136,Charly,1,"Comedy, Drama, Romance"
tt0330373,Harry Potter and the Goblet of Fire,0,"Adventure, Family, Fantasy"
tt0330536,A Colt Is My Passport,4,"Action, Crime"
tt0330793,The Punisher,4,"Action, Crime, Drama"
tt0330904,A Snake of June,4,"Drama, Horror, Mystery"
tt0331468,Cold Creek Manor,2,"Drama, Mystery, Thriller"
tt0332280,The Notebook,3,"Drama, Romance"
tt0333766,Garden State,1,"Comedy, Drama, Romance"
tt0334725,Wondrous Oblivion,1,"Comedy, Drama, Family"
tt0334987,Casus Kiran,2,"Adventure, Fantasy"
tt0335013,The Company,1,"Drama, Music, Romance"
tt0335119,Girl with a Pearl Earring,0,"Biography, Drama, Romance"
tt0335245,The Ladykillers,2,"Comedy, Crime, Thriller"
tt0335438,Starsky & Hutch,1,"Comedy, Crime"
tt0337563,13 Going on 30,3,"Comedy, Fantasy, Romance"
tt0337697,The Prince and Me,1,"Comedy, Family, Romance"
tt0337741,Something's Gotta Give,1,"Comedy, Drama, Romance"
tt0337887,Confessions of an Action Star,1,"Action, Comedy, Musical"
tt0337917,Catch That Kid,1,"Action, Adventure, Comedy"
tt0337921,Cellular,2,"Action, Crime, Thriller"
tt0337930,Nicotina,2,"Action, Comedy, Crime"
tt0337960,Danny Deckchair,1,"Comedy, Romance"
tt0337961,In My Skin,2,"Drama, Horror"
tt0337978,Live Free or Die Hard,0,"Action, Thriller"
tt0338013,Eternal Sunshine of the Spotless Mind,0,"Drama, Romance, Sci-Fi"
tt0338077,Grind,1,"Adventure, Comedy, Sport"
tt0338095,High Tension,4,Horror
tt0338337,Paycheck,4,"Action, Mystery, Sci-Fi"
tt0338348,The Polar Express,3,"Animation, Adventure, Comedy"
tt0338459,Spy Kids 3: Game Over,3,"Action, Adventure, Comedy"
tt0338526,Van Helsing,0,"Action, Adventure, Fantasy"
tt0338564,Infernal Affairs,4,"Action, Crime, Drama"
tt0338706,Alexandra's Project,4,"Drama, Mystery, Thriller"
tt0338751,The Aviator,0,"Biography, Drama"
tt0338977,Games of Love and Chance,1,"Comedy, Drama, Romance"
tt0339002,Final Draft,1,"Comedy, Drama, Romance"
tt0339291,A Series of Unfortunate Events,0,"Adventure, Comedy, Family"
tt0339357,The Story of Marie and Julien,4,"Drama, Fantasy, Mystery"
tt0340012,Being Julia,1,"Comedy, Drama, Romance"
tt0340163,Hostage,4,"Action, Crime, Drama"
tt0340855,Monster,4,"Biography, Crime, Drama"
tt0341376,Gettin' Square,2,"Comedy, Crime, Thriller"
tt0341503,5 Pattern Dragon Claws,2,"Action, Drama"
tt0342258,Unleashed,0,"Action, Crime, Drama"
tt0342844,Nuda v Brne,1,"Comedy, Drama, Romance"
tt0342882,The PianoTuner of EarthQuakes,4,"Animation, Drama, Family"
tt0343135,Along Came Polly,1,"Comedy, Romance"
tt0343660,50 First Dates,1,"Comedy, Drama, Romance"
tt0343737,The Good Shepherd,4,"Drama, History, Thriller"
tt0343818,"I, Robot",0,"Action, Mystery, Sci-Fi"
tt0344510,A Very Long Engagement,0,"Drama, Mystery, Romance"
tt0344568,Wo men hai pa,2,"Drama, Romance"
tt0344854,Arthur and the Invisibles,3,"Animation, Adventure, Comedy"
tt0345061,Code 46,4,"Drama, Romance, Sci-Fi"
tt0345549,Last Life in the Universe,2,"Comedy, Drama, Romance"
tt0345950,The SpongeBob SquarePants Movie,3,"Animation, Adventure, Comedy"
tt0346156,Sky Captain and the World of Tomorrow,0,"Action, Adventure, Mystery"
tt0346491,Alexander,0,"Action, Biography, Drama"
tt0346800,Cowards Bend the Knee,4,"Drama, Romance"
tt0347048,Head-On,4,"Drama, Romance"
tt0347149,Howl's Moving Castle,3,"Animation, Adventure, Family"
tt0347288,Second Search,2,Adventure
tt0347304,Kal Ho Naa Ho,3,"Comedy, Drama, Musical"
tt0347332,Khakee,4,"Action, Crime, Drama"
tt0347449,Luna de Avellaneda,1,"Comedy, Drama, Sport"
tt0348150,Superman Returns,0,"Action, Adventure, Sci-Fi"
tt0348505,Asylum,2,"Drama, Romance, Thriller"
tt0348836,Gothika,4,"Horror, Mystery, Thriller"
tt0349205,Cheaper by the Dozen,1,"Comedy, Family"
tt0349683,King Arthur,0,"Action, Adventure, Drama"
tt0349724,Liang Shanbo yu Zhu Yingtai,1,"Fantasy, Musical, Romance"
tt0349903,Ocean's Twelve,0,"Crime, Thriller"
tt0350128,Slaughterhouse of the Rising Sun,2,"Comedy, Horror"
tt0350258,Ray,3,"Biography, Drama, Music"
tt0351283,Madagascar,3,"Animation, Adventure, Comedy"
tt0351936,V dvizhenii,2,"Crime, Drama, Romance"
tt0351977,Walking Tall,2,"Action, Crime"
tt0352149,Akai hankachi,2,"Action, Crime"
tt0352248,Cinderella Man,0,"Biography, Drama, Romance"
tt0352615,Nan zheng bei zhan,2,War
tt0353935,Ramji Rao Speaking,1,"Comedy, Thriller"
tt0353969,Memories of Murder,4,"Crime, Drama, Mystery"
tt0354490,Ballroom,2,"Drama, Mystery"
tt0354899,The Science of Sleep,1,"Comedy, Drama, Fantasy"
tt0355295,The Brothers Grimm,0,"Action, Adventure, Comedy"
tt0356470,A Cinderella Story,3,"Comedy, Family, Romance"
tt0356614,Foolproof,2,"Action, Comedy, Crime"
tt0356618,The Forgotten,4,"Drama, Mystery, Sci-Fi"
tt0356634,Garfield,1,"Animation, Adventure, Comedy"
tt0356680,The Family Stone,3,"Comedy, Drama, Romance"
tt0356910,Mr. & Mrs. Smith,2,"Action, Comedy, Crime"
tt0357277,Elektra,2,"Action, Adventure, Crime"
tt0358082,Robots,3,"Animation, Adventure, Comedy"
tt0358181,Feng qi yun yong dou kuang lung,2,Action
tt0358273,Walk the Line,3,"Biography, Drama, Music"
tt0358590,A Thousand Clouds of Peace,2,"Drama, Romance"
tt0359013,Blade: Trinity,2,"Action, Horror, Sci-Fi"
tt0359950,The Secret Life of Walter Mitty,3,"Adventure, Comedy, Drama"
tt0360130,Undertow,4,"Drama, Thriller"
tt0360201,Wimbledon,1,"Comedy, Romance, Sport"
tt0360486,Constantine,0,"Action, Fantasy, Horror"
tt0360717,King Kong,0,"Action, Adventure, Drama"
tt0361309,We Don't Live Here Anymore,2,"Drama, Romance"
tt0361411,Bride & Prejudice,3,"Comedy, Drama, Musical"
tt0361500,Delgo,1,"Animation, Adventure, Comedy"
tt0361620,First Daughter,1,"Comedy, Drama, Romance"
tt0361661,Gongofer,1,"Comedy, Horror, Mystery"
tt0361668,Gozu,4,"Crime, Drama, Horror"
tt0361748,Inglourious Basterds,0,"Adventure, Drama, War"
tt0361763,James Batman,1,"Sci-Fi, Comedy, Action"
tt0361862,The Machinist,4,"Drama, Thriller"
tt0362209,Susan Hero,2,"Drama, Romance, Sci-Fi"
tt0362227,The Terminal,3,"Comedy, Drama, Romance"
tt0362270,The Life Aquatic with Steve Zissou,0,"Action, Adventure, Comedy"
tt0362478,The Box,4,"Drama, Mystery, Thriller"
tt0363163,Downfall,4,"Biography, Drama, History"
tt0363282,New York Minute,3,"Comedy, Crime, Family"
tt0363547,Dawn of the Dead,4,"Action, Horror"
tt0363589,Elephant,4,"Crime, Drama, Thriller"
tt0363771,"The Chronicles of Narnia: The Lion, the Witch and the Wardrobe",3,"Adventure, Family, Fantasy"
tt0363988,Secret Window,4,"Drama, Mystery, Thriller"
tt0364045,Taking Lives,4,"Crime, Mystery, Thriller"
tt0364385,Ju-on: The Grudge,2,Horror
tt0364517,Love Me If You Dare,1,"Comedy, Drama, Romance"
tt0364569,Oldboy,4,"Action, Drama, Mystery"
tt0364725,Dodgeball: A True Underdog Story,1,"Comedy, Sport"
tt0364955,Art School Confidential,2,"Comedy, Drama, Romance"
tt0364961,The Assassination of Richard Nixon,4,"Biography, Crime, Drama"
tt0364970,Babylon A.D.,0,"Action, Adventure, Sci-Fi"
tt0365376,A Tale of Two Sisters,4,"Drama, Horror, Mystery"
tt0365686,Revolver,4,"Action, Crime, Drama"
tt0365737,Syriana,4,"Drama, Thriller"
tt0365748,Shaun of the Dead,0,"Comedy, Horror"
tt0365830,Tenacious D in the Pick of Destiny,1,"Adventure, Comedy, Music"
tt0365907,A Walk Among the Tombstones,4,"Action, Crime, Drama"
tt0366548,Happy Feet,3,"Animation, Adventure, Comedy"
tt0366551,Harold & Kumar Go to White Castle,1,"Adventure, Comedy"
tt0366627,The Jacket,4,"Drama, Fantasy, Mystery"
tt0366777,Millions,3,"Comedy, Crime, Drama"
tt0366920,Pride and Prejudice,1,"Comedy, Romance"
tt0367088,Spymate,1,"Adventure, Comedy, Family"
tt0367594,Charlie and the Chocolate Factory,3,"Adventure, Comedy, Family"
tt0367882,Indiana Jones and the Kingdom of the Crystal Skull,0,"Action, Adventure"
tt0367959,Hannibal Rising,4,"Adventure, Crime, Drama"
tt0368008,The Manchurian Candidate,4,"Drama, Mystery, Sci-Fi"
tt0368447,The Village,4,"Drama, Mystery, Thriller"
tt0368667,Interstella 5555: The 5tory of the 5ecret 5tar 5ystem,3,"Animation, Adventure, Music"
tt0368709,Elizabethtown,1,"Comedy, Drama, Romance"
tt0368891,National Treasure,1,"Action, Adventure, Mystery"
tt0368909,Ong-Bak: The Thai Warrior,0,"Action, Crime, Thriller"
tt0368933,The Princess Diaries 2: Royal Engagement,3,"Comedy, Family, Romance"
tt0369226,Alone in the Dark,2,"Action, Horror, Sci-Fi"
tt0369338,Les coeurs héroïques,2,"Drama, Family"
tt0369339,Collateral,4,"Action, Crime, Drama"
tt0369436,Four Christmases,1,"Comedy, Drama, Romance"
tt0369441,Fun with Dick and Jane,1,"Comedy, Crime"
tt0369610,Jurassic World,0,"Action, Adventure, Sci-Fi"
tt0369666,Lihim ni Madonna,4,"Drama, Horror"
tt0369702,The Sea Inside,0,"Biography, Drama"
tt0369735,Monster-in-Law,1,"Comedy, Romance"
tt0370032,Ultraviolet,2,"Action, Sci-Fi"
tt0370263,Alien vs. Predator,0,"Action, Adventure, Horror"
tt0371008,Nine Lives,2,"Drama, Romance"
tt0371246,Spanglish,1,"Comedy, Drama, Romance"
tt0371257,Stay,4,"Drama, Mystery, Thriller"
tt0371280,Crimson Gold,4,"Crime, Drama, Thriller"
tt0371606,Chicken Little,3,"Animation, Adventure, Comedy"
tt0371724,The Hitchhiker's Guide to the Galaxy,3,"Adventure, Comedy, Sci-Fi"
tt0371746,Iron Man,0,"Action, Adventure, Sci-Fi"
tt0372183,The Bourne Supremacy,4,"Action, Mystery, Thriller"
tt0372588,Team America: World Police,0,"Action, Comedy"
tt0372761,Child of Sorrow,2,"Crime, Drama"
tt0372782,Baramnan gajok,2,"Drama, Romance"
tt0372784,Batman Begins,0,"Action, Crime, Drama"
tt0372873,Dragon Wars: D-War,1,"Action, Drama, Fantasy"
tt0373051,Journey to the Center of the Earth,3,"Action, Adventure, Family"
tt0373074,Kung Fu Hustle,3,"Action, Comedy, Fantasy"
tt0373283,Saints and Soldiers,2,"Action, Drama, War"
tt0373445,The Wendell Baker Story,1,"Comedy, Drama, Romance"
tt0373469,Kiss Kiss Bang Bang,2,"Comedy, Crime, Mystery"
tt0373760,"Cinema, Aspirins and Vultures",2,"Adventure, Drama"
tt0373883,Halloween,4,Horror
tt0373889,Harry Potter and the Order of the Phoenix,0,"Action, Adventure, Family"
tt0373926,The Interpreter,4,"Crime, Mystery, Thriller"
tt0374277,Touch of Pink,1,"Drama, Comedy, Romance"
tt0374536,Bewitched,1,"Comedy, Fantasy, Romance"
tt0374546,"Spring, Summer, Fall, Winter... and Spring",0,"Drama, Romance"
tt0375063,Sideways,1,"Comedy, Drama, Romance"
tt0375679,Crash,4,"Crime, Drama, Thriller"
tt0375912,Layer Cake,4,"Action, Crime, Drama"
tt0376105,Racing Stripes,3,"Adventure, Comedy, Drama"
tt0376242,Temptation Island,1,"Adventure, Comedy, Fantasy"
tt0376541,Closer,2,"Drama, Romance"
tt0376994,X-Men: The Last Stand,0,"Action, Adventure, Sci-Fi"
tt0377107,Proof,2,"Drama, Mystery"
tt0377109,The Ring Two,4,"Horror, Mystery"
tt0377471,Be Cool,1,"Comedy, Crime, Music"
tt0377744,A Day Without a Mexican,2,"Comedy, Drama, Fantasy"
tt0377834,Días de fútbol,1,"Adventure, Comedy, Sport"
tt0378109,Into the Blue,2,"Action, Adventure, Crime"
tt0378194,Kill Bill: Vol. 2,4,"Action, Crime, Thriller"
tt0379370,Maqbool,4,"Crime, Drama, Thriller"
tt0379725,Capote,4,"Biography, Crime, Drama"
tt0379786,Serenity,0,"Action, Adventure, Sci-Fi"
tt0379865,Leatherheads,1,"Comedy, Drama, Romance"
tt0380389,Goal!,1,"Drama, Romance, Sport"
tt0380510,The Lovely Bones,4,"Drama, Fantasy, Thriller"
tt0380623,The Perfect Man,1,"Comedy, Family, Romance"
tt0381061,Casino Royale,0,"Action, Adventure, Thriller"
tt0381392,Ma mère,2,"Drama, Romance"
tt0381668,Tropical Malady,0,"Drama, Fantasy, Romance"
tt0381681,Before Sunset,1,"Drama, Romance"
tt0381707,White Chicks,1,"Comedy, Crime"
tt0381849,3:10 to Yuma,0,"Action, Crime, Drama"
tt0382077,Hide and Seek,4,"Horror, Mystery"
tt0382189,My Summer of Love,1,"Drama, Romance"
tt0382625,The Da Vinci Code,4,"Mystery, Thriller"
tt0382628,Dark Water,4,"Drama, Horror, Mystery"
tt0382912,Pluk van de Petteflet,1,"Family, Fantasy, Musical"
tt0382932,Ratatouille,3,"Animation, Adventure, Comedy"
tt0382992,Stealth,2,"Action, Adventure, Sci-Fi"
tt0383216,The Pink Panther,1,"Adventure, Comedy, Crime"
tt0383574,Pirates of the Caribbean: Dead Man's Chest,0,"Action, Adventure, Fantasy"
tt0384116,G.O.R.A.,3,"Adventure, Comedy, Sci-Fi"
tt0384537,Silent Hill,4,"Horror, Mystery"
tt0384538,Sinkhole,2,Thriller
tt0384806,The Amityville Horror,2,Horror
tt0385002,Hooligans,2,"Crime, Drama, Sport"
tt0385004,House of Flying Daggers,0,"Action, Adventure, Drama"
tt0385017,In My Father's Den,4,"Drama, Mystery, Thriller"
tt0385307,Miss Congeniality 2: Armed & Fabulous,1,"Action, Comedy, Crime"
tt0385752,The Golden Compass,3,"Adventure, Family, Fantasy"
tt0385880,Monster House,3,"Animation, Comedy, Family"
tt0385969,Pursued,2,"Drama, Thriller"
tt0386005,New Police Story,0,"Action, Crime, Thriller"
tt0386117,Where the Wild Things Are,3,"Adventure, Drama, Family"
tt0386140,The Legend of Zorro,3,"Action, Adventure, Romance"
tt0386588,Hitch,1,"Comedy, Romance"
tt0387131,The Constant Gardener,0,"Drama, Mystery, Romance"
tt0387564,Saw,4,"Horror, Mystery, Thriller"
tt0387808,Idiocracy,0,"Adventure, Comedy, Sci-Fi"
tt0387877,The Black Dahlia,4,"Crime, Drama, Mystery"
tt0387898,Caché (Hidden),4,"Drama, Mystery, Thriller"
tt0388125,In Her Shoes,1,"Comedy, Drama, Romance"
tt0388213,Loverboy,2,"Drama, Romance"
tt0388482,Transporter 2,2,"Action, Crime, Thriller"
tt0388795,Brokeback Mountain,0,"Drama, Romance"
tt0388884,El destino no tiene favoritos,1,"Romance, Comedy"
tt0389052,The Flower in Hell,2,"Crime, Drama, Romance"
tt0389557,Black Book,4,"Drama, Thriller, War"
tt0389722,30 Days of Night,4,"Action, Adventure, Horror"
tt0389790,Bee Movie,3,"Animation, Adventure, Comedy"
tt0389828,C.S.A.: The Confederate States of America,2,"Comedy, Drama, War"
tt0389860,Click,1,"Comedy, Drama, Fantasy"
tt0390022,Friday Night Lights,1,"Action, Drama, Sport"
tt0390384,Primer,4,"Drama, Sci-Fi, Thriller"
tt0391198,The Grudge,2,"Horror, Mystery, Thriller"
tt0391229,I Want Someone to Eat Cheese With,1,"Comedy, Romance"
tt0391304,A Lot Like Love,1,"Comedy, Drama, Romance"
tt0393109,Brick,4,"Crime, Drama, Mystery"
tt0393162,Coach Carter,1,"Biography, Drama, Sport"
tt0395169,Hotel Rwanda,0,"Biography, Drama, History"
tt0395251,The Producers,3,"Comedy, Crime, Musical"
tt0395584,The Devil's Rejects,4,"Crime, Horror, Western"
tt0395699,The Pacifier,1,"Action, Comedy, Drama"
tt0396171,Perfume: The Story of a Murderer,4,"Crime, Drama, Fantasy"
tt0396269,Wedding Crashers,1,"Comedy, Romance"
tt0396555,Meet the Robinsons,3,"Animation, Adventure, Comedy"
tt0396688,The King,2,"Drama, Thriller"
tt0396752,Nanny McPhee,3,"Comedy, Family, Fantasy"
tt0396816,Posledniy poezd,2,"Drama, War"
tt0397044,Blood and Chocolate,1,"Drama, Fantasy, Horror"
tt0397065,House of Wax,4,"Horror, Thriller"
tt0397078,Just My Luck,1,"Comedy, Fantasy, Romance"
tt0397101,The Skeleton Key,4,"Drama, Horror, Mystery"
tt0397103,Smile,1,"Adventure, Drama"
tt0397313,Eight Below,1,"Adventure, Drama, Family"
tt0397535,Memoirs of a Geisha,3,"Drama, Romance"
tt0397892,Bolt,3,"Animation, Adventure, Comedy"
tt0398017,Derailed,4,"Crime, Drama, Thriller"
tt0398165,The Longest Yard,1,"Comedy, Crime, Sport"
tt0398286,Tangled,3,"Animation, Adventure, Comedy"
tt0398712,Assault on Precinct 13,4,"Action, Crime, Drama"
tt0398808,Bridge to Terabithia,3,"Drama, Family, Fantasy"
tt0399146,A History of Violence,4,"Action, Crime, Drama"
tt0399201,The Island,0,"Action, Sci-Fi, Thriller"
tt0399295,Lord of War,4,"Crime, Drama"
tt0400497,Herbie Fully Loaded,3,"Adventure, Comedy, Family"
tt0400717,Open Season,3,"Animation, Adventure, Comedy"
tt0401383,The Diving Bell and the Butterfly,0,"Biography, Drama"
tt0401445,A Good Year,3,"Comedy, Drama, Romance"
tt0401711,"Paris, je t'aime",1,"Comedy, Drama, Romance"
tt0401729,John Carter,0,"Action, Adventure, Sci-Fi"
tt0401792,Sin City,4,"Crime, Thriller"
tt0401855,Underworld: Evolution,0,"Action, Fantasy, Thriller"
tt0402022,Æon Flux,0,"Action, Adventure, Sci-Fi"
tt0402230,The Great New Wonderful,2,"Comedy, Drama, Romance"
tt0402399,The New World,0,"Biography, Drama, History"
tt0402901,The Cave,2,"Adventure, Horror, Sci-Fi"
tt0403508,The Sisterhood of the Traveling Pants,1,"Comedy, Drama, Romance"
tt0403702,Youth in Revolt,1,"Adult, Comedy, Drama"
tt0403885,Death Valley: The Revenge of Bloody Bill,2,"Drama, Horror, Thriller"
tt0404032,The Exorcism of Emily Rose,4,"Drama, Horror, Thriller"
tt0404163,Even Money,2,"Crime, Drama"
tt0404203,Little Children,2,"Drama, Romance"
tt0404390,Running Scared,4,"Action, Crime, Drama"
tt0405022,House of Boys,1,"Drama, Music, Romance"
tt0405094,The Lives of Others,4,"Drama, Mystery, Thriller"
tt0405159,Million Dollar Baby,0,"Drama, Sport"
tt0405296,A Scanner Darkly,4,"Animation, Comedy, Crime"
tt0405325,Sky High,3,"Action, Comedy, Family"
tt0405422,The 40-Year-Old Virgin,1,"Comedy, Romance"
tt0405508,Rang De Basanti,0,"Comedy, Crime, Drama"
tt0405676,All the King's Men,2,"Drama, Thriller"
tt0406375,Zathura: A Space Adventure,3,"Action, Adventure, Comedy"
tt0406377,Zoku ôoka seidan mazohe daiichi,2,Action
tt0406816,The Guardian,1,"Action, Adventure, Drama"
tt0407304,War of the Worlds,0,"Action, Adventure, Sci-Fi"
tt0407887,The Departed,4,"Crime, Drama, Thriller"
tt0408236,Sweeney Todd: The Demon Barber of Fleet Street,4,"Drama, Horror, Musical"
tt0408281,"The Tulse Luper Suitcases, Part 2: Vaux to the Sea",0,"Adventure, Biography, Comedy"
tt0408306,Munich,4,"Action, Drama, History"
tt0408790,Flightplan,4,"Drama, Mystery, Thriller"
tt0408828,Guy X,2,"Comedy, War"
tt0408839,The Heartbreak Kid,1,"Comedy, Romance"
tt0408985,Last Holiday,1,"Comedy, Romance"
tt0409182,Poseidon,0,"Action, Adventure, Thriller"
tt0409459,Watchmen,4,"Action, Drama, Mystery"
tt0409838,Come Away Home,1,"Drama, Family"
tt0409847,Cowboys & Aliens,0,"Action, Sci-Fi, Thriller"
tt0410297,The Lake House,1,"Drama, Fantasy, Romance"
tt0410377,Nim's Island,1,"Adventure, Comedy, Drama"
tt0410454,The Work and the Glory,1,"Romance, Drama"
tt0411061,88 Minutes,4,"Crime, Drama, Mystery"
tt0411477,Hellboy II: The Golden Army,0,"Action, Adventure, Fantasy"
tt0412019,Broken Flowers,2,"Comedy, Drama, Mystery"
tt0412080,The World's Fastest Indian,3,"Biography, Drama, Sport"
tt0413015,Mrs. Henderson Presents,1,"Comedy, Drama, Music"
tt0413099,Evan Almighty,3,"Comedy, Family, Fantasy"
tt0413267,Shrek the Third,3,"Animation, Adventure, Comedy"
tt0413300,Spider-Man 3,0,"Action, Adventure, Sci-Fi"
tt0413879,Cake,1,"Comedy, Romance"
tt0414055,Elizabeth: The Golden Age,0,"Biography, Drama, History"
tt0414161,Intermedio,2,"Horror, Thriller"
tt0414387,Pride & Prejudice,3,"Drama, Romance"
tt0414852,District B13,0,"Action, Crime, Sci-Fi"
tt0414982,Final Destination 3,4,"Horror, Thriller"
tt0414993,The Fountain,0,"Drama, Mystery, Romance"
tt0415023,Vinterkyss,2,"Drama, Mystery, Thriller"
tt0415127,The Man from London,4,"Crime, Drama, Mystery"
tt0415306,Talladega Nights: The Ballad of Ricky Bobby,3,"Comedy, Sport"
tt0415833,Hate Crime,2,"Crime, Drama, Mystery"
tt0415965,Martian Child,1,"Comedy, Drama, Family"
tt0416236,The Spiderwick Chronicles,3,"Action, Adventure, Drama"
tt0416315,Wolf Creek,4,"Horror, Thriller"
tt0416320,Match Point,4,"Drama, Romance, Thriller"
tt0416449,300,0,"Action, Drama"
tt0416508,Becoming Jane,1,"Biography, Drama, Romance"
tt0417148,Snakes on a Plane,2,"Action, Adventure, Crime"
tt0417225,Idlewild,0,"Crime, Drama, Musical"
tt0417433,Annapolis,1,"Drama, Romance, Sport"
tt0417658,Factotum,2,"Comedy, Drama, Romance"
tt0417741,Harry Potter and the Half-Blood Prince,0,"Action, Adventure, Family"
tt0417976,Wu ji,0,"Action, Drama, Fantasy"
tt0418279,Transformers,0,"Action, Adventure, Sci-Fi"
tt0418689,Flags of Our Fathers,0,"Action, Adventure, Drama"
tt0418763,Jarhead,2,"Biography, Drama, War"
tt0418819,Land of the Dead,4,"Horror, Sci-Fi, Thriller"
tt0418832,Lie with Me,1,"Drama, Romance"
tt0419449,Antares,2,"Drama, Romance"
tt0419706,Doom,2,"Action, Horror, Sci-Fi"
tt0419766,Garçon stupide,2,"Comedy, Drama, Romance"
tt0420090,Private,2,"Drama, War"
tt0420223,Stranger Than Fiction,3,"Comedy, Drama, Fantasy"
tt0420227,Street Tales of Terror,2,Horror
tt0420238,The Tale of Despereaux,3,"Animation, Adventure, Comedy"
tt0420294,The Texas Chainsaw Massacre: The Beginning,4,"Horror, Thriller"
tt0421054,Domino,2,"Action, Biography, Crime"
tt0421073,Street Kings,4,"Action, Crime, Thriller"
tt0421082,Control,4,"Biography, Drama, Music"
tt0421206,Gridiron Gang,1,"Biography, Crime, Drama"
tt0421239,Red Eye,2,Thriller
tt0421715,The Curious Case of Benjamin Button,3,"Drama, Fantasy, Romance"
tt0422093,Diary of a Mad Black Woman,3,"Comedy, Drama, Romance"
tt0422720,Marie Antoinette,0,"Biography, Drama, History"
tt0423294,Surf's Up,3,"Animation, Adventure, Comedy"
tt0423866,3-Iron,2,"Crime, Drama, Romance"
tt0423977,Charlie Bartlett,1,"Comedy, Drama, Romance"
tt0424095,Flushed Away,3,"Animation, Action, Adventure"
tt0424136,Hard Candy,4,"Drama, Thriller"
tt0424205,Joyeux Noel,0,"Drama, History, Music"
tt0425061,Get Smart,1,"Action, Adventure, Comedy"
tt0425112,Hot Fuzz,0,"Action, Comedy, Mystery"
tt0425123,Just Like Heaven,1,"Comedy, Drama, Fantasy"
tt0425210,Lucky Number Slevin,4,"Crime, Drama, Thriller"
tt0425326,Outsourced,1,"Comedy, Drama, Romance"
tt0425413,Run Fatboy Run,3,"Comedy, Romance, Sport"
tt0426275,Umizaru,1,"Action, Drama"
tt0426592,Superhero Movie,1,"Action, Comedy, Sci-Fi"
tt0426615,In the Mix,1,"Comedy, Crime, Drama"
tt0426883,Alpha Dog,4,"Biography, Crime, Drama"
tt0427229,Failure to Launch,1,"Comedy, Romance"
tt0427309,The Great Debaters,0,"Biography, Drama, Romance"
tt0427327,Hairspray,3,"Comedy, Drama, Musical"
tt0427392,The Invasion,4,"Sci-Fi, Thriller"
tt0427524,Mera Lahoo,2,"Action, Crime, Drama"
tt0427580,Mécanix,2,"Animation, Fantasy, Horror"
tt0427954,The Protector,2,"Action, Crime, Drama"
tt0427969,Hollywoodland,2,"Biography, Crime, Drama"
tt0428251,Venom,2,Horror
tt0429493,The A-Team,0,"Action, Adventure, Thriller"
tt0430105,Four Brothers,2,"Action, Crime, Drama"
tt0430216,The Impossible Kid,1,"Action, Comedy"
tt0430357,Miami Vice,4,"Action, Adventure, Crime"
tt0430912,Basic Instinct 2,4,"Drama, Mystery, Thriller"
tt0431197,The Kingdom,4,"Action, Drama, Thriller"
tt0431265,Metamorphosis,2,"Fantasy, Horror, Thriller"
tt0431308,P.S. I Love You,1,"Comedy, Drama, Romance"
tt0431979,Le petit lieutenant,2,"Crime, Drama"
tt0432006,Puppy,2,"Comedy, Drama, Horror"
tt0432021,Resident Evil: Extinction,4,"Action, Horror, Sci-Fi"
tt0432283,Fantastic Mr. Fox,3,"Animation, Adventure, Comedy"
tt0432325,The Cave of the Yellow Dog,1,"Drama, Family"
tt0432348,Saw II,4,"Horror, Mystery"
tt0433035,Real Steel,3,"Action, Drama, Sci-Fi"
tt0433362,Daybreakers,4,"Action, Horror, Sci-Fi"
tt0433383,"Good Night, and Good Luck.",0,"Biography, Drama, History"
tt0433386,The Grudge 2,2,"Horror, Thriller"
tt0433387,Harsh Times,4,"Action, Crime, Drama"
tt0433400,Just Friends,1,"Comedy, Romance"
tt0433425,Parzania,2,"Drama, History"
tt0434139,The Last Kiss,2,"Comedy, Drama, Romance"
tt0434409,V for Vendetta,0,"Action, Drama, Sci-Fi"
tt0434424,Undiscovered,1,"Comedy, Music, Romance"
tt0434762,Ab-normal Beauty,2,"Drama, Horror"
tt0435625,The Descent,4,"Adventure, Horror, Thriller"
tt0435651,The Giver,0,"Drama, Romance, Sci-Fi"
tt0435705,Next,2,"Action, Sci-Fi, Thriller"
tt0435761,Toy Story 3,3,"Animation, Adventure, Comedy"
tt0436697,The Queen,0,"Biography, Drama"
tt0437086,Alita: Battle Angel,0,"Action, Adventure, Sci-Fi"
tt0437468,Sangkuriang,2,"Adventure, Fantasy, Romance"
tt0438097,Ice Age: The Meltdown,3,"Animation, Adventure, Comedy"
tt0438488,Terminator Salvation,0,"Action, Adventure, Sci-Fi"
tt0439478,Boynton Beach Club,1,"Comedy, Romance"
tt0439815,Slither,2,"Comedy, Horror, Sci-Fi"
tt0440963,The Bourne Ultimatum,0,"Action, Mystery, Thriller"
tt0441035,Crooked,2,Action
tt0441773,Kung Fu Panda,3,"Animation, Action, Adventure"
tt0442933,Beowulf,0,"Animation, Action, Adventure"
tt0443272,Lincoln,0,"Biography, Drama, History"
tt0443274,Vantage Point,2,"Action, Crime, Drama"
tt0443435,Autopsy,2,"Horror, Mystery, Thriller"
tt0443455,Brand Upon the Brain!,4,"Comedy, Drama, Fantasy"
tt0443474,Crazy,1,"Biography, Drama, Music"
tt0443480,Dementia: An Experiment in Terror,2,Horror
tt0443536,Hoodwinked!,1,"Animation, Adventure, Comedy"
tt0443543,The Illusionist,0,"Drama, Fantasy, Mystery"
tt0443559,Killshot,2,"Action, Crime, Drama"
tt0443632,The Sentinel,2,"Action, Crime, Thriller"
tt0443649,"10,000 BC",0,"Action, Adventure, Drama"
tt0443680,The Assassination of Jesse James by the Coward Robert Ford,4,"Biography, Crime, Drama"
tt0443693,The Wild Blue Yonder,2,Sci-Fi
tt0443701,The X Files: I Want to Believe,4,"Crime, Drama, Horror"
tt0443706,Zodiac,4,"Crime, Drama, Mystery"
tt0445046,Shao Lin nian si liu ma,1,"Action, Drama"
tt0445527,Libahunt,2,"Drama, Romance"
tt0445922,Across the Universe,3,"Drama, Fantasy, History"
tt0445934,Blades of Glory,1,"Comedy, Sport"
tt0445990,Invincible,3,"Biography, Drama, Sport"
tt0446029,Scott Pilgrim vs. the World,3,"Action, Comedy, Fantasy"
tt0446059,Fearless,0,"Action, Biography, Drama"
tt0446309,Death by Engagement,2,"Horror, Comedy"
tt0446460,Het schnitzelparadijs,1,"Comedy, Romance"
tt0446755,The Painted Veil,0,"Drama, Romance"
tt0448011,Knowing,4,"Action, Mystery, Sci-Fi"
tt0448115,Shazam!,3,"Action, Adventure, Comedy"
tt0448134,Sunshine,4,"Sci-Fi, Thriller"
tt0448157,Hancock,0,"Action, Drama, Fantasy"
tt0448694,Puss in Boots,3,"Animation, Adventure, Comedy"
tt0449010,Eragon,3,"Action, Adventure, Family"
tt0449088,Pirates of the Caribbean: At World's End,0,"Action, Adventure, Fantasy"
tt0449869,Chandramukhi,2,"Action, Comedy, Drama"
tt0450188,La Vie En Rose,0,"Biography, Drama, Music"
tt0450232,16 Blocks,4,"Action, Drama, Thriller"
tt0450259,Blood Diamond,0,"Adventure, Drama, Thriller"
tt0450278,Hostel,4,Horror
tt0450314,Punisher: War Zone,4,"Action, Crime, Drama"
tt0450345,The Wicker Man,2,"Horror, Mystery, Thriller"
tt0450385,1408,4,"Fantasy, Horror, Mystery"
tt0451069,The Gospel,1,"Adventure, Drama, Family"
tt0451079,Horton Hears a Who!,3,"Animation, Adventure, Comedy"
tt0451094,Lady Vengeance,4,"Crime, Drama, Thriller"
tt0451279,Wonder Woman,3,"Action, Adventure, Fantasy"
tt0452594,The Break-Up,1,"Comedy, Drama, Romance"
tt0452608,Death Race,4,"Action, Sci-Fi, Thriller"
tt0452623,Gone Baby Gone,4,"Crime, Drama, Mystery"
tt0452625,Good Luck Chuck,1,"Comedy, Romance"
tt0452637,Lady in the Water,2,"Drama, Fantasy, Mystery"
tt0452694,The Time Traveler's Wife,1,"Comedy, Drama, Fantasy"
tt0452702,Vacancy,2,"Horror, Thriller"
tt0453451,Mr. Bean's Holiday,3,"Comedy, Family"
tt0453467,Deja Vu,4,"Action, Crime, Sci-Fi"
tt0453556,TMNT,1,"Animation, Action, Adventure"
tt0453560,Toxic,2,"Drama, Thriller"
tt0453562,42,0,"Biography, Drama, Sport"
tt0454841,The Hills Have Eyes,4,"Horror, Thriller"
tt0454848,Inside Man,4,"Crime, Drama, Mystery"
tt0454876,Life of Pi,0,"Adventure, Drama, Fantasy"
tt0454921,The Pursuit of Happyness,3,"Biography, Drama"
tt0454941,The Sensei,1,"Action, Drama, Sport"
tt0454945,She's the Man,1,"Comedy, Romance, Sport"
tt0454962,Taking 5,1,"Comedy, Family, Music"
tt0454970,Turistas,2,"Horror, Mystery, Thriller"
tt0455116,Seoul Raiders,1,"Drama, Comedy, Action"
tt0455407,The Crazies,2,"Adventure, Horror"
tt0455538,How to Lose Friends & Alienate People,1,"Biography, Comedy, Drama"
tt0455590,The Last King of Scotland,4,"Biography, Drama, History"
tt0455760,Dead Silence,4,"Horror, Mystery, Thriller"
tt0455782,The Hunting Party,4,"Adventure, Comedy, Drama"
tt0455824,Australia,3,"Adventure, Drama, Romance"
tt0455918,The Bracelet of Bordeaux,1,"Family, Fantasy, Mystery"
tt0455944,The Equalizer,2,"Action, Crime, Thriller"
tt0455960,The Hitcher,4,"Crime, Thriller"
tt0455967,John Tucker Must Die,1,"Comedy, Romance"
tt0456111,The Night of the Sunflowers,4,"Crime, Drama, Thriller"
tt0456413,Fight Club: Members Only,2,"Action, Crime, Drama"
tt0457400,Land of the Lost,1,"Action, Adventure, Comedy"
tt0457430,Pan's Labyrinth,0,"Drama, Fantasy, War"
tt0457495,Stormbreaker,2,"Action, Adventure, Family"
tt0457510,Nacho Libre,3,"Comedy, Family, Sport"
tt0457513,Scoop,2,"Comedy, Crime, Fantasy"
tt0457939,The Holiday,3,"Comedy, Romance"
tt0458339,Captain America: The First Avenger,0,"Action, Adventure, Sci-Fi"
tt0458481,Sin City: A Dame to Kill For,4,"Action, Crime, Thriller"
tt0458525,X-Men Origins: Wolverine,0,"Action, Sci-Fi"
tt0459387,The Great Ecstasy of Robert Carmichael,2,"Crime, Drama"
tt0460485,KM 31: Kilómetro 31,2,"Horror, Mystery, Thriller"
tt0460740,Cashback,1,"Comedy, Drama, Romance"
tt0460780,In the Name of the King: A Dungeon Siege Tale,1,"Action, Adventure, Fantasy"
tt0460791,The Fall,0,"Adventure, Drama, Fantasy"
tt0460810,The Great Buck Howard,1,"Adventure, Comedy, Drama"
tt0461769,Eri Eri rema sabakutani,2,"Drama, Music, Sci-Fi"
tt0461770,Enchanted,3,"Animation, Adventure, Comedy"
tt0462023,"Romulus, My Father",1,"Biography, Drama"
tt0462322,Grindhouse,4,"Action, Horror, Thriller"
tt0462465,Outlander,2,"Action, Adventure, Sci-Fi"
tt0462499,Rambo,4,"Action, Adventure, Thriller"
tt0462504,Rescue Dawn,0,"Adventure, Biography, War"
tt0462538,The Simpsons Movie,3,"Animation, Adventure, Comedy"
tt0462571,The Legend of Tillamook's Gold,1,"Drama, Family"
tt0462590,Step Up,1,"Crime, Drama, Music"
tt0463034,"You, Me and Dupree",1,"Comedy, Romance"
tt0463854,28 Weeks Later,4,"Action, Adventure, Horror"
tt0463960,The Devil You Know,2,"Mystery, Thriller"
tt0463985,The Fast and the Furious: Tokyo Drift,0,"Action, Crime, Thriller"
tt0463998,Freedom Writers,3,"Biography, Crime, Drama"
tt0464141,The Orphanage,4,"Drama, Horror, Mystery"
tt0464154,Piranha 3D,2,"Comedy, Horror"
tt0465203,Them,2,"Horror, Thriller"
tt0465234,National Treasure: Book of Secrets,0,"Action, Adventure, Mystery"
tt0465494,Hitman,4,"Action, Crime, Thriller"
tt0465538,Michael Clayton,4,"Crime, Drama, Mystery"
tt0465551,Notes on a Scandal,2,"Crime, Drama, Romance"
tt0465580,Push,4,"Action, Sci-Fi, Thriller"
tt0465602,Shoot 'Em Up,2,"Action, Comedy, Thriller"
tt0465624,My Super Ex-Girlfriend,1,"Comedy, Romance, Sci-Fi"
tt0466375,Hinokio,1,"Drama, Sci-Fi"
tt0466673,Ambition,2,Thriller
tt0467197,Max Payne,4,"Action, Crime, Drama"
tt0467200,The Other Boleyn Girl,0,"Biography, Drama, History"
tt0468492,The Host,0,"Drama, Horror, Sci-Fi"
tt0468565,Tsotsi,4,"Crime, Drama"
tt0468569,The Dark Knight,4,"Action, Crime, Drama"
tt0469263,The Astronaut Farmer,1,"Adventure, Drama, Sci-Fi"
tt0469641,World Trade Center,0,"Drama, History, Thriller"
tt0469683,Automaton Transfusion,2,Horror
tt0469979,Summer School,2,"Adventure, Drama, Horror"
tt0470752,Ex Machina,4,"Drama, Sci-Fi, Thriller"
tt0470984,Yi ma de hou xian dai sheng huo,0,"Comedy, Drama, Romance"
tt0471030,Red Road,4,"Drama, Mystery, Thriller"
tt0471042,Tower Heist,1,"Action, Comedy, Crime"
tt0471945,Tie shan gong zhu,3,"Animation, Fantasy"
tt0472033,9,0,"Animation, Action, Adventure"
tt0472043,Apocalypto,0,"Action, Adventure, Drama"
tt0472062,Charlie Wilson's War,0,"Biography, Comedy, Drama"
tt0472071,Death Defying Acts,1,"Drama, History, Romance"
tt0472160,Penelope,3,"Comedy, Fantasy, Romance"
tt0472181,The Smurfs,3,"Animation, Adventure, Comedy"
tt0472205,Watching the Detectives,1,"Comedy, Romance"
tt0472399,The Mechanic,2,"Action, Crime, Thriller"
tt0472458,Dumplings,4,"Drama, Horror"
tt0473024,Crossover,1,"Action, Sport"
tt0473075,Prince of Persia: The Sands of Time,0,"Action, Adventure, Fantasy"
tt0473348,Dead Men Walking,2,"Action, Horror, Sci-Fi"
tt0473393,Shapeshifter,2,Horror
tt0473514,Mulberry St,2,"Horror, Sci-Fi, Thriller"
tt0473686,Piet Piraat en de betoverde kroon,1,"Adventure, Family"
tt0473705,State of Play,4,"Crime, Drama, Mystery"
tt0473753,Angel-A,1,"Comedy, Drama, Fantasy"
tt0475276,United 93,4,"Action, Drama, History"
tt0475290,"Hail, Caesar!",1,"Comedy, Drama, Mystery"
tt0475298,Hood of Horror,2,"Comedy, Horror"
tt0475380,Scenes of a Sexual Nature,1,"Comedy, Drama, Romance"
tt0475394,Smokin' Aces,4,"Action, Comedy, Crime"
tt0476643,The Bubble,2,"Comedy, Drama, Romance"
tt0476735,My Father and My Son,0,"Drama, Family"
tt0476964,The Brave One,4,"Action, Crime, Drama"
tt0476985,AfterThought,2,"Horror, Thriller"
tt0476995,Firehouse Dog,1,"Action, Comedy, Family"
tt0477051,Norbit,1,"Comedy, Romance"
tt0477065,Pirates of the Great Salt Lake,1,"Adventure, Comedy"
tt0477071,Premonition,2,"Drama, Fantasy, Mystery"
tt0477080,Unstoppable,0,"Action, Thriller"
tt0477302,Extremely Loud & Incredibly Close,1,"Adventure, Drama, Mystery"
tt0477347,Night at the Museum,3,"Adventure, Comedy, Family"
tt0477348,No Country for Old Men,4,"Crime, Drama, Thriller"
tt0478024,Kill Zone,4,"Action, Crime, Thriller"
tt0478087,21,2,"Crime, Drama, History"
tt0478134,In the Valley of Elah,4,"Crime, Drama, Mystery"
tt0478304,The Tree of Life,0,"Drama, Fantasy"
tt0478311,Knocked Up,1,"Comedy, Romance"
tt0478706,Itsuka dokusho suruhi,1,"Drama, Romance"
tt0478813,The Trap,4,"Crime, Drama, Thriller"
tt0478970,Ant-Man,3,"Action, Comedy, Sci-Fi"
tt0479143,Rocky Balboa,3,"Action, Drama, Sport"
tt0479341,Adam Resurrected,2,"Drama, War"
tt0479500,Nancy Drew,1,"Comedy, Crime, Family"
tt0479884,Crank,4,"Action, Crime, Thriller"
tt0479952,Madagascar: Escape 2 Africa,3,"Animation, Adventure, Comedy"
tt0479997,Season of the Witch,4,"Action, Adventure, Fantasy"
tt0480025,This Is England,0,"Crime, Drama"
tt0480242,Dan in Real Life,1,"Comedy, Drama, Romance"
tt0480249,I Am Legend,4,"Action, Drama, Horror"
tt0480255,The Losers,2,"Action, Adventure, Comedy"
tt0480572,Pyaar Ke Side Effects,1,"Comedy, Drama, Romance"
tt0480669,Timecrimes,4,"Horror, Mystery, Sci-Fi"
tt0480687,Hall Pass,1,"Comedy, Romance"
tt0481141,No Reservations,1,"Comedy, Drama, Romance"
tt0481369,The Number 23,4,"Crime, Mystery, Thriller"
tt0481430,Upyr,2,"Action, Crime, Horror"
tt0481499,The Croods,3,"Animation, Adventure, Comedy"
tt0481536,Harold & Kumar Escape from Guantanamo Bay,1,"Adventure, Comedy"
tt0482088,Priceless,1,"Comedy, Romance"
tt0482546,Miss Potter,3,"Biography, Drama, Romance"
tt0482571,The Prestige,4,"Drama, Mystery, Sci-Fi"
tt0482572,Pride and Glory,4,"Crime, Drama, Thriller"
tt0482599,Shutter,2,"Horror, Mystery, Thriller"
tt0482606,The Strangers,4,"Horror, Mystery, Thriller"
tt0483586,Chasing 3000,1,"Family, Sport"
tt0483607,Doomsday,0,"Action, Sci-Fi, Thriller"
tt0483719,The Living and the Dead,2,"Drama, Horror, Mystery"
tt0483756,Nobel Son,2,"Comedy, Crime, Drama"
tt0484881,Puffball: The Devil's Eyeball,2,"Drama, Fantasy, Horror"
tt0485323,Fullmetal Alchemist the Movie: Conqueror of Shamballa,0,"Animation, Action, Adventure"
tt0485947,Mr. Nobody,0,"Drama, Fantasy, Romance"
tt0486576,Fantastic Four: Rise of the Silver Surfer,1,"Action, Adventure, Fantasy"
tt0486655,Stardust,3,"Adventure, Family, Fantasy"
tt0486822,Disturbia,2,"Crime, Drama, Mystery"
tt0486946,Wild Hogs,1,"Action, Adventure, Comedy"
tt0487273,The Witnesses,2,"Drama, Romance"
tt0487503,The Page Turner,2,"Drama, Music, Thriller"
tt0488120,Fracture,4,"Crime, Drama, Thriller"
tt0488478,12,4,"Crime, Drama, Thriller"
tt0488515,Cleópatra,2,"Drama, Romance"
tt0488658,Unaccompanied Minors,1,"Adventure, Comedy, Family"
tt0489099,Jumper,0,"Action, Adventure, Sci-Fi"
tt0489270,Saw III,4,"Crime, Horror, Mystery"
tt0489282,Strange Wilderness,1,"Adventure, Comedy"
tt0489664,Shattered,4,"Crime, Drama, Thriller"
tt0490210,Sarkar Raj,4,"Action, Crime, Drama"
tt0490215,Silence,0,"Drama, History"
tt0490527,The Thirst,2,Horror
tt0491152,Something Borrowed,1,"Comedy, Drama, Romance"
tt0491244,Election 2,4,"Crime, Drama, Thriller"
tt0492044,The Haunting in Connecticut,2,"Drama, Horror, Mystery"
tt0492533,Lover,2,"Drama, Romance"
tt0492890,The Wild Stallion,1,"Action, Drama, Western"
tt0492956,The Game Plan,3,"Comedy, Family, Sport"
tt0493464,Wanted,0,"Action, Crime, Thriller"
tt0494238,Inkheart,3,"Adventure, Family, Fantasy"
tt0496806,Ocean's Thirteen,0,"Crime, Thriller"
tt0497137,"I'm a Cyborg, But That's OK",1,"Comedy, Drama, Romance"
tt0497465,Vicky Cristina Barcelona,1,"Comedy, Drama, Romance"
tt0498097,Climates,2,"Drama, Romance"
tt0498353,Hostel: Part II,4,Horror
tt0498380,Letters from Iwo Jima,0,"Action, Adventure, Drama"
tt0498381,Rings,2,"Drama, Horror, Mystery"
tt0498399,We Own the Night,4,"Action, Crime, Drama"
tt0499101,Der freie Wille,4,"Crime, Drama"
tt0499448,The Chronicles of Narnia: Prince Caspian,3,"Action, Adventure, Family"
tt0499549,Avatar,0,"Action, Adventure, Fantasy"
tt0499556,War,4,"Action, Crime, Thriller"
tt0756683,The Man from Earth,2,"Drama, Fantasy, Mystery"
tt0758730,Aliens vs. Predator: Requiem,2,"Action, Adventure, Horror"
tt0758732,Beaufort,4,"Action, Drama, War"
tt0758746,Friday the 13th,2,"Horror, Mystery, Thriller"
tt0758752,Love & Other Drugs,1,"Comedy, Drama, Romance"
tt0758758,Into the Wild,0,"Adventure, Biography, Drama"
tt0758766,Music and Lyrics,1,"Comedy, Music, Romance"
tt0758774,Body of Lies,4,"Action, Drama, Thriller"
tt0758794,We Are Marshall,3,"Drama, Sport"
tt0760166,Don't Let Me Drown,1,"Drama, Romance"
tt0762107,I Now Pronounce You Chuck & Larry,1,"Comedy, Romance"
tt0762108,I'll Be There with You,2,Thriller
tt0762114,License to Wed,1,"Comedy, Romance"
tt0765010,Brothers,4,"Drama, Thriller, War"
tt0765429,American Gangster,4,"Biography, Crime, Drama"
tt0765443,Eastern Promises,4,"Crime, Drama, Thriller"
tt0765446,Escape from Planet Earth,3,"Animation, Adventure, Comedy"
tt0765447,Evening,1,"Drama, Romance"
tt0769507,The Sun Also Rises,0,"Drama, Fantasy"
tt0769508,Dans Paris,2,"Drama, Romance"
tt0770703,What's Your Number?,1,"Comedy, Romance"
tt0770752,Fool's Gold,1,"Action, Adventure, Comedy"
tt0770828,Man of Steel,0,"Action, Adventure, Sci-Fi"
tt0772157,Broken English,1,"Comedy, Drama, Romance"
tt0772178,Kickin' It Old Skool,1,"Comedy, Sport"
tt0780131,Journey to Chazzabeh,2,War
tt0780504,Drive,4,"Action, Drama"
tt0780511,Everybody's Fine,1,"Adventure, Drama"
tt0780521,The Princess and the Frog,3,"Animation, Adventure, Comedy"
tt0780536,In Bruges,4,"Comedy, Crime, Drama"
tt0780571,Mr. Brooks,4,"Crime, Drama, Thriller"
tt0780653,The Wolfman,4,"Drama, Fantasy, Horror"
tt0783233,Atonement,0,"Drama, Mystery, Romance"
tt0784146,Watch Out for ZouZou,1,"Comedy, Musical, Romance"
tt0787475,Hot Rod,1,"Comedy, Sport"
tt0790636,Dallas Buyers Club,0,"Biography, Drama"
tt0790686,Mirrors,4,"Horror, Mystery"
tt0790698,The Last Days of Humanity,2,Horror
tt0790723,Just Add Water,1,"Comedy, Romance"
tt0790724,Jack Reacher,4,"Action, Mystery, Thriller"
tt0790736,R.I.P.D.,1,"Action, Adventure, Comedy"
tt0790770,Miles Ahead,0,"Biography, Drama, Music"
tt0795351,Case 39,4,"Horror, Mystery, Thriller"
tt0795370,The Second Wind,2,"Crime, Drama, Mystery"
tt0795421,Mamma Mia!,3,"Comedy, Musical, Romance"
tt0795438,Not Easily Broken,1,"Drama, Romance"
tt0795461,Scary Movie V,1,"Comedy, Horror"
tt0796366,Star Trek,0,"Action, Adventure, Sci-Fi"
tt0799949,Epic Movie,1,"Adventure, Comedy, Fantasy"
tt0800039,Forgetting Sarah Marshall,1,"Comedy, Drama, Romance"
tt0800069,The Hills Have Eyes 2,2,"Horror, Thriller"
tt0800080,The Incredible Hulk,0,"Action, Adventure, Sci-Fi"
tt0800308,Appaloosa,0,"Action, Crime, Drama"
tt0800320,Clash of the Titans,0,"Action, Adventure, Fantasy"
tt0800325,The Dirt,2,"Biography, Comedy, Drama"
tt0800367,Storm Warning,2,"Horror, Thriller"
tt0800369,Thor,0,"Action, Fantasy"
tt0802948,An American Crime,4,"Biography, Crime, Drama"
tt0803096,Warcraft,0,"Action, Adventure, Fantasy"
tt0804461,Death Sentence,4,"Action, Crime, Drama"
tt0804497,It's Kind of a Funny Story,1,"Comedy, Drama, Romance"
tt0805564,Lars and the Real Girl,1,"Comedy, Drama, Romance"
tt0805570,The Midnight Meat Train,4,"Horror, Mystery, Thriller"
tt0808151,Angels & Demons,4,"Action, Mystery, Thriller"
tt0808185,The Bothersome Man,4,"Comedy, Drama, Fantasy"
tt0808279,Funny Games,4,"Crime, Drama, Thriller"
tt0808357,"Lust, Caution",4,"Drama, History, Romance"
tt0808417,Persepolis,0,"Animation, Biography, Drama"
tt0808506,The Girl Who Leapt Through Time,3,"Animation, Adventure, Comedy"
tt0809504,The Accidental Husband,1,"Comedy, Romance"
tt0809535,Yureru,2,"Crime, Drama"
tt0810819,The Danish Girl,0,"Biography, Crime, Drama"
tt0811021,Birds of Paradise,1,"Animation, Adventure, Comedy"
tt0811080,Speed Racer,3,"Action, Adventure, Comedy"
tt0811106,The Ten,2,"Comedy, Romance"
tt0812243,Ex Drummer,2,"Comedy, Crime, Drama"
tt0814255,Percy Jackson & the Olympians: The Lightning Thief,3,"Adventure, Family, Fantasy"
tt0815165,The Gay Bed and Breakfast of Terror,2,"Comedy, Horror"
tt0815236,She's Out of My League,1,"Comedy, Romance"
tt0815244,Sydney White,1,"Comedy, Drama, Romance"
tt0815245,The Uninvited,4,"Drama, Fantasy, Horror"
tt0816442,The Book Thief,0,"Drama, War"
tt0816462,Conan the Barbarian,0,"Action, Adventure, Fantasy"
tt0816692,Interstellar,0,"Adventure, Drama, Sci-Fi"
tt0816711,World War Z,0,"Action, Adventure, Horror"
tt0817177,Flipped,1,"Comedy, Drama, Romance"
tt0817230,Valentine's Day,1,"Comedy, Romance"
tt0821640,Ghosts of Girlfriends Past,1,"Comedy, Fantasy, Romance"
tt0821810,All Roads Lead Home,1,"Drama, Family"
tt0822832,Marley & Me,1,"Drama, Family"
tt0822847,Priest,2,"Action, Fantasy, Horror"
tt0822854,Shooter,4,"Action, Drama, Thriller"
tt0824747,Changeling,4,"Biography, Crime, Drama"
tt0825232,The Bucket List,3,"Adventure, Comedy, Drama"
tt0825236,Caramel,1,"Comedy, Drama, Romance"
tt0825248,Intimate Enemies,2,"Drama, History, War"
tt0829150,Dracula Untold,0,"Action, Drama, Fantasy"
tt0829267,Puika,3,Family
tt0829297,Ten Inch Hero,1,"Comedy, Drama, Romance"
tt0829459,A Mighty Heart,4,"Biography, Drama, History"
tt0830515,Quantum of Solace,4,"Action, Adventure, Mystery"
tt0831277,Blood Loss,2,"Crime, Drama, Western"
tt0831387,Godzilla,2,"Action, Adventure, Sci-Fi"
tt0831887,The Spirit,2,"Action, Crime, Fantasy"
tt0832266,"Definitely, Maybe",1,"Comedy, Drama, Romance"
tt0834001,Underworld: Rise of the Lycans,0,"Action, Fantasy, Thriller"
tt0837562,Hotel Transylvania,3,"Animation, Adventure, Comedy"
tt0837563,Pet Sematary,4,"Horror, Mystery, Thriller"
tt0838221,The Darjeeling Limited,0,"Adventure, Comedy, Drama"
tt0839880,Lake Dead,2,"Horror, Thriller"
tt0839980,Semi-Pro,1,"Comedy, Sport"
tt0840361,The Town,4,"Crime, Drama, Thriller"
tt0841108,Hannah Takes the Stairs,1,"Comedy, Drama, Romance"
tt0842926,The Kids Are All Right,1,"Comedy, Drama, Romance"
tt0844471,Cloudy with a Chance of Meatballs,3,"Animation, Adventure, Comedy"
tt0844479,The Collector,4,"Action, Horror, Thriller"
tt0844708,The Last House on the Left,4,"Horror, Thriller"
tt0846040,Mio fratello è figlio unico,0,"Comedy, Crime, Drama"
tt0848228,The Avengers,0,"Action, Sci-Fi"
tt0848537,Epic,3,"Animation, Action, Adventure"
tt0850677,Jack & Diane,2,"Drama, Horror, Romance"
tt0851578,Paprika,4,"Animation, Drama, Fantasy"
tt0853096,Death of a President,4,"Crime, Drama, Mystery"
tt0856778,Clubbed,2,"Action, Crime, Drama"
tt0857280,God Thinks You're a Loser,1,"Action, Comedy, Fantasy"
tt0858436,Dragon,1,Fantasy
tt0859163,The Mummy: Tomb of the Dragon Emperor,0,"Action, Adventure, Fantasy"
tt0861689,Blindness,4,"Drama, Mystery, Thriller"
tt0861739,Elite Squad,4,"Action, Crime, Drama"
tt0862688,"Ernst, Bobbie en de geslepen Onix",1,"Comedy, Family"
tt0862856,Trick 'r Treat,2,"Comedy, Horror"
tt0864761,The Duchess,0,"Biography, Drama, History"
tt0864835,Mr. Peabody & Sherman,3,"Animation, Adventure, Comedy"
tt0865556,The Forbidden Kingdom,0,"Action, Adventure, Fantasy"
tt0866439,Made of Honor,1,"Comedy, Romance"
tt0867404,Prajapathi,2,"Action, Thriller"
tt0870111,Frost/Nixon,0,"Biography, Drama, History"
tt0870154,Jungle Cruise,3,"Action, Adventure, Comedy"
tt0870195,Before the Rains,2,"Drama, History, Romance"
tt0870967,Urideul-ui haengbok-han shigan,2,"Drama, Romance"
tt0870984,Antichrist,4,"Drama, Horror, Thriller"
tt0871510,Chak De! India,3,"Drama, Family, Sport"
tt0872190,Cash,2,"Action, Crime, Thriller"
tt0872230,My Soul to Take,2,"Horror, Mystery, Thriller"
tt0873886,Red State,4,"Action, Crime, Horror"
tt0875034,Nine,0,"Drama, Musical, Romance"
tt0876563,Ponyo,3,"Animation, Adventure, Comedy"
tt0877355,The Murder Game,2,"Horror, Mystery, Thriller"
tt0877621,La France,2,"Drama, Musical, Romance"
tt0878804,The Blind Side,3,"Biography, Drama, Sport"
tt0879870,Eat Pray Love,3,"Biography, Drama, Romance"
tt0881891,All About Steve,1,"Comedy, Romance"
tt0882977,Snitch,0,"Action, Drama, Thriller"
tt0884224,"War, Inc.",2,"Action, Comedy, Thriller"
tt0884237,Carnivorous,2,Horror
tt0884328,The Mist,4,"Horror, Sci-Fi, Thriller"
tt0887883,Burn After Reading,2,"Comedy, Crime, Drama"
tt0887912,The Hurt Locker,4,"Drama, Thriller, War"
tt0889573,The Switch,1,"Comedy, Drama, Romance"
tt0889615,M,2,"Crime, Drama, Mystery"
tt0890870,Saw IV,4,"Crime, Horror, Mystery"
tt0892318,Letters to Juliet,3,"Adventure, Comedy, Drama"
tt0892769,How to Train Your Dragon,3,"Animation, Action, Adventure"
tt0892782,Monsters vs. Aliens,3,"Animation, Action, Adventure"
tt0892791,Shrek Forever After,3,"Animation, Adventure, Comedy"
tt0893356,Nanking,4,"Biography, History, War"
tt0893401,Daylight Robbery,2,"Crime, Drama, Thriller"
tt0896798,Cleaner,4,Thriller
tt0896872,The Whistleblower,4,"Biography, Crime, Drama"
tt0898367,The Road,4,"Drama, Fantasy"
tt0901476,Bride Wars,1,"Comedy, Romance"
tt0901485,A Girl Cut in Two,4,"Drama, Thriller"
tt0903624,The Hobbit: An Unexpected Journey,0,Fantasy
tt0903627,Julia,4,"Crime, Drama, Thriller"
tt0904049,Exte: Hair Extensions,4,"Comedy, Horror"
tt0905372,The Thing,4,"Horror, Mystery, Sci-Fi"
tt0906734,The Broken,2,"Drama, Horror, Thriller"
tt0906778,Black Butterflies,2,"Biography, Drama"
tt0907657,Once,1,"Drama, Music, Romance"
tt0910559,Kirschblüten - Hanami,1,"Drama, Romance"
tt0910904,I Know How Many Runs You Scored Last Summer,2,"Comedy, Crime, Horror"
tt0910936,Pineapple Express,1,"Action, Comedy, Crime"
tt0910970,WALL·E,3,"Animation, Adventure, Family"
tt0914363,Dark Spirits,2,"Horror, Thriller"
tt0914380,Heaven's Messenger,2,"Drama, Thriller"
tt0914798,The Boy in the Striped Pajamas,4,"Drama, War"
tt0914863,Unthinkable,4,"Crime, Drama, Thriller"
tt0918554,Plaguers,2,"Horror, Sci-Fi"
tt0918927,Doubt,4,"Drama, Mystery"
tt0918940,The Legend of Tarzan,0,"Action, Adventure, Drama"
tt0922547,Parasomnia,2,"Horror, Thriller"
tt0925245,Heatstroke,1,"Action, Horror, Sci-Fi"
tt0926084,Harry Potter and the Deathly Hallows: Part 1,0,"Adventure, Family, Fantasy"
tt0926762,Loft,4,"Crime, Drama, Mystery"
tt0934459,The Hitchhiker,2,"Horror, Thriller"
tt0936501,Taken,0,"Action, Crime, Thriller"
tt0938283,The Last Airbender,0,"Action, Adventure, Family"
tt0938330,Silent Hill: Revelation,4,"Horror, Mystery, Thriller"
tt0942384,Shelter,1,"Drama, Romance, Sport"
tt0942385,Tropic Thunder,1,"Action, Comedy, War"
tt0944835,Salt,4,"Action, Thriller"
tt0945513,Source Code,4,"Action, Drama, Mystery"
tt0947798,Black Swan,4,"Drama, Thriller"
tt0947802,Lakeview Terrace,2,"Crime, Drama, Thriller"
tt0947810,Green Zone,4,"Action, Drama, Thriller"
tt0948470,The Amazing Spider-Man,0,"Action, Adventure, Sci-Fi"
tt0949731,The Happening,2,"Adventure, Drama, Sci-Fi"
tt0951333,The Missing Lynx,1,"Animation, Action, Adventure"
tt0952640,Alvin and the Chipmunks,1,"Animation, Adventure, Comedy"
tt0952682,Shotgun Stories,4,"Drama, Thriller"
tt0954981,Cass,2,"Biography, Crime, Drama"
tt0955308,Robin Hood,0,"Action, Adventure, Drama"
tt0956038,Nights in Rodanthe,1,"Drama, Romance"
tt0959337,Revolutionary Road,4,"Drama, Romance"
tt0960144,You Don't Mess with the Zohan,1,"Action, Comedy"
tt0960731,Bedtime Stories,3,"Adventure, Comedy, Family"
tt0961097,A Monster in Paris,3,"Animation, Adventure, Comedy"
tt0962726,High School Musical 3: Senior Year,3,"Comedy, Drama, Family"
tt0962736,The Young Victoria,3,"Biography, Drama, History"
tt0962762,Genius Party,2,"Animation, Adventure, Fantasy"
tt0963178,The International,4,"Action, Crime, Drama"
tt0963794,The Ruins,2,"Adventure, Horror, Thriller"
tt0963966,The Sorcerer's Apprentice,3,"Action, Adventure, Family"
tt0964517,The Fighter,3,"Action, Biography, Drama"
tt0964529,MindFlesh,2,"Horror, Sci-Fi, Thriller"
tt0964586,Skin,0,"Biography, Drama"
tt0970179,Hugo,3,"Adventure, Drama, Family"
tt0970411,City of Ember,0,"Adventure, Drama, Family"
tt0970416,The Day the Earth Stood Still,2,"Adventure, Drama, Sci-Fi"
tt0970452,Solomon Kane,0,"Action, Adventure, Fantasy"
tt0970468,Miss Pettigrew Lives for a Day,3,"Comedy, Romance"
tt0970866,Little Fockers,1,"Comedy, Romance"
tt0971209,A Perfect Getaway,4,"Drama, Mystery, Thriller"
tt0972542,Aachi & Ssipak,2,"Animation, Action, Comedy"
tt0974015,Justice League,0,"Action, Adventure, Fantasy"
tt0974554,Elegy,2,"Drama, Romance"
tt0974661,17 Again,3,"Comedy, Drama, Fantasy"
tt0975645,Hitchcock,2,"Biography, Drama, Romance"
tt0976051,The Reader,4,"Drama, Romance"
tt0976238,Old Dogs,1,"Comedy, Family"
tt0978762,Mary and Max,0,"Animation, Comedy, Drama"
tt0978764,Sucker Punch,0,"Action, Adventure, Fantasy"
tt0980970,The Chronicles of Narnia: The Voyage of the Dawn Treader,3,"Adventure, Family, Fantasy"
tt0981072,The Lucky Ones,1,"Adventure, Comedy, Drama"
tt0981227,Nick and Norah's Infinite Playlist,1,"Comedy, Drama, Music"
tt0982914,Final Draft,2,"Horror, Thriller"
tt0983193,The Adventures of Tintin,0,"Animation, Action, Adventure"
tt0983250,You're Nobody 'til Somebody Kills You,2,"Horror, Thriller"
tt0984130,Miao Miao,1,"Comedy, Drama, Romance"
tt0985694,Machete,0,"Action, Crime, Thriller"
tt0985699,Valkyrie,4,"Drama, History, Thriller"
tt0986233,Hunger,4,"Biography, Crime, Drama"
tt0986263,Surrogates,0,"Action, Sci-Fi, Thriller"
tt0986264,Like Stars on Earth,3,"Drama, Family"
tt0988045,Sherlock Holmes,0,"Action, Adventure, Mystery"
tt0988595,27 Dresses,1,"Comedy, Romance"
tt0988982,Naruto Shippûden: The Movie,1,"Animation, Action, Adventure"
tt0989757,Dear John,1,"Drama, Mystery, Romance"
tt0990361,Room of Death,2,"Crime, Mystery, Thriller"
tt0990407,The Green Hornet,1,"Action, Comedy, Crime"
tt0993840,Army of the Dead,4,"Action, Crime, Drama"
tt0993842,Hanna,0,"Action, Adventure, Drama"
tt0993846,The Wolf of Wall Street,0,"Biography, Comedy, Crime"
tt0995039,Ghost Town,1,"Comedy, Drama, Fantasy"
tt0995851,In Her Skin,2,"Drama, Thriller"
tt0995868,Pelé: Birth of a Legend,1,"Biography, Drama, Sport"
tt0997047,College Road Trip,1,"Adventure, Comedy, Drama"
tt0999913,Straw Dogs,4,"Action, Drama, Thriller"
tt1000095,Pokémon Ranger and the Temple of the Sea,3,"Animation, Action, Adventure"
tt10004396,When I Became a Butterfly,2,"Drama, Thriller"
tt10004944,Aporia,2,"Action, Adventure, Horror"
tt1000774,Sex and the City,1,"Comedy, Drama, Romance"
tt10011228,Hunted,2,"Action, Thriller"
tt1001508,He's Just Not That Into You,1,"Comedy, Drama, Romance"
tt1001526,Megamind,3,"Animation, Action, Comedy"
tt10016180,The Little Things,4,"Crime, Drama, Mystery"
tt10022990,Seeru,1,"Action, Drama"
tt1002567,Hansel and Gretel,4,"Drama, Fantasy, Horror"
tt10028196,Laal Singh Chaddha,3,"Comedy, Drama, Romance"
tt1003005,Kollegiet,2,Horror
tt1003023,Mancora,2,"Comedy, Drama, Romance"
tt10037014,Fear of Rain,4,"Drama, Horror, Thriller"
tt10039344,Countdown,2,"Horror, Thriller"
tt10059518,Unhinged,4,"Action, Thriller"
tt10065694,Antebellum,4,"Drama, Horror, Mystery"
tt10068916,Made in Abyss: Dawn of the Deep Soul,0,"Animation, Adventure, Drama"
tt1007028,Zack and Miri Make a Porno,1,"Comedy, Romance"
tt1007029,The Iron Lady,0,"Biography, Drama"
tt10076106,Manmadhudu 2,1,"Comedy, Drama, Romance"
tt10086834,The Exigency,1,"Animation, Action, Adventure"
tt10097384,Home Sweet Home,4,"Drama, Mystery, Thriller"
tt10098288,Roohi,1,"Comedy, Horror"
tt1010048,Slumdog Millionaire,0,"Crime, Drama, Romance"
tt1010271,The Poughkeepsie Tapes,4,"Horror, Mystery, Thriller"
tt1010455,Small Gods,2,"Drama, Thriller"
tt10110022,Enchanted Feather,1,"Family, Fantasy"
tt10110872,2177: The San Francisco Love Hacker Crimes,2,Sci-Fi
tt10121762,Uriyadi 2,2,"Action, Thriller"
tt10127562,Dragon Quest: Your Story,3,"Animation, Action, Adventure"
tt1013743,Knight and Day,0,"Action, Adventure, Comedy"
tt1013752,Fast & Furious,2,"Action, Crime, Thriller"
tt1013753,Milk,0,"Biography, Drama, History"
tt1013860,Dylan Dog: Dead of Night,2,"Action, Comedy, Crime"
tt1014759,Alice in Wonderland,3,"Adventure, Family, Fantasy"
tt1014763,Child 44,4,"Crime, Drama, History"
tt10147910,The Maid,4,"Drama, Horror, Mystery"
tt10151054,The Quarry,2,"Crime, Mystery, Thriller"
tt1016150,All Quiet on the Western Front,4,"Action, Drama, War"
tt1017460,Splice,4,"Horror, Sci-Fi"
tt10183816,Dangerous Lies,2,Thriller
tt10187146,Tux and Fanny,1,"Animation, Comedy, Drama"
tt10187680,Forensic,4,"Crime, Mystery, Thriller"
tt10188020,Kung Pow Chicken,1,Animation
tt10188156,Dino Brained,1,"Animation, Comedy, Family"
tt10189514,Soorarai Pottru,3,"Action, Drama"
tt10190390,Whelm,2,Thriller
tt10192566,Alone,4,"Horror, Thriller"
tt10199586,Atlantics,0,"Drama, Mystery, Romance"
tt1020072,Selma,0,"Biography, Drama, History"
tt1020530,Eden Lake,4,"Horror, Thriller"
tt1020558,Centurion,4,"Action, Drama, History"
tt10207710,The Gateway,2,Thriller
tt1020889,The Lighthouse,0,"Drama, War"
tt1020972,Blind Mountain,4,"Crime, Drama"
tt10218674,The Bravest,0,"Action, Drama"
tt10223460,Marry Me,1,"Comedy, Music, Romance"
tt1022603,500 Days of Summer,1,"Comedy, Drama, Romance"
tt10228168,First Love,2,"Action, Comedy, Crime"
tt10229936,Ingen skal sove,2,Thriller
tt10230590,Hashtag Blessed: The Movie,1,Family
tt1023111,Never Back Down,1,"Action, Drama, Sport"
tt1023114,The Way Back,0,"Adventure, Drama, History"
tt1023347,Universal Soldiers,2,"Action, Adventure, Sci-Fi"
tt1023481,Step Up 2: The Streets,3,"Drama, Music, Romance"
tt1023500,Doghouse,2,"Comedy, Horror, Sci-Fi"
tt10239930,D-Day: Battle of Omaha Beach,2,"Action, Drama, History"
tt10243676,After Blue,0,"Fantasy, Sci-Fi"
tt10245072,Salem's Lot,2,"Horror, Thriller"
tt1024648,Argo,0,"Biography, Drama, Thriller"
tt1025100,Gemini Man,0,"Action, Adventure, Sci-Fi"
tt10262380,Boys from County Hell,2,"Comedy, Horror"
tt10272386,The Father,4,"Drama, Mystery"
tt10275080,Agent Jade Black,2,Action
tt1027683,Kill Speed,2,"Action, Crime, Thriller"
tt10279102,4th Republic,4,Thriller
tt10279104,Hire a Woman,1,"Comedy, Romance"
tt10280276,Coolie No. 1,1,"Action, Comedy, Romance"
tt1028528,Death Proof,4,"Action, Thriller"
tt1028532,Hachi: A Dog's Tale,1,"Biography, Drama, Family"
tt10287954,Rose Island,1,"Adventure, Comedy, Drama"
tt1029234,Martyrs,4,Horror
tt1029241,Vinyan,4,"Drama, Horror, Thriller"
tt10293406,The Power of the Dog,4,"Drama, Romance, Western"
tt10295212,Shershaah,0,"Action, Biography, Drama"
tt10298810,Lightyear,3,"Animation, Action, Adventure"
tt10298840,Strange World,3,"Animation, Action, Adventure"
tt10300174,Lynn + Lucy,4,"Crime, Drama, Mystery"
tt10300286,The Redeemers,2,Action
tt10304142,Amsterdam,2,"Comedy, Drama, History"
tt10305616,Malaal,1,"Action, Drama, Romance"
tt10308634,My First Client,4,"Crime, Drama"
tt1031280,Splinter,2,"Crime, Horror, Sci-Fi"
tt10322592,Kataksha,2,Horror
tt1032755,RocknRolla,4,"Action, Crime, Thriller"
tt1032856,The Band's Visit,1,"Comedy, Drama, Music"
tt10333426,Bliss,2,"Drama, Romance, Sci-Fi"
tt1033483,Kandisha,4,"Crime, Fantasy, Horror"
tt1033643,What Happens in Vegas,1,"Comedy, Romance"
tt1034032,Gamer,0,"Action, Sci-Fi, Thriller"
tt10340562,Etharkkum Thunindhavan,0,"Action, Crime, Drama"
tt10341248,0.0 Mhz,2,Horror
tt10342914,Lair,2,"Horror, Thriller"
tt1034303,Defiance,0,"Action, Drama, History"
tt1034306,Dorothy Mills,2,"Drama, Horror, Mystery"
tt1034314,Iron Sky,1,"Action, Adventure, Comedy"
tt1034331,Righteous Kill,4,"Crime, Mystery, Thriller"
tt1034389,The Eagle,0,"Action, Adventure, Drama"
tt1034415,Suspiria,4,"Drama, Fantasy, Horror"
tt10368460,Burraco fatale,1,"Comedy, Romance"
tt10370710,The Worst Person in the World,1,"Comedy, Drama, Romance"
tt10373830,Aviva,2,"Drama, Music, Romance"
tt1037705,The Book of Eli,0,"Action, Adventure, Drama"
tt1037850,Secret,1,"Drama, Music, Romance"
tt1038043,Mammoth,2,"Drama, Romance"
tt10384908,Up the Mountain,1,"Adventure, Comedy, Drama"
tt10384944,Lassie Come Home,3,"Adventure, Drama, Family"
tt1038686,Legion,2,"Action, Fantasy, Horror"
tt1038919,The Bounty Hunter,1,"Action, Comedy, Romance"
tt1038988,REC,4,"Horror, Mystery, Thriller"
tt10399114,A Christmas Hero,1,"Drama, Family, Fantasy"
tt10408944,Romance in the Outfield: Double Play,1,Romance
tt1041829,The Proposal,1,"Comedy, Drama, Romance"
tt10419266,BoBoiBoy Movie 2,3,"Animation, Action, Adventure"
tt10419566,Superagente Makey,1,"Action, Comedy"
tt1043726,The Legend of Hercules,0,"Action, Adventure, Fantasy"
tt10449460,Romang,1,"Drama, Romance"
tt1045658,Silver Linings Playbook,3,"Comedy, Drama, Romance"
tt10457128,Summer of 85,1,"Drama, Romance"
tt1045772,I Love You Phillip Morris,2,"Biography, Comedy, Crime"
tt1046171,You and I,1,"Drama, Romance"
tt1046173,G.I. Joe: The Rise of Cobra,0,"Action, Adventure, Sci-Fi"
tt10464930,Palindrome,2,"Comedy, Drama, Thriller"
tt10469804,Teddy,2,"Comedy, Drama, Horror"
tt1046997,Miracle at St. Anna,4,"Action, Drama, War"
tt1047540,Parental Guidance,1,"Comedy, Family"
tt1048171,Seraphine,1,"Biography, Drama"
tt10483152,Unicorn Wars,4,"Animation, Action, Comedy"
tt1049413,Up,3,"Animation, Adventure, Comedy"
tt10505918,L2: Empuraan,4,"Action, Crime, Thriller"
tt10510654,The Battle: Roar to Victory,0,"Action, Drama, History"
tt10516176,Steel Rain 2,2,"Action, Drama, Thriller"
tt1051904,Goosebumps,1,"Adventure, Comedy, Fantasy"
tt1051906,The Invisible Man,4,"Drama, Horror, Mystery"
tt1053424,Repo Men,4,"Action, Sci-Fi, Thriller"
tt10534996,Josep,0,"Animation, Biography, Drama"
tt10539608,The Midnight Sky,0,"Adventure, Drama, Sci-Fi"
tt10540510,Inu-oh,3,"Animation, Drama, Fantasy"
tt1054606,The Imaginarium of Doctor Parnassus,0,"Adventure, Comedy, Fantasy"
tt10546090,House of Shadows,2,Horror
tt10548174,28 Months Later,4,Horror
tt1055292,Life as We Know It,1,"Comedy, Drama, Romance"
tt1055369,Transformers: Revenge of the Fallen,0,"Action, Adventure, Sci-Fi"
tt10554232,Dara of Jasenovac,4,"Drama, War"
tt1057500,Invictus,3,"Action, Biography, Drama"
tt10579380,AI Amok,2,"Sci-Fi, Thriller"
tt1058017,The Invention of Lying,1,"Comedy, Fantasy, Romance"
tt1059786,Eagle Eye,4,"Action, Mystery, Thriller"
tt10597934,Frequent Visitors,2,Thriller
tt1060277,Cloverfield,2,"Action, Adventure, Horror"
tt10617192,Once Upon a Lifetime,1,"Drama, Fantasy"
tt10618286,Mank,0,"Biography, Comedy, Drama"
tt10627720,Ne Zha,3,"Animation, Action, Adventure"
tt10633676,Homme Fatale,1,"Comedy, History, Romance"
tt10635042,Sailor Moon Eternal,3,"Animation, Action, Adventure"
tt1063669,The Wave,4,"Drama, Thriller"
tt10640346,Babylon,0,"Comedy, Drama, History"
tt10645682,The Jack in the Box,2,Horror
tt1064744,Dying Breed,2,"Horror, Thriller"
tt10648342,Thor: Love and Thunder,3,"Action, Adventure, Comedy"
tt1064932,Welcome to the Sticks,1,"Comedy, Romance"
tt1064976,Tu peux garder un secret?,1,"Comedy, Romance"
tt10651230,The Peasants,0,"Animation, Drama"
tt10655524,It Ends with Us,1,"Drama, Romance"
tt10656188,The Queen of Black Magic,4,"Drama, Horror, Mystery"
tt10656794,A Grand Romantic Gesture,1,"Comedy, Romance"
tt10660156,Endless Night,4,"Drama, History"
tt10665338,Halloween Kills,4,"Horror, Thriller"
tt10665342,Halloween Ends,4,"Horror, Thriller"
tt1067090,The Vampires of Zanzibar,1,"Comedy, Horror, Musical"
tt1067106,A Christmas Carol,0,"Animation, Adventure, Comedy"
tt1067583,Water for Elephants,1,"Drama, Romance"
tt10676052,Fantastic Four,3,"Action, Adventure, Sci-Fi"
tt10676120,Decline,2,Horror
tt10676126,Our River...Our Sky,0,"Drama, War"
tt10678722,Miracle on Highway 34,1,"Drama, Family"
tt1068680,Yes Man,1,"Comedy, Romance"
tt10687168,No.7 Cherry Lane,1,"Animation, Drama, Romance"
tt10691094,The Halloween Family,1,Animation
tt10691112,Lil' Monsters,1,Animation
tt10695464,The Source of Shadows,2,Horror
tt10696116,Do Not Disturb,2,Horror
tt10696784,The Harder They Fall,0,"Action, Drama, Western"
tt10698680,K.G.F: Chapter 2,0,"Action, Crime, Drama"
tt10704342,Framed,2,"Romance, Thriller"
tt1070874,The Trial of the Chicago 7,0,"Drama, History, Thriller"
tt10713340,Held,2,"Horror, Mystery, Thriller"
tt1071875,Ghost Rider: Spirit of Vengeance,2,"Action, Fantasy, Thriller"
tt1072438,Not Since You,1,"Drama, Romance"
tt1073105,The Descent: Part 2,4,"Adventure, Horror, Thriller"
tt10731256,Don't Worry Darling,4,"Drama, Thriller"
tt1073241,Nothing But the Truth,2,"Crime, Drama, Thriller"
tt1073498,Meet the Spartans,1,"Comedy, Fantasy"
tt10740584,Abigail Haunting,2,Horror
tt10740928,The Estate,2,"Comedy, Thriller"
tt1074638,Skyfall,0,"Action, Adventure, Thriller"
tt1074653,Smuggler's Ransom,2,"Drama, Thriller"
tt10750898,Fire Dragon,2,Action
tt1075113,Don't Look Back,2,"Drama, Horror, Mystery"
tt10763342,I'm Haunted,2,Horror
tt10763820,Night Teeth,2,"Action, Crime, Drama"
tt10765896,Signal 100,2,"Drama, Horror, Thriller"
tt1077258,Planet Terror,4,"Action, Comedy, Horror"
tt1077368,Dark Shadows,2,"Comedy, Fantasy, Horror"
tt1078588,My Sister's Keeper,0,"Drama, Family"
tt1078912,Night at the Museum: Battle of the Smithsonian,3,"Adventure, Comedy, Family"
tt10791152,Supereroi,1,"Comedy, Drama, Romance"
tt1080016,Ice Age: Dawn of the Dinosaurs,3,"Animation, Adventure, Comedy"
tt10810850,The Fabulous Filipino Brothers,1,"Comedy, Romance"
tt10816616,Gore Theatre 2,2,Horror
tt1082868,Quarantine,4,"Horror, Sci-Fi, Thriller"
tt1082886,The Wackness,1,"Comedy, Drama, Romance"
tt10833378,Beyond the Neon,2,"Crime, Mystery, Thriller"
tt1083452,Eddie the Eagle,3,"Adventure, Biography, Comedy"
tt10837312,The Salted Egg,1,"Animation, Action, Fantasy"
tt10838180,The Matrix Resurrections,0,"Action, Sci-Fi"
tt1084019,Kuro-obi,2,"Action, Drama, Sport"
tt1085382,Chicago Overcoat,2,"Action, Adventure, Crime"
tt10854954,Rhapsody of Love,1,"Comedy, Romance"
tt1086772,Blended,3,"Comedy, Romance"
tt10872600,Spider-Man: No Way Home,0,"Action, Adventure, Fantasy"
tt10873412,You and I,1,"Comedy, Romance"
tt1087472,Safehouse,2,"Action, Crime, Mystery"
tt1087524,Once Fallen,1,Crime
tt1087861,Kærestesorger,1,"Drama, Romance"
tt10886166,365 Days,2,"Drama, Romance"
tt10887902,I Used to Go Here,1,"Comedy, Drama, Romance"
tt1090680,Salt of This Sea,0,"Drama, Romance"
tt1091191,Lone Survivor,0,"Action, Biography, Drama"
tt1091722,Adventureland,1,"Comedy, Drama, Romance"
tt1091840,Sam and Nargess,2,"Drama, Romance"
tt10919380,Freaky,1,"Comedy, Horror, Thriller"
tt1091992,A French Gigolo,1,"Drama, Romance"
tt1092026,Paul,1,"Adventure, Comedy, Sci-Fi"
tt10929084,Parched 2: Hangry,2,Horror
tt10931784,Nanny,4,"Drama, Horror"
tt1093357,The Darkest Hour,2,"Action, Adventure, Horror"
tt1093370,Jab We Met,3,"Comedy, Drama, Romance"
tt1093908,Confessions of a Shopaholic,1,"Comedy, Romance"
tt10944760,Titane,4,"Drama, Horror, Sci-Fi"
tt10945288,Le loup et le lion,1,"Adventure, Drama, Family"
tt1095174,New in Town,1,"Comedy, Romance"
tt1095217,The Bad Lieutenant: Port of Call - New Orleans,4,"Crime, Drama"
tt10952782,Malasaña 32,2,"Horror, Mystery"
tt10954652,Old,4,"Drama, Horror, Mystery"
tt10954984,Nope,0,"Horror, Mystery, Sci-Fi"
tt10955148,Rising Free,1,"Drama, History"
tt10962368,Things Heard & Seen,4,"Drama, Horror, Mystery"
tt10963790,The Knight and the Princess,3,"Animation, Adventure, Comedy"
tt1097013,Next Day Air,2,"Action, Comedy, Crime"
tt1098327,Dragonball Evolution,1,"Action, Adventure, Fantasy"
tt10984206,On the 3rd Day,4,"Drama, Fantasy, Horror"
tt10989240,Night Drive,2,"Crime, Thriller"
tt10989808,Beckman,2,Action
tt1099212,Twilight,1,"Drama, Fantasy, Romance"
tt10999120,Spirited,3,"Comedy, Family, Musical"
tt1100089,Foxcatcher,4,"Biography, Drama, History"
tt11003218,Pig,0,"Drama, Mystery"
tt11005128,Into the Deep,2,Thriller
tt11009666,Miss Marx,0,"Biography, Drama, History"
tt11011508,Dispatched,1,"Action, Drama"
tt11013434,"My Donkey, My Lover & I",1,"Adventure, Comedy, Romance"
tt11015752,"Paw Patrol: Ready, Race, Rescue!",3,"Animation, Family"
tt11023720,Tenali Ramakrishna BA.BL,1,"Action, Comedy, Drama"
tt1103153,Killers,1,"Action, Comedy, Romance"
tt11033942,Bookworm and the Beast,1,Romance
tt1104001,Tron: Legacy,0,"Action, Adventure, Sci-Fi"
tt1104052,The Commune,2,"Comedy, Horror, Mystery"
tt11050886,The Only Way Out,2,"Mystery, Thriller"
tt11050992,A Creature was Stirring,4,Horror
tt11051582,Cemetery,2,Adventure
tt11051974,Your Eyes Tell,1,"Drama, Romance"
tt11052678,The Silent Twins,4,"Biography, Drama"
tt11056910,The Stylist,4,"Drama, Horror"
tt1107860,The Maiden Heist,1,"Comedy, Crime"
tt11082246,Toothfairy 2,2,Horror
tt11083552,Wrath of Man,4,"Action, Crime, Thriller"
tt11084432,My Heart Can't Beat Unless You Tell It To,2,"Drama, Horror"
tt11086254,The Alpha Test,2,"Horror, Sci-Fi, Thriller"
tt1109624,Paddington,3,"Adventure, Comedy, Family"
tt11101622,Plantados,2,"Drama, History"
tt11102314,Tribhanga,1,"Drama, Family"
tt1111422,The Taking of Pelham 123,4,"Action, Crime, Thriller"
tt1111876,Balibo,4,"Biography, Drama, History"
tt1111890,Diary of a Nymphomaniac,2,"Drama, Romance"
tt11125620,The Addams Family 2,1,"Animation, Adventure, Comedy"
tt11125636,"Yakari, a Spectacular Journey",3,"Animation, Adventure, Family"
tt11127256,Choke,2,"Horror, Thriller"
tt11127380,Amazing Aliens,1,Animation
tt11127690,The Paramedic,4,"Adventure, Crime, Drama"
tt11127878,Milea,1,"Drama, Romance"
tt11130102,The Investigation: A Haunting in Sherwood,2,Horror
tt11137336,The Beauty,1,Romance
tt11138512,The Northman,0,"Action, Adventure, Drama"
tt1114740,Paul Blart: Mall Cop,3,"Action, Comedy, Crime"
tt11154906,Out of My League,1,"Comedy, Drama, Romance"
tt1116182,Affinity,2,"Drama, Romance"
tt11166382,The Third Saturday in October Part V,2,"Comedy, Horror"
tt11170782,Dilly Loves Kitty,1,"Comedy, Romance, Western"
tt1117385,Felon,4,"Crime, Thriller"
tt11177556,The Amityville Harvest,2,"Horror, Thriller"
tt11185940,15 Things You Didn't Know About Bigfoot (#1 Will Blow Your Mind),1,"Adventure, Comedy, Horror"
tt11188560,A Taste of Hunger,2,"Drama, Romance"
tt11199356,Bheeshma,1,"Action, Comedy, Romance"
tt11203022,Sex Appeal,1,"Comedy, Drama, Romance"
tt11203346,Barbara Reimagined,2,Horror
tt1120897,Dhan Dhana Dhan Goal,1,"Drama, Sport, Thriller"
tt1120985,Blue Valentine,2,"Drama, Romance"
tt11210390,Asterix & Obelix: The Middle Kingdom,3,"Adventure, Comedy, Family"
tt1121096,Seventh Son,0,"Action, Adventure, Fantasy"
tt11214590,House of Gucci,4,"Biography, Crime, Drama"
tt11219254,We Made a Beautiful Bouquet,1,"Drama, Romance"
tt1121931,Crank: High Voltage,2,"Action, Crime, Thriller"
tt1121948,The Killer,2,Action
tt1122863,Pacar Ketinggalan Kereta,1,"Drama, Romance"
tt11233960,The Unforgivable,4,"Crime, Drama"
tt1124035,The Ides of March,4,"Drama, Thriller"
tt1124037,Free State of Jones,0,"Action, Biography, Drama"
tt1124396,Gitler kaput!,1,"Action, Adventure, Comedy"
tt11245972,Scream,4,"Horror, Mystery, Thriller"
tt1125849,The Wrestler,2,"Drama, Sport"
tt1126590,Big Eyes,0,"Biography, Crime, Drama"
tt1126591,Burlesque,3,"Drama, Music, Musical"
tt1126618,Morning Glory,1,"Comedy, Drama, Romance"
tt11271038,Licorice Pizza,3,"Comedy, Drama, Romance"
tt1127180,Drag Me to Hell,4,Horror
tt1127855,Wide Awake,4,"Drama, Thriller"
tt11280556,The Madness Inside Me,2,"Drama, Horror, Thriller"
tt1128075,Love Exposure,0,"Action, Comedy, Drama"
tt11286314,Don't Look Up,0,"Comedy, Drama, Sci-Fi"
tt11287390,Al Acecho,2,Thriller
tt11291274,The Unbearable Weight of Massive Talent,1,"Action, Comedy, Crime"
tt1129423,Fireproof,1,"Drama, Romance"
tt1129442,Transporter 3,2,"Action, Adventure, Thriller"
tt1130080,The Informant!,2,"Biography, Comedy, Crime"
tt1130884,Shutter Island,4,"Mystery, Thriller"
tt11310884,History of the Occult,4,Horror
tt11316596,End Survival,2,Horror
tt1131734,Jennifer's Body,2,"Comedy, Horror"
tt11317408,Liao bu qi de lao ba,1,"Comedy, Drama, Sport"
tt11322942,Be Our Guests,2,Horror
tt1132620,The Girl with the Dragon Tattoo,4,"Crime, Drama, Mystery"
tt1132626,Saw V,4,"Crime, Horror, Thriller"
tt11326928,Friends Family & Lovers,1,"Comedy, Drama, Romance"
tt1133985,Green Lantern,3,"Action, Adventure, Sci-Fi"
tt11343320,Body of Night,2,"Drama, Thriller"
tt1134854,Survival of the Dead,2,"Comedy, Drama, Horror"
tt1135084,Takers,2,"Action, Crime, Drama"
tt1135092,The Limits of Control,2,"Crime, Drama, Mystery"
tt1135487,Duplicity,2,"Comedy, Crime, Romance"
tt1135503,Julie & Julia,3,"Biography, Drama, Romance"
tt1135952,White Material,4,"Drama, War"
tt1135985,Sex Drive,1,"Comedy, Romance"
tt1135992,Wonderful Town,2,"Drama, Romance"
tt1136608,District 9,0,"Action, Sci-Fi, Thriller"
tt1137450,Death Wish,2,"Action, Crime, Drama"
tt11388406,Horse Girl,2,"Drama, Mystery, Thriller"
tt11388416,Ida Red,2,"Drama, Thriller, Western"
tt11389872,Kingdom of the Planet of the Apes,0,"Action, Sci-Fi"
tt1139282,Stolen,2,"Crime, Drama, Mystery"
tt1139319,A Film with Me in It,2,"Comedy, Thriller"
tt1139328,The Ghost Writer,4,"Crime, Drama, Mystery"
tt11394332,Spree,4,"Action, Comedy, Crime"
tt1139797,Let the Right One In,4,"Drama, Fantasy, Horror"
tt11412892,Autumn Girl,1,"Biography, Drama, Musical"
tt11417886,The Intruder,2,"Horror, Thriller"
tt11426228,Spirit Halloween,1,"Adventure, Family, Fantasy"
tt1142977,Frankenweenie,3,"Animation, Comedy, Drama"
tt1142988,The Ugly Truth,1,"Comedy, Romance"
tt1144804,Kambakkht Ishq,1,"Action, Comedy, Romance"
tt1144884,The Final Destination,2,"Horror, Thriller"
tt11458170,Cannibal Lake,2,Horror
tt11460816,Will-o'-the-Wisp,1,"Comedy, Fantasy, Musical"
tt11465692,C.I.Ape,1,"Comedy, Family"
tt1147687,The Devil's Tomb,2,"Action, Horror, Sci-Fi"
tt1148204,Orphan,4,"Horror, Mystery, Thriller"
tt11482948,Schemes in Antiques,0,"Action, Adventure, Comedy"
tt1149362,The White Ribbon,4,"Drama, Mystery, Thriller"
tt1151915,Nothing Like the Holidays,1,"Comedy, Drama, Romance"
tt1152398,Beastly,1,"Drama, Fantasy, Romance"
tt1152836,Public Enemies,4,"Action, Biography, Crime"
tt1153543,The Coverup,2,"Crime, Drama, Mystery"
tt11547520,Kalashnikov,1,"Biography, War"
tt1155056,"I Love You, Man",1,"Comedy, Romance"
tt1155076,The Karate Kid,3,"Action, Drama, Family"
tt11560730,Windstorm: The Great Hurricane,1,"Adventure, Family"
tt1156398,Zombieland,1,"Action, Comedy, Horror"
tt11564214,End Game,1,"Action, Comedy, Crime"
tt11564570,Glass Onion,0,"Comedy, Crime, Drama"
tt1156505,Park Benches,1,"Comedy, Romance"
tt11573276,Outpost,2,Horror
tt1157547,La Bohème,1,"Music, Romance"
tt11575888,Wolfwood,2,Horror
tt11580944,Seetimaarr,1,"Action, Drama, Sport"
tt1158254,Gita Cinta dari SMA,1,Romance
tt11589366,Don't Say Its Name,2,Horror
tt11591424,The Stay,2,"Drama, Horror, Mystery"
tt1159922,Cheerful Weather for the Wedding,1,"Comedy, Drama, Romance"
tt1160374,Sweatshop,2,Horror
tt1160419,Dune,0,"Action, Adventure, Drama"
tt11604676,Nayattu,4,"Crime, Thriller"
tt1160525,Pokémon: Giratina and the Sky Warrior,3,"Animation, Action, Adventure"
tt11609692,The Flood,2,"Drama, History, Western"
tt1160996,The Colony,2,"Action, Horror, Sci-Fi"
tt1161864,The Rite,2,"Drama, Horror, Mystery"
tt11631452,Kissing Game,2,Thriller
tt1164999,Biutiful,0,"Drama, Romance"
tt11654032,Boonie Bears: The Wild Life,1,Animation
tt11655202,Riders of Justice,0,"Action, Comedy, Drama"
tt11656220,Midnight in the Switchgrass,2,"Action, Crime, Thriller"
tt1166100,Ghajini,4,"Action, Drama, Mystery"
tt11662660,Quantum Cowboys,2,"Animation, Comedy, Sci-Fi"
tt11666128,Potter's Ground,2,"Drama, Thriller, Western"
tt11685574,Shifter,2,"Horror, Sci-Fi, Thriller"
tt11695654,Uncle Peckerhead,1,"Comedy, Horror, Music"
tt1169841,Return of Hanuman,1,"Animation, Action, Adventure"
tt11698800,Enys Men,4,Horror
tt11703050,The House,4,"Animation, Comedy, Drama"
tt1170358,The Hobbit: The Desolation of Smaug,0,Fantasy
tt1170399,C Kkompany,1,"Comedy, Drama, Thriller"
tt1172233,Whip It,3,"Drama, Sport"
tt1172570,Bronson,4,"Action, Crime, Drama"
tt11727052,The Closet,2,"Horror, Mystery"
tt11727866,Catherine Called Birdy,3,Adventure
tt11730914,Maaran,2,"Action, Thriller"
tt11747286,One in a Thousand,1,"Drama, Romance"
tt11754464,Whipped,1,"Comedy, Drama, Romance"
tt11755740,Texas Chainsaw Massacre,2,"Crime, Horror, Thriller"
tt11762434,Cosmic Sin,2,"Action, Sci-Fi"
tt11764870,Tears of the Clown,2,"Horror, Thriller"
tt1176733,Murder Loves Killers Too,2,"Horror, Thriller"
tt11767552,O Pitta Katha,2,"Drama, Thriller"
tt11775236,Acts of Revenge,2,"Crime, Drama, Mystery"
tt1178663,Whatever Works,1,"Comedy, Romance"
tt1179034,From Paris with Love,2,"Action, Crime, Thriller"
tt1179056,A Nightmare on Elm Street,4,"Crime, Drama, Horror"
tt1179064,Oral Fixation,2,Thriller
tt1179069,6 Souls,4,"Horror, Thriller"
tt1179904,Paranormal Activity,2,"Horror, Mystery"
tt11799110,Take Back,2,"Action, Thriller"
tt1179933,10 Cloverfield Lane,4,"Drama, Horror, Mystery"
tt11810546,Beyond the Dream,2,"Drama, Romance"
tt11819890,Pokémon the Movie: Secrets of the Jungle,3,"Animation, Action, Adventure"
tt11820950,The Portable Door,1,Fantasy
tt11821034,Vibration,2,Horror
tt1182345,Moon,4,"Drama, Mystery, Sci-Fi"
tt1182609,Direct Contact,2,"Action, Thriller"
tt1183276,The Horde,2,"Action, Horror"
tt1183911,Mr. Nice,1,"Biography, Comedy, Crime"
tt1183946,The Stoneman Murders,2,"Crime, Drama, Mystery"
tt11847606,Honey Girls,1,"Comedy, Family, Music"
tt1185416,When in Rome,1,"Comedy, Romance"
tt1185834,Star Wars: The Clone Wars,1,"Animation, Action, Adventure"
tt1186367,Ninja Assassin,0,"Action, Thriller"
tt11866324,Prey,0,"Action, Adventure, Drama"
tt1186830,Agora,0,"Adventure, Biography, Drama"
tt1187064,Triangle,4,"Fantasy, Mystery, Sci-Fi"
tt1188729,Pandorum,4,"Action, Horror, Mystery"
tt1188982,Jai Ho,1,"Action, Drama"
tt1188996,My Name Is Khan,1,"Adventure, Drama, Romance"
tt1189073,The Skin I Live In,4,"Drama, Horror, Mystery"
tt1189076,Ricky,1,"Comedy, Drama, Fantasy"
tt11890910,Homecoming Massacre,2,Horror
tt1189340,The Lincoln Lawyer,4,"Crime, Drama, Mystery"
tt1190072,The Hunter,4,"Drama, Thriller"
tt1190080,2012,0,"Action, Adventure, Sci-Fi"
tt1190539,The Chaser,4,"Action, Crime, Drama"
tt11905698,Vampir,2,"Drama, Horror, Mystery"
tt11905962,Sputnik,4,"Drama, Horror, Mystery"
tt1191111,Enter the Void,4,"Drama, Fantasy"
tt11917942,Wife of a Spy,0,"Drama, History, War"
tt1191971,Zone of the Dead,2,"Action, Horror, Sci-Fi"
tt11924738,The Perfect Family,1,"Adventure, Comedy"
tt1192612,Kuchisake-onna 2,4,"Drama, Horror"
tt1192620,Call of the Wild,1,"Adventure, Drama, Family"
tt1192628,Rango,3,"Animation, Action, Adventure"
tt1193138,Up in the Air,1,"Comedy, Drama, Romance"
tt1193622,Bled White,2,Horror
tt1194104,Bujjigaadu: Made in Chennai,1,"Action, Drama, Romance"
tt1194173,The Bourne Legacy,4,"Action, Adventure, Thriller"
tt11947158,Ek Villain Returns,2,"Action, Crime, Romance"
tt11953194,Hey Sinamika,1,"Drama, Romance"
tt1195478,The Five-Year Engagement,1,"Comedy, Drama, Romance"
tt11958344,A Whisker Away,3,"Animation, Adventure, Drama"
tt1196340,Inhale,2,"Drama, Thriller"
tt1196956,One Chance,1,"Biography, Comedy, Drama"
tt1197624,Law Abiding Citizen,4,"Action, Crime, Drama"
tt1197628,Observe and Report,2,"Comedy, Crime, Drama"
tt11976532,Vengeance,2,"Comedy, Mystery, Thriller"
tt11992694,Corsage,0,"Biography, Drama, History"
tt12013758,Sulla Stessa Onda,1,"Drama, Romance, Sport"
tt1201607,Harry Potter and the Deathly Hallows: Part 2,0,"Adventure, Family, Fantasy"
tt1204342,The Muppets,3,"Adventure, Comedy, Family"
tt12044426,Dheet Patangey,1,"Drama, Romance, Sport"
tt1205537,Jack Ryan: Shadow Recruit,2,"Action, Drama, Thriller"
tt12059016,Red Snow,2,"Comedy, Horror, Thriller"
tt12060242,Airborne,2,"Action, Adventure, Crime"
tt1206543,Out of the Furnace,4,"Action, Crime, Drama"
tt1206885,Rambo: Last Blood,4,"Action, Crime, Thriller"
tt1210042,Brooklyn's Finest,4,"Action, Crime, Drama"
tt1210166,Moneyball,0,"Biography, Drama, Sport"
tt1210819,The Lone Ranger,0,"Action, Adventure, Western"
tt1211837,Doctor Strange,0,"Action, Adventure, Fantasy"
tt1211956,Escape Plan,4,"Action, Thriller"
tt1212419,Hereafter,1,"Drama, Fantasy, Romance"
tt1212428,The Lost City of Z,0,"Adventure, Biography, Drama"
tt1212450,Lawless,0,"Biography, Crime, Drama"
tt1213641,First Man,0,"Biography, Drama, History"
tt1213644,Disaster Movie,1,"Comedy, Sci-Fi"
tt1213663,The World's End,0,"Action, Comedy, Sci-Fi"
tt1213856,Voices,2,"Crime, Drama, Horror"
tt1214946,Anubis: Het pad der 7 zonden,1,"Family, Mystery"
tt1216475,Cars 2,3,"Animation, Adventure, Comedy"
tt1216487,The Girl Who Played with Fire,4,"Action, Crime, Drama"
tt1216492,Leap Year,1,"Comedy, Romance"
tt1216496,Mother,4,"Crime, Drama, Mystery"
tt12166434,The Inglorious Serfs,1,"Action, Adventure, Comedy"
tt1217209,Brave,3,"Animation, Adventure, Comedy"
tt1217301,Mob Rules,2,"Action, Crime, Thriller"
tt12174436,Let's Not Meet in the Woods,2,Thriller
tt1217613,Battle Los Angeles,2,"Action, Adventure, Sci-Fi"
tt1219289,Limitless,2,"Sci-Fi, Thriller"
tt1219342,Legend of the Guardians: The Owls of Ga'Hoole,3,"Animation, Action, Adventure"
tt1219827,Ghost in the Shell,0,"Action, Crime, Drama"
tt1220198,The Fourth Kind,4,"Horror, Mystery, Sci-Fi"
tt1220634,Resident Evil: Afterlife,0,"Action, Horror, Sci-Fi"
tt1220719,Ip Man,0,"Action, Biography, Drama"
tt1221141,La mujer sin cabeza,4,"Drama, Mystery, Thriller"
tt1222817,Zookeeper,1,"Comedy, Family, Fantasy"
tt12246076,They Turned Us Into Killers,2,Horror
tt12258280,Under the Sea,1,"Animation, Family"
tt1226273,Edge of Darkness,4,"Action, Drama, Thriller"
tt12264966,Notre-Dame on Fire,0,"Biography, Drama, Thriller"
tt1226753,The Debt,4,"Drama, Thriller"
tt1226770,He's on My Mind,1,"Comedy, Romance"
tt1226837,Beautiful Boy,0,"Biography, Drama"
tt12282598,Intuition,2,"Crime, Drama, Mystery"
tt1228705,Iron Man 2,0,"Action, Sci-Fi"
tt1228953,Big Fan,2,"Comedy, Crime, Drama"
tt1228987,Let Me In,4,"Drama, Fantasy, Horror"
tt1229238,Mission: Impossible - Ghost Protocol,0,"Action, Adventure, Thriller"
tt1229822,Jane Eyre,0,"Drama, Romance"
tt12298506,Black Box,4,"Horror, Mystery, Sci-Fi"
tt1230204,A Turtle's Tale: Sammy's Adventures,1,"Animation, Adventure, Family"
tt1230213,Bound to Vengeance,4,"Horror, Thriller"
tt12302540,Wicked,3,"Drama, Fantasy, Romance"
tt1230385,The Yellow Sea,4,"Action, Crime, Drama"
tt1230414,It's Complicated,1,"Comedy, Drama, Romance"
tt1231587,Hot Tub Time Machine,1,"Comedy, Sci-Fi"
tt1232829,21 Jump Street,1,"Action, Comedy, Crime"
tt1233227,Saw VI,4,"Horror, Mystery, Thriller"
tt1233290,Hanni & Nanni,1,"Adventure, Drama, Family"
tt1234548,The Men Who Stare at Goats,1,"Comedy, War"
tt1234554,The Murder Farm,4,"Crime, Drama, Horror"
tt1234654,Greenberg,2,"Comedy, Drama, Romance"
tt1234719,Red Dawn,2,"Action, Drama"
tt1234721,RoboCop,0,"Action, Crime, Sci-Fi"
tt1235124,Dorian Gray,4,"Drama, Fantasy, Mystery"
tt1235142,Last Ride,2,"Crime, Drama"
tt1235166,A Prophet,4,"Crime, Drama"
tt1235522,Broken City,4,"Action, Crime, Drama"
tt1235536,Lucky Luke,1,"Adventure, Comedy, Western"
tt1235830,Chico & Rita,1,"Animation, Crime, Drama"
tt12361974,Zack Snyder's Justice League,0,"Action, Adventure, Fantasy"
tt1236484,Stoic,2,"Crime, Drama"
tt1240982,Your Highness,3,"Action, Adventure, Comedy"
tt1241226,Locker 13,2,Thriller
tt12412888,Sonic the Hedgehog 2,3,"Action, Adventure, Comedy"
tt1241317,Death Note,4,"Crime, Drama, Fantasy"
tt1242422,Celda 211,4,"Action, Adventure, Crime"
tt1242432,I Spit on Your Grave,4,"Horror, Thriller"
tt1242460,We Need to Talk About Kevin,4,"Drama, Mystery, Thriller"
tt12427158,A Thousand and One,0,"Crime, Drama"
tt1243930,Dachimawa Lee,1,"Action, Adventure, Comedy"
tt1243957,The Tourist,0,"Action, Thriller"
tt1243974,Aloha,1,"Comedy, Drama, Romance"
tt12447796,Unwelcome,2,Horror
tt1245112,[Rec]²,4,"Horror, Thriller"
tt1245492,This Is the End,1,"Comedy, Fantasy"
tt1245526,RED,2,"Action, Comedy, Crime"
tt1247662,The Good Guy,1,"Comedy, Romance"
tt1250777,Kick-Ass,0,"Action, Comedy, Crime"
tt1251735,Justin Time,1,"Adventure, Family"
tt12536294,Spencer,0,"Biography, Drama"
tt12536776,Dark Forces,2,"Action, Horror, Mystery"
tt1253863,300: Rise of an Empire,0,"Action, Drama"
tt1253864,Immortals,0,"Action, Drama, Fantasy"
tt12539758,Living in Bondage: Breaking Free,4,"Drama, Fantasy"
tt1254249,Snakes and Earrings,2,Thriller
tt1254322,The Girl King,2,"Biography, Drama, History"
tt1254956,From Inside,2,"Animation, Horror"
tt1255953,Incendies,4,"Drama, Mystery"
tt12572792,Okay Madam,1,"Action, Comedy"
tt12579120,The Hole in the Fence,2,"Drama, Thriller"
tt1258197,Exam,4,"Crime, Horror, Mystery"
tt1258972,The Man with the Iron Fists,0,Action
tt12592252,Songbird,2,"Drama, Sci-Fi, Thriller"
tt12593682,Bullet Train,0,"Action, Comedy, Thriller"
tt1259521,The Cabin in the Woods,4,"Horror, Mystery, Thriller"
tt1259528,Den of Thieves,4,"Action, Crime, Drama"
tt1259571,The Twilight Saga: New Moon,1,"Adventure, Drama, Fantasy"
tt1260365,On the Inside,2,"Drama, Thriller"
tt1261041,2:22,2,"Crime, Drama, Thriller"
tt12615474,Two by Two: Overboard!,1,"Animation, Adventure, Comedy"
tt1261945,Sex and the City 2,1,"Comedy, Drama, Romance"
tt1262416,Scream 4,4,"Comedy, Horror, Mystery"
tt1263670,Crazy Heart,3,"Drama, Music, Romance"
tt1263679,Firaaq,4,"Drama, History, Thriller"
tt1266139,Mexican Gangster,2,Action
tt1267297,Hercules,0,"Action, Adventure, Fantasy"
tt1268799,A Very Harold & Kumar Christmas,1,"Adventure, Comedy"
tt12695436,Corontina 19,2,Thriller
tt1270262,The Devil's Double,4,"Biography, Drama, Thriller"
tt1270797,Venom,0,"Action, Adventure, Sci-Fi"
tt1270798,X: First Class,0,"Action, Sci-Fi"
tt1270850,The Waiting City,1,"Drama, Romance"
tt12714786,Just Caught a Body,2,"Action, Crime, Drama"
tt1272041,My Queen Karo,1,"Drama, Romance"
tt1272878,2 Guns,2,"Action, Thriller"
tt1272886,Small Apartments,2,"Comedy, Crime, Drama"
tt1273235,A Serbian Film,4,"Horror, Mystery, Thriller"
tt12735282,The Reef: Stalked,2,"Horror, Thriller"
tt1273678,The Spy Next Door,1,"Action, Comedy, Family"
tt12739994,The 100 Candles Game,2,Horror
tt1275521,Babine,1,"Adventure, Drama, Fantasy"
tt1276104,Looper,4,"Action, Drama, Sci-Fi"
tt1277953,Madagascar 3: Europe's Most Wanted,3,"Animation, Adventure, Comedy"
tt1278340,Dead Snow,2,"Comedy, Fantasy, Horror"
tt12789558,Belfast,3,"Biography, Drama"
tt1279935,Date Night,1,"Comedy, Crime, Romance"
tt12799402,Athens County Massacre,2,Horror
tt12801262,Luca,3,"Animation, Adventure, Comedy"
tt12801374,Under the Open Sky,0,"Crime, Drama"
tt12802016,7 Sins,2,Horror
tt12802546,Vera,2,"Drama, History, Thriller"
tt1280558,A Wednesday,4,"Action, Crime, Drama"
tt12814530,"Theoretically, a paranoid conspiratorial phone call",2,"Action, Adventure, Comedy"
tt1282140,Easy A,1,"Comedy, Drama, Romance"
tt12829958,The Old Ways,4,"Drama, Fantasy, Horror"
tt12844910,Pathaan,0,"Action, Adventure, Drama"
tt1284575,Bad Teacher,1,"Comedy, Romance"
tt1285016,The Social Network,0,"Biography, Drama"
tt12850216,Unidentified Objects,1,"Comedy, Drama, Sci-Fi"
tt12874984,Saakini Daakini,1,"Action, Comedy"
tt12885272,Diana,0,"Biography, Drama, Musical"
tt1288558,Evil Dead,4,Horror
tt12889404,Cyrano,0,"Drama, Musical, Romance"
tt1289401,Ghostbusters: Answer the Call,1,"Action, Comedy, Fantasy"
tt1289406,Harry Brown,4,"Action, Crime, Drama"
tt1290138,Frank & Lola,2,"Crime, Drama, Romance"
tt1291150,Teenage Mutant Ninja Turtles,3,"Action, Adventure, Comedy"
tt1291570,Solace,4,"Crime, Drama, Mystery"
tt1291584,Warrior,0,"Action, Drama, Sport"
tt1292566,How to Be Single,1,"Comedy, Drama, Romance"
tt12934256,A Reflection of Evil,2,Thriller
tt1293847,xXx: Return of Xander Cage,0,"Action, Adventure, Thriller"
tt1294213,Solitary Man,2,"Comedy, Drama, Romance"
tt1294226,The Last Song,3,"Drama, Music, Romance"
tt1294688,Last Night,2,"Drama, Romance"
tt1296068,Duo biao,1,Action
tt1296899,Wake Wood,2,"Drama, Horror, Thriller"
tt12969446,Monster Class: Halloween,1,Family
tt12969650,Bigfoot vs the Illuminati,2,"Animation, Horror, Sci-Fi"
tt1297919,Blitz,2,"Action, Crime, Thriller"
tt12981586,Avenger Dogs Christmas,1,Animation
tt1298644,The Hustle,1,"Comedy, Crime"
tt1298649,The Watch,1,"Comedy, Sci-Fi"
tt1298650,Pirates of the Caribbean: On Stranger Tides,0,"Action, Adventure, Fantasy"
tt12996154,365 Days: This Day,1,"Drama, Romance"
tt1300851,The Boondock Saints II: All Saints Day,2,"Action, Thriller"
tt1300854,Iron Man Three,0,"Action, Adventure, Sci-Fi"
tt13017204,The Fable: The Killer Who Doesn't Kill,2,"Action, Comedy, Mystery"
tt1302006,The Irishman,4,"Biography, Crime, Drama"
tt1302011,Kung Fu Panda 2,3,"Animation, Action, Adventure"
tt13021476,"Es ist nur eine Phase, Hase",1,"Comedy, Drama, Romance"
tt13024674,Army of Thieves,0,"Action, Comedy, Crime"
tt1303902,Someone's Knocking at the Door,2,"Fantasy, Horror"
tt13051108,The Fallen Bridge,2,"Crime, Drama"
tt13056108,Concrete_savanna,2,Horror
tt1305806,The Secret in Their Eyes,4,"Drama, Mystery, Romance"
tt13067292,Rogue Hostage,2,"Action, Thriller"
tt1306980,50/50,1,"Comedy, Drama, Romance"
tt13070038,After Ever Happy,1,"Drama, Romance"
tt1307068,Seeking a Friend for the End of the World,1,"Adventure, Comedy, Drama"
tt1308144,Nowhere to Hide,2,"Action, Horror, Mystery"
tt13084926,The Blue Whale,2,"Drama, Thriller"
tt13086130,Soulmate,1,"Drama, Romance"
tt1308729,Bullet to the Head,2,"Action, Crime, Thriller"
tt1308745,The Absent,2,"Horror, Thriller"
tt1309557,Eamon,1,"Comedy, Romance"
tt13098590,Fear Below,2,"Action, Adventure, Horror"
tt13103212,Irul,4,"Mystery, Thriller"
tt13105536,Gatham,4,Thriller
tt1310653,Man from Shaolin,1,"Action, Drama"
tt13106900,All Because of You,1,"Action, Comedy, Romance"
tt13107908,Paw Patrol: Jet to the Rescue,3,"Animation, Adventure, Family"
tt1311093,The Gold Retrievers,1,"Adventure, Comedy, Family"
tt13124286,Rise of the Scarecrows: Hell on Earth,2,Horror
tt13129114,Woman of the Photographs,1,"Horror, Romance, Thriller"
tt13130532,Footfairy,4,"Crime, Thriller"
tt13131232,Mission Majnu,0,"Action, Drama, History"
tt13131610,Bholaa Shankar,1,"Action, Drama"
tt13132558,Shark Encounters of the Third Kind,1,Horror
tt13141250,The Ritual Killer,2,Thriller
tt1314237,Les beaux gosses,1,"Comedy, Drama, Romance"
tt1314242,To kako - Stin epohi ton iroon,2,"Comedy, Horror"
tt13145186,Olga,2,"Drama, Sport"
tt1314655,Devil,4,"Horror, Mystery, Thriller"
tt13155940,My Village People,1,"Comedy, Fantasy"
tt1315981,A Single Man,0,"Crime, Drama, Romance"
tt1316622,Wrecked,2,"Adventure, Drama, Mystery"
tt1318514,Rise of the Planet of the Apes,0,"Action, Drama, Sci-Fi"
tt13186470,8ight After,2,Horror
tt1320239,Burke and Hare,2,"Comedy, Crime, History"
tt1320253,The Expendables,2,"Action, Adventure, Thriller"
tt1320261,Gulliver's Travels,1,"Adventure, Comedy, Family"
tt13206926,Joji,4,"Crime, Drama"
tt13207508,Swan Song,0,"Drama, Romance, Sci-Fi"
tt1321511,Oldboy,4,"Action, Drama, Mystery"
tt1321870,Gangster Squad,0,"Action, Crime, Drama"
tt13225546,The Venus Effect,1,"Comedy, Drama, Romance"
tt1323045,Frozen,2,"Adventure, Drama, Mystery"
tt1323594,Despicable Me,3,"Animation, Adventure, Comedy"
tt1323973,The Trials of Cate McCall,2,"Crime, Drama"
tt13240610,Night of the Tommyknockers,2,"Drama, Horror, Western"
tt1324999,The Twilight Saga: Breaking Dawn - Part 1,1,"Adventure, Drama, Fantasy"
tt1325004,The Twilight Saga: Eclipse,3,"Action, Adventure, Drama"
tt13260780,Night of the Zomghouls,2,Horror
tt13266998,Bull,4,"Crime, Thriller"
tt13269536,Girl in the Basement,2,"Crime, Thriller"
tt1327194,The Lucky One,1,"Drama, Mystery, Romance"
tt1327773,The Butler,0,"Biography, Drama"
tt13288972,Pets 2,1,"Animation, Comedy, Family"
tt1328913,Preacher's Kid,1,"Drama, Music, Romance"
tt1329454,Vengeance,4,"Action, Crime, Thriller"
tt1329457,Gainsbourg: A Heroic Life,0,"Biography, Drama, Music"
tt13309978,Superhost,2,"Comedy, Horror, Thriller"
tt1331064,Paper Heart,1,"Comedy, Drama, Romance"
tt13310936,Thimmarusu: Assignment Vali,2,"Crime, Drama, Thriller"
tt1331291,5150 Elm's Way,2,"Drama, Horror, Thriller"
tt13314558,Day Shift,1,"Action, Comedy, Fantasy"
tt13316820,Boy Meets Boy,1,"Drama, Romance"
tt13320622,The Lost City,1,"Action, Adventure, Comedy"
tt13321244,Caste,0,"Drama, History"
tt1332134,King of Devil's Island,4,"Action, Drama"
tt13330168,When Darkness Falls,2,"Crime, Mystery, Thriller"
tt1334260,Never Let Me Go,0,"Drama, Romance, Sci-Fi"
tt1334535,Hold,2,"Drama, Thriller"
tt1334553,The Perfect Host,4,"Comedy, Crime, Thriller"
tt13349892,Kompromat,4,"Drama, Thriller"
tt13357236,Food and Romance,1,"Comedy, Drama, Romance"
tt1335975,47 Ronin,0,"Action, Drama, Fantasy"
tt1336006,The Revenant,2,"Comedy, Fantasy, Horror"
tt13361442,Last of the Grads,2,"Drama, Horror"
tt1336608,Rock of Ages,1,"Comedy, Drama, Musical"
tt1337032,Trailer Park Boys: Countdown to Liquor Day,1,"Comedy, Crime"
tt13382698,Trigger Point,2,"Action, Mystery, Thriller"
tt13388260,The Devil Came Home,2,Horror
tt1339161,Der Räuber,4,"Biography, Crime, Drama"
tt13391708,The Five Devils,2,"Drama, Fantasy, Romance"
tt1339302,"Bleach: Fade to Black, I Call Your Name",1,"Animation, Action, Drama"
tt13393058,Ben & Jody,2,"Action, Adventure, Drama"
tt13393728,The Con-Heartist,1,"Comedy, Romance"
tt13395224,Country Gold,1,"Comedy, Fantasy"
tt1340138,Terminator Genisys,0,"Action, Adventure, Sci-Fi"
tt1340800,Tinker Tailor Soldier Spy,4,"Drama, Mystery, Thriller"
tt13410380,Bedroom Story,2,"Comedy, Romance"
tt1341167,Four Lions,2,"Comedy, Crime, Drama"
tt1341188,How Do You Know,1,"Comedy, Drama, Romance"
tt1341340,A Warrior's Heart,1,"Action, Drama, Family"
tt13423468,Attention Please,2,Thriller
tt1342403,Toys in the Attic,1,"Animation, Family, Fantasy"
tt1343092,The Great Gatsby,0,"Drama, Romance"
tt1343097,The Girl Who Kicked the Hornet's Nest,4,"Crime, Drama, Thriller"
tt13434866,Spitfire Over Berlin,2,"Action, Drama, War"
tt1343727,Dredd,4,"Action, Crime, Sci-Fi"
tt13446128,Love Destiny: The Movie,1,"Comedy, History, Romance"
tt13449358,The Breath of Life,1,"Adventure, Fantasy"
tt1345486,Killer Biker Chicks,2,"Action, Comedy, Horror"
tt13455224,The Last Five Days: 10 Years Later,2,"Adventure, Horror, Thriller"
tt1345836,The Dark Knight Rises,0,"Action, Drama"
tt13468602,The Lair,2,"Action, Horror"
tt13479728,Bings Kerstfeest en andere Verhalen,1,Animation
tt13486578,The Pain and the Pity,2,"Animation, Comedy, Drama"
tt13496236,American Siege,2,"Action, Thriller"
tt13507778,No Man of God,2,"Biography, Crime, Drama"
tt13510660,Dhamaka,4,"Crime, Drama, Thriller"
tt1351685,Jack the Giant Slayer,3,"Action, Adventure, Fantasy"
tt13519510,Wolf,2,Thriller
tt1352824,Chloe,4,Thriller
tt13539646,The Wandering Earth II,0,"Action, Adventure, Drama"
tt13544716,My Hero Academia: World Heroes' Mission,1,"Animation, Action, Adventure"
tt1355630,If I Stay,1,"Drama, Fantasy, Music"
tt1355631,The Infiltrator,4,"Biography, Crime, Drama"
tt1355644,Passengers,0,"Drama, Romance, Sci-Fi"
tt1355683,Black Mass,4,"Biography, Crime, Drama"
tt13560574,X,4,"Horror, Mystery, Thriller"
tt13566172,Dive,2,Thriller
tt13592970,Loop Track,2,Thriller
tt13622118,Cryptozoo,0,"Animation, Fantasy"
tt13623880,Night at the Museum: Kahmunrah Rises Again,1,"Animation, Adventure, Comedy"
tt13632182,Christmas at the Ranch,1,Romance
tt13648224,We're All Going to the World's Fair,2,"Drama, Horror"
tt1365050,Beasts of No Nation,4,"Drama, War"
tt1365519,Tomb Raider,0,"Action, Adventure, Fantasy"
tt13660418,Shoky & Morthy: Last Big Thing,2,"Comedy, Mystery, Thriller"
tt13667522,Sally Floss: Digital Detective,1,Mystery
tt13681790,Ryouma! The Prince of Tennis Shinsei Gekijouban Tennis no Ouji-sama,1,"Animation, Action, Musical"
tt13694856,Easter Someday,1,Fantasy
tt1369571,I Am Fear,2,"Horror, Thriller, War"
tt1369706,The Ward,2,"Horror, Mystery, Thriller"
tt13705574,The Burned Over District,2,Horror
tt1371111,Cloud Atlas,0,"Drama, Mystery, Sci-Fi"
tt13717980,Grudge,4,"Crime, Drama, Mystery"
tt1372687,Crnci,4,"Crime, Drama, War"
tt13728764,June and Kopi,1,"Comedy, Family"
tt1374989,Pride and Prejudice and Zombies,1,"Action, Comedy, Fantasy"
tt1374992,Upside Down,1,"Drama, Fantasy, Romance"
tt1375666,Inception,4,"Action, Adventure, Sci-Fi"
tt1376168,Comedown,2,Horror
tt13782222,"Alexander and the Terrible, Horrible, No Good, Very Bad Day",1,"Comedy, Family"
tt1379182,Dogtooth,4,"Drama, Thriller"
tt13793230,Jaadugar,1,"Comedy, Drama, Fantasy"
tt13814292,Tumi Ashbe Bole,1,"Drama, Romance"
tt13815488,The Razing,2,"Drama, Horror, Mystery"
tt13818610,AURORA 663,2,"Action, Drama, Thriller"
tt13820428,Witnesses,1,"Action, Adventure, Drama"
tt13830148,The Tale of King Crab,2,"Adventure, Drama"
tt13845956,Righteous Blood,2,"Action, Western"
tt13846542,Squared Love,1,"Comedy, Romance"
tt1385826,The Adjustment Bureau,1,"Romance, Sci-Fi, Thriller"
tt1385867,Cop Out,1,"Action, Comedy, Crime"
tt13859694,Railway Heroes,0,"Drama, History, War"
tt1386588,The Other Guys,1,"Action, Comedy, Crime"
tt1386691,Shimmer Lake,4,"Action, Crime, Drama"
tt1386697,Suicide Squad,0,"Action, Adventure, Fantasy"
tt1386703,Total Recall,0,"Action, Adventure, Sci-Fi"
tt1386932,Ip Man 2,0,"Action, Biography, Drama"
tt13877410,War of the God Monsters,2,Sci-Fi
tt13880104,Happening,4,"Drama, History"
tt13884144,The Seven Deadly Sins: Cursed by Light,1,"Animation, Action, Adventure"
tt13884166,Detective Conan: The Scarlet Alibi,2,"Animation, Crime, Mystery"
tt13885428,Anveshippin Kandethum,2,"Drama, Thriller"
tt13886712,King Car,0,"Fantasy, Sci-Fi"
tt1388903,Mirch,2,"Comedy, Drama, Fantasy"
tt1389072,Downsizing,0,"Drama, Fantasy, Sci-Fi"
tt1389137,We Bought a Zoo,3,"Comedy, Drama, Family"
tt1390411,In the Heart of the Sea,0,"Action, Adventure, Biography"
tt1391034,And Soon the Darkness,2,"Drama, Horror, Mystery"
tt1392170,The Hunger Games,0,"Action, Adventure, Sci-Fi"
tt1392190,Mad Max: Fury Road,0,"Action, Adventure, Sci-Fi"
tt1392214,Prisoners,4,"Crime, Drama, Mystery"
tt1392261,Veronica,2,"Crime, Drama"
tt13932304,America Latina,2,"Drama, Mystery, Thriller"
tt13935180,Positive Apocalypse,2,Adventure
tt13947858,Ach du Scheisse!,2,"Action, Comedy, Thriller"
tt13961988,The Edge of Her Mind Anthology,2,"Drama, Fantasy"
tt1396218,Mr. Popper's Penguins,3,"Comedy, Family, Fantasy"
tt1396484,It,0,Horror
tt1396523,Revenge of the Green Dragons,2,"Action, Crime, Drama"
tt13968674,Fingernails,2,"Drama, Sci-Fi"
tt1397280,Taken 2,0,"Action, Crime, Thriller"
tt1397514,Journey 2: The Mysterious Island,1,"Action, Adventure, Comedy"
tt13975458,Cube,4,"Horror, Mystery, Sci-Fi"
tt13978306,Brazen,2,"Crime, Drama, Mystery"
tt13978498,The Red Nightmare,2,Horror
tt1398426,Straight Outta Compton,0,"Biography, Drama, History"
tt1399103,Transformers: Dark of the Moon,0,"Action, Adventure, Sci-Fi"
tt1399683,Winter's Bone,4,"Drama, Mystery"
tt1401152,Unknown,4,"Action, Mystery, Thriller"
tt1401237,An Organization of Dreams,2,Thriller
tt14024066,The Guardian,2,"Crime, Drama, Horror"
tt1403241,Wolves,1,"Action, Fantasy, Horror"
tt14035044,Pick A Side,2,"Action, Drama"
tt1403981,Remember Me,2,"Drama, Romance"
tt1405365,Celeste & Jesse Forever,1,"Comedy, Drama, Romance"
tt1405810,Mine vaganti,1,"Comedy, Drama, Romance"
tt14060232,Infinite Storm,0,"Drama, Thriller"
tt1406146,Call If You Need Me,2,"Crime, Drama"
tt1407049,Altitude,2,"Horror, Mystery, Sci-Fi"
tt1407052,Wrinkles,1,"Animation, Drama"
tt14080416,The Ones You Didn't Burn,2,Horror
tt1408101,Star Trek Into Darkness,0,"Action, Adventure, Sci-Fi"
tt1408253,Ride Along,1,"Action, Comedy, Crime"
tt14088510,Horrorscope,2,Horror
tt1409024,Men in Black 3,3,"Action, Adventure, Comedy"
tt14091818,Ajeeb Daastaans,2,"Drama, Romance"
tt14099796,Jin shouzhi,2,"Action, Crime"
tt14104672,Klokkenluider,2,"Comedy, Thriller"
tt14107334,The Running Man,4,Sci-Fi
tt1411238,No Strings Attached,1,"Comedy, Romance"
tt1411250,Riddick,2,"Action, Adventure, Sci-Fi"
tt1412386,The Best Exotic Marigold Hotel,3,"Comedy, Drama, Romance"
tt14123898,Hashtag Prem,1,Romance
tt1412442,Beware the Gonzo,1,"Comedy, Drama, Romance"
tt14128670,Kimi,4,"Crime, Drama, Thriller"
tt14134070,Alien Conquest,2,"Action, Sci-Fi"
tt1413492,12 Strong,0,"Action, Drama, History"
tt14137416,La conversione,0,"Drama, History"
tt14138650,The Pale Blue Eye,4,"Crime, Horror, Mystery"
tt14160834,Rustin,0,"Biography, Drama, History"
tt14181816,Maggie Moore(s),2,"Crime, Thriller"
tt1418377,"I, Frankenstein",2,"Action, Fantasy, Sci-Fi"
tt14186922,Ribblehead,2,Thriller
tt14201576,Blueback,3,"Drama, Family"
tt14214828,Out with the Old,1,"Comedy, Romance"
tt14215186,The Murder Podcast,1,"Comedy, Horror"
tt14216488,My Bride,1,"Comedy, Drama, Romance"
tt14220864,La estrella roja,2,"Comedy, Mystery, Biography"
tt1422136,A Lonely Place to Die,2,"Action, Adventure, Crime"
tt14227048,Family Leave,1,"Comedy, Family"
tt14230388,Asteroid City,0,"Comedy, Romance"
tt14241340,Into Schrodinger's Box,2,"Thriller, Drama"
tt1424327,Eyes Wide Open,2,"Drama, Romance"
tt1424381,Predators,4,"Action, Adventure, Sci-Fi"
tt14250484,Les contes du hérisson,1,Animation
tt1425253,Shadow,2,Horror
tt14265992,Aileen Wuornos: American Boogeywoman,2,"Drama, Horror, Thriller"
tt1428459,We Are Family,1,"Comedy, Drama, Family"
tt1428538,Hansel & Gretel: Witch Hunters,0,"Action, Fantasy, Horror"
tt14288764,Hospital,2,Horror
tt1430132,The Wolverine,0,"Action, Sci-Fi"
tt1430607,Arthur Christmas,3,"Animation, Adventure, Comedy"
tt14307890,Happiness Ever After,1,"Drama, Romance"
tt1431045,Deadpool,0,"Action, Comedy"
tt14315756,Single All the Way,1,"Comedy, Drama, Romance"
tt1432078,My Girlfriend Is an Agent,1,"Action, Comedy, Romance"
tt1433108,Faster,2,"Action, Crime, Drama"
tt1433811,Disconnect,2,"Drama, Thriller"
tt1434435,Mother's Day,2,"Drama, Horror, Thriller"
tt1435513,Hysteria,1,"Biography, Comedy, Romance"
tt1436045,13 Assassins,0,"Action, Adventure, Drama"
tt1436562,Rio,3,"Animation, Adventure, Comedy"
tt14371860,Apartment 7A,4,"Horror, Thriller"
tt1437358,Sleep Tight,4,"Crime, Drama, Horror"
tt1438176,Fright Night,2,"Comedy, Horror"
tt1438254,Charlie St. Cloud,1,"Drama, Fantasy, Romance"
tt14384176,The Claus Family 2,3,"Comedy, Family, Fantasy"
tt1438486,Chal Chala Chal,1,"Action, Comedy, Crime"
tt14389708,Archipelago,2,"Adventure, Drama"
tt14394620,Crawlspace,2,Thriller
tt1439572,Perfect Sense,2,"Drama, Romance, Sci-Fi"
tt14398454,Tara vs Bilal,1,"Comedy, Drama, Romance"
tt14401022,Dziga i ego bratiya,2,Biography
tt1440129,Battleship,0,"Action, Adventure, Sci-Fi"
tt14402146,Empire of Light,2,"Drama, Romance"
tt1440292,Submarine,1,"Comedy, Drama, Romance"
tt14402926,"Batman: The Long Halloween, Part Two",4,"Animation, Action, Crime"
tt14404280,Homunculus,4,"Drama, Fantasy, Mystery"
tt1440728,The American,4,"Action, Crime, Drama"
tt1441395,Under the Skin,4,"Drama, Horror, Mystery"
tt14416166,Feel So Good,2,Thriller
tt14416430,The Paradox Effect,2,Action
tt1441952,Salmon Fishing in the Yemen,1,"Comedy, Drama, Romance"
tt14438964,Goodbye,1,"Comedy, Drama, Family"
tt14439896,Father Stu,1,"Biography, Drama"
tt14442328,Jurassic Hunt,2,"Action, Adventure, Sci-Fi"
tt14444416,Fresh Hell,2,Horror
tt1446192,Rise of the Guardians,3,"Animation, Action, Adventure"
tt14463198,Bitcon,2,"Crime, Drama"
tt1446714,Prometheus,0,"Adventure, Mystery, Sci-Fi"
tt1447791,Macabre,4,"Drama, Horror, Thriller"
tt1447972,StreetDance 3D,1,"Drama, Music, Romance"
tt14483394,The Christmas Pitch,1,"Comedy, Romance"
tt1448755,Killer Elite,2,"Action, Crime, Thriller"
tt1448762,Open House,2,"Crime, Drama, Thriller"
tt1450321,Filth,4,"Action, Comedy, Crime"
tt14507160,She Is Love,1,"Comedy, Drama, Romance"
tt14509110,No One Will Save You,4,"Horror, Sci-Fi"
tt14513350,Dark Ritual,2,"Horror, Mystery, Thriller"
tt14521830,The Assistant,2,Thriller
tt1453405,Monsters University,3,"Animation, Adventure, Comedy"
tt14534796,Mascarade,2,"Comedy, Crime, Drama"
tt14540764,Endless Rain,1,"Drama, Romance"
tt1454468,Gravity,0,"Drama, Sci-Fi, Thriller"
tt1456606,"Rio, I Love You",1,"Comedy, Drama, Fantasy"
tt1456635,Goon,1,"Comedy, Drama, Sport"
tt1457765,The Haunting in Connecticut 2: Ghosts of Georgia,2,"Drama, Horror, Mystery"
tt1457767,The Conjuring,4,"Horror, Mystery, Thriller"
tt1458175,The Next Three Days,4,"Action, Crime, Drama"
tt14584284,Alone Together,1,"Drama, Romance"
tt14587026,Polaris,0,"Adventure, Drama, Sci-Fi"
tt1461242,Lucky Bastard,2,"Drama, Mystery, Romance"
tt14617254,The Accursed,2,Horror
tt1462041,Dream House,4,"Drama, Mystery, Thriller"
tt14624330,Arsenault & Fils,2,"Crime, Drama"
tt1462758,Buried,4,"Drama, Mystery, Thriller"
tt14636190,Aqua Teen Forever: Plantasm,1,"Animation, Comedy"
tt14641788,Enola Holmes 2,0,"Action, Adventure, Crime"
tt1464335,Uncharted,0,"Action, Adventure"
tt1464540,I Am Number Four,3,"Action, Adventure, Sci-Fi"
tt1464605,Ying lie qian qiu,2,"Drama, War"
tt1465522,Tucker and Dale vs Evil,1,"Comedy, Horror"
tt1467304,The Human Centipede (First Sequence),4,Horror
tt14681252,Snow Valley,2,Thriller
tt14682800,Tuesday,0,Fantasy
tt1468757,Zombie Women of Satan,2,"Comedy, Horror, Romance"
tt1469304,Baywatch,1,"Action, Comedy, Crime"
tt1470023,MacGruber,1,"Action, Comedy"
tt1470827,Monsters,2,"Adventure, Drama, Romance"
tt14725622,Give Me Pity!,2,"Comedy, Musical, Thriller"
tt14729020,Double Blind,2,"Horror, Thriller"
tt14732424,Finding Love in San Antonio,1,Romance
tt1473832,Bridget Jones's Baby,1,"Comedy, Drama, Romance"
tt1474859,Slimed,1,"Action, Adventure, Comedy"
tt14757872,Midnight,4,"Crime, Thriller"
tt1477076,Saw 3D,4,"Crime, Horror, Mystery"
tt1477834,Aquaman,0,"Action, Adventure, Fantasy"
tt1478338,Bridesmaids,1,"Comedy, Romance"
tt1478964,Attack the Block,0,"Action, Adventure, Comedy"
tt14807282,Story of Dinda: The Second Chance of Happiness,1,"Drama, Romance"
tt1482459,The Lorax,3,"Animation, Adventure, Comedy"
tt14827150,The Last Breath,2,Thriller
tt1483013,Oblivion,0,"Action, Adventure, Sci-Fi"
tt1483797,Redline,0,"Animation, Action, Sci-Fi"
tt14852188,Lost Transport,1,"Drama, History, War"
tt14852624,Stopmotion,4,Horror
tt1485698,The Dark House,4,"Crime, Drama, Thriller"
tt14856980,Atlas,0,"Action, Adventure, Sci-Fi"
tt14857528,Time Cut,2,"Horror, Thriller"
tt1485796,The Greatest Showman,3,"Biography, Drama, Musical"
tt1486185,Red Riding Hood,4,"Fantasy, Horror, Mystery"
tt1486192,The Raven,4,"Crime, Mystery, Thriller"
tt14866710,Blasted,1,"Action, Comedy, Sci-Fi"
tt1486834,What If,1,"Comedy, Romance"
tt14870640,Night's End,2,Horror
tt14871494,A Night of the Undead,2,Horror
tt1488555,The Change-Up,1,"Comedy, Fantasy"
tt1488589,Guillermo del Toro's Pinocchio,3,"Animation, Drama, Family"
tt1488601,The Show Must Go On,2,"Drama, Sci-Fi, Thriller"
tt1488606,Triple Frontier,4,"Action, Thriller"
tt1489214,Maggots and Men,2,Biography
tt14892248,Death Knot,2,Horror
tt1489889,Central Intelligence,1,"Action, Comedy, Crime"
tt1490017,The Lego Movie,3,"Animation, Action, Adventure"
tt14900738,Meet Cute,1,"Comedy, Drama, Fantasy"
tt1491044,The Iceman,4,"Biography, Crime, Drama"
tt14952842,Moon Students,2,Adventure
tt1496025,Underworld: Awakening,2,"Action, Fantasy, Horror"
tt14960572,Love in Bloom,1,"Comedy, Romance"
tt1499658,Horrible Bosses,1,"Comedy, Crime"
tt15006444,Love at First Stream,1,"Comedy, Romance"
tt15006566,The Beasts,4,"Drama, Thriller"
tt1500701,Domain,2,"Drama, Romance"
tt15007046,The Haunting of the Tower of London,2,"History, Horror"
tt1500906,Vampires,1,"Comedy, Fantasy, Horror"
tt1502397,Bad Boys for Life,1,"Action, Comedy, Crime"
tt1502404,Drive Angry,2,"Action, Comedy, Fantasy"
tt1502407,Halloween,4,"Crime, Horror, Thriller"
tt1502712,Fantastic Four,1,"Action, Adventure, Sci-Fi"
tt15028452,Baby Assassins,1,"Action, Comedy, Drama"
tt15040500,Jane,2,Thriller
tt1504320,The King's Speech,3,"Biography, Drama, History"
tt1506999,Haywire,0,"Action, Drama, Thriller"
tt15073166,IB 71,2,Thriller
tt15097216,Jai Bhim,0,"Crime, Drama, Mystery"
tt1509767,The Three Musketeers,0,"Action, Adventure, Fantasy"
tt15119398,The Visit,2,"Comedy, Romance, Thriller"
tt1512235,Super,4,"Action, Comedy, Crime"
tt1512240,Thin Ice,2,"Comedy, Crime, Drama"
tt15150454,Breaded Life,1,"Comedy, Drama, Fantasy"
tt1515091,Sherlock Holmes: A Game of Shadows,0,"Action, Adventure, Mystery"
tt15157354,#Unknown,2,"Horror, Thriller"
tt15165236,The Hand,1,"Drama, Romance"
tt15167854,Gods and Monsterss,2,"Drama, Fantasy, Sci-Fi"
tt15169898,Aum!,2,"Adventure, Biography, Drama"
tt1517260,The Host,1,"Action, Adventure, Drama"
tt1517451,A Star Is Born,0,"Drama, Music, Romance"
tt1518812,Meek's Cutoff,0,"Adventure, Drama, Thriller"
tt15189534,The Wrath of God,2,"Drama, Thriller"
tt15198608,Prey,4,"Adventure, Drama, Thriller"
tt15203648,A Wiseguy Christmas,1,"Action, Comedy"
tt15220262,Show Me the Ghost,1,"Comedy, Horror"
tt1523483,Kaboom,2,"Comedy, Mystery, Romance"
tt15239014,Creeping Death,2,Horror
tt1524137,Contraband,2,"Action, Crime, Drama"
tt1524539,Harishchandrachi Factory,3,"Biography, Comedy, Drama"
tt1524930,Vacation,1,"Adventure, Comedy"
tt1525835,Gantz,4,"Action, Horror, Sci-Fi"
tt1527186,Melancholia,4,"Drama, Sci-Fi"
tt1527788,The Man from Nowhere,4,"Action, Crime, Drama"
tt1528071,Horns,4,"Comedy, Crime, Drama"
tt1528100,Exodus: Gods and Kings,0,"Action, Adventure, Drama"
tt15281704,Kuttey,4,"Action, Comedy, Crime"
tt15287198,Shattered,2,Sci-Fi
tt1528854,Daddy's Home,1,"Comedy, Family"
tt1529240,Brownian Movement,2,"Drama, Romance"
tt15296598,Go! Go! Cory Carson: Chrissy Takes the Wheel,1,"Animation, Family"
tt15307230,Diabolik - Ginko all'attacco!,2,"Action, Crime"
tt15311262,Under the Amalfi Sun,1,"Comedy, Drama, Romance"
tt1532503,Beginners,3,"Comedy, Drama, Romance"
tt1533749,Shaolin,0,"Action, Drama"
tt15339456,Marcel the Shell with Shoes On,3,"Animation, Comedy, Drama"
tt1535108,Elysium,0,"Action, Drama, Sci-Fi"
tt1535109,Captain Phillips,4,"Action, Biography, Crime"
tt1535438,Hope Springs,1,"Comedy, Drama, Romance"
tt1535467,Patiala House,1,"Drama, Sport"
tt1535491,Secret Reunion,0,"Action, Drama, Thriller"
tt1536044,Paranormal Activity 2,2,"Horror, Mystery"
tt1536440,Stuck Between Stations,1,"Comedy, Drama, Romance"
tt1536537,What Happened to Monday,0,"Action, Crime, Fantasy"
tt15374214,Elesin Oba: The King's Horseman,0,"Adventure, Drama, History"
tt1537440,Contractor's Routine,2,"Drama, Thriller"
tt1538403,The Mortal Instruments: City of Bones,0,"Action, Adventure, Fantasy"
tt15385142,Cadejo Blanco,4,"Drama, Thriller"
tt15393650,Bordertown: The Mural Murders,4,"Crime, Drama, Mystery"
tt15398776,Oppenheimer,0,"Biography, Drama, History"
tt1540011,Blair Witch,2,"Horror, Mystery, Thriller"
tt1540133,The Guard,2,"Comedy, Crime, Thriller"
tt15418288,Liefde zonder grenzen,1,"Comedy, Romance"
tt1541995,Snow Flower and the Secret Fan,1,"Drama, History"
tt1542344,127 Hours,0,"Biography, Drama"
tt15428374,Bullet,2,Action
tt15430628,Ride On,1,"Action, Comedy, Drama"
tt15433956,Hanu Man,1,"Action, Adventure, Fantasy"
tt1545322,Sodium Babies,2,"Drama, Fantasy, Horror"
tt15467960,Uncle Naji,1,"Action, Comedy"
tt1547234,Premium Rush,2,"Action, Crime, Thriller"
tt15474916,Smile,4,"Horror, Mystery, Thriller"
tt15478884,The One for Sarah,1,"Drama, Romance"
tt15482470,Seire,4,"Drama, Horror"
tt15485390,Operation Napoleon,2,Thriller
tt15486810,Teen Wolf: The Movie,1,"Action, Drama, Fantasy"
tt1549572,Another Earth,0,"Drama, Romance, Sci-Fi"
tt1549584,I Didn't Come Here to Die,2,"Comedy, Horror"
tt15498104,Foodies,1,"Comedy, Drama, Romance"
tt1549920,The Last Stand,2,"Action, Thriller, Western"
tt15501640,Drishyam 2,2,"Crime, Drama, Mystery"
tt15502356,Family Dinner,2,"Drama, Horror, Mystery"
tt15509050,Tirandaj Shabor,2,"Mystery, Thriller"
tt15520944,Underground,4,Horror
tt15521168,Jack Hunter's Blamed,4,Horror
tt1552211,The Last Days of American Crime,2,"Action, Crime, Drama"
tt15528292,The Big Four,0,"Action, Comedy, Crime"
tt1554414,The Dish & the Spoon,2,"Comedy, Drama, Romance"
tt15547896,Wrath of the Tarot Kings,2,"Animation, Action, Adventure"
tt1555024,Iris: The Movie,2,"Action, Adventure, Drama"
tt1555149,Elite Squad 2: The Enemy Within,4,"Action, Crime, Drama"
tt15566896,Pretty Problems,1,"Comedy, Drama, Romance"
tt15574270,I Saw the TV Glow,0,"Drama, Horror"
tt15576578,Prince,1,"Action, Drama, Romance"
tt1559547,Beautiful Creatures,1,"Drama, Fantasy, Romance"
tt1560220,Zombieland: Double Tap,1,"Action, Comedy, Horror"
tt15613514,The Crime,2,"Action, Crime, Thriller"
tt1561768,Essential Killing,4,"Action, Thriller, War"
tt1562847,Amigo,0,"Drama, War"
tt1562859,Golmaal 3,1,"Action, Comedy, Drama"
tt1562871,Ra.One,1,"Action, Adventure, Sci-Fi"
tt1562872,Zindagi Na Milegi Dobara,3,"Comedy, Drama, Musical"
tt1563738,One Day,1,"Drama, Romance"
tt1564367,Just Go with It,1,"Comedy, Romance"
tt1564585,Skyline,2,"Action, Sci-Fi, Thriller"
tt15655276,Yara,2,"Crime, Drama, Thriller"
tt15658626,Here for Blood,2,"Comedy, Horror"
tt1567127,Twigson Ties the Knot,1,"Adventure, Comedy, Family"
tt1567437,The Voices,2,"Comedy, Crime, Fantasy"
tt1567609,Get the Gringo,4,"Action, Drama, Thriller"
tt1568337,Loosies,1,"Comedy, Crime, Romance"
tt1568338,Man on a Ledge,4,"Action, Crime, Thriller"
tt1568346,The Girl with the Dragon Tattoo,4,"Crime, Drama, Mystery"
tt15685954,Cold Return,2,"Action, Crime, Drama"
tt1568816,Phase 7,2,"Comedy, Sci-Fi, Thriller"
tt1568911,War Horse,0,"Action, Adventure, Drama"
tt1568921,The Secret World of Arrietty,3,"Animation, Adventure, Drama"
tt1570559,Burning Man,2,"Drama, Romance"
tt1570728,"Crazy, Stupid, Love.",3,"Comedy, Drama, Romance"
tt15711350,The Fourth Musketeer,1,"Action, Adventure"
tt1571222,A Dangerous Method,0,"Biography, Drama, Romance"
tt1571234,Mortal Engines,0,"Action, Adventure, Fantasy"
tt1572154,Kinyarwanda,4,"Drama, History, Romance"
tt15721650,The Quintessential Quintuplets Movie,1,"Animation, Comedy, Drama"
tt15722098,Bruised,2,Thriller
tt1572315,Texas Chainsaw,4,"Horror, Thriller"
tt1572491,The Last Circus,4,"Comedy, Drama, Horror"
tt15727400,Hyde Park,1,Romance
tt1573072,Housefull,1,"Comedy, Drama, Romance"
tt15743386,Rocket Hunter: Rise of the Nazi Komet,2,"Action, Adventure, Drama"
tt1576412,Kwihyang,2,"Drama, Fantasy"
tt1577064,Seeing Heaven,2,"Drama, Thriller"
tt15789492,Infiesto,2,"Crime, Drama, Thriller"
tt15791034,Barbarian,4,"Horror, Mystery, Thriller"
tt15824322,Christmas with You,1,"Comedy, Family, Romance"
tt1582465,A Birder's Guide to Everything,1,"Adventure, Comedy, Drama"
tt1582507,House at the End of the Street,2,"Drama, Horror, Thriller"
tt15830702,Sword Art Online the Movie: Progressive - Scherzo of Deep Night,1,"Animation, Action, Adventure"
tt15832148,Afwaah,4,"Drama, Thriller"
tt1583420,Larry Crowne,1,"Comedy, Drama, Romance"
tt1583421,G.I. Joe: Retaliation,0,"Action, Adventure, Sci-Fi"
tt15845360,Dance First,2,"Biography, Drama"
tt15847872,Amina,0,"Action, Adventure, Biography"
tt15847880,Evil Eye,4,Horror
tt1585660,Summertime,1,"Comedy, Drama, Romance"
tt1586265,What to Expect When You're Expecting,1,"Comedy, Drama, Romance"
tt1586752,Machine Gun Preacher,0,"Action, Biography, Crime"
tt1587310,Maleficent,0,"Adventure, Family, Fantasy"
tt1587420,Mixtape,1,"Comedy, Drama, Family"
tt1588170,I Saw the Devil,4,"Action, Crime, Drama"
tt1588173,Warm Bodies,1,"Comedy, Horror, Romance"
tt1588878,The Late Bloomer,1,"Comedy, Drama, Romance"
tt1590193,The Commuter,4,"Action, Mystery, Thriller"
tt1591095,Insidious,4,"Horror, Mystery, Thriller"
tt1591479,Act of Valor,0,"Action, Adventure, Thriller"
tt1592525,Lockout,0,"Action, Sci-Fi, Thriller"
tt1592873,LOL,1,"Comedy, Drama, Romance"
tt15939198,Blitz,0,"Drama, War"
tt1596342,Disenchanted,3,"Animation, Adventure, Comedy"
tt1596343,Fast Five,0,"Action, Crime, Thriller"
tt1596345,Pawn Sacrifice,2,"Biography, Drama, History"
tt1596346,Soul Surfer,3,"Biography, Drama, Family"
tt1596350,This Means War,1,"Action, Comedy, Romance"
tt1596363,The Big Short,4,"Biography, Comedy, Drama"
tt1596365,The Woman in Black,4,"Drama, Fantasy, Horror"
tt1598778,Contagion,2,"Drama, Thriller"
tt1598822,New Year's Eve,1,"Comedy, Romance"
tt1598828,One for the Money,1,"Action, Comedy, Crime"
tt15988620,Runs in the Family,3,"Adventure, Comedy"
tt1599348,Safe House,4,"Action, Thriller"
tt1600195,Abduction,2,"Action, Mystery, Thriller"
tt1600196,The Drop,4,"Crime, Drama, Thriller"
tt1600383,For 80 Days,1,"Drama, Romance"
tt1601913,The Grey,4,"Action, Adventure, Drama"
tt1602613,Only God Forgives,4,"Action, Crime, Drama"
tt1603487,Stara skola kapitalizma,2,"Action, Drama"
tt1604064,Zombie Beach,2,"Action, Comedy, Horror"
tt1605769,The Monk,4,"Drama, Mystery, Thriller"
tt1605783,Midnight in Paris,3,"Comedy, Fantasy, Romance"
tt1606378,A Good Day to Die Hard,0,"Action, Thriller"
tt1606389,The Vow,1,"Drama, Romance"
tt1608290,Zoolander 2,1,"Action, Adventure, Comedy"
tt16085592,Tall Girl 2,1,"Comedy, Drama, Family"
tt1609159,Süskind,0,"Biography, Drama, History"
tt16103578,"Mother, May I?",2,Thriller
tt1611224,Abraham Lincoln: Vampire Hunter,0,"Action, Fantasy, Horror"
tt1614989,Headhunters,4,"Action, Crime, Thriller"
tt1615065,Savages,2,"Action, Crime, Drama"
tt1615147,Margin Call,4,"Drama, Thriller"
tt1615160,The Foreigner,4,"Action, Thriller"
tt1616195,J. Edgar,4,"Biography, Drama, Romance"
tt1617661,Jupiter Ascending,0,"Action, Adventure, Sci-Fi"
tt1618421,White Lion,1,"Drama, Family"
tt1618432,I'm in Love with a Church Girl,1,"Crime, Drama, Romance"
tt1618434,Murder Mystery,1,"Action, Comedy, Crime"
tt1618442,The Last Witch Hunter,2,"Action, Adventure, Fantasy"
tt1618447,Goodbye First Love,1,"Drama, Romance"
tt1619029,Jackie,0,"Biography, Drama"
tt1620604,We Are What We Are,4,"Drama, Horror"
tt1620719,Dabangg,3,"Action, Comedy, Crime"
tt1622547,30 Minutes or Less,2,"Action, Comedy, Crime"
tt1622979,Final Destination 5,4,"Horror, Thriller"
tt1623205,Oz the Great and Powerful,3,"Adventure, Family, Fantasy"
tt1623288,ParaNorman,3,"Animation, Adventure, Comedy"
tt16248144,Belle et Sébastien: Nouvelle génération,1,"Action, Adventure, Drama"
tt1625884,Uncle David,2,"Comedy, Horror, Thriller"
tt16270512,Kitarou Tanjou: Gegege no Nazo,2,Animation
tt1627924,Mausam,1,"Drama, Romance, War"
tt1628841,Independence Day: Resurgence,0,"Action, Adventure, Sci-Fi"
tt1629715,Miss Lovely,4,"Crime, Drama, Romance"
tt1630029,Avatar: The Way of Water,0,"Action, Adventure, Fantasy"
tt16304446,Fair Play,2,"Drama, Mystery, Thriller"
tt1631867,Edge of Tomorrow,0,"Action, Adventure, Sci-Fi"
tt1632481,Care Bears to the Rescue,1,"Animation, Adventure, Family"
tt1632708,Friends with Benefits,1,"Comedy, Romance"
tt1634106,Bloodshot,4,"Action, Adventure, Sci-Fi"
tt1634122,Johnny English Reborn,1,"Action, Adventure, Comedy"
tt1637688,In Time,0,"Action, Sci-Fi, Thriller"
tt1638002,"Love, Rosie",1,"Comedy, Romance"
tt1638355,The Man from U.N.C.L.E.,1,"Action, Adventure, Comedy"
tt16391796,Dormis,2,Thriller
tt1640569,The Super,2,Horror
tt16427398,Dark Nature,2,Horror
tt16429986,Emesis,2,Horror
tt16431966,Sometimes I Think About Dying,1,"Comedy, Drama, Romance"
tt16449890,White Lies,2,Thriller
tt16453244,How I Fell in Love with a Gangster,2,"Crime, Drama"
tt1646971,How to Train Your Dragon 2,3,"Animation, Action, Adventure"
tt1646987,Wrath of the Titans,0,"Action, Adventure, Fantasy"
tt1647468,Winter,2,Horror
tt1648179,Here Comes the Boom,1,"Action, Comedy, Sport"
tt1648190,The Dark Tower,1,"Action, Adventure, Fantasy"
tt1648216,Three Steps Above Heaven,1,"Action, Drama, Romance"
tt1649418,The Gray Man,4,"Action, Thriller"
tt1649419,The Impossible,0,"Adventure, Drama, History"
tt16496386,97 Minutes,2,Thriller
tt1649780,"Peace, Love & Misunderstanding",1,"Comedy, Drama, Music"
tt1650062,Super 8,0,"Action, Mystery, Sci-Fi"
tt1650554,Kick-Ass 2,0,"Action, Comedy, Crime"
tt1655389,Blonde,0,"Biography, Drama, Romance"
tt1655420,My Week with Marilyn,1,"Biography, Drama"
tt1655441,The Age of Adaline,3,"Drama, Fantasy, Romance"
tt1655442,The Artist,3,"Comedy, Drama, Romance"
tt1655460,Wanderlust,1,"Comedy, Romance"
tt1655461,Wild Oats,1,"Action, Adventure, Comedy"
tt1656186,Stolen,2,"Action, Crime, Thriller"
tt1656190,Safe,4,"Action, Crime, Thriller"
tt1657507,Colombiana,4,"Action, Drama, Thriller"
tt1658837,The Tall Man,4,"Crime, Drama, Horror"
tt1659338,The Numbers Station,4,"Action, Thriller"
tt16606348,Myth of Love,1,"Comedy, Drama, Romance"
tt1661199,Cinderella,3,"Adventure, Drama, Family"
tt16612852,My One True Love,1,"Comedy, Romance"
tt1661420,Polisse,4,"Crime, Drama"
tt1662557,No Mercy,4,"Crime, Mystery, Thriller"
tt1663202,The Revenant,0,"Action, Adventure, Drama"
tt1663207,Life of Crime,2,"Comedy, Crime"
tt1663662,Pacific Rim,0,"Action, Adventure, Sci-Fi"
tt1666335,The Calling,2,"Drama, Thriller"
tt1666555,Anchor Baby,4,"Drama, Thriller"
tt1666801,The DUFF,1,"Comedy, Romance"
tt1667150,Wo zhi nv ren xin,1,"Comedy, Romance, Sci-Fi"
tt1667353,Mirror Mirror,3,"Adventure, Comedy, Drama"
tt1667889,Ice Age: Continental Drift,3,"Animation, Adventure, Comedy"
tt1668101,Por un polvo,2,"Action, Comedy"
tt1668189,Alle tijd,1,"Drama, Romance"
tt1669814,Rise of the Fellowship,1,"Adventure, Comedy, Fantasy"
tt1670269,The Chateau Meroux,1,"Comedy, Romance"
tt1670345,Now You See Me,4,"Crime, Mystery, Thriller"
tt1670646,Habibi Rasak Kharban,2,"Drama, Romance, War"
tt16727778,Anything Goes,3,"Comedy, Musical, Romance"
tt1673381,Girl Number Three,2,Thriller
tt1673419,Love/Loss,1,"Drama, Family, Romance"
tt1673434,The Twilight Saga: Breaking Dawn - Part 2,3,"Adventure, Drama, Fantasy"
tt1674773,Hannah Arendt,0,"Biography, Drama"
tt1675192,Take Shelter,4,"Drama, Horror, Sci-Fi"
tt1675434,The Intouchables,3,"Biography, Comedy, Drama"
tt1677720,Ready Player One,0,"Action, Adventure, Sci-Fi"
tt1679335,Trolls,3,"Animation, Adventure, Comedy"
tt1682180,Stoker,4,"Drama, Thriller"
tt1682186,Headshot,4,"Crime, Drama, Thriller"
tt1683051,Forgiveness,2,"Crime, Drama, Mystery"
tt1684562,The Fall Guy,3,"Action, Drama"
tt1686069,Le sens de l'humour,1,"Comedy, Crime"
tt1687901,The Awakening,4,"Drama, Horror, Mystery"
tt1690953,Despicable Me 2,3,"Animation, Adventure, Comedy"
tt1691916,Before I Fall,0,"Drama, Fantasy, Mystery"
tt1694118,Memorial Day,1,"Action, Drama, History"
tt1699186,Haiti Cherie: Wind of Hope,2,"Crime, Drama, Mystery"
tt1700841,Sausage Party,0,"Animation, Adventure, Comedy"
tt1701990,Detention,2,"Adventure, Comedy, Fantasy"
tt1702439,Safe Haven,1,"Drama, Romance, Thriller"
tt17024450,The Equalizer 3,0,"Action, Crime, Thriller"
tt1703199,Grave Encounters,4,"Horror, Mystery"
tt17043084,Pinpoint,2,"Action, Adventure"
tt1704586,From the Rough,1,"Drama, Sport"
tt1706593,Chronicle,4,"Action, Drama, Sci-Fi"
tt17065974,Ghosts of Hiroshima,2,Horror
tt1706620,Snowpiercer,0,"Action, Drama, Sci-Fi"
tt17071976,Dear Hangman,2,Thriller
tt1707386,Les Misérables,0,"Drama, Musical, Romance"
tt1708473,Gerry,1,Biography
tt1709173,Unaware,2,"Horror, Sci-Fi, Thriller"
tt1711484,The Conquest,2,"Biography, Comedy, Drama"
tt1712261,Triple 9,4,"Action, Crime, Thriller"
tt1714206,The Spectacular Now,1,"Drama, Romance"
tt1714915,Only Lovers Left Alive,2,"Comedy, Drama, Fantasy"
tt1715362,Zombie Apocalypse: Redemption,2,"Action, Horror"
tt17156822,Battle for Saipan,2,"Action, History, War"
tt17158126,Strong Enough,1,"Drama, Sport"
tt17163964,The Secret of the Emerald Green and White Part 1,2,Thriller
tt1719492,Flooding with Love for the Kid,2,"Action, Drama, War"
tt17196124,Grimcutty,2,"Drama, Horror, Mystery"
tt1719634,Snow on Tha Bluff,2,"Crime, Drama"
tt17202326,Matriarch,2,Horror
tt1720905,Cut,2,"Drama, Thriller"
tt17220704,A Christmas Story Christmas,1,"Comedy, Family"
tt1723121,We're the Millers,1,"Comedy, Crime"
tt1726592,Before I Go to Sleep,4,"Drama, Mystery, Thriller"
tt1726669,Killer Joe,4,"Drama, Thriller"
tt17277414,Jeanne du Barry,1,"Biography, Drama, History"
tt1727824,Bohemian Rhapsody,3,"Biography, Drama, Music"
tt1729637,Bodyguard,1,"Action, Comedy, Drama"
tt1731141,Ender's Game,0,"Action, Adventure, Sci-Fi"
tt1731701,Barely Lethal,1,"Action, Comedy"
tt1734113,Heart and Yummie,3,"Animation, Action, Adventure"
tt1734433,Eden,4,"Crime, Drama, Thriller"
tt1734548,The Color Wheel,2,"Comedy, Romance"
tt1734582,Dawn of the Dragonslayer,1,"Action, Adventure, Fantasy"
tt1735898,Snow White and the Huntsman,0,"Action, Adventure, Drama"
tt17372462,The Aviary,2,Thriller
tt1740707,Trollhunter,2,"Drama, Fantasy, Horror"
tt1741669,Sarangi museoweo,1,"Comedy, Drama, Romance"
tt1742334,Sabotage,4,"Action, Crime, Drama"
tt1745686,The Wall,0,"Drama, Mystery, Sci-Fi"
tt1745787,The Tribe,4,"Crime, Drama"
tt1745960,Top Gun: Maverick,0,"Action, Drama"
tt1748051,Identical,2,Thriller
tt1748122,Moonrise Kingdom,3,"Comedy, Drama, Family"
tt1748179,Red Lights,2,"Drama, Fantasy, Mystery"
tt1748227,The Collection,4,"Action, Adventure, Horror"
tt1748280,Veer!,1,"Comedy, Drama, Romance"
tt17490924,Curiosity Kills,2,Mystery
tt17494686,Decibel,2,"Action, Drama, Horror"
tt17511968,Streetwalker,2,Horror
tt17527124,Collide,2,Thriller
tt1753383,A Dog's Purpose,3,"Adventure, Comedy, Drama"
tt1753460,August,1,"Drama, Romance"
tt1753767,El Sanatorio,2,"Comedy, Horror"
tt1754656,The Little Prince,3,"Animation, Adventure, Drama"
tt1757742,Apartment 143,2,"Horror, Thriller"
tt1758610,Unconditional,1,"Biography, Crime, Drama"
tt1758692,Like Crazy,1,"Drama, Romance"
tt1758810,The Snowman,4,"Crime, Drama, Thriller"
tt1758830,This Is 40,1,"Comedy, Drama, Romance"
tt1762246,Charge Over You,1,"Drama, Thriller"
tt1762308,Midway to Heaven,1,"Comedy, Family, Romance"
tt1762358,The Millennium Bug,2,"Fantasy, Horror, Sci-Fi"
tt1763303,The First Time,1,"Comedy, Drama, Romance"
tt1764234,Killing Them Softly,4,"Crime, Drama, Thriller"
tt1764551,Psycho Killer,4,"Crime, Horror, Thriller"
tt1764651,The Expendables 2,2,"Action, Adventure, Thriller"
tt1766094,So Undercover,1,"Action, Comedy, Crime"
tt1767354,Odd Thomas,2,"Comedy, Fantasy, Horror"
tt17677178,Who Invited Them,2,"Comedy, Horror"
tt1770650,BKO: Bangkok Knockout,2,Action
tt1772288,Danny Collins,3,"Biography, Comedy, Drama"
tt1772341,Wreck-It Ralph,3,"Animation, Adventure, Comedy"
tt1773753,Mara,4,"Crime, Horror, Mystery"
tt1778304,Paranormal Activity 3,4,"Horror, Mystery"
tt1778924,The Ultimate Life,1,"Drama, Romance"
tt1779814,I Want to Get Married,1,"Comedy, Romance"
tt1781769,Anna Karenina,0,"Drama, Romance"
tt1781922,No Escape,0,"Action, Thriller"
tt1783298,Free Man,1,"Action, Biography, Drama"
tt1787700,Five Pounds,2,"Crime, Drama, Thriller"
tt1787753,Long quan hu zhua dou diao shou,1,"Action, Adventure"
tt1790809,Pirates of the Caribbean: Dead Men Tell No Tales,0,"Action, Adventure, Fantasy"
tt1790864,The Maze Runner,0,"Action, Mystery, Sci-Fi"
tt1790885,Zero Dark Thirty,4,"Drama, History, Thriller"
tt1791441,A Lesson of Love,1,"Drama, Romance"
tt1791528,Inherent Vice,4,"Comedy, Crime, Drama"
tt1794943,Sal,1,"Biography, Drama"
tt1796564,My Friend Ganesha 3,1,"Animation, Action, Comedy"
tt1798684,Southpaw,0,"Action, Crime, Drama"
tt1798709,Her,0,"Drama, Romance, Sci-Fi"
tt1800241,American Hustle,0,"Crime, Drama"
tt1800246,That Awkward Moment,1,"Comedy, Romance"
tt1800302,Gold,4,"Crime, Drama"
tt18060740,Chee$e,2,"Comedy, Drama, Fantasy"
tt18071972,Organ Trail,2,"Horror, Western"
tt18076786,Dying to Sleep,2,"Drama, Mystery, Thriller"
tt18077924,Poolman,1,"Comedy, Mystery"
tt18080092,Dorothy's New Adventures in Oz,1,Family
tt18081000,The End of Sex,1,"Comedy, Romance"
tt1809398,Unbroken,0,"Action, Biography, Drama"
tt1811315,FDR: American Badass!,1,"Action, Comedy"
tt1813757,Who Killed Captain Alex?,2,"Action, Crime, Mystery"
tt1814621,Admission,1,"Comedy, Drama, Romance"
tt1814665,Countdown,2,"Action, Drama"
tt1815708,Freelancers,2,"Action, Crime, Drama"
tt1815862,After Earth,0,"Action, Adventure, Sci-Fi"
tt1816597,The Aggression Scale,2,"Action, Crime, Thriller"
tt1817273,The Place Beyond the Pines,0,"Crime, Drama, Thriller"
tt1820488,War Witch,0,"Drama, War"
tt1821480,Kahaani,4,"Mystery, Thriller"
tt1821694,RED 2,1,"Action, Comedy, Crime"
tt1821701,Wait Till Helen Comes,2,"Family, Fantasy, Horror"
tt1822203,After Death,2,"Comedy, Drama, Mystery"
tt1822237,Check Mate,2,"Drama, Thriller"
tt1822255,My Best Enemy,2,"Comedy, Drama, War"
tt18227236,Bad Girl Boogey,2,"Drama, Horror"
tt1823672,Chappie,0,"Action, Crime, Drama"
tt1823684,Eternity,2,"Mystery, Sci-Fi"
tt18239364,The Christmas Challenge,1,"Comedy, Romance"
tt18245954,No Such Thing as Loyalty,2,"Crime, Drama"
tt1825157,The Double,4,"Comedy, Drama, Mystery"
tt1825683,Black Panther,0,"Action, Adventure, Sci-Fi"
tt18264794,Sparkle: A Unicorn Tale,1,"Adventure, Family, Fantasy"
tt1827487,Once Upon a Time in Anatolia,4,"Crime, Drama, Thriller"
tt1829012,Passion,4,"Adventure, Drama, Mystery"
tt1833116,The Informer,4,"Action, Crime, Drama"
tt1833673,Dhoom 3,0,"Action, Crime, Drama"
tt1838571,Juan of the Dead,1,"Action, Comedy, Horror"
tt1839492,Ruby Sparks,1,"Comedy, Drama, Fantasy"
tt1839494,Children Who Chase Lost Voices,3,"Animation, Adventure, Drama"
tt18394986,Mr. Franklin,2,"Action, Drama, Sci-Fi"
tt1839591,Recoil,2,"Action, Crime, Drama"
tt1839642,The Face of Love,4,"Drama, Mystery, Romance"
tt1840309,Divergent,0,"Action, Adventure, Mystery"
tt1840417,The Words,2,"Drama, Mystery, Romance"
tt1843303,The VelociPastor,1,"Action, Adventure, Comedy"
tt1843866,Captain America: The Winter Soldier,0,"Action, Adventure, Sci-Fi"
tt1844635,The Bucks County Massacre,2,"Action, Horror, Thriller"
tt1844793,The Cemetery,2,Horror
tt18453866,Die Theorie von Allem,4,Thriller
tt1846589,Hunter Killer,0,"Action, Thriller"
tt1846600,The General's Mustache,2,"Drama, Mystery, Thriller"
tt1846803,Troubleshooter,2,"Action, Crime, Drama"
tt1848771,Aarakshan,2,"Drama, Thriller"
tt1848832,Crawl,2,"Crime, Thriller"
tt1849718,Agneepath,4,"Action, Crime, Drama"
tt1850397,The Loft,2,"Mystery, Romance, Thriller"
tt1851006,Goltzius and The Pelican Company,0,"Biography, Comedy, History"
tt1853739,You're Next,2,"Horror, Thriller"
tt1854564,Percy Jackson: Sea of Monsters,3,"Adventure, Family, Fantasy"
tt1855199,End of Watch,4,"Action, Adventure, Crime"
tt1855325,Resident Evil: Retribution,4,"Action, Horror, Sci-Fi"
tt1856101,Blade Runner 2049,0,"Action, Drama, Mystery"
tt18568902,Kaun Pravin Tambe?,1,"Biography, Drama, Sport"
tt1857842,Inhuman Resources,2,"Horror, Thriller"
tt1858773,Redneck Roots,1,"Comedy, Drama, Romance"
tt1859522,Kiss Me,1,"Drama, Romance"
tt1859603,The Guest House,1,Romance
tt1859650,To Rome with Love,1,"Comedy, Music, Romance"
tt1860242,The Highwaymen,2,"Biography, Crime, Drama"
tt1860353,Turbo,3,"Animation, Adventure, Comedy"
tt1860357,Deepwater Horizon,0,"Action, Drama, History"
tt1862079,Safety Not Guaranteed,1,"Adventure, Comedy, Drama"
tt1863203,The Employer,2,Thriller
tt1864455,Penny's Shadow,1,"Adventure, Drama, Family"
tt1865505,Song of the Sea,3,"Animation, Adventure, Drama"
tt1867093,The Samaritan,2,"Action, Crime, Drama"
tt1872160,Art College 1994,1,Animation
tt1872181,The Amazing Spider-Man 2,0,"Action, Adventure, Sci-Fi"
tt1872194,The Judge,1,"Crime, Drama"
tt1877830,The Batman,4,"Action, Crime, Drama"
tt1877832,X-Men: Days of Future Past,0,"Action, Adventure, Sci-Fi"
tt18815600,The Other Side,1,"Drama, Romance"
tt1885331,Paris-Manhattan,1,"Comedy, Romance"
tt1885372,Sindhooram,4,"Action, Drama, Romance"
tt1886649,Race War: The Remake,2,"Comedy, Horror"
tt1891747,Another,2,"Horror, Mystery"
tt1893256,Redemption,4,"Action, Crime, Drama"
tt18933046,VR Fighter,1,Action
tt18937582,Catfish Christmas,1,Romance
tt18952404,In Dreams,2,Thriller
tt1895466,Loverboy,2,"Drama, Thriller"
tt1895587,Spotlight,4,"Biography, Crime, Drama"
tt18973958,New Life,2,"Horror, Thriller"
tt1899353,The Raid: Redemption,4,"Action, Crime, Thriller"
tt1900854,Comes a Bright Day,2,"Drama, Romance, Thriller"
tt1904996,Parker,2,"Action, Crime, Thriller"
tt1905041,Furious 6,0,"Action, Crime, Thriller"
tt19072084,The Claus Family 3,1,"Comedy, Family, Fantasy"
tt1907668,Flight,4,"Drama, Thriller"
tt1911644,The Call,4,"Drama, Thriller"
tt1911658,Penguins of Madagascar,3,"Animation, Adventure, Comedy"
tt1912398,God Bless America,4,"Action, Comedy, Crime"
tt1914331,Reus,2,"Crime, Thriller"
tt1918806,Entrance,2,"Drama, Horror, Thriller"
tt1919137,The Last Supper,4,"Action, History"
tt1920849,Bachelorette,1,"Comedy, Romance"
tt1921064,Pompeii,0,"Action, Adventure, Drama"
tt19224314,Wild Eyed and Wicked,2,Horror
tt1922548,Apocrypha,2,"Drama, Horror, Mystery"
tt1922777,Sinister,4,"Horror, Mystery, Thriller"
tt1924396,The Best Offer,4,"Crime, Drama, Mystery"
tt1924429,Trance,4,"Crime, Drama, Mystery"
tt1924435,Let's Be Cops,1,"Action, Comedy, Crime"
tt19245296,Ouija Witch,2,Horror
tt1928330,Bad Ass,2,"Action, Comedy, Crime"
tt19284188,The Mount 2,2,Horror
tt1931533,Seven Psychopaths,2,"Comedy, Crime"
tt1932718,Thanks for Sharing,1,"Comedy, Drama, Romance"
tt1934335,A Beautiful Life,1,"Drama, Romance"
tt1935787,Zhan long,2,Action
tt1935859,Miss Peregrine's Home for Peculiar Children,0,"Adventure, Drama, Family"
tt19367194,Qorin,2,Horror
tt1937149,The Body,4,"Crime, Drama, Mystery"
tt19387240,An Asian Ghost Story,4,"Horror, Mystery, Sci-Fi"
tt1939659,Carrie,4,"Drama, Horror"
tt19399206,Three,2,Horror
tt19406606,The Shift,0,Sci-Fi
tt1941536,Romancing in Thin Air,1,"Drama, Romance"
tt1941705,Treasure Inn,1,"Action, Comedy"
tt19428542,Unfinished Business: Kingston High,2,Horror
tt1942899,Khlib i sil,2,"Drama, Romance"
tt19433106,Interface,1,Sci-Fi
tt19445266,Razzennest,2,"Comedy, Horror"
tt1949583,Bad Behavior,2,Thriller
tt1950186,Ford v Ferrari,0,"Action, Biography, Drama"
tt1951261,The Hangover Part III,1,"Comedy, Crime"
tt1951264,The Hunger Games: Catching Fire,0,"Action, Adventure, Sci-Fi"
tt1951265,The Hunger Games: Mockingjay - Part 1,0,"Action, Adventure, Sci-Fi"
tt1951266,The Hunger Games: Mockingjay - Part 2,0,"Action, Adventure, Sci-Fi"
tt1954470,Gangs of Wasseypur,4,"Action, Comedy, Crime"
tt1954886,The Basement,2,"Horror, Mystery, Thriller"
tt1956620,Sex Tape,1,"Comedy, Romance"
tt1958053,Changing Hearts,1,"Drama, Romance"
tt1959490,Noah,0,"Action, Adventure, Drama"
tt1959563,The Hitman's Bodyguard,1,"Action, Comedy, Crime"
tt1961175,American Assassin,4,"Action, Thriller"
tt19623240,Winnie the Pooh: Blood and Honey,2,Horror
tt1964418,Tomorrowland,0,"Action, Adventure, Family"
tt1964624,In the House,4,"Drama, Mystery, Thriller"
tt1971514,Salvo,4,"Crime, Drama, Romance"
tt19718006,Quest for Love,1,"Adventure, Drama, Romance"
tt1972571,A Most Wanted Man,4,"Crime, Drama, Thriller"
tt1972591,King Arthur: Legend of the Sword,0,"Action, Adventure, Drama"
tt1972779,The Best of Me,1,"Drama, Romance"
tt1974419,The Neon Demon,4,"Horror, Thriller"
tt19757204,New Gods: Yang Jian,0,"Animation, Action, Fantasy"
tt19773302,Jonah,2,Sci-Fi
tt1977895,Resolution,4,"Drama, Horror, Mystery"
tt1979320,Rush,0,"Action, Biography, Drama"
tt1979376,Toy Story 4,3,"Animation, Adventure, Comedy"
tt1979388,The Good Dinosaur,3,"Animation, Adventure, Comedy"
tt19799018,Wrong Journey,2,"Drama, Thriller"
tt1980209,Pain & Gain,4,"Action, Comedy, Crime"
tt1980929,Begin Again,1,"Comedy, Drama, Music"
tt1981115,Thor: The Dark World,0,"Action, Adventure, Fantasy"
tt1981128,Geostorm,0,"Action, Sci-Fi, Thriller"
tt1981677,Pitch Perfect,3,"Comedy, Music, Romance"
tt19838634,Ulajh,2,Thriller
tt1985949,Angry Birds,3,"Animation, Action, Adventure"
tt1985966,Cloudy with a Chance of Meatballs 2,3,"Animation, Adventure, Comedy"
tt19868164,Craft Me a Romance,1,Romance
tt1988621,Exists,2,"Horror, Thriller"
tt19890316,What Happens Later,1,"Comedy, Romance"
tt1989485,Dead Before Dawn 3D,1,"Adventure, Comedy, Horror"
tt1989486,Dead Money,2,Action
tt1990314,Robot & Frank,1,"Comedy, Crime, Drama"
tt1991245,Chernobyl Diaries,2,"Horror, Mystery, Thriller"
tt1992258,Tower Block,2,Thriller
tt1999159,Footprints,1,"Drama, Family"
tt1999995,Would You Rather,4,"Horror, Thriller"
tt2002718,Machete Kills,2,"Action, Crime, Thriller"
tt2005151,War Dogs,2,"Biography, Comedy, Crime"
tt2005374,The Frozen Ground,4,"Crime, Drama, Thriller"
tt2006040,A Fantastic Fear of Everything,2,"Comedy, Horror"
tt20112746,Sting,2,Horror
tt2011311,The Outsider,4,"Action, Crime, Drama"
tt20113412,The Convert,0,"Action, Drama"
tt2013293,The Wind Rises,0,"Animation, Biography, Drama"
tt2015381,Guardians of the Galaxy,3,"Action, Adventure, Comedy"
tt2015478,Lovemakers,1,"Comedy, Romance"
tt2017038,All Is Lost,2,"Action, Adventure, Drama"
tt20183562,Torment,2,"Horror, Thriller"
tt20199226,My Fairy Troublemaker,1,"Animation, Adventure, Comedy"
tt2020110,The Kick,1,"Action, Sport"
tt20221436,Emilia Perez,0,"Comedy, Crime, Musical"
tt20222202,You're Killing Me,2,"Horror, Thriller"
tt20225374,Vesper,0,"Adventure, Drama, Sci-Fi"
tt20227448,Invoking Yell,2,"Crime, Horror, Mystery"
tt20228124,Stay Out,2,Horror
tt2023587,Mama,4,"Fantasy, Horror, Thriller"
tt2023690,Sightseers,2,"Adventure, Comedy, Crime"
tt20244248,Deep in It,2,"Action, Crime, Thriller"
tt2024432,Identity Thief,1,"Comedy, Crime, Drama"
tt2024469,Non-Stop,4,"Action, Mystery, Thriller"
tt2024544,12 Years a Slave,0,"Biography, Drama, History"
tt2025690,The Finest Hours,0,"Action, Drama, History"
tt2034761,Journey to the Christmas Star,3,"Adventure, Family, Fantasy"
tt2034800,The Great Wall,0,"Action, Adventure, Fantasy"
tt20358284,The Tutor,2,Thriller
tt2039393,The Gambler,4,"Crime, Drama, Thriller"
tt2040454,Operation Terror,2,Thriller
tt20414642,A Day and a Half,4,"Action, Thriller"
tt20424130,American Metal,2,"Action, Thriller"
tt2048770,Continuum,2,"Drama, Mystery, Sci-Fi"
tt2050604,People Mountain People Sea,4,"Crime, Drama, Thriller"
tt2051879,Europa Report,4,"Adventure, Drama, Mystery"
tt2053425,Rust and Bone,0,"Drama, Romance"
tt2053463,Side Effects,4,"Crime, Drama, Mystery"
tt2057392,Eye in the Sky,4,"Action, Drama, Thriller"
tt2058673,Point Break,0,"Action, Adventure, Crime"
tt20603692,Bodyshop,2,"Drama, Fantasy"
tt2062661,Area 407,2,"Horror, Sci-Fi, Thriller"
tt2066051,Rocketman,3,"Biography, Drama, Musical"
tt2066133,The Wine of Summer,1,"Comedy, Drama, Romance"
tt2069948,24 Seven,2,"Crime, Drama, Mystery"
tt2071491,Jurassic Shark,2,"Action, Adventure, Comedy"
tt2072220,Saving General Yang,0,"Adventure, History, War"
tt2072233,Sleepless,4,"Action, Thriller"
tt2072933,Cottage Country,2,"Comedy, Crime, Horror"
tt2073661,Dawn Patrol,2,"Drama, Thriller"
tt2076822,Chaos Walking,0,"Action, Adventure, Fantasy"
tt2080374,Steve Jobs,0,"Biography, Drama"
tt2082197,Barfi!,3,"Comedy, Drama, Romance"
tt2083383,Trouble with the Curve,1,"Drama, Sport"
tt20836144,Zheng jiu xian yi ren,2,"Crime, Drama, Mystery"
tt2084970,The Imitation Game,0,"Biography, Drama, Thriller"
tt20857676,Akademia pana Kleksa,3,Fantasy
tt2086938,The War of 1812,2,"Drama, War"
tt20879602,Maybe I Do,1,"Comedy, Romance"
tt2089863,Zombie Dawn,2,"Horror, War"
tt2090465,Black Butterfly,4,Thriller
tt2090515,Gwaed ar y Ser,2,Horror
tt2091256,Captain Underpants: The First Epic Movie,3,"Animation, Action, Adventure"
tt2093991,Elvis & Nixon,1,"Comedy, History"
tt2094018,Hours,0,"Drama, Thriller"
tt2094064,Much Ado About Nothing,3,"Comedy, Drama, Romance"
tt2094766,Assassin's Creed,0,"Action, Adventure, Sci-Fi"
tt2096673,Inside Out,3,"Animation, Adventure, Comedy"
tt20969586,Thunderbolts,0,"Action, Adventure, Crime"
tt2097298,"McFarland, USA",3,"Biography, Drama, Sport"
tt2101341,Dead Man Down,4,"Action, Crime, Drama"
tt2101441,Spring Breakers,2,"Crime, Drama, Thriller"
tt2102472,White Vengeance,2,"Action, Drama, History"
tt2103254,Tammy,1,"Comedy, Romance"
tt2103267,Adoration,2,"Drama, Romance"
tt2103281,Dawn of the Planet of the Apes,0,"Action, Adventure, Drama"
tt2105044,V/H/S,2,Horror
tt2106361,Into the Storm,2,"Action, Adventure, Drama"
tt2106739,Gayby,1,"Comedy, Drama, Romance"
tt21081126,Time Addicts,2,"Sci-Fi, Thriller"
tt2109184,Paranormal Activity 4,2,"Horror, Mystery"
tt2109248,Transformers: Age of Extinction,0,"Action, Adventure, Sci-Fi"
tt21097018,The Way of the Househusband,1,"Action, Comedy"
tt21100460,Party Bus,2,"Horror, Thriller"
tt2110388,All American Christmas Carol,1,"Comedy, Fantasy"
tt2111274,Bleed 4 Me,2,Horror
tt2112287,Thale,2,"Drama, Fantasy, Horror"
tt2112981,Julien & Claire,1,"Drama, Music, Romance"
tt2113681,The 100 Year-Old Man Who Climbed Out the Window and Disappeared,1,"Adventure, Comedy"
tt2113792,The Demented,2,"Horror, Sci-Fi"
tt2114358,Black Out,2,"Action, Comedy, Crime"
tt21157408,Street Cred,2,"Crime, Drama"
tt21158192,3 Days in Malay,2,"Action, History, War"
tt2116974,Vysotsky. Thank You for Being Alive,2,"Biography, Drama"
tt21187572,Don't Trick-Or-Treat Alone!,2,Horror
tt2118775,Special ID,2,"Action, Crime"
tt2119532,Hacksaw Ridge,0,"Biography, Drama, History"
tt2120120,Pixels,3,"Action, Comedy, Fantasy"
tt21222462,Mother's Milk,2,Thriller
tt21223048,Merry Kiss Cam,1,"Comedy, Romance"
tt21226152,Baliqlara xütbe,4,"Drama, War"
tt21226774,Don't Blame Karma!,1,"Comedy, Romance"
tt21235248,Untitled Ghostbusters Afterlife Sequel,3,"Adventure, Comedy, Fantasy"
tt2124926,The Aviation Cocktail,2,"Drama, Thriller"
tt2125435,Beasts of the Southern Wild,0,"Adventure, Drama, Fantasy"
tt21255308,A Royal in Paradise,1,"Comedy, Romance"
tt2125663,The Pineville Heist,2,"Action, Crime, Mystery"
tt21261712,Back to Black,1,Biography
tt21263500,Contorted,2,"Horror, Mystery"
tt2126355,San Andreas,0,"Action, Adventure, Thriller"
tt21267296,Hell of a Summer,2,"Comedy, Horror"
tt2128535,Santiago Violenta,1,"Action, Comedy, Crime"
tt2132285,The Bling Ring,2,"Biography, Crime, Drama"
tt2133239,I Declare War,2,"Action, Comedy, Drama"
tt21336626,Treasures of the Heart,1,Romance
tt21364552,The Roundup: No Way Out,2,"Action, Crime"
tt21372280,Autobiography,4,Thriller
tt21379060,Stalker,2,Thriller
tt21382296,Carry On,2,"Action, Thriller"
tt2139799,Desert Cathedral,2,"Drama, Mystery, Thriller"
tt2139881,Long Shot,1,"Comedy, Romance"
tt2140373,Saving Mr. Banks,3,"Biography, Comedy, Drama"
tt2140379,Self/less,0,"Action, Mystery, Sci-Fi"
tt2140479,The Accountant,2,"Action, Thriller"
tt2140619,Two Night Stand,1,"Comedy, Romance"
tt21426434,Shark Side of the Moon,2,"Action, Horror, Sci-Fi"
tt21426848,As We Know It,1,"Comedy, Horror, Romance"
tt2142987,Can't Take It Back,2,"Horror, Sci-Fi, Thriller"
tt21442114,Valiant One,2,Thriller
tt21454134,The Bikeriders,0,"Crime, Drama"
tt2147048,Red Flag,1,"Comedy, Drama, Romance"
tt2150332,Renoir,1,"Biography, Drama, History"
tt2150369,Love Me,1,Thriller
tt2150511,The List,2,Thriller
tt21602900,Stasis,2,Sci-Fi
tt21617996,Gatta Kusthi,1,"Comedy, Drama, Romance"
tt2165743,Eenie Meenie Miney Moe,2,"Crime, Drama, Thriller"
tt2166500,Self Storage,2,"Action, Crime, Horror"
tt2166616,Wrong Cops,2,"Comedy, Crime"
tt2169322,Finding Mr. Right,1,"Comedy, Romance"
tt2170439,Horrible Bosses 2,1,"Comedy, Crime"
tt2171867,Empire State,2,"Action, Crime, Thriller"
tt2172934,3 Days to Kill,2,"Action, Drama, Thriller"
tt2177575,Hanni and Nanni 2,1,"Adventure, Drama, Family"
tt2177771,The Monuments Men,1,"Comedy, Drama, History"
tt2179116,The Kings of Summer,1,"Adventure, Comedy, Drama"
tt2179136,American Sniper,0,"Action, Biography, Drama"
tt21799750,Yellow Dragon's Village,2,"Drama, Horror"
tt21801648,An Inconvenient Love,1,"Comedy, Romance"
tt2180411,Into the Woods,0,"Adventure, Comedy, Drama"
tt2180435,Kidnapped Souls,2,Horror
tt21807222,Saw 10,4,"Crime, Horror, Mystery"
tt2180994,A Good Marriage,2,"Crime, Drama, Thriller"
tt2182028,Bleeding Through,2,"Drama, Horror"
tt2182093,Final Move,2,Thriller
tt2182241,Sins,2,"Action, Thriller"
tt2183014,The Statistical Probability of Love at First Sight,1,"Drama, Romance"
tt21836576,Ivy + Bean: Doomed to Dance,1,"Comedy, Family"
tt2184095,3 Day Test,1,"Comedy, Family"
tt2184339,The Purge,4,"Horror, Sci-Fi, Thriller"
tt21848358,Jogi,0,"Drama, Thriller"
tt2186712,Long Nights Short Mornings,2,"Drama, Romance"
tt2186766,All Stars,1,"Comedy, Family"
tt2186848,Landmine Goes Click,4,"Action, Crime, Drama"
tt2187312,"Gallino, the Chicken System",2,"Comedy, Fantasy, Romance"
tt21874760,La mesita del comedor,4,"Comedy, Drama, Horror"
tt21916206,The Perfumier,2,"Crime, Drama, Mystery"
tt21927594,Girl You Know It's True,1,"Biography, Drama, Music"
tt2193215,The Counselor,4,"Crime, Drama, Thriller"
tt2193418,Hammer of the Gods,2,"Action, Horror"
tt2194499,About Time,3,"Comedy, Drama, Fantasy"
tt21953278,Romeo + Isabella,2,"Drama, Romance"
tt21958986,Tom and Jerry: Snowman's Land,1,"Animation, Adventure, Comedy"
tt21959272,Earworm,2,"Horror, Thriller"
tt21962086,The Bridge Curse: Ritual,2,"Horror, Mystery, Thriller"
tt2196236,The Wicked Woods,2,"Drama, Fantasy, Horror"
tt21974366,Your Love Is Mine,2,"Drama, Horror"
tt21983758,The Teacher,2,"Drama, Thriller"
tt2199571,Run All Night,4,"Action, Crime, Thriller"
tt22006348,OMG! Oh My Girl,1,"Comedy, Drama, Romance"
tt2201548,A Teacher,2,"Drama, Romance"
tt22020050,The Things We Cannot Change,2,Thriller
tt2203939,The Other Woman,1,"Comedy, Romance"
tt22042742,Christmas Bloody Christmas,2,Horror
tt22048412,MaXXXine,4,Horror
tt2205697,Stuck in Love.,1,"Comedy, Drama, Romance"
tt2208216,Vanishing Waves,4,"Romance, Sci-Fi, Thriller"
tt2209418,Before Midnight,1,"Drama, Romance"
tt2209764,Transcendence,2,"Action, Drama, Sci-Fi"
tt2210479,Berserk: The Golden Age Arc I - The Egg of the King,2,"Animation, Action, Adventure"
tt2213054,Kai po che!,0,"Drama, Sport"
tt22170224,Labyu with an Accent,1,"Comedy, Romance"
tt22178922,Partners in Crime,1,"Action, Comedy"
tt2218003,Closed Circuit,2,"Crime, Drama, Mystery"
tt2222042,Love and Monsters,3,"Action, Adventure, Comedy"
tt2223990,Draft Day,2,"Drama, Sport"
tt2224026,Home,3,"Animation, Adventure, Comedy"
tt2224571,Perfect Partner,1,"Comedy, Drama, Romance"
tt2226162,Hunter Hunter,4,"Drama, Horror, Mystery"
tt2226417,Insidious: Chapter 2,4,"Horror, Mystery, Thriller"
tt2226440,Dead Men,2,"Action, Western"
tt2226597,The Mountain Between Us,1,"Drama, Thriller"
tt2229499,Don Jon,1,"Comedy, Drama, Romance"
tt2229511,Wer,2,"Action, Horror, Mystery"
tt2231461,Rampage,1,"Action, Adventure, Sci-Fi"
tt2234530,Bratz: Desert Jewelz,1,"Animation, Family"
tt2235108,Dear White People,2,"Comedy, Drama, Romance"
tt2235695,Rebecca,4,"Drama, Mystery, Romance"
tt2238032,Skiptrace,1,"Action, Adventure, Comedy"
tt2238050,White Bird in a Blizzard,2,"Drama, Mystery, Thriller"
tt2238140,Dace Decklan: Private Eye,1,"Animation, Action, Adventure"
tt22392974,Break In,2,Thriller
tt2239822,Valerian and the City of a Thousand Planets,0,"Action, Adventure, Fantasy"
tt2239832,Think Like a Man Too,1,"Comedy, Romance"
tt2241351,Money Monster,4,"Crime, Drama, Mystery"
tt2243260,Swung,1,"Comedy, Drama, Romance"
tt2245084,Big Hero 6,3,"Animation, Action, Adventure"
tt2245151,Supremacy,4,"Drama, Thriller"
tt22463382,Lukewarm,2,"Comedy, Horror, Musical"
tt2247476,When the Game Stands Tall,1,"Biography, Drama, Family"
tt22476934,Bad Education,2,"Action, Crime, Drama"
tt2247816,Doll Factory,1,"Comedy, Horror"
tt22489042,Hellhound,2,Action
tt22497768,Alkhallat+,2,"Comedy, Drama, Mystery"
tt22497824,The Matchmaker,4,"Drama, Mystery, Thriller"
tt22501842,New Fears Eve,2,Horror
tt22506970,Hero,0,"Biography, Drama, History"
tt2250912,Spider-Man: Homecoming,3,"Action, Adventure, Sci-Fi"
tt2252552,Gutshot Straight,2,"Action, Crime, Thriller"
tt2253939,Camille Rewinds,1,"Comedy, Drama, Romance"
tt2254790,Foresight Killer Instinct,2,"Action, Crime, Horror"
tt2257284,Line of Descent,2,"Crime, Drama"
tt2258337,Eega,0,"Action, Comedy, Drama"
tt2261976,My Dog the Champion,1,"Drama, Family"
tt2262227,The Book of Life,3,"Animation, Adventure, Comedy"
tt2265080,Red Wing,1,"Drama, Romance"
tt2265171,The Raid 2,4,"Action, Crime, Thriller"
tt2265555,Snuf de hond en de IJsvogel,1,"Adventure, Family"
tt2265609,The Shadow of Death,2,"Comedy, Horror"
tt2267968,Kung Fu Panda 3,3,"Animation, Action, Adventure"
tt2267998,Gone Girl,4,"Drama, Mystery, Thriller"
tt2268458,These Final Hours,0,"Drama, Sci-Fi, Thriller"
tt22688572,Boudica,0,Action
tt22695198,The Lost Lotteries,1,"Comedy, Crime"
tt2271412,President Wolfman,1,"Comedy, Horror"
tt2272336,Ghost Team One,1,"Comedy, Horror"
tt2273657,True Story,2,"Biography, Crime, Drama"
tt22741760,Your Monster,1,"Comedy, Horror, Romance"
tt22742012,Love Solutions,2,Romance
tt2274648,Hellboy,0,"Action, Adventure, Fantasy"
tt22767628,Blackwater Lane,2,Thriller
tt22769820,Legion of Super-Heroes,3,"Animation, Action, Sci-Fi"
tt22774688,The Soccer Football Movie,1,"Animation, Comedy, Family"
tt2277860,Finding Dory,3,"Animation, Adventure, Comedy"
tt2278388,The Grand Budapest Hotel,0,"Adventure, Comedy, Crime"
tt2278871,Blue Is the Warmest Colour,0,"Drama, Romance"
tt2279025,Beast Within,2,"Action, Adventure, Crime"
tt2279339,Love the Coopers,1,"Comedy, Fantasy, Romance"
tt22796890,Hell House LLC Origins: The Carmichael Manor,4,"Horror, Mystery"
tt2280358,Omnivores,2,"Horror, Thriller"
tt2280986,Shallow Creek Cult,2,"Action, Horror, Thriller"
tt2281159,Contracted,2,"Drama, Horror, Thriller"
tt2281309,The Liar and His Lover,1,Romance
tt2283336,Men in Black: International,3,"Action, Adventure, Comedy"
tt2283362,Jumanji: Welcome to the Jungle,3,"Action, Adventure, Comedy"
tt22873516,Séance Games - Metaxu,2,Horror
tt2290553,Northmen - A Viking Saga,2,"Action, Drama, History"
tt2293640,Minions,3,"Animation, Adventure, Comedy"
tt22939186,Sand and Stones,2,"Action, Horror, Thriller"
tt2294449,22 Jump Street,1,"Action, Comedy, Crime"
tt2294473,Lesson of the Evil,4,"Horror, Thriller"
tt2294629,Frozen,3,"Animation, Adventure, Comedy"
tt2294789,Remember,4,"Action, Family, Fantasy"
tt2301045,Otaku Vampires,1,"Action, Comedy, Horror"
tt2301155,Shootout at Wadala,2,"Action, Biography, Crime"
tt2302755,Olympus Has Fallen,0,"Action, Thriller"
tt23032692,Spring Lakes,2,Horror
tt2304933,The 5th Wave,0,"Action, Adventure, Sci-Fi"
tt2305051,Wild,0,"Adventure, Biography, Drama"
tt2309224,Big Bad Wolves,4,"Drama, Horror, Thriller"
tt2310332,The Hobbit: The Battle of the Five Armies,0,"Adventure, Fantasy"
tt2311526,Puppylove,1,"Drama, Romance"
tt2312718,Homefront,2,"Action, Crime, Thriller"
tt23131648,Bloat,2,Horror
tt23137904,Rebel Moon 2,0,"Action, Adventure, Drama"
tt23159982,Blue Hour: The Disappearance of Nick Brandreth,2,"Drama, Horror, Sci-Fi"
tt2316204,Alien: Covenant,4,"Horror, Sci-Fi, Thriller"
tt2316411,Enemy,4,"Drama, Mystery, Thriller"
tt2316479,Blue Iguana,1,"Action, Comedy, Crime"
tt2316548,Beautiful Disaster,1,"Drama, Romance"
tt2316756,Andala Rakshasi,1,Romance
tt2316868,The Better Angels,0,"Biography, Drama, History"
tt2321502,Uncanny,4,"Drama, Horror, Sci-Fi"
tt2321549,The Babadook,4,"Horror, Mystery"
tt2321663,Chong zhen jing wu men,1,Action
tt2322441,Fifty Shades of Grey,1,"Drama, Romance, Thriller"
tt2322457,Ivan the Incredible,1,"Animation, Comedy, Family"
tt2322932,The Hunted,1,"Action, Comedy, Horror"
tt2325517,Almost Human,2,"Horror, Sci-Fi, Thriller"
tt2328813,Hard to Be a God,4,"Drama, Sci-Fi"
tt23289160,Untitled Toho Godzilla film,4,"Action, Adventure, Sci-Fi"
tt2332623,Fateful Findings,2,"Drama, Fantasy, Mystery"
tt2333598,7 Boxes,4,"Adventure, Crime, Drama"
tt2333784,The Expendables 3,2,"Action, Adventure, Thriller"
tt2334649,Fruitvale Station,0,"Biography, Crime, Drama"
tt2334879,White House Down,0,"Action, Drama, Thriller"
tt2336284,Blitzpatrollie,1,"Action, Comedy, Crime"
tt2338151,PK,3,"Comedy, Drama, Sci-Fi"
tt2338454,Unicorn Store,1,"Comedy, Drama, Fantasy"
tt2342421,Wakey Wakey,2,"Drama, Mystery, Thriller"
tt2345613,Leprechaun: Origins,2,"Fantasy, Horror"
tt2345695,Roadside Massacre,2,Horror
tt2345737,The Rover,4,"Action, Crime, Drama"
tt2345759,The Mummy,0,"Action, Adventure, Fantasy"
tt2346198,Where the Road Runs Out,1,"Drama, Family, Romance"
tt2347569,Frances Ha,1,"Comedy, Drama, Romance"
tt2349142,Alien Showdown: The Day the Old West Stood Still,2,"Action, Adventure, Fantasy"
tt2349721,La Lectora,2,"Action, Drama, Thriller"
tt2351310,Flu,4,"Action, Drama, Sci-Fi"
tt2353755,12 12 12,2,Sci-Fi
tt23558280,Elevation,2,"Action, Thriller"
tt2356180,Bhaag Milkha Bhaag,0,"Biography, Drama, Sport"
tt2357129,Jobs,1,"Biography, Drama"
tt2357291,Rio 2,3,"Animation, Adventure, Comedy"
tt2357489,Zanjeer,2,"Action, Crime, Drama"
tt2357866,Axeman at Cutter's Creek,2,Horror
tt2359024,Blue Ruin,4,"Crime, Drama, Thriller"
tt2359810,Raanjhanaa,0,"Drama, Romance"
tt2362212,Where We Started,1,"Drama, Romance"
tt2362354,Spirit of Love: The Mike Glenn Story,1,"Family, Sport"
tt23623604,L.O.L. Surprise! Winter Fashion Show,1,Animation
tt2363213,Ragnarok,1,"Adventure, Fantasy"
tt2363461,The Pyramid,2,Horror
tt2364841,Runner Runner,2,"Crime, Thriller"
tt2364897,The Disappointments Room,2,"Drama, Horror, Thriller"
tt2368662,Shadows in the Distance,1,"Drama, Music, Romance"
tt2369135,Need for Speed,2,"Action, Thriller"
tt2369317,Space Station 76,2,"Comedy, Drama, Sci-Fi"
tt2369600,Muffin Top: A Love Story,1,"Comedy, Romance"
tt2371158,Secrets of War,0,"Drama, Family, History"
tt2372222,Kick,1,"Action, Comedy, Crime"
tt23722792,I Believe in Santa,1,"Comedy, Romance"
tt2372678,2 States,1,"Comedy, Drama, Romance"
tt2377322,Deliver Us from Evil,2,"Action, Adventure, Crime"
tt2377752,The Truth About Lies,1,"Comedy, Romance"
tt2378471,Southern Comfort,1,"Drama, Romance"
tt23790924,Vincent doit mourir,2,"Comedy, Drama, Fantasy"
tt23793170,Coup!,2,"Comedy, Thriller"
tt2379318,Bright Days Ahead,1,"Drama, Romance"
tt2379713,Spectre,0,"Action, Adventure, Thriller"
tt2380307,Coco,3,"Animation, Adventure, Comedy"
tt2380594,Winter of Discontent,2,"Drama, History"
tt2381111,Brooklyn,3,"Drama, Romance"
tt2381213,Sundown,1,"Action, Adventure, Comedy"
tt2381249,Mission: Impossible - Rogue Nation,0,"Action, Adventure, Thriller"
tt2381941,Focus,2,"Comedy, Crime, Drama"
tt2381991,The Huntsman: Winter's War,0,"Action, Adventure, Drama"
tt2382320,No Time to Die,0,"Action, Adventure, Thriller"
tt2386291,Deadly Revisions,2,"Horror, Mystery, Thriller"
tt2386490,How to Train Your Dragon: The Hidden World,3,"Animation, Action, Adventure"
tt2387433,Dark Skies,2,"Horror, Sci-Fi, Thriller"
tt2387499,Keeping Up with the Joneses,1,"Action, Comedy"
tt2388715,Oculus,4,"Horror, Mystery, Thriller"
tt2388771,Mowgli: Legend of the Jungle,0,"Adventure, Drama, Fantasy"
tt2390361,Enough Said,1,"Comedy, Drama, Romance"
tt2395427,Avengers: Age of Ultron,0,"Action, Adventure, Sci-Fi"
tt2397461,Clifford the Big Red Dog,3,"Animation, Adventure, Comedy"
tt2397535,Predestination,4,"Action, Drama, Sci-Fi"
tt2398249,They Came Together,1,"Comedy, Romance"
tt2400275,Goodbye to Language,2,"Drama, Fantasy"
tt2400321,Deer in the Headlight,1,"Adventure, Comedy, Drama"
tt2400463,The Invitation,4,"Drama, Horror, Mystery"
tt2400473,The Trouble with Barry,2,"Comedy, Horror, Thriller"
tt2401181,Der Samurai,2,"Fantasy, Horror, Thriller"
tt2401878,Anomalisa,2,"Animation, Comedy, Drama"
tt24020726,The Box,2,Horror
tt2402157,The November Man,4,"Action, Thriller"
tt2402927,Carol,0,"Drama, Romance"
tt2403867,Fusé: Memoirs of a Huntress,0,"Animation, Action, Drama"
tt2404233,Gods of Egypt,0,"Action, Adventure, Fantasy"
tt2404311,The Family,2,"Comedy, Crime, Thriller"
tt2404435,The Magnificent Seven,0,"Action, Adventure, Western"
tt2404461,The Past,4,"Drama, Mystery"
tt2404463,The Heat,1,"Action, Comedy, Crime"
tt2406566,Atomic Blonde,4,"Action, Thriller"
tt24067680,Run Baby Run,2,Thriller
tt24076146,The Persian Version,1,"Comedy, Drama, Romance"
tt2409302,Why Don't You Play in Hell?,2,"Action, Comedy"
tt2409904,Heavy Metal Horror,2,Thriller
tt2411024,Perfect Number,2,"Drama, Thriller"
tt2411112,Longwave,2,"Comedy, Drama, History"
tt24132988,Manny Pacquiao: Unstoppable Force,1,Sport
tt2414196,The Maid,2,"Drama, Romance"
tt24146896,Rotting in the Sun,4,"Comedy, Mystery"
tt2417650,30 Nights of Paranormal Activity with the Devil Inside the Girl with the Dragon Tattoo,1,"Comedy, Horror"
tt2422212,House of Cards,4,"Action, Drama"
tt2427892,Tom at the Farm,4,"Drama, Mystery, Thriller"
tt2429074,G.B.F.,1,"Comedy, Drama, Romance"
tt2431286,Philomena,0,"Biography, Comedy, Drama"
tt2431576,Animus,2,"Horror, Thriller"
tt2433542,Yamudiki Mogudu,1,"Comedy, Fantasy"
tt2436386,Project Almanac,2,"Drama, Mystery, Sci-Fi"
tt2441174,A Grim Becoming,1,"Action, Comedy, Horror"
tt2446042,Taken 3,4,"Action, Crime, Thriller"
tt2446746,Heretic,2,Horror
tt2446980,Joy,3,"Biography, Drama"
tt2447162,Game Camera,2,Horror
tt2447338,Faraway,1,"Adventure, Drama, Fantasy"
tt2452244,Isn't It Romantic,3,"Comedy, Fantasy, Musical"
tt2459160,Road to the Open,1,"Comedy, Drama, Sport"
tt2463208,The Adam Project,3,"Action, Adventure, Comedy"
tt2463512,Hateship Loveship,1,"Drama, Romance"
tt2463524,Dark Vision,2,"Horror, Mystery, Sci-Fi"
tt2470102,Young Hunters: The Beast of Bevendean,1,"Action, Adventure, Family"
tt2474958,Kill Your Friends,2,"Comedy, Crime, Music"
tt24785860,Love on a Budget,1,Romance
tt24786154,Someday or One Day,1,"Drama, Fantasy, Romance"
tt2481276,Thou Wast Mild and Lovely,2,"Comedy, Mystery, Romance"
tt2481498,"Extremely Wicked, Shockingly Evil and Vile",4,"Biography, Crime, Drama"
tt2486678,5 to 7,1,"Comedy, Drama, Romance"
tt2488496,Star Wars: Episode VII - The Force Awakens,0,"Action, Adventure, Sci-Fi"
tt2493466,Kuroyuri danchi,4,"Drama, Fantasy, Horror"
tt2494362,Bone Tomahawk,4,"Drama, Horror, Western"
tt2494476,Capital Games,1,Romance
tt2497980,The Lookalike,2,"Crime, Thriller"
tt2503358,Speak No Evil,2,Horror
tt2510894,Hotel Transylvania 2,3,"Animation, Adventure, Comedy"
tt2512528,The Watchers: Revelation,2,"Action, Adventure, Sci-Fi"
tt2514646,Blood Brothers,1,Thriller
tt2516864,Smoorverliefd,1,"Comedy, Romance"
tt2516966,1974: La posesión de Altair,2,"Horror, Mystery, Sci-Fi"
tt2526138,Jiseul,4,"Drama, History, War"
tt2527256,My Cornerstone,1,"Comedy, Drama, Romance"
tt2527336,Star Wars: Episode VIII - The Last Jedi,0,"Action, Adventure, Fantasy"
tt2527338,Star Wars: The Rise Of Skywalker,0,"Action, Adventure, Fantasy"
tt2528814,God's Not Dead,1,"Adventure, Comedy, Drama"
tt2530392,The Little House,0,"Drama, Romance"
tt2535470,Wyrmwood: Road of the Dead,4,"Action, Comedy, Horror"
tt2536436,App,2,"Sci-Fi, Thriller"
tt25366998,Alhamour H.A.,2,"Biography, Comedy, Crime"
tt25406052,Kingdom: Unmei no Hono,0,"Action, History, War"
tt25406060,Thoe Kap Chan Kap Chan,1,"Drama, Romance"
tt25406500,Iratta,4,"Drama, Thriller"
tt2543164,Arrival,0,"Drama, Mystery, Sci-Fi"
tt2543472,Wonder,3,"Drama, Family"
tt2548208,Poker Night,2,"Crime, Mystery, Thriller"
tt2548396,The Cloverfield Paradox,4,"Action, Adventure, Horror"
tt25503544,Phantom,0,Action
tt2552498,Jack the Giant Killer,1,"Action, Fantasy"
tt2554042,Maazii,2,"Crime, Drama, Thriller"
tt2554274,Crimson Peak,4,"Drama, Horror, Mystery"
tt2557478,Pacific Rim: Uprising,0,"Action, Adventure, Fantasy"
tt2559214,Bordering on Bad Behavior,2,"Action, Comedy, Drama"
tt2560102,Lilting,1,"Drama, Romance"
tt2560792,Skybound,2,"Action, Thriller"
tt2561572,Get Hard,1,"Comedy, Crime"
tt2567026,Alice Through the Looking Glass,3,"Adventure, Family, Fantasy"
tt2568862,Going in Style,1,"Comedy, Crime"
tt2573372,Becoming,2,Thriller
tt2577652,The President's Staff,2,"Sci-Fi, Thriller"
tt2582496,Me and Earl and the Dying Girl,3,"Comedy, Drama, Romance"
tt2582498,Sweet Virginia,2,"Action, Drama, Thriller"
tt2582624,The Privileged,2,"Drama, Thriller"
tt2582782,Hell or High Water,4,"Crime, Drama, Thriller"
tt2582846,The Fault in Our Stars,3,"Drama, Romance"
tt25830860,A Sunday Affair,2,Romance
tt2584384,Jojo Rabbit,0,"Comedy, Drama, War"
tt2585562,Pizza,2,"Horror, Thriller"
tt25869142,Disquiet,2,Thriller
tt2591814,The Garden of Words,3,"Animation, Drama, Romance"
tt2592614,Resident Evil: The Final Chapter,0,"Action, Horror, Sci-Fi"
tt25981462,Boonie Bears: Guardian Code,1,Animation
tt2602338,Malady,2,"Drama, Horror, Mystery"
tt2603308,Countdown,2,"Horror, Mystery, Thriller"
tt2606826,Poraali,1,"Action, Drama, Thriller"
tt2609758,A Madea Christmas,1,"Comedy, Drama, Romance"
tt2614400,Casanova Variations,1,"Biography, Drama, Fantasy"
tt26160190,Unlocked,4,"Crime, Drama, Mystery"
tt2626460,Top Dog,2,"Crime, Drama"
tt2631186,Baahubali: The Beginning,0,"Action, Drama"
tt2637294,Hot Tub Time Machine 2,1,"Comedy, Mystery, Sci-Fi"
tt2638144,Ben-Hur,0,"Action, Drama, Romance"
tt2639976,Banking Hours 10 to 4,2,"Mystery, Thriller"
tt2642524,Mr. Kaplan,1,"Comedy, Drama, Thriller"
tt2645472,The Flame of Devotion,2,"Drama, Romance"
tt26475994,Ninja vs Shark,2,"Action, History, Horror"
tt2649554,Midnight Special,0,"Drama, Mystery, Sci-Fi"
tt2652118,"Crouching Tiger, Hidden Dragon: Sword of Destiny",0,"Action, Adventure, Drama"
tt26584495,Companion,4,"Sci-Fi, Thriller"
tt2660888,Star Trek Beyond,0,"Action, Adventure, Sci-Fi"
tt26628641,The Jack in the Box Rises,2,Horror
tt26658104,Imaginary,2,Horror
tt26681671,Where the Devil Roams,4,Horror
tt26743210,How to Train Your Dragon Live-Action,3,Adventure
tt2674426,Me Before You,1,"Drama, Romance"
tt2679042,Hitman: Agent 47,2,"Action, Crime, Thriller"
tt2691734,October Gale,2,"Drama, Romance, Thriller"
tt2692250,Night at the Museum: Secret of the Tomb,3,"Adventure, Comedy, Family"
tt26926267,Mother of the Bride,1,"Comedy, Romance"
tt2697586,White Creek,2,"Drama, Horror, Thriller"
tt2704998,Game Night,1,"Action, Adventure, Comedy"
tt2709692,The Grinch,3,"Animation, Comedy, Family"
tt2709768,The Secret Life of Pets,3,"Animation, Adventure, Comedy"
tt2713180,Fury,4,"Action, Drama, War"
tt2713642,Jersey Shore Massacre,2,"Comedy, Horror"
tt2714380,The Remaining,2,"Drama, Horror, Mystery"
tt2719848,Everest,0,"Action, Adventure, Biography"
tt2720726,Darkside Witches,2,Horror
tt2726552,A Kind of Murder,4,"Crime, Drama, Thriller"
tt2726560,The Longest Ride,1,"Comedy, Drama, Romance"
tt2727028,Total Chaos,1,"Comedy, Drama, Romance"
tt2728784,After Darkness,2,"Drama, Sci-Fi, Thriller"
tt2736074,Of Good Report,2,"Drama, Thriller"
tt2736254,Absence,2,"Horror, Sci-Fi, Thriller"
tt2737304,Bird Box,4,"Horror, Mystery, Sci-Fi"
tt2738050,Will You Still Love Me Tomorrow?,1,"Comedy, Drama, Romance"
tt2752584,Pelle Politibil på sporet,1,"Animation, Adventure, Family"
tt2752758,Devil's Due,2,"Horror, Mystery"
tt2762772,Silent Screams,2,"Horror, Thriller"
tt2767440,Nocturne Six,2,"Horror, Sci-Fi, Thriller"
tt2771200,Beauty and the Beast,3,"Adventure, Family, Fantasy"
tt2780610,No Weapon Shall Prosper,2,"Action, Drama, Romance"
tt2782844,Billionaire Ransom,2,"Action, Adventure, Crime"
tt2784936,Backtrack,4,"Drama, Fantasy, Horror"
tt2788710,The Interview,1,"Action, Adventure, Comedy"
tt2797190,After Midnight,2,"Mystery, Thriller"
tt2797352,Hidden Agenda,2,"Action, Crime, Mystery"
tt2798920,Annihilation,4,"Adventure, Drama, Horror"
tt2802144,Kingsman: The Secret Service,0,"Action, Adventure, Comedy"
tt2802154,Leviathan,4,"Crime, Drama"
tt2806988,Shock: My Abstraction of Death,2,Thriller
tt2808986,Tokyo Tribe,0,"Action, Musical"
tt2814362,United Passions,2,"Drama, History, Sport"
tt2820852,Furious 7,0,"Action, Crime, Thriller"
tt2823054,Mike and Dave Need Wedding Dates,1,"Comedy, Romance"
tt2824852,Deadly Virtues: Love.Honour.Obey.,4,"Drama, Thriller"
tt2836166,Punk's Dead: SLC Punk 2,1,"Adventure, Comedy, Music"
tt2852070,Sunday Morning Rapture,2,"Drama, Family"
tt2854926,Tag,1,"Action, Comedy"
tt2856578,The Grotto,2,Horror
tt2859246,Rakuen Tsuiho: Expelled from Paradise,0,"Animation, Action, Adventure"
tt2866360,Coherence,4,"Drama, Mystery, Sci-Fi"
tt2866674,Thy Will Be Done,1,"Drama, Family, Musical"
tt2870612,"As Above, So Below",2,"Horror, Mystery, Thriller"
tt2870756,Magic in the Moonlight,3,"Comedy, Drama, Romance"
tt2872718,Nightcrawler,4,"Crime, Drama, Thriller"
tt2872732,Lucy,0,"Action, Sci-Fi, Thriller"
tt2872750,Shaun the Sheep Movie,3,"Animation, Adventure, Comedy"
tt2873282,Red Sparrow,4,"Action, Drama, Thriller"
tt2883218,I Am the Keeper,2,"Drama, Romance"
tt2883512,Chef,3,"Adventure, Comedy, Drama"
tt2884206,I Origins,2,"Drama, Mystery, Romance"
tt2885628,Nina Forever,2,"Comedy, Drama, Horror"
tt2908446,The Divergent Series: Insurgent,0,"Action, Adventure, Sci-Fi"
tt2910274,Obvious Child,1,"Comedy, Drama, Romance"
tt2910814,The Signal,4,"Drama, Mystery, Sci-Fi"
tt2911666,John Wick,4,"Action, Crime, Thriller"
tt2917388,Kidnapping Mr. Heineken,2,"Action, Crime, Drama"
tt2917646,Nobeureshing,1,"Romance, Sport"
tt2923834,The Last Scout,2,"Action, Adventure, Drama"
tt2932536,47 Meters Down,2,"Adventure, Drama, Horror"
tt2934408,The Dog,1,"Action, Comedy"
tt2935510,Ad Astra,0,"Adventure, Drama, Mystery"
tt2935622,The School for Good and Evil,3,"Action, Comedy, Drama"
tt2936180,Far from Men,0,"Drama, War"
tt2937898,A Most Violent Year,4,"Action, Crime, Drama"
tt2938956,The Transporter Refueled,2,"Action, Thriller"
tt2948356,Zootopia,3,"Animation, Adventure, Comedy"
tt2948372,Soul,3,"Animation, Adventure, Comedy"
tt2950418,Greater,1,"Biography, Family, Sport"
tt2953050,Encanto,3,"Animation, Comedy, Family"
tt2960220,Arrobá,1,"Comedy, Sci-Fi"
tt2964120,Wood Job!,3,"Adventure, Comedy"
tt2967008,The Face of an Angel,2,"Crime, Drama"
tt2967578,Secretly Greatly,0,"Action, Comedy, Drama"
tt2969656,Cold Eyes,2,"Action, Crime, Thriller"
tt2975578,The Purge: Anarchy,4,"Action, Horror, Sci-Fi"
tt2975590,Batman v Superman: Dawn of Justice,0,"Action, Adventure, Sci-Fi"
tt2977364,Kyz-Zhibek,0,"Drama, History, Romance"
tt2978576,Bill,1,"Comedy, Family, History"
tt2980516,The Theory of Everything,3,"Biography, Drama, Romance"
tt2980592,The Guest,4,"Action, Mystery, Thriller"
tt2981768,Patema Inverted,0,"Animation, Adventure, Drama"
tt2983922,The Night Visitor 2: Heather's Story,2,Sci-Fi
tt2988272,Shuddh Desi Romance,1,"Comedy, Drama, Romance"
tt2990140,The Christmas Chronicles,3,"Adventure, Comedy, Family"
tt2991296,Beneath,2,"Adventure, Drama, Horror"
tt3000284,Honey Bee,1,"Comedy, Thriller"
tt3007240,Shaolin Warrior,1,Action
tt3007512,The Water Diviner,0,"Drama, History, War"
tt3011894,Wild Tales,4,"Comedy, Drama, Thriller"
tt3014866,Criminal,2,"Action, Sci-Fi, Thriller"
tt3014910,Finding Altamira,1,"Biography, Drama, History"
tt3017864,Ghost in the Shell Arise: Border 2 - Ghost Whisper,0,"Animation, Action, Sci-Fi"
tt3024324,Kill Game,2,Horror
tt3029556,Rurouni Kenshin: The Legend Ends,0,"Action, Adventure, Drama"
tt3040964,The Jungle Book,3,"Adventure, Drama, Family"
tt3045616,Mortdecai,1,"Action, Adventure, Comedy"
tt3058674,VANish,2,"Action, Crime, Horror"
tt3062096,Inferno,0,"Action, Adventure, Crime"
tt3064620,Isabelle Dances Into the Spotlight,3,"Drama, Family"
tt3065204,The Conjuring 2,4,"Horror, Mystery, Thriller"
tt3066630,The Forbidden Room,0,"Comedy, Mystery"
tt3072482,Hardcore Henry,4,"Action, Adventure, Sci-Fi"
tt3074952,Welcome to Willits,2,"Horror, Sci-Fi"
tt3076510,Henchmen,1,"Animation, Comedy, Family"
tt3076658,Creed,1,"Action, Drama, Sport"
tt3079380,Spy,3,"Action, Comedy"
tt3083008,The Program,2,"Biography, Drama, Sport"
tt3083932,Stolen Moments,2,"Drama, Music, Romance"
tt3086582,Tiny Times 2.0,1,"Comedy, Drama, Romance"
tt3090670,Advantageous,0,"Drama, Family, Sci-Fi"
tt3093522,Cymbeline,2,"Crime, Drama, Thriller"
tt3095734,Monster Trucks,1,"Action, Adventure, Comedy"
tt3104930,Da Sweet Blood of Jesus,2,"Comedy, Drama, Horror"
tt3104988,Crazy Rich Asians,3,"Comedy, Drama, Romance"
tt3107924,Meet the Small Potatoes,1,"Family, Musical"
tt3108158,The World of Kanako,4,"Drama, Mystery, Thriller"
tt3110958,Now You See Me 2,0,"Action, Adventure, Comedy"
tt3111426,Lost Girls,4,"Crime, Drama, Mystery"
tt3117302,Konfetti,1,"Comedy, Drama, Romance"
tt3120280,Sierra Burgess Is a Loser,3,"Comedy, Drama, Romance"
tt3120314,Shark Exorcist,2,"Action, Fantasy, Horror"
tt3121122,Let's Ruin It with Babies,1,"Comedy, Drama, Romance"
tt3124456,Memories,2,"Mystery, Thriller"
tt3138344,Baked in Brooklyn,1,"Comedy, Crime, Drama"
tt3148392,Shatru,2,"Action, Thriller"
tt3149360,Lucky Dog,1,Family
tt3149900,The Hunted,2,"Horror, Mystery, Thriller"
tt3152624,Trainwreck,1,"Comedy, Drama, Romance"
tt3155298,Luther: The Fallen Sun,4,"Crime, Drama, Mystery"
tt3155604,The Geographer Drank His Globe Away,2,"Adventure, Drama, Romance"
tt3155654,Hide and Seek,4,"Mystery, Thriller"
tt3157224,We Still Kill the Old Way,2,"Action, Comedy, Crime"
tt3161758,Malini 22,2,"Drama, Thriller"
tt3165264,Altered Perception,2,"Fantasy, Mystery, Sci-Fi"
tt3165612,Sleeping with Other People,1,"Comedy, Drama, Romance"
tt3168230,Mr. Holmes,0,"Drama, Mystery"
tt3168254,Noirland,2,Crime
tt3170832,Room,0,"Drama, Thriller"
tt3173910,Hasee Toh Phasee,1,"Comedy, Romance"
tt3176414,Let It Bleed,1,"Action, Comedy, Thriller"
tt3180548,The Belly of the Whale,2,"Crime, Drama"
tt3183660,Fantastic Beasts and Where to Find Them,0,"Adventure, Family, Fantasy"
tt3186318,Hellion,2,"Drama, Thriller"
tt3195644,Insidious: Chapter 3,2,"Horror, Mystery, Thriller"
tt3198698,Hunter x Hunter: The Last Mission,1,"Animation, Action, Adventure"
tt3201640,Extinction,0,"Action, Drama, Sci-Fi"
tt3201736,Run the Race,1,"Drama, Sport"
tt3203528,Bad Samaritan,4,"Crime, Horror, Thriller"
tt3203606,Trumbo,0,"Biography, Drama"
tt3210686,Son of God,0,"Biography, Drama, History"
tt3212776,The Seventh Heaven,2,"Drama, Romance"
tt3213512,Roseville,2,"Horror, Mystery, Thriller"
tt3215824,Those Who Wish Me Dead,0,"Action, Drama, Thriller"
tt3215826,Kids in Love,1,"Drama, Romance"
tt3223636,Frame Switch,2,"Crime, Mystery, Thriller"
tt3224458,A Beautiful Day in the Neighborhood,3,"Biography, Drama"
tt3228088,Spark: A Space Tail,3,"Animation, Action, Adventure"
tt3228774,Cruella,0,"Adventure, Comedy, Crime"
tt3235888,It Follows,4,"Horror, Mystery, Thriller"
tt3243664,You Are My Vampire,1,"Family, Fantasy, Musical"
tt3244786,The Music of Silence,1,"Biography, Drama, Music"
tt3246908,The Boxcar Children,3,"Animation, Adventure, Family"
tt3247714,Survivor,2,"Action, Crime, Thriller"
tt3254876,The Owners,4,"Crime, Drama"
tt3255590,El Camino Christmas,2,"Comedy, Crime, Western"
tt3256226,IO,2,"Adventure, Drama, Sci-Fi"
tt3262342,Loving Vincent,0,"Animation, Drama, Mystery"
tt3263904,Sully,0,"Biography, Drama"
tt3266724,Black Rose,2,"Action, Crime, Drama"
tt3268668,Captive,2,"Action, Biography, Crime"
tt3274484,Ekskursante,0,"Action, Drama"
tt3280262,Cult of Chucky,4,"Horror, Thriller"
tt3281548,Little Women,3,"Drama, Romance"
tt3289362,Hidden Away,1,"Drama, Romance"
tt3289956,The Autopsy of Jane Doe,4,"Horror, Mystery, Thriller"
tt3291632,After School Special,1,"Adventure, Comedy, Crime"
tt3293250,Flowerman,2,"Drama, Romance, Thriller"
tt3297382,The Crash,2,"Crime, Thriller"
tt3297804,Art Idol,1,"Comedy, Drama, Romance"
tt3300542,London Has Fallen,2,"Action, Thriller"
tt3300572,Stung,2,"Action, Adventure, Comedy"
tt3300980,The 12th Man,0,"Drama, History, Thriller"
tt3305308,Trespass Against Us,2,"Action, Crime, Drama"
tt3305844,Hellions,4,"Drama, Horror, Thriller"
tt3312762,In the Sands of Babylon,4,"Drama, History, War"
tt3312830,Youth,0,"Comedy, Drama, Music"
tt3312936,LA Apocalypse,2,"Action, Sci-Fi, Thriller"
tt3315342,Logan,0,"Action, Drama, Sci-Fi"
tt3316948,American Ultra,2,"Action, Comedy"
tt3320500,The Axe Murders of Villisca,2,Horror
tt3322364,Concussion,0,"Biography, Drama, Sport"
tt3322420,Queen,3,"Adventure, Comedy, Drama"
tt3322940,Annabelle,2,"Horror, Mystery, Thriller"
tt3327624,Infini,2,"Horror, Sci-Fi, Thriller"
tt3328716,Paper Planes,3,"Drama, Family"
tt3330948,For the Love of George,1,"Comedy, Drama, Romance"
tt3332064,Pan,3,"Action, Adventure, Comedy"
tt3333870,Antibirth,2,"Comedy, Horror, Mystery"
tt3336368,Maya the Bee Movie,3,"Animation, Adventure, Comedy"
tt3338106,Ru lai shen zhang si ji da jie ju,1,"Adventure, Fantasy"
tt3339680,Don't Go,4,Thriller
tt3344694,The Secret Scripture,4,"Drama, Romance"
tt3348730,Jigsaw,4,"Crime, Horror, Mystery"
tt3350436,Fire Twister,2,"Action, Adventure, Drama"
tt3361792,Tolkien,0,"Biography, Drama, Romance"
tt3371366,Transformers: The Last Knight,0,"Action, Adventure, Sci-Fi"
tt3381008,The Brothers Grimsby,1,"Action, Adventure, Comedy"
tt3385516,X-Men: Apocalypse,0,"Action, Adventure, Sci-Fi"
tt3385524,Stan & Ollie,3,"Biography, Comedy, Drama"
tt3387520,Scary Stories to Tell in the Dark,4,"Adventure, Horror, Mystery"
tt3393762,The Martial Arts Kid,1,"Action, Family"
tt3393786,Jack Reacher: Never Go Back,2,"Action, Crime, Drama"
tt3395184,Spring,2,"Horror, Romance, Sci-Fi"
tt3397884,Sicario,4,"Action, Crime, Drama"
tt3398268,When Marnie Was There,3,"Animation, Drama, Family"
tt3398738,Forgiven,2,"Drama, Family, Thriller"
tt3399484,The Sand,2,"Comedy, Horror, Sci-Fi"
tt3400626,Shadows,2,Thriller
tt3400872,Viktoria,0,"Drama, Family"
tt3401748,Oddball,3,"Adventure, Family"
tt3402236,Murder on the Orient Express,4,"Crime, Drama, Mystery"
tt3410834,Allegiant,0,"Action, Adventure, Mystery"
tt3413018,Tamako Love Story,3,"Animation, Comedy, Drama"
tt3416532,A Monster Calls,0,"Adventure, Drama, Family"
tt3416536,Hot Summer Nights,2,"Crime, Drama, Romance"
tt3416742,What We Do in the Shadows,1,"Comedy, Horror"
tt3416828,Ice Age: Collision Course,3,"Animation, Adventure, Comedy"
tt3417172,Masterless,1,"Drama, Fantasy"
tt3420504,Finch,3,"Adventure, Drama, Sci-Fi"
tt3420538,Stand,2,"Drama, Thriller"
tt3421318,30-Love,2,"Comedy, Drama, Romance"
tt3450958,War for the Planet of the Apes,0,"Action, Adventure, Drama"
tt3454574,Extraordinary Tales,4,"Animation, Horror, Mystery"
tt3455996,Pinwheel,2,Horror
tt3460252,The Hateful Eight,4,"Crime, Drama, Mystery"
tt3461828,Cat Run 2,1,"Action, Comedy"
tt3462710,Unforgettable,2,"Drama, Thriller"
tt3463106,The Cured,4,"Drama, Horror, Sci-Fi"
tt3464902,The Lobster,4,"Drama, Romance, Sci-Fi"
tt3469046,Despicable Me 3,3,"Animation, Adventure, Comedy"
tt3469592,Rise of the Legend,2,"Action, Biography, Drama"
tt3470600,Sing,3,"Animation, Comedy, Family"
tt3474438,Little Crusader,2,"Drama, History"
tt3480822,Black Widow,0,"Action, Adventure, Sci-Fi"
tt3483644,Slasher,2,"Horror, Mystery, Thriller"
tt3485192,Fashion King,1,"Drama, Romance"
tt3486626,The Nut Job 2: Nutty by Nature,1,"Animation, Adventure, Comedy"
tt3488710,The Walk,0,"Adventure, Biography, Drama"
tt3496048,Below Dreams,2,"Adventure, Drama, Music"
tt3498820,Captain America: Civil War,0,"Action, Sci-Fi"
tt3499424,Hercules Reborn,1,"Action, Adventure"
tt3499966,Prophecy of Eve,1,"Action, Thriller"
tt3501416,Assassination,0,"Action, Drama, Thriller"
tt3501632,Thor: Ragnarok,3,"Action, Adventure, Comedy"
tt3503840,Absolution,2,"Action, Adventure, Crime"
tt3505298,Hatched,1,Animation
tt3513498,The Lego Movie 2: The Second Part,3,"Animation, Action, Adventure"
tt3513548,Richard Jewell,0,"Biography, Crime, Drama"
tt3514116,Teenage Ghost Punk,1,"Comedy, Family, Music"
tt3519946,Hide and Go Seek,2,"Horror, Thriller"
tt3521126,The Disaster Artist,1,"Biography, Comedy, Drama"
tt3521164,Moana,3,"Animation, Adventure, Comedy"
tt3522422,Out of Time,2,"Horror, Mystery, Sci-Fi"
tt3522806,Mechanic: Resurrection,2,"Action, Adventure, Crime"
tt3529662,The Businessman,2,Thriller
tt3530002,The Night Before,1,"Comedy, Fantasy"
tt3531202,Pilgrimage,4,"Action, Drama, History"
tt3531824,Nerve,0,"Action, Adventure, Crime"
tt3532216,American Made,2,"Action, Comedy, Crime"
tt3532686,All About E,1,"Comedy, Drama, Romance"
tt3532976,The Current,1,"Drama, Family"
tt3544112,Sing Street,3,"Comedy, Drama, Music"
tt3547306,Cut Throat City,4,"Action, Crime, Drama"
tt3547682,What We Become,2,"Horror, Thriller"
tt3548862,Face Down,2,"Crime, Drama"
tt3554046,Space Jam: A New Legacy,3,"Animation, Adventure, Comedy"
tt3557946,Damaal Dumeel,2,"Comedy, Crime, Drama"
tt3561236,Containment,2,"Horror, Sci-Fi, Thriller"
tt3567288,The Visit,4,"Horror, Mystery, Thriller"
tt3569230,Legend,4,"Biography, Crime, Drama"
tt3573598,London Road,2,"Crime, Drama, Musical"
tt3577624,A Perfect Day,2,"Comedy, Drama, War"
tt3579524,Ghost in the Shell Arise: Border 3 - Ghost Tears,4,"Animation, Action, Sci-Fi"
tt3581652,West Side Story,0,"Crime, Drama, Musical"
tt3597448,Girl on the Edge,1,"Drama, Family"
tt3605266,Everything Beautiful Is Far Away,2,"Fantasy, Sci-Fi"
tt3605418,Knock Knock,2,"Crime, Drama, Horror"
tt3606752,Cars 3,3,"Animation, Adventure, Comedy"
tt3606756,Incredibles 2,3,"Animation, Action, Adventure"
tt3610576,Hope Lost,2,"Drama, Thriller"
tt3622332,Sword of Vengeance,2,"Action, Adventure, Drama"
tt3622592,Paper Towns,1,"Adventure, Comedy, Drama"
tt3625352,Summer of Blood,2,"Comedy, Horror"
tt3625930,Kiss & Cry,1,Fantasy
tt3631112,The Girl on the Train,4,"Crime, Drama, Mystery"
tt3640424,Allied,0,"Action, Drama, Romance"
tt3642672,Mississippi Shakedown,2,Action
tt3646836,Body of Deceit,2,"Mystery, Romance, Thriller"
tt3647498,Blood Father,2,"Action, Crime, Drama"
tt3652714,Guardian,2,"Action, Thriller"
tt3654972,Merry Ex Mas,1,"Comedy, Drama, Family"
tt3656810,Tian xian pei,3,"Musical, Romance"
tt3659388,The Martian,0,"Adventure, Drama, Sci-Fi"
tt3661210,The Dig,0,"Biography, Drama, History"
tt3663040,Heatstroke,2,"Action, Thriller"
tt3664992,MDMA,2,"Crime, Drama"
tt3668162,Bangalore Days,1,"Comedy, Drama, Romance"
tt3671542,Holding the Man,1,"Biography, Drama, Romance"
tt3678938,Humpty Sharma Ki Dulhania,1,"Comedy, Drama, Romance"
tt3679060,Dishoom,1,"Action, Adventure, Comedy"
tt3680410,Last Cab to Darwin,1,"Adventure, Comedy, Drama"
tt3682448,Bridge of Spies,0,"Drama, History, Thriller"
tt3683144,Axe Murdering with Hackley,2,"Comedy, Horror"
tt3685328,How to Beat a Bully,1,Family
tt3685702,London Bridge,1,"Drama, Romance"
tt3687186,Heaven Knows What,4,"Crime, Drama"
tt3689910,Miss Hokusai,1,"Animation, Biography, Drama"
tt3691740,The BFG,3,"Adventure, Family, Fantasy"
tt3691942,Dracula's Angel,1,"Animation, Horror, Romance"
tt3696086,The Golden Era,0,"Biography, Drama, Romance"
tt3700804,Already Tomorrow in Hong Kong,1,"Comedy, Romance"
tt3702652,The Other Side of the Door,4,"Horror, Thriller"
tt3702720,Full Contact,2,"Drama, Mystery, Thriller"
tt3704428,Elvis,0,"Biography, Drama, Music"
tt3706352,All the Old Knives,4,"Mystery, Thriller"
tt3713166,Unfriended,2,"Horror, Mystery, Thriller"
tt3715320,Irrational Man,4,"Comedy, Crime, Drama"
tt3716530,Elle,4,"Crime, Drama, Thriller"
tt3717252,Underworld: Blood Wars,2,"Action, Adventure, Fantasy"
tt3717490,Power Rangers,3,"Action, Adventure, Fantasy"
tt3720058,The Great Hypnotist,2,"Drama, Mystery, Thriller"
tt3720788,The Disappearance of Eleanor Rigby: Her,2,"Drama, Romance"
tt3721112,The Shadow People,2,"Drama, Horror, Mystery"
tt3722234,Gosnell: The Trial of America's Biggest Serial Killer,2,"Crime, Drama"
tt3722420,The Last Straw,1,Family
tt3727202,Life on the Line,1,"Action, Thriller"
tt3727690,Zero Tolerance,2,"Action, Crime, Thriller"
tt3731562,Kong: Skull Island,0,"Action, Adventure, Fantasy"
tt3733678,Grace Stirs Up Success,3,"Comedy, Family, Musical"
tt3741632,The Leisure Seeker,1,"Adventure, Comedy, Drama"
tt3741700,Godzilla: King of the Monsters,0,"Action, Adventure, Fantasy"
tt3741834,Lion,3,"Biography, Drama"
tt3744264,Pali Road,2,"Drama, Fantasy, Mystery"
tt3746824,Sheep & Wolves,3,"Animation, Comedy, Family"
tt3748172,Gerald's Game,4,"Drama, Horror, Thriller"
tt3748528,Rogue One: A Star Wars Story,0,"Action, Adventure, Sci-Fi"
tt3749338,Flocken,2,"Drama, Thriller"
tt3758542,Ferrari,0,"Action, Biography, Drama"
tt3766354,The Equalizer 2,4,"Action, Crime, Thriller"
tt3772918,The Cutting Room,2,Horror
tt3774114,Snowden,4,"Biography, Crime, Drama"
tt3774790,400 Days,2,"Mystery, Sci-Fi, Thriller"
tt3778644,Solo: A Star Wars Story,0,"Action, Adventure, Sci-Fi"
tt3779300,War Pigs,2,"Action, Drama, War"
tt3783958,La La Land,3,"Comedy, Drama, Music"
tt3786326,The Christmas Switch,1,"Family, Fantasy"
tt3787068,Psychos,2,"Crime, Drama, Horror"
tt3792330,Cherry Tree,2,"Horror, Mystery"
tt3794354,Sonic the Hedgehog,3,"Action, Adventure, Comedy"
tt3798718,Dombivli Return,2,"Drama, Thriller"
tt3799232,The Kissing Booth,1,"Comedy, Romance"
tt3799694,The Nice Guys,2,"Action, Comedy, Crime"
tt3804774,The Nurse,2,Thriller
tt3809696,Creature Feature,2,Horror
tt3811244,The Wedding Invitation,1,"Comedy, Romance"
tt3811906,Malignant,4,"Crime, Horror, Mystery"
tt3814486,"Bloed, zweet & tranen",1,"Biography, Drama, Music"
tt3823672,A.R.C.H.I.E.,1,"Family, Sci-Fi"
tt3827540,Invasion Planet Earth,2,"Action, Adventure, Drama"
tt3828796,2 Nights Till Morning,1,"Drama, Romance"
tt3829266,The Predator,2,"Action, Adventure, Sci-Fi"
tt3829378,Stephanie,2,"Horror, Mystery"
tt3829920,Only the Brave,0,"Action, Biography, Drama"
tt3833480,The Outpost,2,"Action, Drama, History"
tt3836530,Counter Clockwise,2,"Sci-Fi, Thriller"
tt3837196,Man on High Heels,2,"Action, Drama"
tt3839906,Track 143,2,"Drama, War"
tt3846674,To All the Boys I've Loved Before,1,"Comedy, Drama, Romance"
tt3850214,Dope,0,"Adventure, Comedy, Crime"
tt3850590,Krampus,2,"Comedy, Drama, Fantasy"
tt3859980,Mohenjo Daro,0,"Action, Adventure, Drama"
tt3861144,Paranormal Evil,2,"Horror, Thriller"
tt3861390,Dumbo,3,"Adventure, Family, Fantasy"
tt3863552,Bajrangi Bhaijaan,3,"Action, Adventure, Comedy"
tt3874544,The Boss Baby,3,"Animation, Adventure, Comedy"
tt3877112,Nobody Looks Up,2,"Crime, Mystery, Thriller"
tt3877166,Treasure of the Ninja,1,Action
tt3877674,Men & Chicken,2,"Comedy, Drama, Mystery"
tt3882082,The Boy,4,"Horror, Mystery, Thriller"
tt3890160,Baby Driver,0,"Action, Crime, Drama"
tt3892306,The Witch Chronicles,2,Horror
tt3896198,Guardians of the Galaxy Vol. 2,3,"Action, Adventure, Comedy"
tt3901006,Drama Drama,1,"Comedy, Family, Musical"
tt3907584,All the Bright Places,1,"Drama, Romance"
tt3915174,Puss in Boots: The Last Wish,3,"Animation, Adventure, Comedy"
tt3916634,The Adventures of Paula Peril,1,Adventure
tt3921852,Barbie and the Secret Door,3,"Animation, Family"
tt3922350,Headless,2,Horror
tt3922798,The Siege of Jadotville,0,"Action, Drama, History"
tt3948764,Chicago Rot,2,"Drama, Horror, Sci-Fi"
tt3949660,Teenage Mutant Ninja Turtles: Out of the Shadows,3,"Action, Adventure, Comedy"
tt3950032,"Happy Birthday, Toby Simpson",1,"Comedy, Drama, Romance"
tt3950488,Black Beauty,1,"Adventure, Family"
tt3967856,Okja,0,"Action, Adventure, Drama"
tt3970806,The Incident,2,"Drama, Thriller"
tt3973502,Infiltrant,2,"Crime, Drama, Thriller"
tt3975510,One and Two,2,"Drama, Fantasy, Thriller"
tt3977848,Sky Sharks,2,"Comedy, Horror, Sci-Fi"
tt3979300,Magic Camp,3,"Comedy, Family, Fantasy"
tt3982768,Revenge,4,"Action, Thriller"
tt3992368,Such a Funny Life,2,"Crime, Drama"
tt4002772,Once I Was a Beehive,1,"Comedy, Drama, Family"
tt4003440,The House That Jack Built,4,"Crime, Drama, Horror"
tt4005510,Terrortory,2,Horror
tt4008866,Bibi & Tina voll verhext!,1,"Adventure, Family"
tt4015500,The Tale,4,"Biography, Drama, Mystery"
tt4016934,The Handmaiden,0,"Drama, Romance, Thriller"
tt4019532,The Last Assignment,2,"Action, Thriller"
tt4022454,Taxi Driver (Citizen I),4,"Crime, Drama"
tt4022608,Johnny Ghoulash Escapes from Creightonville,2,Horror
tt4030442,From the Dark,2,"Horror, Thriller"
tt4034354,Swiss Army Man,3,"Comedy, Drama, Fantasy"
tt4034452,Hyena Road,2,"Action, Drama, War"
tt4044896,Ayla,2,"Drama, Fantasy, Horror"
tt4046784,Maze Runner: The Scorch Trials,0,"Action, Adventure, Sci-Fi"
tt4052882,The Shallows,0,"Action, Drama, Horror"
tt4061848,Alpha and Omega 4: The Legend of the Saw Toothed Cave,3,"Animation, Action, Adventure"
tt4062536,Green Room,4,"Crime, Drama, Horror"
tt4065340,Arthur & Merlin,1,"Adventure, Family, Fantasy"
tt4073790,The Darkest Minds,0,"Action, Adventure, Drama"
tt4074958,Somewhere Only We Know,1,"Drama, Romance"
tt4075802,Plain Devil,1,"Action, Comedy, Music"
tt4076934,My Beloved Bodyguard,0,"Action, Crime, Drama"
tt4079152,The Dead End,4,"Crime, Drama"
tt4085084,Maryland,2,"Drama, Thriller"
tt4094724,The Purge: Election Year,4,"Action, Horror, Sci-Fi"
tt4110568,Dil Dhadakne Do,1,"Comedy, Drama, Romance"
tt4111044,Show Business,1,"Comedy, Drama, Romance"
tt4116284,The Lego Batman Movie,3,"Animation, Action, Adventure"
tt4123430,Fantastic Beasts: The Crimes of Grindelwald,0,"Adventure, Family, Fantasy"
tt4123432,Fantastic Beasts: The Secrets of Dumbledore,0,"Adventure, Family, Fantasy"
tt4126694,1 Night,1,"Drama, Romance"
tt4139588,Polar,2,"Action, Thriller"
tt4139928,The Legend of Maula Jatt,0,"Action, Drama, Fantasy"
tt4145324,Bound,2,"Drama, Thriller"
tt4146622,Rampage: President Down,2,"Action, Crime, Thriller"
tt4149246,Violator,4,"Drama, Horror, Mystery"
tt4154664,Captain Marvel,0,"Action, Adventure, Sci-Fi"
tt4154756,Avengers: Infinity War,0,"Action, Adventure, Sci-Fi"
tt4154796,Avengers: Endgame,0,"Action, Adventure, Drama"
tt4154916,Replicas,2,"Drama, Sci-Fi, Thriller"
tt4160708,Don't Breathe,4,"Crime, Horror, Thriller"
tt4163224,Most Likely to Die,2,Horror
tt4172430,13 Hours,4,"Action, Drama, History"
tt4173494,Love & Peace,1,"Comedy, Drama, Musical"
tt4174526,Ana Maria in Novela Land,1,"Comedy, Drama, Fantasy"
tt4178092,The Gift,4,"Drama, Mystery, Thriller"
tt4180576,Bridgend,2,"Drama, Horror"
tt4183692,Woodlawn,1,"Biography, Drama, History"
tt4196776,Jason Bourne,4,"Action, Thriller"
tt4209788,Molly's Game,0,"Biography, Crime, Drama"
tt4210080,The Confirmation,1,"Adventure, Comedy, Drama"
tt4212580,JK's House,1,"Family, Music"
tt4215810,River,2,Thriller
tt4217392,Kung Fu Yoga,3,"Action, Adventure, Comedy"
tt4218572,Widows,0,"Crime, Drama, Thriller"
tt4225622,The Babysitter,2,"Comedy, Horror"
tt4226388,Victoria,4,"Crime, Drama, Romance"
tt4228746,Zid,2,"Crime, Romance, Thriller"
tt4228840,Dive Olly Dive and the Pirate Treasure,1,Animation
tt4239814,Before the Fall,2,"Thriller, War"
tt4244994,The Last Duel,0,"Action, Drama, History"
tt4244998,Alpha,3,"Action, Adventure, Drama"
tt4246814,No Hay Más Remedio,1,"Comedy, Crime"
tt4249580,Cannibals and Carpet Fitters,2,"Comedy, Horror"
tt4263482,The VVitch: A New-England Folktale,4,"Drama, Fantasy, Horror"
tt4266076,The Night Eats the World,2,"Drama, Horror, Thriller"
tt4269256,Love Me Anyway,1,"Drama, Romance"
tt4270254,Red Christmas,2,Horror
tt4270452,Seven Stages to Achieve Eternal Bliss,1,"Comedy, Horror, Thriller"
tt4273106,The Master,1,"Action, History"
tt4273800,The Good Nurse,4,"Biography, Crime, Drama"
tt4276820,The Founder,2,"Biography, Drama"
tt4276890,Colourful & Impossible,2,"Drama, Thriller"
tt4287320,The Circle,2,"Drama, Sci-Fi, Thriller"
tt4291590,Évolution,4,"Drama, Horror, Mystery"
tt4296556,Archivo 253,4,Horror
tt4302938,Kubo and the Two Strings,3,"Animation, Action, Adventure"
tt4303340,I Am Not a Serial Killer,4,"Drama, Horror, Thriller"
tt4305148,Lovesong,1,"Drama, Romance"
tt4307968,Fashion Chicks,1,"Comedy, Romance"
tt4324054,Ayyanar,2,"Action, Drama"
tt4332232,Fractured,4,Thriller
tt4332746,"Silent Night, Bloody Night 2: Revival",2,"Drama, Horror, Mystery"
tt4359278,The Red Circle,2,War
tt4361050,Ouija: Origin of Evil,4,"Drama, Horror, Mystery"
tt4364194,The Peanut Butter Falcon,3,"Adventure, Comedy, Drama"
tt4370784,The Innocents,0,"Drama, History"
tt4392770,Always Shine,4,"Drama, Horror, Mystery"
tt4419684,In the Lost Lands,0,"Action, Adventure, Fantasy"
tt4424292,Crazy Lake,2,"Comedy, Horror"
tt4425200,John Wick: Chapter 2,0,"Action, Crime, Thriller"
tt4428762,Down by Love,2,"Biography, Drama, Romance"
tt4430212,Drishyam,4,"Crime, Drama, Mystery"
tt4435072,Liger,1,"Action, Drama, Romance"
tt4438594,Street Level,2,Action
tt4439620,Redemption Day,2,"Action, Drama, Thriller"
tt4441422,Hangman,2,"Horror, Thriller"
tt4451458,Endless Poetry,0,"Biography, Drama, Fantasy"
tt4457020,El Jeremías,1,"Comedy, Drama, Family"
tt4457344,Dave Made a Maze,1,"Adventure, Comedy, Fantasy"
tt4465564,Fifty Shades Darker,1,"Drama, Romance, Thriller"
tt4466894,Sahara,3,"Animation, Adventure, Comedy"
tt4468740,Paddington 2,3,"Adventure, Comedy, Family"
tt4470288,Abnormal Attraction,1,"Adventure, Comedy, Fantasy"
tt4474302,Perdidos,2,Horror
tt4475244,Pitching Love and Catching Faith,1,Romance
tt4477536,Fifty Shades Freed,1,"Drama, Romance, Thriller"
tt4488840,Top Coat Cash,2,"Action, Crime, Drama"
tt4500922,Maze Runner: The Death Cure,0,"Action, Adventure, Sci-Fi"
tt4501268,The Last Mutineer,0,"Action, Adventure, Drama"
tt4503906,Pokémon the Movie: Hoopa and the Clash of Ages,1,"Animation, Action, Adventure"
tt4504044,The Prodigy,2,"Fantasy, Horror, Mystery"
tt4510398,4Got10,2,"Action, Crime, Thriller"
tt4511460,Aadu,1,"Action, Comedy"
tt4513674,Café Society,1,"Comedy, Drama, Romance"
tt4513678,Ghostbusters: Afterlife,3,"Adventure, Comedy, Fantasy"
tt4515698,League of Superheroes,1,"Action, Comedy, Fantasy"
tt4519400,Check Point,2,"Action, Thriller, War"
tt4520364,Morgan,4,"Action, Horror, Sci-Fi"
tt4520988,Frozen II,3,"Animation, Adventure, Comedy"
tt4530422,Overlord,4,"Action, Horror, Sci-Fi"
tt4532038,The War with Grandpa,1,"Comedy, Drama, Family"
tt4532826,Robin Hood,0,"Action, Adventure, Drama"
tt4534886,Making Out,1,"Comedy, Romance"
tt4539898,Blame,2,"Action, Crime, Drama"
tt4550098,Nocturnal Animals,4,"Drama, Thriller"
tt4550420,My Blind Brother,1,"Comedy, Drama, Romance"
tt4555426,Darkest Hour,0,"Biography, Drama, War"
tt4556662,Further Ed,1,"Comedy, Romance"
tt4556848,Barkhaa,1,"Drama, Romance"
tt4560008,This Beautiful Fantastic,3,"Comedy, Drama, Romance"
tt4560436,Mile 22,4,"Action, Thriller"
tt4566758,Mulan,0,"Action, Adventure, Drama"
tt4572514,Patriots Day,0,"Action, Crime, Drama"
tt4572700,Mother Krampus 2: Slay Ride,2,Horror
tt4574654,Beneath the Leaves,2,Thriller
tt4575576,Christopher Robin,3,"Adventure, Comedy, Drama"
tt4580550,The Witch Files,1,"Horror, Thriller"
tt4588594,The Body Tree,2,"Horror, Thriller"
tt4594834,Chi-Raq,0,"Comedy, Crime, Drama"
tt4595186,Luckiest Girl Alive,4,"Drama, Mystery, Thriller"
tt4600952,The Guardians,1,"Action, Adventure, Comedy"
tt4606498,Deadman Apocalypse,2,"Action, Adventure"
tt4610378,The Resistance Banker,0,"Biography, Drama, War"
tt4616348,The Rush Call,1,"Action, Drama"
tt4624424,Storks,3,"Animation, Adventure, Comedy"
tt4630562,The Fate of the Furious,0,"Action, Crime, Thriller"
tt4633690,Shot Caller,4,"Crime, Drama, Thriller"
tt4633694,Spider-Man: Into the Spider-Verse,3,"Animation, Action, Adventure"
tt4649466,Kingsman: The Golden Circle,0,"Action, Adventure, Comedy"
tt4652532,Enter the Warriors Gate,3,"Action, Adventure, Comedy"
tt4653586,The Drowning,2,"Drama, Thriller"
tt4655294,Run for Love,1,"Drama, Romance"
tt4666726,Christine,2,"Biography, Drama"
tt4671002,American Fable,2,Thriller
tt4677924,Woodshock,2,"Drama, Fantasy, Horror"
tt4680182,Colossal,2,"Comedy, Drama, Fantasy"
tt4682266,The New Mutants,2,"Action, Horror, Mystery"
tt4682786,Collateral Beauty,2,"Drama, Romance"
tt4682804,Lucy in the Sky,2,"Drama, Romance, Sci-Fi"
tt4685762,The Craft: Legacy,1,"Drama, Fantasy, Horror"
tt4685806,The Con is On,2,"Comedy, Crime"
tt4686844,The Death of Stalin,4,"Comedy, Drama, History"
tt4687464,Transpecos,2,Thriller
tt4691334,Eneida,1,Animation
tt4695012,It Comes at Night,4,"Drama, Horror, Mystery"
tt4698684,Hunt for the Wilderpeople,3,"Adventure, Comedy, Drama"
tt4701182,Bumblebee,3,"Action, Adventure, Sci-Fi"
tt4701660,The Mermaid,3,"Comedy, Drama, Fantasy"
tt4702568,The Bicycle,1,"Comedy, Drama, Romance"
tt4704862,The Abstraction,2,"Drama, Horror, Romance"
tt4711924,Monolith,2,"Drama, Thriller"
tt4714568,The Young Offenders,1,"Adventure, Comedy, Crime"
tt4717208,Cops and Robbers,2,"Action, Thriller"
tt4729430,Klaus,3,"Animation, Adventure, Comedy"
tt4731008,The Wild Life,1,"Animation, Adventure, Comedy"
tt4731136,A Cure for Wellness,4,"Drama, Fantasy, Horror"
tt4742556,Accidentally Engaged,1,Romance
tt4744086,Ki & Ka,1,"Comedy, Romance"
tt4765862,Kept Boy,2,"Comedy, Drama, Romance"
tt4768764,Veteran,2,"Action, Comedy, Crime"
tt4776998,The Promise,0,"Action, Adventure, Drama"
tt4777008,Maleficent: Mistress of Evil,3,"Adventure, Family, Fantasy"
tt4779682,The Meg,0,"Action, Horror, Sci-Fi"
tt4786282,Lights Out,2,"Horror, Mystery"
tt4789618,Still Here,2,"Crime, Drama, Thriller"
tt4795624,Jackson Bolt,2,Action
tt4798836,Bad Hair,4,"Comedy, Horror, Music"
tt4799066,Midnight Sun,1,"Drama, Romance"
tt4801456,After the Outbreak,2,"Horror, Sci-Fi"
tt4806012,Heroes Wanted,1,"Action, Comedy"
tt4820278,Monkey Up,1,"Comedy, Family, Fantasy"
tt4827420,Human Affairs,1,"Drama, Romance"
tt4836580,The Dwarves of Demrel,4,Fantasy
tt4837328,Online Binline,1,"Comedy, Romance"
tt4846232,Good Time,4,"Crime, Drama, Thriller"
tt4846340,Hidden Figures,3,"Biography, Drama, History"
tt4849438,Baahubali 2: The Conclusion,0,"Action, Drama"
tt4851640,The Final Master,0,"Action, Drama"
tt4856996,"Do Something, Jake",2,"Crime, Drama, Thriller"
tt4857264,The Invisible Guest,4,"Crime, Drama, Mystery"
tt4865436,Hate Story 3,2,"Drama, Thriller"
tt4875652,Money Back Guarantee,2,"Drama, Thriller"
tt4877122,The Emoji Movie,1,"Animation, Adventure, Comedy"
tt4877488,The Dunning Man,1,"Comedy, Crime, Drama"
tt4879798,The Tunnel,2,Horror
tt4881806,Jurassic World: Fallen Kingdom,0,"Action, Adventure, Sci-Fi"
tt4894198,Death Pool,2,Thriller
tt4895628,Joaquim,0,"Biography, Drama, History"
tt4907976,The Things We've Seen,2,"Crime, Drama, Thriller"
tt4908742,The Garden's Keeper,1,"Action, Comedy, Sci-Fi"
tt4909730,The 30 Day Rule,1,Romance
tt4911940,Goodbye Berlin,1,"Comedy, Drama, Family"
tt4912910,Mission: Impossible - Fallout,0,"Action, Adventure, Thriller"
tt4913966,The Curse of La Llorona,2,"Horror, Mystery, Thriller"
tt4916630,Just Mercy,0,"Biography, Crime, Drama"
tt4923002,Skeletons in the Closet,2,"Horror, Thriller"
tt4935334,Southbound,4,Horror
tt4935418,Baskin,4,"Crime, Drama, Fantasy"
tt4954522,Raw,4,"Drama, Horror"
tt4963830,Antboy 3,1,"Adventure, Comedy, Family"
tt4966046,Awaken the Shadowman,2,"Horror, Thriller"
tt4970880,Once Upon a Time: The Rock Opera,1,"Adventure, Comedy, Fantasy"
tt4971346,Axis,2,"Drama, Thriller"
tt4972582,Split,4,"Horror, Thriller"
tt4977524,Dead Fred,1,"Comedy, Crime"
tt4991512,Tramps,1,"Adventure, Romance"
tt4992060,Compulsion,2,"Drama, Fantasy, Horror"
tt4997398,Bibi & Tina: Mädchen gegen Jungs,1,"Adventure, Comedy, Family"
tt4998632,Ambulance,4,"Action, Crime, Drama"
tt5013056,Dunkirk,0,"Action, Drama, History"
tt5013688,Shelley,4,"Drama, Horror, Mystery"
tt5015218,The Quantum Terror,2,"Horror, Sci-Fi"
tt5022702,Hush,4,"Horror, Thriller"
tt5024728,Like Cattle Towards Glow,2,"Drama, Sci-Fi"
tt5027774,"Three Billboards Outside Ebbing, Missouri",4,"Comedy, Crime, Drama"
tt5028340,Mary Poppins Returns,3,"Adventure, Comedy, Family"
tt5029668,Paula,1,"Biography, Drama, History"
tt5029776,Rabbit School: Guardians of the Golden Egg,3,"Animation, Adventure, Comedy"
tt5033998,Charlie's Angels,0,"Action, Adventure, Comedy"
tt5034838,Godzilla vs. Kong,0,"Action, Sci-Fi, Thriller"
tt5039578,The Year of Spectacular Men,1,"Comedy, Drama, Romance"
tt5039860,Dalida,2,"Biography, Drama, Music"
tt5039994,Dismissed,2,"Drama, Horror, Thriller"
tt5040012,Nosferatu,4,"Drama, Fantasy, History"
tt5052298,Fatal Intuition,2,Thriller
tt5052424,LIVELove,1,"Comedy, Drama, Romance"
tt5052448,Get Out,4,"Horror, Mystery, Thriller"
tt5052474,Sicario: Day of the Soldado,4,"Action, Crime, Drama"
tt5074352,Dangal,3,"Action, Biography, Drama"
tt5078330,Parents,2,"Drama, Mystery"
tt5078656,Champion,1,"Drama, Family, Sport"
tt5080908,The Mare,2,"Horror, Mystery, Thriller"
tt5083738,The Favourite,0,"Biography, Comedy, Drama"
tt5086770,A Quiet Storm,2,"Crime, Drama, Family"
tt5089786,100 Meters,1,"Biography, Comedy, Drama"
tt5091014,Jasper Jones,0,"Drama, Mystery, Thriller"
tt5091530,M.F.A.,2,"Drama, Horror, Thriller"
tt5092380,A Breath Away,0,"Drama, Mystery, Sci-Fi"
tt5093026,Papillon,0,"Adventure, Biography, Crime"
tt5093668,Glorious,1,"Biography, Crime, Drama"
tt5095030,Ant-Man and the Wasp,3,"Action, Adventure, Comedy"
tt5096628,Paris 05:59: Théo & Hugo,1,"Drama, Romance"
tt5096846,The Boy Downstairs,1,"Comedy, Drama, Romance"
tt5104604,Isle of Dogs,3,"Animation, Adventure, Comedy"
tt5108870,Morbius,4,"Action, Adventure, Horror"
tt5109280,Raya and the Last Dragon,3,"Animation, Action, Adventure"
tt5109784,Mother!,4,"Drama, Horror, Mystery"
tt5113040,The Secret Life of Pets 2,3,"Animation, Adventure, Comedy"
tt5113044,Minions: The Rise of Gru,3,"Animation, Adventure, Comedy"
tt5113250,Warning Shot,2,Thriller
tt5116504,True to the Game,2,"Crime, Thriller"
tt5117372,Coyote Lake,2,"Crime, Drama, Thriller"
tt5140878,Annabelle: Creation,4,"Horror, Mystery, Thriller"
tt5144174,The Dry,4,"Crime, Drama, Mystery"
tt5147214,Headshot,2,"Action, Drama, Thriller"
tt5153236,Hampstead,1,"Comedy, Drama, Romance"
tt5157456,Viking,0,"Action, Drama, History"
tt5160954,The 5th Kind,2,"Horror, Mystery, Sci-Fi"
tt5164214,Ocean's Eight,1,"Action, Comedy, Crime"
tt5164432,"Love, Simon",3,"Comedy, Drama, Romance"
tt5165344,Rustom,2,"Crime, Drama, Thriller"
tt5167966,One Week Friends,1,"Comedy, Drama, Romance"
tt5173032,Buster's Mal Heart,4,"Crime, Drama, Mystery"
tt5177088,The Girl in the Spider's Web,4,"Action, Crime, Drama"
tt5177120,The Ministry of Ungentlemanly Warfare,0,"Drama, War"
tt5186236,Afterimage,4,"Biography, Drama, History"
tt5186714,The Salesman,4,"Drama, Thriller"
tt5192674,Beach House,2,Thriller
tt5193790,Another Mother's Son,1,"Biography, Drama, War"
tt5195828,Dry Blood,2,Horror
tt5198068,Wolfwalkers,3,"Animation, Action, Adventure"
tt5206260,The Willoughbys,3,"Animation, Adventure, Comedy"
tt5215952,The Wailing,4,"Drama, Horror, Mystery"
tt5218346,Vampire Sisters 3: Journey to Transylvania,1,"Adventure, Family"
tt5220122,Hotel Transylvania 3: Summer Vacation,3,"Animation, Adventure, Comedy"
tt5227660,Utopians,1,"Comedy, Drama, Romance"
tt5227746,The Unthinkable,2,"Action, Romance, Sci-Fi"
tt5246700,How It Ends,2,"Action, Drama, Horror"
tt5247022,Paterson,1,"Comedy, Drama, Romance"
tt5247776,Return to Montauk,2,"Drama, Romance"
tt5252606,Badass Monster Killer,1,"Action, Comedy, Horror"
tt5254610,Final Score,0,"Action, Drama, Thriller"
tt5254886,uk18,2,"Drama, Horror, Thriller"
tt5255524,Traded,2,"Action, Western"
tt5259966,No manches Frida,1,"Comedy, Romance"
tt5261644,Aozora êru,1,"Drama, Family, Romance"
tt5265960,The Untamed,4,"Drama, Horror, Mystery"
tt5287168,Sami Blood,0,"Drama, History"
tt5294550,All the Money in the World,0,"Biography, Crime, Drama"
tt5302918,Nyad,1,"Biography, Drama, Sport"
tt5308322,Happy Death Day,2,"Comedy, Horror, Mystery"
tt5311514,Your Name.,3,"Animation, Drama, Fantasy"
tt5314190,Sgt. Stubby: An American Hero,1,"Animation, Adventure, Family"
tt5323662,A Silent Voice: The Movie,0,"Animation, Drama"
tt5336112,Kopy Kings,1,"Comedy, Romance"
tt5338852,More Strange Than True,2,"Comedy, Fantasy"
tt5340300,Lean on Pete,0,"Adventure, Drama, Sport"
tt5340626,The Trade,1,"Action, Biography, Drama"
tt5343008,Amandla,4,"Crime, Drama"
tt5344794,Sniper: Special Ops,2,"Action, Drama, War"
tt5351044,Offline: Are You Ready for the Next Level?,1,"Adventure, Comedy"
tt5360996,Mary Magdalene,0,"Biography, Drama, History"
tt5362940,Eternal Beauty,2,"Comedy, Drama, Romance"
tt5362988,Wind River,4,"Crime, Drama, Mystery"
tt5378092,The Stolen Princess,3,"Animation, Comedy, Family"
tt5390504,Detroit,4,"Crime, Drama, History"
tt5402714,Here After,2,Horror
tt5420210,The Comeback Trail,1,"Comedy, Crime"
tt5431284,Saint Judy,0,"Biography, Drama"
tt5432712,Cinderella the Cat,4,"Animation, Crime, Drama"
tt5433138,F9: The Fast Saga,0,"Action, Crime, Thriller"
tt5439796,Logan Lucky,1,"Action, Comedy, Crime"
tt5442430,Life,4,"Horror, Sci-Fi, Thriller"
tt5448246,The Flower of Aleppo,0,"Action, Drama, War"
tt5451244,The Motive,2,"Comedy, Crime, Drama"
tt5456546,Judwaa 2,1,"Action, Comedy"
tt5460114,Love Isn't Enough,1,"Drama, Fantasy, Romance"
tt5461944,Hotel Mumbai,4,"Action, Drama, History"
tt5462602,The Big Sick,3,"Comedy, Drama, Romance"
tt5463162,Deadpool 2,0,"Action, Adventure, Comedy"
tt5466186,7 Days in Entebbe,4,"Action, Drama, History"
tt5471472,The Brawler,1,"Biography, Crime, Drama"
tt5474042,Half Girlfriend,1,"Drama, Romance"
tt5478746,7 Deadly Sins,2,Horror
tt5480782,Good Manners,2,"Fantasy, Horror"
tt5483634,Girls' Generation,1,"Comedy, Romance"
tt5488974,Spree,2,"Crime, Horror"
tt5495040,Don't Tell,4,"Biography, Crime, Drama"
tt5503686,Hustlers,0,"Comedy, Crime, Drama"
tt5519340,Bright,0,"Action, Fantasy, Thriller"
tt5533938,Cult Girls,2,Horror
tt5539054,You Get Me,2,"Crime, Drama, Romance"
tt5541002,Pachamama,3,"Animation, Adventure, Family"
tt5544384,Sword Art Online the Movie: Ordinal Scale,0,"Animation, Action, Adventure"
tt5554998,Egomaniac,2,"Comedy, Horror"
tt5556054,Four Kids and It,1,"Family, Fantasy"
tt5564932,Moss,1,"Adventure, Drama, Romance"
tt5578150,Amanda & Jack Go Glamping,1,"Comedy, Drama, Romance"
tt5579356,Dogged,2,Horror
tt5580036,"I, Tonya",0,"Biography, Comedy, Drama"
tt5580390,The Shape of Water,0,"Drama, Fantasy, Romance"
tt5580392,Amateur,1,"Drama, Sport"
tt5584732,Cold Hell,4,"Action, Crime, Thriller"
tt5592228,Northern Lights,1,"Drama, Romance"
tt5592796,Driven,2,"Biography, Comedy, Crime"
tt5606268,Mimosas,2,"Adventure, Drama, Western"
tt5606664,Doctor Sleep,4,"Drama, Fantasy, Horror"
tt5618752,A Gentle Creature,4,"Drama, Mystery"
tt5622770,Blessed Are the Children,2,"Drama, Horror, Thriller"
tt5628302,Beast,4,"Crime, Drama, Mystery"
tt5629524,Beyond the Edge,2,"Action, Adventure, Fantasy"
tt5629964,The Midnight Man,2,"Fantasy, Horror, Mystery"
tt5632272,Unfallen,2,"Action, Adventure, War"
tt5633396,4 Deung,2,"Drama, Sport"
tt5638642,The Ritual,4,"Horror, Mystery, Thriller"
tt5639720,Preobrazhenie,1,"Drama, Fantasy"
tt5640126,Transhuman,2,Horror
tt5640450,ARQ,4,"Action, Sci-Fi, Thriller"
tt5657856,Brawl in Cell Block 99,4,"Action, Crime, Drama"
tt5658296,Sperm Whale 2,1,"Comedy, Drama, Music"
tt5659250,Arvand,2,"Action, Drama, War"
tt5667516,Black Site Delta,2,"Action, Thriller"
tt5670152,Traffik,2,"Action, Thriller"
tt5671298,Asura,0,"Action, Fantasy, Romance"
tt5672048,Your Lie in April,3,"Drama, Music, Romance"
tt5679554,Coffin 2,2,"Crime, Horror, Thriller"
tt5687236,Blood Will Tell,4,"Drama, Mystery, Thriller"
tt5688068,Above Suspicion,2,"Action, Biography, Crime"
tt5688868,Primal Rage,2,"Action, Adventure, Horror"
tt5688932,Sorry to Bother You,0,"Comedy, Drama, Fantasy"
tt5691024,Show Dogs,1,"Adventure, Comedy, Crime"
tt5693136,The Giant,0,"Drama, History"
tt5699154,C'est la vie!,1,"Comedy, Drama, Romance"
tt5700672,Train to Busan,4,"Action, Horror, Thriller"
tt5708420,Breaking Spirits,2,"Horror, Thriller"
tt5710514,I Don't Feel at Home in This World Anymore,2,"Comedy, Crime, Drama"
tt5711148,Film Stars Don't Die in Liverpool,1,"Biography, Drama, Romance"
tt5713498,The Gangster's Daughter,1,"Crime, Drama"
tt5714470,Come Away,3,"Adventure, Drama, Fantasy"
tt5715410,Son of Bigfoot,3,"Animation, Adventure, Comedy"
tt5715874,The Killing of a Sacred Deer,4,"Drama, Horror, Mystery"
tt5719748,Cold Pursuit,4,"Action, Comedy, Crime"
tt5723286,Wheelman,4,"Action, Crime, Thriller"
tt5726086,Insidious: The Last Key,2,"Horror, Mystery, Thriller"
tt5726616,Call Me by Your Name,3,"Drama, Romance"
tt5727208,Uncut Gems,4,"Crime, Drama, Thriller"
tt5736592,Sam Was Here,2,"Horror, Mystery, Thriller"
tt5737582,Midnighters,2,"Drama, Thriller"
tt5739478,Heritage Falls,1,"Comedy, Drama, Family"
tt5742374,You Were Never Really Here,4,"Crime, Drama"
tt5742712,Sunset on the River Styx,4,"Horror, Sci-Fi, Thriller"
tt5749956,Voor elkaar gemaakt,1,"Comedy, Romance"
tt5757556,A Unicorn for Christmas,1,"Drama, Family, Fantasy"
tt5758778,Skyscraper,0,"Action, Adventure, Thriller"
tt5768458,The Watchers: The Beginning of Sorrows,2,"Drama, Horror"
tt5774060,Underwater,4,"Action, Horror, Sci-Fi"
tt5774062,Spontaneous,1,"Comedy, Drama, Horror"
tt5776736,Loki 7,2,"Action, Comedy, Crime"
tt5776858,Phantom Thread,0,"Drama, Romance"
tt5776928,Seaside,2,"Drama, Thriller"
tt5795086,Gemini,4,"Crime, Drama, Mystery"
tt5796838,Roxanne Roxanne,0,"Biography, Drama, Music"
tt5801522,Into the Outbreak,2,"Horror, Sci-Fi"
tt5805470,Gintama Live Action the Movie,3,"Action, Adventure, Comedy"
tt5813916,The Mountain II,2,"Action, Drama, War"
tt5814060,The Nun,4,"Horror, Mystery, Thriller"
tt5814534,Spies in Disguise,3,"Animation, Action, Adventure"
tt5822536,Paddington 3,3,"Animation, Adventure, Comedy"
tt5822564,The Kitchen,0,"Action, Crime, Drama"
tt5827916,A Hidden Life,0,"Biography, Drama, Romance"
tt5832544,Gautamiputra Satakarni,0,"Action, History"
tt5834426,Moonfall,0,"Action, Adventure, Sci-Fi"
tt5834854,Mary,2,"Horror, Mystery"
tt5839426,Plank Face,2,Horror
tt5848272,Ralph Breaks the Internet,3,"Animation, Adventure, Comedy"
tt5869224,The White Devil,2,"Drama, Horror, Thriller"
tt5873100,Created Equal,2,"Drama, Thriller"
tt5874116,Limbo,4,Horror
tt5882416,Kartini: Princess of Java,3,"Biography, Drama, Family"
tt5883632,Esteros,1,"Drama, Romance"
tt5884052,Pokémon: Detective Pikachu,3,"Action, Adventure, Comedy"
tt5886046,Escape Room,4,"Action, Adventure, Horror"
tt5889372,Odd Squad: The Movie,3,"Action, Adventure, Comedy"
tt5891062,The Brain That Wouldn't Die,2,"Comedy, Horror, Sci-Fi"
tt5894778,Louise by the Shore,1,"Animation, Drama"
tt5904182,Ana by Day,2,"Comedy, Drama, Thriller"
tt5913798,Wounds,4,"Drama, Horror, Mystery"
tt5915304,How to Be Yours,1,Romance
tt5918074,A Death in the Gunj,4,"Drama, Thriller"
tt5929810,Rivershine,2,Horror
tt5932800,Broken,2,"Crime, Drama"
tt5941692,Miss Bala,4,"Action, Crime, Drama"
tt5946852,Janatha Garage,1,"Action, Crime, Drama"
tt5950044,Superman: Legacy,1,"Action, Adventure, Fantasy"
tt5954304,The Dragon Spell,1,"Animation, Adventure, Comedy"
tt5955112,Okafor's Law,1,"Comedy, Drama, Romance"
tt5956100,Tiger Lives,0,"Action, Adventure, Thriller"
tt5957584,Girl in the Box,4,"Crime, Drama"
tt5959698,La tutora,2,"Drama, Fantasy, Mystery"
tt5969696,The Battleship Island,4,"Action, Drama, History"
tt5974030,The Jesus Rolls,1,"Comedy, Crime, Drama"
tt5980232,Kaashmora,1,"Action, Comedy, Fantasy"
tt5991206,The Wedding Plan,1,"Comedy, Romance"
tt5992138,The Game Changer,2,Action
tt5994166,At First Light,2,"Drama, Sci-Fi, Thriller"
tt5997666,Jab Harry Met Sejal,1,"Comedy, Drama, Romance"
tt6013886,Rare Blood,2,"Drama, Thriller"
tt6013892,I Am Truly a Drop of Sun on Earth,2,"Drama, Romance"
tt6015328,Chasing the Dragon,4,"Action, Biography, Crime"
tt6020800,Gold,2,"Action, Adventure, Thriller"
tt6023386,All Light Will End,2,"Horror, Mystery"
tt6027478,Dhruva,2,"Action, Crime, Thriller"
tt6046314,Bel Canto,2,"Drama, Music, Romance"
tt6047974,Lupin the Third: Goemon's Blood Spray,2,"Animation, Action, Adventure"
tt6048582,The Falls: Covenant of Grace,1,"Drama, Romance"
tt6048922,Greyhound,0,"Action, Drama, History"
tt6051394,Bitch Lover,1,"Drama, Romance"
tt6053438,First Reformed,4,"Drama, Mystery, Thriller"
tt6053440,Princess Cyd,1,"Drama, Romance"
tt6055082,My Pet Dinosaur,1,"Action, Adventure, Family"
tt6062774,Monos,4,"Adventure, Drama, Thriller"
tt6074542,Friend of the World,2,"Comedy, Horror, Sci-Fi"
tt6079652,Brides of Satan,2,Horror
tt6079772,The Protégé,2,"Action, Thriller"
tt6085676,The Spirits,1,"Drama, Fantasy, Mystery"
tt6087226,Coma,4,"Action, Adventure, Mystery"
tt6087426,Still/Born,2,"Horror, Thriller"
tt6105098,The Lion King,3,"Animation, Adventure, Drama"
tt6111574,The Woman in the Window,4,"Crime, Drama, Mystery"
tt6112836,Have You Seen My Movie?,2,"Adventure, Comedy, Romance"
tt6119504,#Realityhigh,1,"Comedy, Drama, Romance"
tt6121444,"Mektoub, My Love: Canto Uno",2,"Comedy, Romance"
tt6126492,Mother Krampus,2,Horror
tt6129730,Our Love Story,1,"Drama, Romance"
tt6133466,The First Purge,4,"Action, Horror, Sci-Fi"
tt6137494,Girl Followed,2,Thriller
tt6138228,Downrange,4,"Action, Horror, Thriller"
tt6139732,Aladdin,3,"Adventure, Comedy, Family"
tt6141246,The Aeronauts,0,"Action, Adventure, Drama"
tt6146586,John Wick: Chapter 3 - Parabellum,0,"Action, Crime, Thriller"
tt6148156,Vikram Vedha,4,"Action, Crime, Drama"
tt6150962,Song of Back and Neck,1,"Comedy, Romance"
tt6156656,Astro,2,"Action, Mystery, Sci-Fi"
tt6157294,Between Two Waters,0,"Adventure, Drama"
tt6159660,Travels with a Donkey in the Cevennes,1,"Adventure, Biography"
tt6173990,Gold,3,"Drama, History, Sport"
tt6175078,Luck-Key,1,"Action, Comedy, Crime"
tt6179746,The Gateway,2,Sci-Fi
tt6182054,House of Evil,2,Horror
tt6183834,Carbon,2,"Crime, Thriller"
tt6189022,Angel Has Fallen,0,"Action, Thriller"
tt6201302,Santa Fake,1,"Adventure, Family, Romance"
tt6203324,Killing Diaz,2,"Comedy, Crime, Sci-Fi"
tt6214468,The Russian Bride,4,"Horror, Thriller"
tt6214928,1922,4,"Crime, Drama, Horror"
tt6215044,Oceans Rising,2,"Action, Adventure, Drama"
tt6215446,Ghost Light,2,"Comedy, Horror"
tt6218548,Happy Dorm,1,"Comedy, Romance"
tt6222286,Perfect,2,"Horror, Mystery, Sci-Fi"
tt6228672,Immortality,2,"Drama, Family"
tt6231824,Devil's Cove,2,Thriller
tt6236762,Anonymous Zombie,2,"Comedy, Horror"
tt6237268,Ride,2,Thriller
tt6243370,The Demented,2,"Horror, Mystery, Thriller"
tt6246322,Don't Breathe 2,4,"Action, Crime, Horror"
tt6247936,Django,2,"Biography, Drama, Music"
tt6251390,Under the Eiffel Tower,1,"Comedy, Romance"
tt6255230,Clown Motel: Spirits Arise,2,Horror
tt6264654,Free Guy,3,"Action, Adventure, Comedy"
tt6265828,A Ghost Story,2,"Drama, Fantasy, Romance"
tt6266538,Vice,0,"Biography, Comedy, Drama"
tt6268812,In My Room,2,"Drama, Sci-Fi"
tt6277462,Brahmastra Part One: Shiva,0,"Action, Adventure, Fantasy"
tt6292852,I Am Mother,4,"Drama, Mystery, Sci-Fi"
tt6294822,The Post,0,"Biography, Drama, History"
tt6296236,Running Shaadi,1,"Comedy, Romance"
tt6302006,Misbehavior,2,"Drama, Romance, Thriller"
tt6304610,Long Night in a Dead City,2,"Horror, Mystery"
tt6314690,Les as de la jungle,3,"Animation, Adventure, Comedy"
tt6317656,Penguin Bloom,3,"Biography, Drama"
tt6320628,Spider-Man: Far from Home,0,"Action, Adventure, Comedy"
tt6322902,Haunted,2,"Crime, Drama, Horror"
tt6323264,Psychotic!,2,"Horror, Mystery"
tt6334354,The Suicide Squad,0,"Action, Adventure, Comedy"
tt6338856,R.A.D.A.R,1,"Adventure, Family"
tt6341108,Intrigo: Samaria,2,"Crime, Drama, Mystery"
tt6343314,Creed II,3,"Action, Drama, Sport"
tt6353716,The Frozen Front,2,War
tt6359082,Werewolves of the Third Reich,2,"Action, Adventure, Horror"
tt6365796,The Grizzlies,3,"Biography, Drama, Sport"
tt6367558,Double Lover,4,"Drama, Romance, Thriller"
tt6385680,I Am Mortal,2,"Drama, Sci-Fi"
tt6385860,Space People 2,1,"Comedy, Sci-Fi"
tt6394270,Bombshell,0,"Biography, Drama"
tt6395680,Covenant,2,"Horror, Thriller"
tt6401004,Dead Shack,1,"Action, Comedy, Horror"
tt6409416,The Elder One,0,"Action, Crime, Drama"
tt6409762,Big Legend,2,"Action, Adventure, Horror"
tt6412452,The Ballad of Buster Scruggs,2,"Comedy, Drama, Musical"
tt6417984,Chhota Bheem Krishna vs Zimbara,1,Animation
tt6418778,Fast Color,0,"Drama, Sci-Fi, Thriller"
tt6424768,Lino,1,"Animation, Adventure, Comedy"
tt6425474,Paris Window,2,"Comedy, Thriller"
tt6435164,My Love Affair with Marriage,3,"Animation, Comedy, Drama"
tt6436726,7500,4,"Action, Drama, Thriller"
tt6442766,Chhota Bheem the Crown of Valhalla,3,Animation
tt6443294,Blaze,1,"Biography, Drama, Music"
tt6443346,Black Adam,0,"Action, Adventure, Fantasy"
tt6450804,Terminator: Dark Fate,0,"Action, Adventure, Sci-Fi"
tt6456326,Monsters of Man,2,"Action, Sci-Fi, Thriller"
tt6456384,Messenger of Wrath,2,"Horror, Thriller"
tt6460276,My Daddy's in Heaven,1,"Comedy, Drama, Family"
tt6464678,Housewife,2,"Horror, Thriller"
tt6467266,Sing 2,3,"Animation, Adventure, Comedy"
tt6472976,Five Feet Apart,1,"Drama, Romance"
tt6475714,Monster Hunter,0,"Action, Adventure, Fantasy"
tt6489160,Harvie and the Magic Museum,3,"Animation, Adventure, Comedy"
tt6494344,A Wizard's Tale,3,"Animation, Adventure, Comedy"
tt6495056,Migration,3,"Animation, Adventure, Comedy"
tt6495094,Little Women,1,"Drama, Family"
tt6499752,Upgrade,4,"Action, Sci-Fi, Thriller"
tt6502956,Yucatán,1,"Adventure, Comedy, Romance"
tt6512428,Indivisible,1,"Drama, War"
tt6513120,Fighting with My Family,3,"Biography, Comedy, Drama"
tt6515470,Rey,0,"Biography, Drama, Fantasy"
tt6522546,Spyder,2,"Action, Crime, Thriller"
tt6529772,Never Heard,1,"Drama, Family"
tt6533240,Night Hunter,4,"Action, Thriller"
tt6542108,Patrick the Pug,1,"Comedy, Family, Romance"
tt6543070,The Rise of Kirmada,1,Animation
tt6554976,Montrak,2,"Action, Fantasy, Horror"
tt6559408,Tracks in the Snowy Forest,2,"Action, Adventure, Drama"
tt6565702,X-Men: Dark Phoenix,0,"Action, Adventure, Sci-Fi"
tt6566576,Fear Street: Part One - 1994,2,"Drama, Horror, Mystery"
tt6571548,The White Tiger,4,"Crime, Drama"
tt6576144,Mask of Thorn,2,Horror
tt6587046,How Do You Live?,3,"Animation, Adventure, Drama"
tt6587640,Trolls World Tour,3,"Animation, Adventure, Comedy"
tt6599340,Bluebeard,2,Thriller
tt6604188,Tron: Ares,0,"Action, Adventure, Sci-Fi"
tt6613958,The Bygone,2,"Crime, Drama, Mystery"
tt6621768,9 Ways to Hell,2,"Comedy, Drama, Horror"
tt6622902,The Blood of Wolves,4,"Crime, Drama"
tt6628394,Bad Times at the El Royale,4,"Crime, Drama, Mystery"
tt6628462,Wintertide,2,Horror
tt6643972,Triple Threat,2,"Action, Thriller"
tt6644200,A Quiet Place,0,"Drama, Horror, Sci-Fi"
tt6648404,Mon Mon Mon Monsters,4,"Comedy, Drama, Horror"
tt6663582,The Spy Who Dumped Me,1,"Action, Adventure, Comedy"
tt6671772,Run,4,"Crime, Thriller"
tt6672584,Christmas in July,1,Family
tt6673612,Dolittle,3,"Adventure, Comedy, Family"
tt6675244,Transit,4,"Drama, Sci-Fi"
tt6678124,Vandits,2,"Comedy, Crime, Thriller"
tt6679794,Outlaw King,0,"Action, Biography, Drama"
tt6680730,Street Lights,2,"Crime, Thriller"
tt6684714,Acts of Violence,2,"Action, Crime, Thriller"
tt6688022,After Everything,1,"Comedy, Drama, Romance"
tt6688304,Killer Night Shift,2,"Horror, Thriller"
tt6688324,Benjamin the Elephant (2020),3,"Comedy, Family"
tt6696280,Evil Under the Skin,2,Horror
tt6699860,Solo,2,"Adventure, Biography, Drama"
tt6703652,Demoniac,2,"Comedy, Horror"
tt6704880,Girls of the Sun,0,"Drama, War"
tt6710474,Everything Everywhere All at Once,0,"Action, Adventure, Comedy"
tt6712330,My Fairy Tail Love Story,1,"Fantasy, Romance"
tt6714544,Luc Van Tien: Tuyet Dinh Kungfu,1,"Action, Comedy"
tt6720438,Emerson Heights,1,"Drama, Romance"
tt6723592,Tenet,0,"Action, Sci-Fi, Thriller"
tt6741368,"Remi, Nobody's Boy",3,"Adventure, Drama, Family"
tt6749318,Speed Kills,2,"Action, Crime, Drama"
tt6751668,Parasite,4,"Drama, Thriller"
tt6754750,The Sleep Curse,4,Horror
tt6771444,Peppa Pig: My First Cinema Experience,1,"Animation, Action, Adventure"
tt6772804,Escape Plan: The Extractors,2,"Action, Crime, Thriller"
tt6776572,Beauty and the Dogs,4,"Crime, Drama, Thriller"
tt6785292,Marona's Fantastic Tale,0,"Animation, Drama, Family"
tt6792282,A Twelve-Year Night,4,"Adventure, Biography, Crime"
tt6792478,The Baby Stealer,2,Thriller
tt6793280,The Devil's Doorway,4,Horror
tt6802896,A Ciambra,0,"Crime, Drama"
tt6806448,Fast & Furious Presents: Hobbs & Shaw,3,"Action, Adventure, Thriller"
tt6816652,Kontakti,2,"Crime, Drama"
tt6820256,Arctic,0,"Adventure, Drama"
tt6823368,Glass,4,"Drama, Horror, Sci-Fi"
tt6836936,Saaho,0,"Action, Thriller"
tt6850820,Peppermint,4,"Action, Thriller"
tt6856242,The King's Man,0,"Action, Adventure, Thriller"
tt6857112,Us,4,"Horror, Mystery, Thriller"
tt6869538,Detective Dee: The Four Heavenly Kings,0,"Action, Adventure, Drama"
tt6874488,A Heart of Love,2,"Biography, Drama, Romance"
tt6878306,News of the World,0,"Action, Adventure, Drama"
tt6893370,My Little Monster,1,"Comedy, Drama, Romance"
tt6895284,Itsy Bitsy,2,"Fantasy, Horror, Mystery"
tt6902676,Guns Akimbo,2,"Action, Comedy, Crime"
tt6906214,Zombie Wars,2,Horror
tt6908274,Mirage,4,"Drama, Fantasy, Mystery"
tt6911608,Mamma Mia! Here We Go Again,3,"Comedy, Musical, Romance"
tt6921496,A Bluebird in My Heart,2,"Drama, Thriller"
tt6921996,Johnny English Strikes Again,1,"Action, Adventure, Comedy"
tt6924650,Midway,0,"Action, Drama, History"
tt6929642,Kaala,0,"Action, Drama"
tt6941654,Hanuman Da' Damdaar,3,"Animation, Family"
tt6966692,Green Book,3,"Biography, Comedy, Drama"
tt6977338,Good Boys,1,"Adventure, Comedy"
tt6998518,Mandy,4,"Action, Fantasy, Horror"
tt7014234,The Iron Orchard,2,"Drama, History, Romance"
tt7014356,Anastasia: Once Upon a Time,1,"Adventure, Family, Fantasy"
tt7034992,I Want to Know Your Parents,2,"Drama, Mystery"
tt7038762,Best. Christmas. Ever.,1,"Comedy, Romance"
tt7039000,American Nightmares,2,"Comedy, Horror"
tt7040874,A Simple Favor,4,"Comedy, Crime, Mystery"
tt7043012,Velvet Buzzsaw,4,"Horror, Mystery, Thriller"
tt7044076,The Cleaning Lady,2,"Horror, Thriller"
tt7058612,Kasane,4,"Action, Drama, Fantasy"
tt7058854,Haikara-San: Here Comes Miss Modern,3,"Animation, Comedy, Drama"
tt7069210,The Conjuring: The Devil Made Me Do It,4,"Horror, Mystery, Thriller"
tt7087210,Donnybrook,2,"Action, Drama, Thriller"
tt7089878,Liz and the Blue Bird,3,"Animation, Drama, Fantasy"
tt7097896,Venom: Let There Be Carnage,2,"Action, Sci-Fi, Thriller"
tt7098658,Raazi,0,"Action, Drama, Thriller"
tt7098662,Stranger in the Night,2,Thriller
tt7105944,There's No Place Like Home,1,"Comedy, Drama, Romance"
tt7106686,Forgotten Experiment,2,"Adventure, Sci-Fi, Thriller"
tt7117870,Love Action Drama,1,"Comedy, Romance"
tt7120532,Il colore nascosto delle cose,1,"Drama, Romance"
tt7121252,On My Skin: The Last Seven Days of Stefano Cucchi,4,"Biography, Drama"
tt7125774,Balloon,0,"Drama, History, Thriller"
tt7126948,Wonder Woman 1984,3,"Action, Adventure, Fantasy"
tt7134096,The Rhythm Section,4,"Action, Drama, Mystery"
tt7137380,Destroyer,4,"Action, Crime, Drama"
tt7138894,Against the Night,2,"Horror, Mystery, Thriller"
tt7142506,Sir,1,"Drama, Romance"
tt7144666,The Black Phone,4,"Horror, Thriller"
tt7146812,Onward,3,"Animation, Adventure, Comedy"
tt7155170,Liverleaf,2,Horror
tt7164422,The Espadrillo Fortune,2,Adventure
tt7171442,Evacuate from the 21st Century,1,"Action, Adventure"
tt7185492,The Founding of an Army,0,"Action, Drama, History"
tt7186092,"Nico, 1988",2,"Biography, Drama, Music"
tt7188014,PawParazzi,1,Family
tt7200946,"Oh, Ramona!",1,"Comedy, Romance"
tt7207726,Kayak to Klemtu,1,"Adventure, Family"
tt7210252,"Last Winter, We Parted",4,"Crime, Drama, Mystery"
tt7214470,Haunted Hospital,2,"Horror, Mystery, Thriller"
tt7224520,Ever After,2,"Fantasy, Horror, Romance"
tt7236034,I Want to Eat Your Pancreas,1,"Animation, Drama, Family"
tt7255568,Student of the Year 2,1,"Action, Comedy, Drama"
tt7278838,Inner Beauty,1,Romance
tt7280218,Carmilla,2,"Drama, Fantasy, Romance"
tt7280786,Tik Tik Tik,2,"Action, Adventure, Sci-Fi"
tt7282468,Burning,4,"Drama, Mystery, Thriller"
tt7286456,Joker,4,"Crime, Drama, Thriller"
tt7295450,Between Worlds,2,"Fantasy, Thriller"
tt7317310,Juice,1,"Biography, Drama, Music"
tt7329656,47 Meters Down: Uncaged,4,"Adventure, Drama, Horror"
tt7349662,BlacKkKlansman,0,"Biography, Comedy, Crime"
tt7349950,It Chapter Two,4,"Drama, Fantasy, Horror"
tt7358598,Let Me Fall,2,"Biography, Crime, Drama"
tt7362370,Blood Bags,2,Horror
tt7367960,Checkered Ninja,1,"Animation, Action, Adventure"
tt7368668,Eter,2,"Drama, History, Thriller"
tt7388562,"Paul, Apostle of Christ",0,"Adventure, Biography, Drama"
tt7391958,The Lost Footage of Leah Sullivan,2,"Crime, Horror, Mystery"
tt7394674,Blood Quantum,4,"Drama, Horror"
tt7395114,The Devil All the Time,4,"Crime, Drama, Thriller"
tt7398642,Sonja: The White Swan,1,"Biography, Drama, History"
tt7424930,The Adventures of Jurassic Pet,1,"Adventure, Family"
tt7449376,One Remains,2,Horror
tt7451284,Batman Ninja,0,"Animation, Action, Sci-Fi"
tt7456310,Anna,4,"Action, Thriller"
tt7460806,The Festival,1,"Comedy, Music, Romance"
tt7464188,In Fabric,4,"Comedy, Drama, Fantasy"
tt7466442,The Bob's Burgers Movie,3,"Animation, Adventure, Comedy"
tt7468056,Beomjoidosi,2,"Action, Crime, Thriller"
tt7476116,Le grand bain,1,"Comedy, Drama, Sport"
tt7476946,River's Edge,4,"Crime, Drama"
tt7477126,Darwins Law,2,Action
tt7478674,Borderline,2,"Biography, Drama, Romance"
tt7485048,Super 30,3,"Biography, Drama"
tt7493184,New Money,3,"Drama, Fantasy"
tt7493806,Lenses on Her Heart,1,"Comedy, Drama, Romance"
tt7510222,Despicable Me 4,3,"Animation, Adventure, Comedy"
tt7521772,24 Hour Psycho,2,Horror
tt7522868,Shatter,2,Thriller
tt7524414,Beats,1,"Comedy, Crime, Drama"
tt7525778,The Package,1,"Comedy, Thriller"
tt7531096,StarDog and TurboCat,1,"Animation, Comedy, Family"
tt7534068,The Trouble with You,2,"Comedy, Crime, Drama"
tt7538958,Animal,2,"Drama, Thriller"
tt7547158,Ghost Squad,1,"Action, Horror"
tt7549644,Maniac Farmer,2,"Comedy, Horror, Thriller"
tt7549892,Terrified,2,Horror
tt7549996,Judy,1,"Biography, Drama, Music"
tt7550000,Project Power,0,"Action, Crime, Sci-Fi"
tt7556122,The Old Guard,0,"Action, Thriller"
tt7556502,A Brixton Tale,2,"Drama, Romance, Thriller"
tt7557108,Saint Maud,4,"Drama, Horror, Mystery"
tt7558302,Lying and Stealing,2,"Crime, Drama, Thriller"
tt7575660,Fishtales 3,1,Animation
tt7587876,Hope Gap,2,"Drama, Romance"
tt7608380,Straight Edge Kegger,2,"Horror, Thriller"
tt7611352,Alive,2,"Horror, Thriller"
tt7615052,Daughter of the Wolf,2,"Action, Thriller"
tt7631786,Charlotte,2,Horror
tt7638348,Boss Level,0,"Action, Adventure, Comedy"
tt7639502,Relish,1,"Adventure, Comedy, Drama"
tt7653254,Marriage Story,0,"Drama, Romance"
tt7657566,Death on the Nile,4,"Crime, Drama, Mystery"
tt7668870,Searching,4,"Drama, Horror, Mystery"
tt7672068,Why Don't You Just Die!,4,"Comedy, Drama, Thriller"
tt7693316,Devotion,0,"Action, Drama, War"
tt7709804,A Child's Voice,2,"Drama, Horror, Mystery"
tt7713068,Birds of Prey,0,"Action, Comedy, Crime"
tt7715202,Sarkar,2,"Action, Drama"
tt7715270,Adoration,2,"Drama, Thriller"
tt7720142,Assassin Club,2,"Action, Thriller"
tt7726074,Ambi Ning Vysaitho,1,"Action, Drama, Romance"
tt7736478,The Traitor,4,"Biography, Crime, Drama"
tt7737528,Kate,4,"Action, Adventure, Crime"
tt7737656,Blood Craft,2,"Horror, Thriller"
tt7737786,Greenland,2,"Action, Thriller"
tt7740496,Nightmare Alley,4,"Crime, Drama, Thriller"
tt7745068,My Hero Academia: Two Heroes,3,"Animation, Action, Adventure"
tt7752126,Brightburn,4,"Drama, Horror, Mystery"
tt7756084,The Farmer and the Belle: Saving Santaland,1,"Comedy, Family, Romance"
tt7757688,Tall Tales,2,"Drama, Romance, Thriller"
tt7765778,American Wisper,2,"Crime, Thriller"
tt7784604,Hereditary,4,"Drama, Horror, Mystery"
tt7787524,Henry Danger: The Movie,1,"Action, Adventure, Comedy"
tt7798634,Ready or Not,4,"Action, Comedy, Horror"
tt7801350,Clover,2,"Comedy, Crime, Thriller"
tt7806572,Jugando a Bailar,1,"Comedy, Sport"
tt7817234,The Stream,2,Horror
tt7820614,A Christmas Carol,1,Fantasy
tt7831530,Christmas at the Royal Hotel,2,"Drama, History, War"
tt7838252,K.G.F: Chapter 1,0,"Action, Crime, Drama"
tt7843946,Dilan 1990,1,"Drama, Romance"
tt7844166,The Scythian,2,"Action, Drama, Fantasy"
tt7846844,Enola Holmes,3,"Action, Adventure, Crime"
tt7853242,Love Per Square Foot,1,"Comedy, Romance"
tt7863198,I Am Losing Weight,1,"Comedy, Drama, Romance"
tt7867076,Aapla Manus,2,"Drama, Thriller"
tt7867360,Abduction,2,"Action, Horror, Sci-Fi"
tt7884368,Destroy All Neighbors,2,"Comedy, Horror"
tt7885874,Cemara's Family,1,"Drama, Family"
tt7886936,Dating Amber,1,"Comedy, Drama, Romance"
tt7888964,Nobody,0,"Action, Crime, Drama"
tt7892450,Magic Arch 3D,3,"Animation, Family, Fantasy"
tt7935892,The Oscar Nominated Short Films 2018: Live Action,2,"Action, Drama"
tt7937254,Silk Road,2,"Crime, Drama, Thriller"
tt7937262,One Last Chance,2,Thriller
tt7939766,I'm Thinking of Ending Things,4,"Drama, Thriller"
tt7941194,The Marshal,2,"Drama, History, Western"
tt7947624,Here Comes Hell,2,"Comedy, Horror"
tt7950388,Jibril,1,"Drama, Romance"
tt7954694,Char Man,2,"Comedy, Drama, Horror"
tt7957694,The Last Summer,1,"Comedy, Romance"
tt7959026,The Mule,2,"Crime, Drama, Thriller"
tt7959216,Utøya: July 22,4,"Drama, Thriller"
tt7967302,The Life of our Lord,3,Animation
tt7973568,Amazing Trains,1,Animation
tt7975244,Jumanji: The Next Level,3,"Action, Adventure, Comedy"
tt7979580,The Mitchells vs the Machines,3,"Animation, Adventure, Comedy"
tt7984734,The Lighthouse,4,"Drama, Fantasy, Mystery"
tt7984766,The King,0,"Biography, Drama, History"
tt7985648,The Legend of Tomiris,0,"Action, Drama, History"
tt7991608,Red Notice,0,"Action, Comedy, Thriller"
tt8000096,The Man on the Other Side,2,"Drama, Thriller"
tt8009428,Hustle,1,"Comedy, Drama, Sport"
tt8020856,The Loser Hero,1,"Action, Comedy, Fantasy"
tt8027910,Support Group Olympus,1,"Comedy, Drama, Fantasy"
tt8028526,Boonie Bears: The Big Shrink,1,Animation
tt8033592,Us and Them,1,"Drama, Romance"
tt8041270,Jurassic World: Dominion,0,"Action, Adventure, Sci-Fi"
tt8042260,Kanne Kalaimane,1,"Drama, Romance"
tt8050724,Fear,2,"Drama, Horror"
tt8060328,Invasion,0,"Action, Sci-Fi"
tt8072078,Luciferina,2,"Horror, Mystery"
tt8075192,Shoplifters,0,"Crime, Drama, Thriller"
tt8079248,Yesterday,3,"Comedy, Fantasy, Music"
tt8090624,Millennial Killer,2,Horror
tt8097030,Turning Red,3,"Animation, Adventure, Comedy"
tt8097306,Nobody's Fool,1,"Comedy, Drama, Romance"
tt8106534,6 Underground,0,"Action, Thriller"
tt8108198,Andhadhun,4,"Crime, Mystery, Thriller"
tt8114980,Willy's Wonderland,2,"Action, Comedy, Horror"
tt8119844,Hit-and-Run Squad,2,"Action, Crime"
tt8132778,Night of the Kings,4,"Drama, Fantasy"
tt8140564,My Perfect You,1,"Drama, Romance"
tt8155182,Leprechaun Returns,2,"Comedy, Fantasy, Horror"
tt8155288,Happy Death Day 2U,0,"Comedy, Horror, Mystery"
tt8165192,Raging Fire,4,"Action, Adventure, Crime"
tt8178634,RRR,0,"Action, Adventure, Drama"
tt8179470,Looks That Kill,1,"Comedy, Drama, Romance"
tt8193978,Queen Dracula,2,Horror
tt8206398,The Magic Flute,3,"Adventure, Fantasy, Musical"
tt8206668,Bad Education,4,"Biography, Comedy, Crime"
tt8223844,Modest Heroes,3,"Animation, Adventure, Family"
tt8228172,The Furies,4,"Action, Horror, Thriller"
tt8228288,The Platform,4,"Horror, Sci-Fi, Thriller"
tt8233874,Extra Ordinary,1,"Comedy, Fantasy, Horror"
tt8237272,Marionette,2,"Mystery, Thriller"
tt8243160,Hacker,2,"Action, Family"
tt8243286,Goalie,2,"Biography, Drama, Sport"
tt8244784,The Hunt,4,"Action, Horror, Thriller"
tt8262226,Polterheist,2,"Comedy, Crime, Horror"
tt8263682,White Blessing,1,"Biography, Sport"
tt8269566,A Piece of My Heart,1,"Comedy, Musical, Romance"
tt8275670,Th'dread Rattlin',2,"Drama, Horror"
tt8291224,Uri: The Surgical Strike,1,"Action, Drama, History"
tt8302986,Motorcycle Girl,3,Biography
tt8310924,"Faith, Hope & Love",1,"Comedy, Romance"
tt8318284,The Legion,2,"Action, Adventure, History"
tt8318348,The Last Whistle,1,"Drama, Sport"
tt8328612,Seder-Masochism,2,"Animation, Comedy, Fantasy"
tt8328740,Okko's Inn,3,"Animation, Adventure, Drama"
tt8332922,A Quiet Place Part II,0,"Drama, Horror, Sci-Fi"
tt8333418,The Last Laugh,2,Horror
tt8337264,Chicken Run: Dawn of the Nugget,3,"Animation, Adventure, Comedy"
tt8338762,The Nest,4,"Drama, Romance"
tt8350100,The Last Frankenstein,2,Horror
tt8350360,Annabelle Comes Home,2,"Horror, Mystery, Thriller"
tt8354344,Witches in the Woods,2,"Horror, Mystery, Thriller"
tt8354582,Deadly Switch,2,"Mystery, Thriller"
tt8359840,Oh Mercy!,4,"Crime, Drama, Thriller"
tt8359848,Climax,4,"Drama, Horror, Music"
tt8364368,Crawl,2,"Action, Adventure, Horror"
tt8367814,The Gentlemen,4,"Action, Comedy, Crime"
tt8368368,The Apprentice,4,"Biography, Drama"
tt8368406,Vivarium,4,"Horror, Mystery, Sci-Fi"
tt8368512,The Courier,0,"Drama, History, Thriller"
tt8382922,The Big Day,1,"Comedy, Romance"
tt8383538,Good Gals,2,"Comedy, Crime"
tt8385148,Hitman's Wife's Bodyguard,1,"Action, Comedy, Crime"
tt8388508,Dear Comrade,1,"Action, Drama, Romance"
tt8391200,Mud Flat Murders,2,Thriller
tt8398928,The Heiress,2,Horror
tt8399288,Memoria,2,"Drama, Mystery, Sci-Fi"
tt8404614,The Two Popes,0,"Biography, Comedy, Drama"
tt8413040,Tin Can,4,Sci-Fi
tt8417168,The Silk Road Rally,1,"Animation, Comedy, Family"
tt8426838,Jurassic Bark,1,Animation
tt8434152,The Garden of Evening Mists,0,"Drama, Romance"
tt8443704,Dear Ex,1,"Comedy, Drama, Romance"
tt8467658,One of the Family,1,"Comedy, Crime"
tt8470448,Coming from Insanity,2,"Biography, Comedy, Crime"
tt8478602,Godzilla: The Planet Eater,4,"Animation, Action, Adventure"
tt8480678,Pinocchio: A True Story,3,"Animation, Family, Fantasy"
tt8484370,Apocalyptic 2077,2,"Action, Sci-Fi"
tt8485772,Porno,2,"Comedy, Horror"
tt8503618,Hamilton,0,"Biography, Drama, History"
tt8508734,His House,4,"Drama, Horror, Thriller"
tt8510350,Satanic Panic,2,"Comedy, Horror"
tt8510488,Holiday in the Wild,1,"Comedy, Drama, Romance"
tt8526576,My Mother's Stalker,2,Thriller
tt8526872,Dolemite Is My Name,3,"Biography, Comedy, Drama"
tt8544498,The Way Back,1,"Drama, Sport"
tt8555778,Teacher Shortage,2,Horror
tt8579674,1917,0,"Action, Drama, War"
tt8595708,Pulang,1,"Adventure, Drama, Romance"
tt8613070,Portrait of a Lady on Fire,0,"Drama, Romance"
tt8618118,The Plagues of Breslau,4,"Action, Crime, Mystery"
tt8623904,Last Christmas,3,"Comedy, Drama, Fantasy"
tt8629748,Spenser Confidential,0,"Action, Comedy, Drama"
tt8633478,Run,4,"Mystery, Thriller"
tt8635092,Everybody's Talking About Jamie,3,"Biography, Comedy, Drama"
tt8638640,June,1,"Drama, Family, Musical"
tt8647400,De De Pyaar De,1,"Comedy, Drama, Romance"
tt8652636,A Second Chance,1,Romance
tt8663516,Child's Play,2,"Drama, Horror, Sci-Fi"
tt8664988,The Blackout,4,"Action, Sci-Fi, Thriller"
tt8688634,21 Bridges,4,"Action, Crime, Drama"
tt8695030,The Dead Don't Die,2,"Comedy, Fantasy, Horror"
tt8696440,Sibel,1,"Drama, Thriller"
tt8708174,Abortifacient,2,"Drama, Fantasy, Horror"
tt8717296,Incident at Montauk,2,"Horror, Mystery, Sci-Fi"
tt8718158,The Hating Game,1,"Comedy, Romance"
tt8721424,"tick, tick... BOOM!",3,"Biography, Comedy, Drama"
tt8721556,Jallikattu,4,"Action, Crime, Thriller"
tt8727708,Dark Justice,2,Crime
tt8752474,Justice League vs the Fatal Five,0,"Animation, Action, Fantasy"
tt8760708,M3GAN,2,"Horror, Sci-Fi, Thriller"
tt8764056,Adam & Evelyn,2,"Drama, Romance"
tt8772262,Midsommar,4,"Drama, Horror, Mystery"
tt8774100,My Stretch of Texas Ground,2,"Action, Drama, Thriller"
tt8787116,The Unity of Heroes,1,Action
tt8803724,The Fearless Two,2,"Action, Thriller"
tt8804688,Connect,2,"Drama, Romance"
tt8820590,T-34,1,"Action, War"
tt8821182,Aurora,2,"Horror, Thriller"
tt8829830,Fatale,2,Thriller
tt8844888,Exposure,2,Horror
tt8845432,Fat Buddies,1,"Action, Comedy"
tt8847712,The French Dispatch,0,"Comedy, Drama, Romance"
tt8851148,The In Between,1,"Drama, Romance, Sci-Fi"
tt8858104,Guava Island,0,"Comedy, Drama, Music"
tt8861786,Puppy Star Christmas,1,"Comedy, Family, Musical"
tt8866450,Snow Flower,1,"Drama, Romance"
tt8883524,Bloodline,2,"Crime, Horror, Thriller"
tt8884906,Monday,1,"Drama, Romance"
tt8902980,Widow's Point,2,"Drama, Horror, Mystery"
tt8906844,One and the Same,2,Mystery
tt8912936,DC League of Super-Pets,3,"Animation, Action, Adventure"
tt8918392,American Hunt,2,"Horror, Thriller"
tt8925540,Racetime,1,"Animation, Adventure, Musical"
tt8931870,Unleashing the Demons,2,"Comedy, Horror, Thriller"
tt8936646,Extraction,4,"Action, Thriller"
tt8945942,Centigrade,2,"Drama, Thriller"
tt8946378,Knives Out,0,"Comedy, Crime, Drama"
tt8948132,Into the Darkness,0,"Drama, History, War"
tt8956390,Rojo,4,"Drama, Mystery, Thriller"
tt8971216,The Focusing Effect,2,"Comedy, Drama, Horror"
tt8971476,The Whistleblower,2,"Action, Drama, Mystery"
tt8972556,I Am Vengeance: Retaliation,2,Action
tt8974368,Promise of Pisa,1,"Drama, Music, Romance"
tt8974576,Kings of Mulberry Street,1,"Comedy, Family"
tt8982672,Resilience and the Lost Gems,1,Adventure
tt8983166,Panga,3,"Drama, Sport"
tt8983294,Wicked Witches,2,Horror
tt8995218,Z,2,"Horror, Mystery, Thriller"
tt8997712,Broil,2,"Fantasy, Horror, Thriller"
tt9000000,King's Feast,1,"Action, Comedy, Drama"
tt9009826,Send It!,1,"Action, Adventure, Comedy"
tt9012672,Flesh Is Heir To,2,"Drama, Thriller"
tt9024942,Callous,2,Horror
tt9032400,Eternals,0,"Action, Adventure, Fantasy"
tt9032888,Good Sam,1,"Comedy, Drama, Romance"
tt9035000,Notzilla,1,"Comedy, Sci-Fi"
tt9037650,A Piece of Cake,3,"Animation, Comedy, Family"
tt9038270,Funke!,1,"Comedy, Drama, Family"
tt9042304,Ghabe,1,"Drama, Romance, Thriller"
tt9044418,MR-9,2,"Action, Drama, Thriller"
tt9048026,The King,2,"Biography, Comedy"
tt9052870,Chhichhore,3,"Comedy, Drama, Romance"
tt9062342,"El Potro, lo mejor del amor",1,"Biography, Drama, Music"
tt9063106,Paskal,2,"Action, Adventure, Drama"
tt9065812,Guilt,2,Thriller
tt9071322,Dark Waters,4,"Biography, Drama, History"
tt9075778,The Fighting Preacher,1,"Comedy, Drama, History"
tt9089294,The Seven Deadly Sins: Prisoners of the Sky,3,"Animation, Action, Adventure"
tt9093094,Pseudo,2,Thriller
tt9099242,Dark Harbor,2,Thriller
tt9106672,When Hitler Stole Pink Rabbit,3,"Biography, Drama, Family"
tt9112182,The Unheard,2,"Drama, Mystery, Thriller"
tt9113332,Revenge of the Pontianak,2,"Horror, Romance"
tt9114286,Black Panther: Wakanda Forever,0,"Action, Adventure, Drama"
tt9120416,Alice,2,"Comedy, Drama, Romance"
tt9128686,The Pool,4,"Action, Drama, Horror"
tt9139586,Arkansas,4,"Crime, Thriller"
tt9154602,Iddari Lokam Okate,1,"Drama, Romance"
tt9165824,The Show,4,"Drama, Fantasy, Mystery"
tt9172840,Motichoor Chaknachoor,1,"Comedy, Romance"
tt9176260,Bypass Road,2,"Drama, Mystery, Thriller"
tt9182412,Character Builders,1,Animation
tt9204760,The Way to Paradise,1,"Drama, Thriller"
tt9206798,All Is True,0,"Biography, Drama, History"
tt9214310,Head Over Heels 3,1,"Comedy, Romance"
tt9239888,The Ruthless,2,"Crime, Drama"
tt9243804,The Green Knight,0,"Adventure, Drama, Fantasy"
tt9243946,El Camino: A Breaking Bad Movie,4,"Action, Crime, Drama"
tt9250156,In a Stranger's House,2,Horror
tt9252508,Tall Girl,1,"Comedy, Drama, Family"
tt9290986,The Infinity Project,2,"Action, Sci-Fi, Thriller"
tt9303120,Until I Meet September's Love,1,"Fantasy, Romance"
tt9308390,Margrete: Queen of the North,0,"Biography, Drama, History"
tt9331416,Dear Frank,2,"Comedy, Drama, Thriller"
tt9346816,Scorpion,2,"Action, Drama, Thriller"
tt9347730,Candyman,4,"Horror, Thriller"
tt9348566,Strong Hawk: My Sister's Keeper,1,"Action, Adventure, Sci-Fi"
tt9354842,To All the Boys: P.S. I Still Love You,3,"Comedy, Drama, Romance"
tt9356952,The Death of Dick Long,2,"Comedy, Crime, Drama"
tt9365800,Slayers,2,"Comedy, Fantasy, Horror"
tt9371362,The Truth Will Out,2,Horror
tt9373688,Settlers,2,"Drama, Sci-Fi, Thriller"
tt9376612,Shang-Chi and the Legend of the Ten Rings,0,"Action, Adventure, Fantasy"
tt9390222,72 Hours: Martyr Who Never Died,1,"Action, Biography, Drama"
tt9392374,Girl,4,Thriller
tt9411972,Where the Crawdads Sing,0,"Drama, Mystery, Romance"
tt9419884,Doctor Strange in the Multiverse of Madness,0,"Action, Adventure, Fantasy"
tt9421570,The Guilty,4,"Crime, Drama, Thriller"
tt9426186,Revenger,2,"Action, Crime, Thriller"
tt9456222,The Very Last Day,2,Thriller
tt9484998,Palm Springs,1,"Comedy, Fantasy, Mystery"
tt9495224,Black Mirror: Bandersnatch,4,"Drama, Fantasy, Mystery"
tt9497120,Semiconductor,2,Horror
tt9526152,Is It Wrong to Try to Pick Up Girls in a Dungeon - Arrow of the Orion,1,"Animation, Action, Adventure"
tt9526822,Alone/Together,1,"Drama, Romance"
tt9531772,Sooryavanshi,2,"Action, Crime, Thriller"
tt9541602,Extreme Job,1,"Action, Comedy, Crime"
tt9542116,A Feral World,2,"Drama, Sci-Fi"
tt9562694,Alien Warfare,2,"Action, Mystery, Sci-Fi"
tt9568230,Night Raiders,0,"Action, Sci-Fi, Thriller"
tt9575160,Integrity,4,"Crime, Drama, Mystery"
tt9586294,Better Days,0,"Crime, Drama, Romance"
tt9592522,Knucks,2,"Crime, Fantasy, Mystery"
tt9602258,The Secret Mission,0,"Comedy, Drama, History"
tt9603212,Mission: Impossible - Dead Reckoning - Part One,0,"Action, Adventure, Thriller"
tt9620288,King Richard,3,"Biography, Drama, Sport"
tt9620292,Promising Young Woman,4,"Crime, Drama, Mystery"
tt9639470,Last Night in Soho,4,"Drama, Horror, Mystery"
tt9640414,Lost Heart,1,"Comedy, Drama, Mystery"
tt9657076,Keeping Company,2,"Comedy, Crime, Horror"
tt9664108,Voyagers,4,"Adventure, Sci-Fi, Thriller"
tt9669176,Accident Man: Hitman's Holiday,2,"Action, Comedy, Crime"
tt9670282,Zoombies 2,2,"Action, Adventure, Comedy"
tt9676318,Deery: Off the Wall,1,"Action, Comedy, Romance"
tt9676614,Xolo,2,Crime
tt9685342,A Writer's Odyssey,0,"Action, Adventure, Fantasy"
tt9694312,Stardust,1,"Biography, Drama, Music"
tt9695308,The Columnist,2,"Comedy, Crime, Drama"
tt9695404,The Club of Ugly Children,1,"Action, Adventure, Family"
tt9697340,Rogue Cell,2,"Action, Drama, Sci-Fi"
tt9701940,Fear Street: Part Two - 1978,4,"Drama, Horror, Mystery"
tt9731360,I Met a Girl,1,"Drama, Romance"
tt9731436,L'Atlantide,2,"Adventure, Drama"
tt9738400,Bone Breaker,2,"Drama, Thriller"
tt9747594,Beasts Clawing at Straws,4,"Crime, Drama, Thriller"
tt9760852,Baby,2,"Drama, Horror, Thriller"
tt9764362,The Menu,4,"Horror, Thriller"
tt9772374,Bloody Hell,4,"Action, Comedy, Horror"
tt9777462,Two Sisters,4,"Drama, Horror, Mystery"
tt9777666,The Tomorrow War,0,"Action, Adventure, Drama"
tt9783600,Spiderhead,4,"Action, Crime, Drama"
tt9784798,Judas and the Black Messiah,4,"Biography, Drama, History"
tt9806192,I Lost My Body,0,"Animation, Drama, Fantasy"
tt9806370,The Owners,4,"Comedy, Crime, Horror"
tt9809140,Todas las pecas del mundo,1,"Comedy, Romance, Sport"
tt9834506,Post Mortem,4,"Horror, Mystery, Thriller"
tt9837502,Merry Men: The Real Yoruba Demons,1,"Action, Comedy"
tt9840958,Love Struck Sick,1,Romance
tt9844522,Escape Room: Tournament of Champions,4,"Action, Adventure, Horror"
tt9844938,"Onoda: 10,000 Nights in the Jungle",0,"Adventure, Drama, War"
tt9845564,Below Zero,4,"Action, Adventure, Crime"
tt9849004,Happily,2,"Comedy, Crime, Romance"
tt9851854,Major,0,"Action, Biography, Drama"
tt9855978,Dreambuilders,3,"Animation, Adventure, Comedy"
tt9860350,The Asadas,3,"Comedy, Drama, Family"
tt9860728,Falling Inn Love,1,"Comedy, Romance"
tt9866072,Holidate,1,"Comedy, Romance"
tt9868158,The Strings,2,"Horror, Music, Thriller"
tt9877170,Malang,2,"Action, Crime, Drama"
tt9893250,I Care a Lot,4,"Comedy, Crime, Drama"
tt9894470,VFW,2,"Action, Crime, Horror"
tt9898858,Coffee & Kareem,1,"Action, Comedy, Crime"
tt9916362,Coven,2,"Drama, History"
