cluster,movie_id,movie_name,genre
1,tt0000679,The Fairylogue and Radio-Plays,"Fantasy, Adventure"
0,tt0003740,Cabiria,"Adventure, Drama, History"
1,tt0005059,The Captive,"Drama, Romance, War"
4,tt0005078,The Cheat,"Drama, Romance"
4,tt0005808,The New Exploits of Elaine,"Action, Adventure"
2,tt0006517,Civilization,"Drama, War"
1,tt0006736,The Good Bad-Man,"Romance, Western"
2,tt0006886,Judex,"Adventure, Crime"
1,tt0008735,The Vicar of Wakefield,"Romance, Drama"
2,tt0008807,El último malón,"History, War"
2,tt0008854,The Eyes of the Mummy,"Drama, Horror"
0,tt0009677,Das Tagebuch einer Verlorenen,"Drama, Thriller"
1,tt0009900,Back to God's Country,"Adventure, Romance, Western"
1,tt0010281,Ich möchte kein Mann sein,"Comedy, Romance"
4,tt0010323,The Cabinet of Dr. Caligari,"Horror, Mystery, Thriller"
1,tt0010849,A Virtuous Vamp,"Comedy, Romance"
1,tt0011157,Erotikon,"Comedy, Romance"
0,tt0011387,The Last of the Mohicans,"Action, Adventure, Drama"
4,tt0011565,The Penalty,"Crime, Drama, Horror"
3,tt0012349,The Kid,"Comedy, Drama, Family"
1,tt0013075,Dr. Jack,"Comedy, Romance"
4,tt0013140,Foolish Wives,"Drama, Thriller"
1,tt0013201,Grandma's Boy,"Comedy, Family"
4,tt0013442,Nosferatu,"Fantasy, Horror"
2,tt0013572,Samson und Delila,"Adventure, History"
0,tt0014142,The Hunchback of Notre Dame,"Drama, Horror, Romance"
0,tt0014532,The Ten Commandments,"Biography, Drama, Fantasy"
4,tt0014586,Waxworks,"Fantasy, Horror"
2,tt0014646,"Aelita, the Queen of Mars","Adventure, Comedy, Drama"
1,tt0014770,The Chechahcos,"Adventure, Drama, Western"
3,tt0015163,The Navigator,"Action, Comedy, Romance"
1,tt0015167,The Extraordinary Adventures of Mr. West in the Land of the Bolsheviks,"Comedy, Fantasy, Romance"
0,tt0015175,Die Nibelungen: Siegfried,"Adventure, Drama, Fantasy"
3,tt0015324,Sherlock Jr.,"Action, Comedy, Romance"
0,tt0015624,The Big Parade,"Drama, Romance, War"
3,tt0015864,The Gold Rush,"Adventure, Comedy, Drama"
4,tt0016185,Orochi,"Action, Adventure"
1,tt0016361,Smouldering Fires,"Drama, Romance"
2,tt0016473,The Unholy Three,"Crime, Drama, Romance"
4,tt0016481,Variety,"Crime, Drama, Romance"
2,tt0016629,The Bat,"Mystery, Thriller"
1,tt0016832,Exit Smiling,"Comedy, Romance"
4,tt0017075,The Lodger: A Story of the London Fog,"Crime, Drama, Mystery"
0,tt0017120,Mare Nostrum,"Drama, War"
1,tt0017132,Memory Lane,"Comedy, Romance"
0,tt0017136,Metropolis,"Drama, Sci-Fi"
1,tt0017374,The Shamrock Handicap,"Romance, Drama"
1,tt0017567,The Winning of Barbara Worth,"Drama, Romance, Western"
2,tt0017621,A Daughter of Destiny,"Drama, Fantasy, Horror"
4,tt0017623,Am Rande der Welt,"Drama, War"
2,tt0017632,Annie Laurie,"Drama, Romance"
2,tt0017736,Casanova,"Biography, Drama"
2,tt0017825,When Boys Leave Home,"Adventure, Drama, Thriller"
3,tt0017925,The General,"Action, Adventure, Comedy"
2,tt0017938,La glace à trois faces,"Drama, Romance"
2,tt0017998,Fanny Hawthorne,"Drama, Romance"
3,tt0018051,The Kid Brother,"Comedy, Drama, Family"
0,tt0018054,The King of Kings,"Biography, Drama, Family"
2,tt0018087,The Love of Jeanne Ney,"Drama, Romance"
0,tt0018217,October (Ten Days that Shook the World),"Drama, History"
1,tt0018451,The Student Prince in Old Heidelberg,"Drama, Romance"
0,tt0018455,Sunrise,"Drama, Romance"
3,tt0018742,The Cameraman,"Comedy, Drama, Family"
2,tt0019195,The Mysterious Lady,"Drama, Romance"
3,tt0019412,Speedy,"Action, Comedy, Family"
4,tt0019563,West of Zanzibar,"Drama, Mystery"
1,tt0019777,The Cocoanuts,"Adventure, Comedy, Musical"
2,tt0019889,The Flying Scotsman,"Crime, Drama"
0,tt0019901,Woman in the Moon,"Adventure, Comedy, Drama"
0,tt0020230,The New Babylon,"Drama, History"
2,tt0020269,Piccadilly,"Crime, Drama"
1,tt0020590,The Wild Party,"Drama, Romance"
0,tt0020620,Abraham Lincoln,"Biography, Drama, War"
4,tt0020629,All Quiet on the Western Front,"Drama, War"
1,tt0020641,Anna Christie,"Drama, Romance"
2,tt0020668,The Bat Whispers,"Crime, Drama, Horror"
1,tt0020691,The Big Trail,"Adventure, Romance, Western"
1,tt0020842,Three from the Filling Station,"Comedy, Musical, Romance"
1,tt0020876,Feet First,"Adventure, Comedy, Family"
1,tt0021016,Just Imagine,"Comedy, Fantasy, Musical"
1,tt0021030,Knowing Men,"Comedy, Romance"
4,tt0021165,Murder!,"Crime, Mystery, Thriller"
1,tt0021192,Numbered Men,"Crime, Drama"
1,tt0021309,The Story of the Fox,"Animation, Adventure, Comedy"
1,tt0021310,Romance,"Drama, Romance"
2,tt0021505,The Unholy Three,"Crime, Drama, Romance"
1,tt0021616,Ariane,"Drama, Romance"
3,tt0021749,City Lights,"Comedy, Drama, Romance"
4,tt0021815,Drácula,"Drama, Fantasy, Horror"
4,tt0021818,The 3 Penny Opera,"Comedy, Crime, Drama"
4,tt0021884,Frankenstein,"Drama, Horror, Sci-Fi"
2,tt0021890,The Front Page,"Comedy, Crime, Drama"
3,tt0022034,Congress Dances,"Comedy, History, Musical"
4,tt0022100,M,"Crime, Mystery, Thriller"
2,tt0022149,Millie,"Drama, Romance"
2,tt0022290,Quick Millions,"Crime, Drama"
1,tt0022578,Working Girls,"Drama, Romance"
1,tt0022615,Air Mail,"Adventure, Drama"
2,tt0022645,Au nom de la loi,"Crime, Drama"
1,tt0022689,Bird of Paradise,"Adventure, Drama, Romance"
1,tt0022699,A Blonde Dream,"Comedy, Musical, Romance"
4,tt0022835,Dr. Jekyll and Mr. Hyde,"Horror, Sci-Fi"
2,tt0022867,Ecstasy,"Drama, Romance"
2,tt0022879,A Farewell to Arms,"Drama, Romance, War"
2,tt0022913,Freaks,"Drama, Horror"
2,tt0023194,The Mask of Fu Manchu,"Adventure, Horror, Sci-Fi"
4,tt0023284,Night at the Crossroads,"Crime, Drama, Mystery"
1,tt0023382,Red Dust,"Comedy, Drama, Romance"
1,tt0023395,East of Shanghai,"Comedy, Drama, Romance"
1,tt0023525,The Strange Love of Molly Louvain,"Crime, Drama, Romance"
1,tt0023589,Three Wise Girls,"Comedy, Drama, Romance"
1,tt0023616,Trailing the Killer,"Adventure, Thriller, Western"
1,tt0023622,Trouble in Paradise,"Comedy, Crime, Romance"
4,tt0023649,Vampyr,"Fantasy, Horror"
2,tt0023694,White Zombie,Horror
2,tt0023731,"20, 000 Years in Sing Sing","Crime, Drama, Film-Noir"
1,tt0023808,The Big Chance,"Action, Adventure, Comedy"
4,tt0023902,Godfather Mendoza,"Drama, War"
2,tt0023973,The Eagle and the Hawk,"Action, Drama, War"
0,tt0024044,Gabriel Over the White House,"Drama, Fantasy, Romance"
2,tt0024055,The Ghoul,"Action, Drama, Horror"
1,tt0024083,Hallelujah I'm a Bum,"Comedy, Drama, Musical"
2,tt0024151,I Cover the Waterfront,"Crime, Drama, Romance"
4,tt0024184,The Invisible Man,"Horror, Sci-Fi"
4,tt0024188,Island of Lost Souls,"Film-Noir, Horror, Sci-Fi"
0,tt0024216,King Kong,"Adventure, Horror, Sci-Fi"
1,tt0024262,The Little Giant,"Comedy, Crime, Romance"
3,tt0024264,Little Women,"Drama, Family, Romance"
1,tt0024302,Man's Castle,"Drama, Romance"
1,tt0024480,July 14,"Comedy, Romance"
2,tt0024500,Riders of Destiny,"Music, Romance, Western"
1,tt0024548,She Done Him Wrong,"Comedy, Drama, History"
1,tt0024645,Tarzan the Fearless,"Adventure, Family"
1,tt0024647,The Telegraph Trail,"Action, Adventure, Western"
4,tt0024894,The Black Cat,"Adventure, Crime, Horror"
1,tt0025028,Dames,"Comedy, Music, Musical"
2,tt0025062,Two Monks,"Drama, Horror, Mystery"
1,tt0025134,Four Frightened People,"Adventure, Drama"
2,tt0025204,Green Eyes,Mystery
1,tt0025248,"Workers, Let's Go","Adventure, Comedy, Romance"
2,tt0025271,The House of Mystery,Mystery
1,tt0025316,It Happened One Night,"Comedy, Romance"
1,tt0025335,Judge Priest,"Comedy, Drama, Romance"
2,tt0025480,Bad Seed,"Comedy, Drama, Romance"
2,tt0025543,Mystery Liner,"Adventure, Mystery"
1,tt0025610,Our Daily Bread,"Drama, Romance"
1,tt0025681,The Private Life of Don Juan,"Adventure, Comedy, Romance"
1,tt0025740,Sadie McKee,"Drama, Romance"
2,tt0025896,Tiger Bay,"Crime, Drama, Romance"
2,tt0025898,Toni,"Crime, Drama, Romance"
0,tt0025907,Treasure Island,"Adventure, Family"
1,tt0025919,Twentieth Century,"Comedy, Romance"
1,tt0026023,Zouzou,"Crime, Musical, Romance"
2,tt0026185,The Case of the Lucky Legs,"Comedy, Crime, Mystery"
2,tt0026276,The Devil Is a Woman,"Comedy, Drama, Romance"
2,tt0026556,Justin de Marseille,"Crime, Drama"
2,tt0026606,The Last Journey,"Crime, Drama"
2,tt0026661,Luponini de Chicago,"Action, Comedy, Crime"
4,tt0026663,Mad Love,"Horror, Romance, Sci-Fi"
1,tt0026667,Magnificent Obsession,"Drama, Music, Mystery"
1,tt0026673,The Man from Guntown,"Action, Adventure, Western"
0,tt0026752,Mutiny on the Bounty,"Adventure, Biography, Drama"
1,tt0027042,Steamboat Round the Bend,"Comedy, Drama, Romance"
3,tt0027125,Top Hat,"Comedy, Musical, Romance"
1,tt0027146,Two Sinners,Romance
1,tt0027189,The Wedding Night,"Drama, Romance"
3,tt0027231,Yidl mitn fidl,"Comedy, Musical, Romance"
4,tt0027240,Let's Go with Pancho Villa,"Drama, War"
2,tt0027407,Bullets or Ballots,"Crime, Drama, Film-Noir"
4,tt0027652,Fury,"Crime, Drama, Film-Noir"
2,tt0027764,The House of a Thousand Candles,"Action, Romance"
2,tt0027877,The Leathernecks Have Landed,"Action, Adventure, Romance"
3,tt0027977,Modern Times,"Comedy, Drama, Romance"
3,tt0027996,Mr. Deeds Goes to Town,"Comedy, Drama, Romance"
0,tt0028167,Rembrandt,"Biography, Drama"
0,tt0028203,Romeo and Juliet,"Drama, Romance"
4,tt0028212,Sabotage,"Crime, Thriller"
3,tt0028216,San Francisco,"Drama, Music, Romance"
2,tt0028346,Reefer Madness,"Comedy, Crime, Drama"
4,tt0028511,Winterset,"Crime, Drama, Music"
2,tt0028622,Without Dowry,"Drama, Romance"
2,tt0028663,Dangerous Secrets,"Drama, Romance"
2,tt0028714,Chikemuri Takadanobaba,"Action, Comedy, Drama"
2,tt0028767,Dark Journey,"Adventure, Crime, Romance"
1,tt0028953,The Great Garrick,"Comedy, Romance"
2,tt0029054,It Could Happen to You,"Action, Adventure, Crime"
2,tt0029080,Kid Galahad,"Crime, Drama, Film-Noir"
2,tt0029207,The Mandarin Mystery,"Comedy, Crime, Film-Noir"
1,tt0029209,Manhattan Merry-Go-Round,"Comedy, Drama, Music"
1,tt0029272,Nobody's Wife,"Drama, Romance"
2,tt0029433,Portia on Trial,"Crime, Drama"
3,tt0029583,Snow White and the Seven Dwarfs,"Animation, Adventure, Family"
1,tt0029604,Stage Door,"Comedy, Drama, Romance"
1,tt0029712,Under the Red Robe,"Adventure, Romance"
4,tt0029826,L'étrange Monsieur Victor,"Crime, Drama"
0,tt0029850,Alexander Nevsky,"Action, Biography, Drama"
1,tt0029929,Bluebeard's Eighth Wife,"Comedy, Romance"
1,tt0029939,Born to Be Wild,"Action, Comedy, Drama"
1,tt0029950,The Buccaneer,"Adventure, Biography, Drama"
1,tt0030082,The Drum,"Adventure, War"
4,tt0030341,The Lady Vanishes,"Mystery, Thriller"
1,tt0030409,Man from Music Mountain,"Action, Music, Romance"
0,tt0030418,Marie Antoinette,"Biography, Drama, History"
1,tt0030637,Pygmalion,"Comedy, Drama, Romance"
1,tt0030743,The Shining Hour,"Drama, Music, Romance"
1,tt0030798,Storm Over Bengal,"Action, Adventure, Romance"
1,tt0030845,The Terror of Tiny Town,"Family, Western"
1,tt0030996,You and Me,"Crime, Film-Noir"
2,tt0031055,The Arsenal Stadium Mystery,"Comedy, Crime, Sport"
1,tt0031058,Ask a Policeman,"Adventure, Comedy, Crime"
1,tt0031067,Bachelor Mother,"Comedy, Romance"
2,tt0031068,Back Door to Heaven,"Crime, Drama, Music"
0,tt0031252,Drums Along the Mohawk,"Drama, Romance, War"
2,tt0031259,Dust Be My Destiny,"Crime, Drama, Film-Noir"
1,tt0031305,Fighting Mad,"Action, Adventure, Drama"
1,tt0031320,Flight at Midnight,"Action, Adventure, Drama"
0,tt0031381,Gone with the Wind,"Drama, Romance, War"
1,tt0031387,The Gorilla,"Comedy, Horror"
3,tt0031397,Gulliver's Travels,"Animation, Adventure, Comedy"
3,tt0031580,The Little Princess,"Comedy, Drama, Family"
2,tt0031614,The Man They Could Not Hang,"Crime, Horror, Sci-Fi"
0,tt0031762,Only Angels Have Wings,"Adventure, Drama, Romance"
0,tt0031835,The Rains Came,"Adventure, Drama, Romance"
4,tt0031951,Son of Frankenstein,"Drama, Horror, Sci-Fi"
3,tt0032138,The Wizard of Oz,"Adventure, Family, Fantasy"
1,tt0032152,You Can't Cheat an Honest Man,"Comedy, Family, Music"
0,tt0032155,Young Mr. Lincoln,"Biography, Drama, History"
0,tt0032194,"All This, and Heaven Too","Drama, Romance"
1,tt0032220,"Arise, My Love","Comedy, Drama, Romance"
1,tt0032342,City for Conquest,"Drama, Music, Sport"
3,tt0032410,Down Argentine Way,"Comedy, Drama, Musical"
1,tt0032455,Fantasia,"Animation, Family, Fantasy"
2,tt0032467,The Fighting 69th,"Action, Adventure, Biography"
0,tt0032553,The Great Dictator,"Comedy, Drama, War"
1,tt0032602,Hold That Woman!,"Comedy, Crime, Romance"
1,tt0032629,In Old Missouri,"Adventure, Comedy, Drama"
1,tt0032642,Isle of Destiny,"Action, Adventure, Drama"
2,tt0032802,Gorky 3: My Universities,"Biography, Drama"
3,tt0032904,The Philadelphia Story,"Comedy, Romance"
3,tt0032910,Pinocchio,"Animation, Adventure, Comedy"
4,tt0032976,Rebecca,"Drama, Film-Noir, Mystery"
3,tt0033028,The Sea Hawk,"Action, Adventure, History"
3,tt0033045,The Shop Around the Corner,"Comedy, Drama, Romance"
3,tt0033110,Strike Up the Band,"Comedy, Musical, Romance"
2,tt0033149,They Drive by Night,"Crime, Drama, Film-Noir"
2,tt0033244,The Way of All Flesh,"Crime, Drama, Romance"
2,tt0033337,Among the Living,"Drama, Film-Noir, Mystery"
1,tt0033429,Bowery Boy,"Action, Adventure, Crime"
1,tt0033459,Cheers for Miss Bishop,"Drama, Romance"
0,tt0033467,Citizen Kane,"Drama, Mystery"
3,tt0033563,Dumbo,"Animation, Adventure, Drama"
2,tt0033747,I'll Sell My Life,"Action, Crime, Drama"
2,tt0033760,Invisible Ghost,"Crime, Drama, Horror"
1,tt0033803,Lady Be Good,"Comedy, Music, Musical"
1,tt0033804,The Lady Eve,"Comedy, Romance"
4,tt0033870,The Maltese Falcon,"Crime, Film-Noir, Mystery"
2,tt0034126,Romeo und Julia auf dem Dorfe,"Drama, Romance"
1,tt0034266,Tarzan's Secret Treasure,"Action, Adventure, Romance"
1,tt0034268,"Doctor, Beware","Comedy, Drama, Romance"
1,tt0034370,The Wagons Roll at Night,"Drama, Romance"
1,tt0034384,Western Union,"Drama, History, Western"
1,tt0034405,A Yank in the R.A.F.,"Action, Adventure, Drama"
1,tt0034439,Ala-Arriba!,"Drama, Romance"
3,tt0034492,Bambi,"Animation, Adventure, Drama"
2,tt0034521,Black Dragons,"Thriller, War"
1,tt0034551,Brooklyn Orchid,"Comedy, Music, Romance"
0,tt0034583,Casablanca,"Drama, Romance, War"
2,tt0034637,The Dawn Express,"Action, Crime, Drama"
1,tt0034646,Desperate Journey,"Drama, War"
0,tt0034734,Spitfire,"Adventure, Biography, Drama"
3,tt0034862,Holiday Inn,"Comedy, Drama, Music"
1,tt0034885,Ice Capades Revue,"Comedy, Music, Romance"
1,tt0034891,In Which We Serve,"Drama, War"
1,tt0035019,The Major and the Minor,"Comedy, Romance"
2,tt0035078,The Moon and Sixpence,"Drama, Romance"
0,tt0035093,Mrs. Miniver,"Drama, Romance, War"
2,tt0035121,The Next of Kin,"Drama, Mystery, Thriller"
1,tt0035211,The Pride of the Yankees,"Biography, Drama, Romance"
0,tt0035244,Reap the Wild Wind,"Action, Adventure, Drama"
3,tt0035360,Son of Fury: The Story of Benjamin Blake,"Drama, Romance"
1,tt0035423,Kate & Leopold,"Comedy, Fantasy, Romance"
0,tt0035446,To Be or Not to Be,"Comedy, Romance, War"
3,tt0035583,You Were Never Lovelier,"Comedy, Musical, Romance"
2,tt0035640,The Ape Man,"Drama, Horror, Sci-Fi"
1,tt0035727,Hit Parade of 1943,"Music, Romance"
1,tt0035751,The Constant Nymph,"Drama, Music, Mystery"
4,tt0035807,Another Dawn,"Drama, Romance, Thriller"
4,tt0035884,Five Graves to Cairo,"Thriller, War"
0,tt0035896,For Whom the Bell Tolls,"Adventure, Drama, History"
4,tt0035937,The Ghost Ship,"Drama, Mystery, Thriller"
1,tt0035938,The Ghost and the Guest,"Comedy, Drama, Fantasy"
1,tt0035979,Heaven Can Wait,"Comedy, Drama, Fantasy"
1,tt0036092,A Lady Takes a Chance,"Comedy, Romance, Western"
1,tt0036208,No Time for Love,"Comedy, Romance"
4,tt0036341,The Seventh Victim,"Drama, Horror, Mystery"
4,tt0036342,Shadow of a Doubt,"Film-Noir, Thriller"
1,tt0036432,Thousands Cheer,"Comedy, Drama, Musical"
2,tt0036443,Titanic,"Action, Drama, History"
0,tt0036515,Watch on the Rhine,"Drama, Thriller"
2,tt0036575,Derrière la façade,"Comedy, Crime, Drama"
1,tt0036613,Arsenic and Old Lace,"Comedy, Crime, Thriller"
1,tt0036619,Atlantic City,"Musical, Romance"
2,tt0036736,Cécile est morte!,"Crime, Drama, Film-Noir"
4,tt0036775,Double Indemnity,"Crime, Drama, Film-Noir"
1,tt0036838,Die Frau meiner Träume,"Comedy, Musical, Romance"
0,tt0036868,The Best Years of Our Lives,"Drama, Romance, War"
1,tt0036880,The Great Moment,"Biography, Drama"
2,tt0036886,Guest in the House,"Drama, Film-Noir, Music"
2,tt0036931,House of Frankenstein,"Fantasy, Horror, Sci-Fi"
1,tt0036941,I'm from Arkansas,"Comedy, Music, Romance"
2,tt0036977,Jubilation Street,"Drama, War"
0,tt0036989,Burning Hearts,"Drama, History, Romance"
1,tt0037045,Man from Frisco,"Drama, Romance, War"
1,tt0037077,The Miracle of Morgan's Creek,"Comedy, Romance, War"
4,tt0037101,"Murder, My Sweet","Crime, Drama, Film-Noir"
2,tt0037166,Passage to Marseille,"Adventure, Drama, Romance"
1,tt0037193,The Princess and the Pirate,"Adventure, Comedy, Romance"
3,tt0037323,The Fighting Sullivans,"Biography, Drama, History"
2,tt0037387,The Tower of the Seven Hunchbacks,"Comedy, Fantasy, Horror"
2,tt0037441,Voodoo Man,"Crime, Drama, Horror"
2,tt0037455,Western Approaches,"Drama, War"
2,tt0037458,When Strangers Marry,"Crime, Drama, Film-Noir"
2,tt0037461,The Whistler,"Film-Noir, Mystery"
4,tt0037469,The Woman in the Window,"Crime, Drama, Film-Noir"
4,tt0037549,The Body Snatcher,"Horror, Thriller"
1,tt0037557,Brewster's Millions,"Comedy, Music, Romance"
2,tt0037630,Les Dames du Bois de Boulogne,"Drama, Romance"
1,tt0037671,The Enchanted Cottage,"Drama, Fantasy, Romance"
2,tt0037680,Days of Hope,"Drama, War"
2,tt0037793,House of Dracula,"Fantasy, Horror, Sci-Fi"
1,tt0037811,Identity Unknown,"Drama, Music, Romance"
4,tt0037824,"Ivan the Terrible, Part I","Biography, Drama, History"
1,tt0037909,Mexicana,"Music, Romance"
2,tt0037950,Notorious Gentleman,"Drama, Romance"
1,tt0038007,The Purple Monster Strikes,"Action, Sci-Fi"
2,tt0038031,Road to Alcatraz,"Action, Crime, Mystery"
1,tt0038046,"Salome, Where She Danced","Adventure, Drama, Music"
2,tt0038169,Three's a Crowd,"Crime, Drama, Mystery"
0,tt0038182,The Men Who Tread on the Tiger's Tail,"Adventure, Drama, Thriller"
1,tt0038256,Without Love,"Comedy, Romance"
4,tt0038259,The Woman in Green,"Crime, Drama, Mystery"
3,tt0038262,Yolanda and the Thief,"Fantasy, Musical, Romance"
1,tt0038263,You Came Along,"Drama, Romance"
1,tt0038302,Anmol Ghadi,"Drama, Musical, Romance"
1,tt0038326,The Bandit of Sherwood Forest,"Action, Adventure, Family"
1,tt0038340,Beauty and the Bandit,"Drama, Romance, Western"
2,tt0038342,Bedelia,"Crime, Drama, Romance"
1,tt0038353,Beware,"Music, Romance"
4,tt0038355,The Big Sleep,"Crime, Film-Noir, Mystery"
1,tt0038361,Black Beauty,"Drama, Family, Romance"
2,tt0038366,Blonde for a Day,"Action, Adventure, Crime"
2,tt0038369,The Blue Dahlia,"Crime, Film-Noir, Mystery"
1,tt0038390,Caesar and Cleopatra,"Biography, Comedy, Drama"
2,tt0038409,The Chase,"Crime, Film-Noir, Romance"
2,tt0038418,A Close Call for Boston Blackie,"Comedy, Crime, Drama"
2,tt0038476,Devil in the Flesh,"Drama, Romance"
2,tt0038477,The Diary of a Chambermaid,"Drama, Romance"
1,tt0038504,Earl Carroll Sketchbook,"Comedy, Music, Romance"
3,tt0038650,It's a Wonderful Life,"Drama, Family, Fantasy"
1,tt0038704,Love Laughs at Andy Hardy,"Comedy, Family, Romance"
1,tt0038716,The Magnificent Rogue,"Comedy, Romance"
4,tt0038769,Murderers Among Us,"Drama, Romance, Thriller"
1,tt0038776,Night and Day,"Biography, Drama, Musical"
2,tt0038782,Nocturne,"Crime, Drama, Film-Noir"
0,tt0038787,Notorious,"Drama, Film-Noir, Romance"
2,tt0038794,O.S.S.,"Drama, War"
1,tt0038801,One Exciting Week,"Comedy, Crime, Romance"
2,tt0038918,Secrets of a Sorority Girl,"Crime, Drama"
2,tt0038990,The Strange Woman,"Drama, Romance, Thriller"
1,tt0039037,The Time of Their Lives,"Comedy, Family, Fantasy"
1,tt0039040,To Each His Own,"Drama, Romance"
2,tt0039042,Traffic in Crime,"Action, Adventure, Drama"
4,tt0039066,Undercurrent,"Drama, Film-Noir, Thriller"
2,tt0039158,Appointment with Crime,"Crime, Drama"
1,tt0039169,The Bachelor and the Bobby-Soxer,"Comedy, Romance"
3,tt0039190,The Bishop's Wife,"Comedy, Drama, Fantasy"
4,tt0039208,Boomerang!,"Crime, Drama, Film-Noir"
4,tt0039286,Crossfire,"Crime, Drama, Film-Noir"
1,tt0039310,The Last Vacation,"Drama, Romance"
2,tt0039314,Det kom en gäst...,Thriller
2,tt0039323,La diosa arrodillada,"Crime, Drama, Mystery"
2,tt0039340,Dreams That Money Can Buy,"Drama, Fantasy"
2,tt0039416,Gentleman's Agreement,"Drama, Romance"
1,tt0039431,Good News,"Comedy, Music, Musical"
1,tt0039438,The Guilt of Janet Ames,"Drama, Mystery, Romance"
2,tt0039482,I Walk Alone,"Crime, Drama, Film-Noir"
1,tt0039501,It Happened in Brooklyn,"Comedy, Musical, Romance"
2,tt0039567,Lighthouse,"Drama, Music, Romance"
2,tt0039591,The Macomber Affair,"Adventure, Drama"
3,tt0039628,Miracle on 34th Street,"Comedy, Drama, Family"
0,tt0039632,Monsieur Vincent,"Biography, Drama, History"
2,tt0039739,Quai des Orfèvres,"Crime, Drama"
1,tt0039894,That's My Gal,"Action, Comedy, Music"
2,tt0040098,Anna Karenina,"Drama, Romance"
1,tt0040271,A Date with Judy,"Comedy, Musical, Romance"
1,tt0040336,"Fado, História d'uma Cantadeira","Drama, Musical, Romance"
1,tt0040539,Lightnin' in the Forest,"Action, Comedy, Crime"
4,tt0040695,Pitfall,"Crime, Film-Noir, Thriller"
2,tt0040737,Bitter Rice,"Crime, Drama"
4,tt0040746,Rope,"Crime, Drama, Mystery"
2,tt0040768,Secret Service Investigator,"Crime, Drama, Romance"
2,tt0040829,The Amazing Mr. X,"Film-Noir, Horror, Thriller"
2,tt0040895,Train to Alcatraz,"Action, Crime, Drama"
4,tt0040897,The Treasure of the Sierra Madre,"Adventure, Drama, Western"
2,tt0040946,Wake of the Red Witch,"Action, Adventure, Romance"
3,tt0040976,Words and Music,"Biography, Comedy, Musical"
4,tt0040979,Drunken Angel,"Crime, Drama, Romance"
4,tt0041113,All the King's Men,"Drama, Film-Noir"
1,tt0041281,Daughter of the Jungle,Adventure
0,tt0041340,Eureka Stockade,"Drama, History"
2,tt0041372,Flaming Fury,"Crime, Drama"
4,tt0041437,Guilty of Treason,"Biography, Drama, History"
4,tt0041460,The Hidden Room,"Crime, Film-Noir, Thriller"
2,tt0041461,Hideout,"Crime, Drama, Film-Noir"
1,tt0041509,The Inspector General,"Comedy, Musical, Romance"
4,tt0041513,Intruder in the Dust,"Crime, Drama, Family"
1,tt0041545,The Kid from Cleveland,"Drama, Family, Sport"
2,tt0041607,The Lucky Stiff,"Comedy, Crime"
2,tt0041615,Madame Bovary,"Drama, Romance"
2,tt0041628,The Man on the Eiffel Tower,"Mystery, Thriller"
1,tt0041640,La Marie du port,"Crime, Drama, Romance"
1,tt0041650,Mighty Joe Young,"Adventure, Drama, Fantasy"
1,tt0041705,La nuit fantastique,"Comedy, Fantasy, Romance"
2,tt0041788,The Red Danube,"Drama, Romance, War"
2,tt0041822,Rope of Sand,"Action, Adventure, Crime"
0,tt0041838,Samson and Delilah,"Drama, Family, History"
2,tt0041841,Sands of Iwo Jima,"Action, Drama, Romance"
3,tt0041890,So Dear to My Heart,"Animation, Drama, Family"
2,tt0041911,The Spider and the Fly,"Crime, Romance, Thriller"
4,tt0041959,The Third Man,"Film-Noir, Mystery, Thriller"
4,tt0041999,Border Street,"Drama, War"
1,tt0042040,Whisky Galore!,"Comedy, Crime"
2,tt0042261,The Blonde Bandit,"Action, Crime, Drama"
2,tt0042313,The Capture,"Crime, Drama, Western"
3,tt0042332,Cinderella,"Animation, Family, Fantasy"
0,tt0042395,Devil's Doorway,"Drama, Romance, Western"
1,tt0042511,The Golden Gloves Story,"Drama, Romance, Sport"
2,tt0042522,The Great Manhunt,"Drama, Romance, Thriller"
4,tt0042643,The Killer That Stalked New York,"Drama, Film-Noir, Thriller"
2,tt0042648,Kiss Tomorrow Goodbye,"Crime, Film-Noir, Thriller"
4,tt0042781,Native Son,"Drama, Film-Noir"
2,tt0042809,One Way Street,"Crime, Drama, Film-Noir"
2,tt0042830,Paid in Full,"Drama, Romance"
4,tt0042876,Rashomon,"Crime, Drama, Mystery"
2,tt0042952,Shadow on the Wall,"Comedy, Crime, Drama"
4,tt0042980,So Long at the Fair,"Drama, Mystery"
4,tt0043014,Sunset Blvd.,"Drama, Film-Noir"
2,tt0043017,Surrender,"Drama, Romance, Western"
2,tt0043024,Tarnished,"Action, Adventure, Crime"
0,tt0043067,Treasure Island,"Adventure, Family"
2,tt0043137,Winchester '73,"Action, Drama, Western"
3,tt0043265,The African Queen,"Adventure, Drama, Romance"
3,tt0043274,Alice in Wonderland,"Animation, Adventure, Comedy"
2,tt0043292,Appointment with Danger,"Crime, Drama, Film-Noir"
2,tt0043320,The Basketball Fix,"Crime, Drama, Film-Noir"
2,tt0043360,Bride of the Gorilla,"Adventure, Horror"
0,tt0043379,Captain Horatio Hornblower,"Action, Adventure, Drama"
0,tt0043456,The Day the Earth Stood Still,"Drama, Sci-Fi"
1,tt0043469,Distant Drums,"Action, Adventure, Drama"
2,tt0043547,Flying Leathernecks,"Action, Drama, War"
0,tt0043560,Fourteen Hours,"Drama, Film-Noir, Thriller"
1,tt0043621,The Harlem Globetrotters,"Drama, Sport"
1,tt0043638,The Highwayman,"Adventure, Drama, Music"
1,tt0043652,One Summer of Happiness,"Drama, Romance"
2,tt0043686,Forbidden Games,"Comedy, Drama, War"
1,tt0043687,Jim Thorpe -- All-American,"Biography, Drama, Family"
1,tt0043758,Lost Planet Airmen,"Action, Crime, Sci-Fi"
2,tt0043812,The Mob,"Crime, Drama, Film-Noir"
1,tt0043822,Mr. Imperium,"Drama, Music, Musical"
0,tt0043871,Odette,"Drama, History, War"
4,tt0043924,A Place in the Sun,"Drama, Romance"
0,tt0043949,Quo Vadis,"Biography, Drama, Romance"
1,tt0043967,Rhubarb,"Comedy, Family, Sport"
2,tt0044010,The Sea Hornet,"Adventure, Crime, Mystery"
1,tt0044036,Silver City,"Action, Adventure, Romance"
4,tt0044079,Strangers on a Train,"Crime, Drama, Film-Noir"
2,tt0044085,Submarine Command,"Drama, War"
1,tt0044091,Superman and the Mole-Men,"Action, Adventure, Drama"
2,tt0044202,The Well,"Drama, Thriller"
4,tt0044357,Angel Face,"Crime, Drama, Film-Noir"
2,tt0044364,Another Man's Poison,"Crime, Drama, Film-Noir"
1,tt0044419,The Big Sky,"Adventure, Drama, Western"
2,tt0044446,The Sound Barrier,"Adventure, Drama, Romance"
1,tt0044460,The Bushwhackers,"Film-Noir, Western"
2,tt0044486,Carrie,"Drama, Romance"
3,tt0044517,The Crimson Pirate,"Action, Adventure, Comedy"
2,tt0044621,Flat Top,"Drama, War"
0,tt0044706,High Noon,"Drama, Thriller, Western"
3,tt0044762,Jack and the Beanstalk,"Comedy, Family, Fantasy"
4,tt0044849,The Long Memory,"Crime, Drama, Thriller"
0,tt0044926,Moulin Rouge,"Biography, Drama, Music"
2,tt0044977,We Are All Murderers,"Crime, Drama"
0,tt0045053,The Prisoner of Zenda,"Adventure, Music, Mystery"
2,tt0045072,Red Ball Express,"Action, Drama, War"
1,tt0045094,Road to Bali,"Adventure, Comedy, Fantasy"
2,tt0045124,Scandal Sheet,"Crime, Drama, Film-Noir"
2,tt0045129,Sea Tiger,"Action, Adventure, Crime"
3,tt0045152,Singin' in the Rain,"Comedy, Musical, Romance"
2,tt0045162,The Snows of Kilimanjaro,"Adventure, Drama, Romance"
0,tt0045316,Way of a Gaucho,"Action, Adventure, Romance"
4,tt0045361,Él,"Drama, Romance"
1,tt0045469,Abbott and Costello Meet Dr. Jekyll and Mr. Hyde,"Comedy, Horror, Mystery"
1,tt0045471,The Actress,"Biography, Comedy, Drama"
1,tt0045492,All I Desire,"Drama, Romance"
2,tt0045574,Botany Bay,"Adventure, Drama, Romance"
3,tt0045592,Call Me Madam,"Comedy, Musical, Romance"
2,tt0045595,The Bandit,"Action, Drama, History"
2,tt0045609,Cat-Women of the Moon,"Adventure, Sci-Fi"
1,tt0045630,City Beneath the Sea,"Action, Adventure, Drama"
0,tt0045659,The Cruel Sea,"Drama, War"
3,tt0045670,Dangerous When Wet,"Animation, Comedy, Musical"
1,tt0045769,The Final Test,"Comedy, Drama, Sport"
2,tt0045787,Four Sided Triangle,"Romance, Sci-Fi"
2,tt0045793,From Here to Eternity,"Drama, Romance, War"
2,tt0045877,The Hitch-Hiker,"Crime, Drama, Film-Noir"
1,tt0045899,I Love Melvin,"Comedy, Musical, Romance"
2,tt0045911,Inferno,"Crime, Drama, Romance"
3,tt0046183,Peter Pan,"Animation, Adventure, Family"
4,tt0046187,Pickup on South Street,"Crime, Film-Noir, Mystery"
1,tt0046229,Reaching from Heaven,"Drama, Romance"
0,tt0046247,The Robe,"Drama, History, Romance"
3,tt0046250,Roman Holiday,"Comedy, Romance"
4,tt0046268,The Wages of Fear,"Adventure, Drama, Thriller"
0,tt0046345,Summer with Monika,"Drama, Romance"
1,tt0046397,Take Me to Town,"Adventure, Comedy, Romance"
1,tt0046785,Black Horse Canyon,"Drama, Romance, Western"
2,tt0046792,Blackout,"Crime, Drama, Film-Noir"
2,tt0046806,The Bridges at Toko-Ri,"Drama, Romance, War"
1,tt0046839,Cattle Queen of Montana,"Action, Romance, Western"
2,tt0046878,Crime Wave,"Crime, Drama, Film-Noir"
4,tt0046911,Diabolique,"Crime, Drama, Horror"
4,tt0046912,Dial M for Murder,"Crime, Thriller"
2,tt0046963,Executive Suite,"Drama, Romance"
3,tt0047030,The Glenn Miller Story,"Biography, Drama, Music"
2,tt0047087,Highway Dragnet,"Crime, Drama, Film-Noir"
4,tt0047101,Human Desire,"Drama, Film-Noir, Romance"
2,tt0047102,The Human Jungle,"Crime, Drama, Film-Noir"
2,tt0047127,Jail Bait,"Crime, Drama, Film-Noir"
1,tt0047167,A Lesson in Love,"Comedy, Drama, Romance"
1,tt0047194,Lucky Me,"Comedy, Musical, Romance"
1,tt0047217,Marianne of My Youth,"Drama, Fantasy, Romance"
1,tt0047259,The Story of Vickie,"Comedy, History, Romance"
2,tt0047272,The Ship of Damned Women,"Adventure, Drama"
0,tt0047296,On the Waterfront,"Crime, Drama, Thriller"
2,tt0047376,The Purple Plain,"Adventure, Drama, War"
2,tt0047388,The Raid,"Action, Drama, War"
4,tt0047396,Rear Window,"Mystery, Thriller"
3,tt0047437,Sabrina,"Comedy, Drama, Romance"
0,tt0047469,Senso,"Drama, Romance, War"
0,tt0047478,Seven Samurai,"Action, Drama"
1,tt0047484,Royal Affairs in Versailles,"Comedy, Drama, History"
2,tt0047542,Suddenly,"Crime, Drama, Film-Noir"
1,tt0047562,"Taza, Son of Cochise","Action, Drama, Romance"
3,tt0047574,There's No Business Like Show Business,"Comedy, Drama, Musical"
3,tt0047580,Three Coins in the Fountain,"Drama, Romance"
2,tt0047604,Track the Man Down,"Crime, Drama"
1,tt0047688,Young at Heart,"Drama, Music, Romance"
2,tt0047797,Above Us the Waves,"Drama, War"
2,tt0047821,Le Amiche,"Drama, Romance"
4,tt0047878,The Big Combo,"Crime, Drama, Film-Noir"
4,tt0047892,Bob le Flambeur,"Crime, Drama, Thriller"
2,tt0047898,Bride of the Monster,"Horror, Sci-Fi"
1,tt0047930,A Journey to the Beginning of Time,"Adventure, Family, Fantasy"
2,tt0047956,The Court-Martial of Billy Mitchell,"Biography, Drama, War"
2,tt0047960,Creature with the Atom Brain,"Crime, Horror, Sci-Fi"
3,tt0048140,Guys and Dolls,"Comedy, Crime, Musical"
1,tt0048191,I'll Cry Tomorrow,"Biography, Drama, Music"
0,tt0048227,Jedda the Uncivilized,"Adventure, Drama, History"
2,tt0048254,Killer's Kiss,"Crime, Drama, Film-Noir"
3,tt0048280,Lady and the Tramp,"Animation, Adventure, Comedy"
3,tt0048312,The Long Gray Line,"Biography, Comedy, Drama"
4,tt0048393,Confidential Report,"Crime, Drama, Film-Noir"
4,tt0048424,The Night of the Hunter,"Crime, Drama, Film-Noir"
2,tt0048535,Rage at Dawn,"Action, Adventure, Crime"
2,tt0048573,Sabaka,Adventure
1,tt0048605,The Seven Year Itch,"Comedy, Romance"
1,tt0048673,Summertime,"Comedy, Drama, Romance"
2,tt0048696,Tarantula,"Horror, Sci-Fi"
1,tt0048705,The Tender Trap,"Comedy, Musical, Romance"
0,tt0048728,To Catch a Thief,"Mystery, Romance, Thriller"
0,tt0048729,To Hell and Back,"Action, Biography, Drama"
4,tt0048752,The Unknown Soldier,"Drama, War"
1,tt0048801,We're No Angels,"Comedy, Crime, Romance"
2,tt0048925,Action immédiate,"Comedy, Crime"
2,tt0048976,Backlash,"Action, Adventure, Mystery"
2,tt0048993,Castle of the Banned Lovers,"Biography, Drama, History"
2,tt0049035,The Burglar,"Drama, Film-Noir, Thriller"
1,tt0049092,The Conqueror,"Adventure, Biography, History"
1,tt0049140,Diane,"Drama, History, Music"
3,tt0049314,High Society,"Comedy, Musical, Romance"
2,tt0049357,Night Ambush,"Action, Adventure, Drama"
4,tt0049406,The Killing,"Crime, Drama, Film-Noir"
2,tt0049428,The Body Snatcher,"Horror, Sci-Fi, Thriller"
2,tt0049468,Man Beast,"Horror, Sci-Fi"
0,tt0049470,The Man Who Knew Too Much,"Drama, Thriller"
2,tt0049515,Mohawk,"Adventure, Drama, Romance"
2,tt0049553,Nightmare,"Crime, Drama, Film-Noir"
4,tt0049646,The Quatermass Xperiment,"Horror, Sci-Fi"
4,tt0049656,Ransom!,"Crime, Drama, Film-Noir"
1,tt0049697,Runaway Daughters,"Crime, Drama, Music"
0,tt0049730,The Searchers,"Adventure, Drama, Western"
1,tt0049737,Serenade,"Drama, Music, Romance"
2,tt0049782,Rodan,"Horror, Sci-Fi"
0,tt0049833,The Ten Commandments,"Adventure, Drama, Family"
2,tt0049900,Warning from Space,"Drama, Sci-Fi"
2,tt0049961,A Woman's Devotion,"Crime, Drama, Film-Noir"
2,tt0049968,Cry of the Bewitched,"Horror, Thriller"
4,tt0050083,12 Angry Men,"Crime, Drama"
0,tt0050086,3:10 to Yuma,"Drama, Thriller, Western"
1,tt0050104,Affair in Reno,"Comedy, Crime, Mystery"
1,tt0050105,An Affair to Remember,"Drama, Romance"
2,tt0050155,Baby Face Nelson,"Biography, Crime, Drama"
2,tt0050210,The Brain from Planet Arous,"Action, Adventure, Horror"
4,tt0050212,The Bridge on the River Kwai,"Adventure, Drama, War"
2,tt0050356,The Enemy Below,"Action, Adventure, Drama"
1,tt0050432,The Giant Claw,"Fantasy, Horror, Sci-Fi"
0,tt0050468,Gunfight at the O.K. Corral,"Biography, Drama, Western"
2,tt0050669,Inspector Maigret,"Crime, Drama"
2,tt0050720,The Monolith Monsters,"Drama, Horror, Sci-Fi"
1,tt0050752,Chveni ezo,"Comedy, Drama, Romance"
3,tt0050758,Naya Daur,"Action, Drama, Musical"
3,tt0050798,Old Yeller,"Adventure, Drama, Family"
1,tt0050815,Pal Joey,"Drama, Musical, Romance"
4,tt0050825,Paths of Glory,"Drama, War"
1,tt0050879,Raiders of Old California,"Drama, History, Western"
4,tt0050976,The Seventh Seal,"Drama, Fantasy"
0,tt0050986,Wild Strawberries,"Drama, Romance"
2,tt0051077,The Three Faces of Eve,"Drama, Mystery"
2,tt0051109,Les 3 font la paire,"Comedy, Crime"
4,tt0051201,Witness for the Prosecution,"Crime, Drama, Mystery"
0,tt0051337,The 7th Voyage of Sinbad,"Action, Adventure, Family"
2,tt0051364,"Another Time, Another Place","Drama, Romance, War"
4,tt0051390,Cairo Station,"Crime, Drama"
1,tt0051406,Bell Book and Candle,"Comedy, Fantasy, Romance"
2,tt0051484,The Colossus of New York,"Horror, Sci-Fi"
1,tt0051504,The Soldiers of Pancho Villa,"Drama, Romance, War"
0,tt0051539,Djamilah,"Biography, Drama, History"
2,tt0051631,Frankenstein's Daughter,"Horror, Romance, Sci-Fi"
2,tt0051756,I Married a Monster from Outer Space,"Horror, Sci-Fi"
2,tt0051786,It! The Terror from Beyond Space,"Horror, Sci-Fi, Thriller"
2,tt0051959,Murder by Contract,"Crime, Drama, Film-Noir"
2,tt0051978,The Naked and the Dead,"Drama, War"
1,tt0052126,The Reluctant Debutante,"Comedy, Romance"
2,tt0052130,Retour de manivelle,"Crime, Drama"
2,tt0052257,Suicide Battalion,"War, Drama"
4,tt0052311,Touch of Evil,"Crime, Drama, Film-Noir"
4,tt0052357,Vertigo,"Mystery, Romance, Thriller"
2,tt0052379,War of the Satellites,"Horror, Sci-Fi"
2,tt0052534,The Accomplices,"Thriller, Crime"
4,tt0052561,Anatomy of a Murder,"Drama, Mystery"
1,tt0052589,Fiasco in Milan,"Comedy, Crime"
0,tt0052618,Ben-Hur,"Adventure, Drama"
2,tt0052634,Chance Meeting,"Crime, Drama, Mystery"
2,tt0052646,The Brain That Wouldn't Die,"Horror, Sci-Fi"
4,tt0052700,Compulsion,"Biography, Crime, Drama"
2,tt0052713,The Crimson Kimono,"Crime, Drama, Mystery"
2,tt0052717,Cuban Rebel Girls,Adventure
2,tt0052784,Skeleton of Mrs. Morales,"Comedy, Crime, Horror"
2,tt0052805,First Man Into Space,"Drama, Horror, Sci-Fi"
3,tt0052809,The Five Pennies,"Biography, Drama, Music"
1,tt0052846,The Giant Gila Monster,"Horror, Sci-Fi, Thriller"
3,tt0052847,Gidget,"Comedy, Drama, Romance"
2,tt0052891,High School Big Shot,"Crime, Drama"
0,tt0052893,Hiroshima Mon Amour,"Drama, Romance"
4,tt0053002,Les liaisons dangereuses,"Drama, Romance"
0,tt0053010,Lin Zexu,"Drama, History, War"
1,tt0053103,Battle Beyond the Sun,"Adventure, Sci-Fi"
0,tt0053114,The Human Condition I: No Greater Love,"Drama, History, War"
0,tt0053125,North by Northwest,"Action, Adventure, Mystery"
2,tt0053135,Okefenokee,"Crime, Drama"
4,tt0053137,On the Beach,"Drama, Romance, Sci-Fi"
1,tt0053143,Operation Petticoat,"Comedy, Romance, War"
0,tt0053198,The 400 Blows,"Crime, Drama"
2,tt0053213,The Rebel Set,"Crime, Drama"
2,tt0053226,Room at the Top,"Drama, Romance"
3,tt0053285,Sleeping Beauty,"Animation, Adventure, Family"
3,tt0053291,Some Like It Hot,"Comedy, Music, Romance"
2,tt0053374,The Trap,"Action, Crime, Drama"
4,tt0053472,Breathless,"Crime, Drama"
1,tt0053604,The Apartment,"Comedy, Drama, Romance"
0,tt0053804,Exodus,"Action, Drama, War"
2,tt0053890,The Hand,"Crime, Drama, Horror"
4,tt0053925,House of Usher,"Drama, Horror"
0,tt0054004,Knights of the Teutonic Order,"Adventure, Drama, History"
1,tt0054022,Let's Make Love,"Comedy, Musical, Romance"
0,tt0054047,The Magnificent Seven,"Action, Adventure, Western"
2,tt0054115,Never Let Go,"Crime, Drama, Thriller"
4,tt0054177,The Little Soldier,"Drama, War"
4,tt0054215,Psycho,"Horror, Mystery, Thriller"
4,tt0054254,El rufián,"Drama, Thriller"
4,tt0054321,La sombra del Caudillo,"Drama, History, Romance"
0,tt0054331,Spartacus,"Adventure, Biography, Drama"
2,tt0054333,Horrors of Spider Island,Horror
2,tt0054345,Strangers When We Meet,"Drama, Romance"
1,tt0054415,12 to the Moon,Sci-Fi
0,tt0054447,Garibaldi,"Drama, History"
2,tt0054462,The Wasp Woman,"Horror, Sci-Fi"
2,tt0054476,Wild River,"Drama, History, Romance"
3,tt0054698,Breakfast at Tiffany's,"Comedy, Drama, Romance"
0,tt0054749,Two Women,"Drama, War"
2,tt0054777,The Curse of the Werewolf,Horror
2,tt0054795,The Deadly Companions,"Adventure, Western"
1,tt0054866,Fanny,"Drama, Romance"
2,tt0054880,Flaming Creatures,"Comedy, Drama, Horror"
2,tt0054890,The Four Horsemen of the Apocalypse,"Drama, War"
0,tt0054910,Gunga Jumna,"Action, Adventure, Drama"
2,tt0054950,Battle of the Worlds,"Horror, Sci-Fi"
0,tt0054953,The Guns of Navarone,"Action, Adventure, Drama"
0,tt0054997,The Hustler,"Drama, Sport"
2,tt0055031,Judgment at Nuremberg,"Drama, War"
3,tt0055035,Junglee,"Comedy, Drama, Musical"
2,tt0055134,Man-Trap,"Crime, Drama, Thriller"
0,tt0055184,The Misfits,"Drama, Romance, Western"
1,tt0055253,On the Double,"Adventure, Comedy, War"
3,tt0055254,One Hundred and One Dalmatians,"Animation, Adventure, Comedy"
4,tt0055304,The Pit and the Pendulum,"Drama, Horror, Mystery"
2,tt0055336,Le président,Thriller
2,tt0055408,Santo vs. the Vampire Women,"Action, Horror"
1,tt0055508,Three Daughters,"Comedy, Drama, Fantasy"
0,tt0055614,West Side Story,"Crime, Drama, Musical"
0,tt0055630,Yojimbo,"Action, Drama, Thriller"
1,tt0055805,Boccaccio '70,"Comedy, Fantasy, Romance"
4,tt0055830,Carnival of Souls,"Horror, Mystery"
0,tt0055844,Amphibian Man,"Adventure, Drama, Romance"
0,tt0055850,Chushingura,"Action, Drama, History"
2,tt0055864,Confessions of an Opium Eater,"Crime, Drama, Mystery"
4,tt0055871,The Counterfeit Traitor,"Drama, History, Thriller"
0,tt0055928,Dr. No,"Action, Adventure, Thriller"
3,tt0055994,Forever My Love,"Drama, Romance"
4,tt0056062,Hell Is for Heroes,"Drama, War"
1,tt0056112,Jack the Giant Killer,"Adventure, Family, Fantasy"
2,tt0056121,Jigsaw,"Crime, Drama, Mystery"
1,tt0056142,King Kong vs. Godzilla,"Action, Adventure, Fantasy"
0,tt0056172,Lawrence of Arabia,"Adventure, Biography, Drama"
4,tt0056193,Lolita,"Crime, Drama, Romance"
4,tt0056194,The Loneliness of the Long Distance Runner,"Drama, Sport"
4,tt0056218,The Manchurian Candidate,"Drama, Thriller"
2,tt0056288,Attack of the Normans,Adventure
4,tt0056331,Panic in Year Zero!,"Action, Horror, Sci-Fi"
2,tt0056528,Curse of the Blood Ghouls,Horror
4,tt0056552,Tales of Terror,"Comedy, Horror, Mystery"
4,tt0056576,The Damned,"Drama, Fantasy, Horror"
2,tt0056582,Assault on the Pay Train,"Crime, Drama"
0,tt0056592,To Kill a Mockingbird,"Crime, Drama"
4,tt0056609,Transport z ráje,"Drama, War"
1,tt0056626,Two for the Seesaw,"Drama, Romance"
1,tt0056667,Stowaway in the Sky,"Adventure, Family"
2,tt0056676,The War Lover,"Adventure, Drama, War"
1,tt0056693,Wild Guitar,"Comedy, Drama, Music"
2,tt0056694,Wild Ones on Wheels,"Crime, Drama"
0,tt0056850,Bandini,"Drama, Musical, Romance"
1,tt0056860,Beach Party,"Comedy, Musical, Romance"
2,tt0056868,Billy Liar,"Comedy, Drama, Romance"
4,tt0056869,The Birds,"Drama, Horror, Mystery"
3,tt0056886,A Boy Ten Feet Tall,Adventure
0,tt0056923,Charade,"Comedy, Mystery, Romance"
2,tt0056931,Children of the Damned,"Drama, Horror, Mystery"
4,tt0056952,The Cool World,"Crime, Drama"
2,tt0056967,Cry of Battle,"Action, Adventure, Drama"
4,tt0057012,Dr. Strangelove or: How I Learned to Stop Worrying and Love the Bomb,"Comedy, War"
1,tt0057051,Let's Rob the Bank,"Comedy, Crime"
0,tt0057076,From Russia with Love,"Action, Adventure, Thriller"
4,tt0057078,The Whip and the Body,"Horror, Romance"
0,tt0057115,The Great Escape,"Adventure, Drama, History"
1,tt0057191,It Happened at the World's Fair,"Comedy, Musical, Romance"
1,tt0057193,It's a Mad Mad Mad Mad World,"Action, Adventure, Comedy"
0,tt0057197,Jason and the Argonauts,"Action, Adventure, Family"
2,tt0057200,Johnny Cool,"Action, Crime, Drama"
0,tt0057212,Jûsan-nin no shikaku,"Adventure, Action"
4,tt0057238,The Warped Ones,"Crime, Drama"
2,tt0057239,The L-Shaped Room,"Drama, Romance"
1,tt0057329,"Move Over, Darling","Comedy, Romance"
2,tt0057344,Any Number Can Win,"Crime, Drama, Romance"
1,tt0057413,The Pink Panther,"Comedy, Crime, Romance"
2,tt0057434,Violent Midnight,Horror
2,tt0057468,Death Drums Along the River,Adventure
1,tt0057518,Son of Flubber,"Comedy, Family, Sci-Fi"
3,tt0057546,The Sword in the Stone,"Animation, Adventure, Comedy"
3,tt0057568,Tere Ghar Ke Samne,"Romance, Musical, Comedy"
1,tt0057628,Ursus in the Land of Fire,"Action, Adventure, Drama"
1,tt0057637,The Night Before Christmas,"Comedy, Fantasy, Romance"
2,tt0057677,West 11,"Crime, Drama"
0,tt0057704,Yôsô,"Drama, Fantasy"
0,tt0057715,Zatoichi the Fugitive,"Drama, Adventure, Action"
1,tt0057840,The Americanization of Emily,"Comedy, Drama, Romance"
2,tt0057917,The Carpetbaggers,"Drama, Romance"
2,tt0057984,Voodoo Blood Death,Horror
4,tt0058006,"Black God, White Devil","Adventure, Crime, Drama"
1,tt0058018,The Disorderly Orderly,"Comedy, Romance"
1,tt0058092,Father Goose,"Adventure, Comedy, Romance"
0,tt0058150,Goldfinger,"Action, Adventure, Thriller"
1,tt0058154,Goodbye Charlie,"Comedy, Fantasy, Romance"
2,tt0058166,Guns at Batasi,"Drama, History, War"
4,tt0058213,"Hush...Hush, Sweet Charlotte","Crime, Drama, Mystery"
2,tt0058247,Murieta,"Biography, Western"
2,tt0058263,King & Country,"Drama, War"
1,tt0058281,Dear John,"Drama, Romance"
1,tt0058311,Hercules Against the Moon Men,"Adventure, Fantasy"
3,tt0058331,Mary Poppins,"Comedy, Family, Fantasy"
4,tt0058333,The Masque of the Red Death,"Drama, Horror"
3,tt0058335,Marriage Italian Style,"Comedy, Drama, Romance"
3,tt0058385,My Fair Lady,"Drama, Family, Musical"
4,tt0058430,Onibaba,"Drama, Horror, Thriller"
4,tt0058461,A Fistful of Dollars,"Action, Drama, Western"
1,tt0058534,Roustabout,"Drama, Music, Musical"
4,tt0058557,Seance on a Wet Afternoon,"Crime, Drama"
1,tt0058586,A Shot in the Dark,"Comedy, Mystery"
0,tt0058715,The Gospel According to St. Matthew,"Biography, Drama, History"
2,tt0058869,Abashiri bangaichi,"Crime, Drama"
2,tt0058947,Battle of the Bulge,"Drama, History, War"
2,tt0058977,Blindfold,"Comedy, Crime, Mystery"
2,tt0058985,Le Bonheur,"Drama, Romance"
2,tt0058990,Brainstorm,"Drama, Thriller"
0,tt0059028,Chemmeen,"Drama, Romance"
0,tt0059029,The Enchanting Shadow,"Drama, Fantasy, Horror"
4,tt0059050,The Sleeping Car Murder,"Crime, Drama, Mystery"
2,tt0059063,Man Is Not a Bird,"Comedy, Drama, Romance"
2,tt0059084,Darling,"Drama, Romance"
1,tt0059112,Do Not Disturb,"Comedy, Romance"
0,tt0059113,Doctor Zhivago,"Drama, Romance, War"
2,tt0059205,Frankenstein vs. Baragon,"Horror, Sci-Fi, Thriller"
0,tt0059219,Genghis Khan,"Adventure, Drama, History"
1,tt0059232,The Glory Guys,"Drama, Romance, Western"
0,tt0059245,The Greatest Story Ever Told,"Biography, Drama, History"
2,tt0059290,The Human Duplicators,"Horror, Sci-Fi"
4,tt0059320,Tattooed Life,"Action, Crime"
2,tt0059325,Born in '45,"Drama, Romance"
1,tt0059382,The Lemon Grove Kids Meet the Monsters,"Adventure, Comedy, Crime"
0,tt0059399,Lord Jim,"Adventure, Drama, Romance"
2,tt0059418,Major Dundee,"Adventure, War, Western"
4,tt0059496,The Nanny,"Mystery, Thriller"
4,tt0059527,The Shop on Main Street,"Drama, War"
2,tt0059539,Once Before I Die,"Drama, War"
1,tt0059550,Operation 'Y' & Other Shurik's Adventures,"Comedy, Crime, Drama"
1,tt0059573,A Patch of Blue,"Drama, Music, Romance"
2,tt0059588,War Between the Planets,Sci-Fi
0,tt0059677,Sanshiro Sugata,"Action, Drama"
4,tt0059714,Brutal Tales of Chivalry,"Action, Crime"
1,tt0059724,Situation Hopeless -- But Not Serious,"Comedy, War"
2,tt0059727,The Skull,"Horror, Thriller"
3,tt0059742,The Sound of Music,"Biography, Drama, Family"
1,tt0059798,A Thousand Clowns,"Comedy, Drama, Romance"
0,tt0059800,Thunderball,"Action, Adventure, Thriller"
4,tt0059856,Vague Stars of Ursa...,"Drama, Mystery"
2,tt0059880,Vinyl,Sci-Fi
0,tt0059884,"War and Peace, Part I: Andrei Bolkonsky","Drama, War"
4,tt0060097,Nightmare Castle,Horror
0,tt0060107,Andrei Rublev,"Biography, Drama, History"
4,tt0060176,Blow-Up,"Drama, Mystery, Thriller"
0,tt0060196,"The Good, the Bad and the Ugly","Adventure, Western"
1,tt0060200,After the Fox,"Comedy, Crime"
4,tt0060277,The Sword of Doom,"Action, Drama"
1,tt0060318,"Do svidaniya, malchiki!","Drama, War"
4,tt0060380,Esta Noite Encarnarei no Teu Cadáver,Horror
1,tt0060420,"Follow Me, Boys!","Drama, Family"
1,tt0060424,The Fortune Cookie,"Comedy, Romance"
4,tt0060486,Violence at Noon,"Crime, Drama"
2,tt0060558,Jesse James Meets Frankenstein's Daughter,"Horror, Sci-Fi, Western"
0,tt0060579,The Magic Serpent,"Adventure, Fantasy"
2,tt0060666,Manos: The Hands of Fate,Horror
4,tt0060668,Marat/Sade,"Drama, History, Music"
2,tt0060675,Masculine Feminine,"Drama, Romance"
1,tt0060728,Murderers' Row,"Action, Adventure, Comedy"
1,tt0060749,"Die Nibelungen, Teil 1 - Siegfried","Adventure, Fantasy"
1,tt0060754,The Night of the Grizzly,"Adventure, Western"
1,tt0060818,Penelope,"Comedy, Crime"
2,tt0060820,For One Thousand Dollars Per Day,"Action, Drama, Western"
4,tt0060827,Persona,"Drama, Thriller"
2,tt0060880,The Quiller Memorandum,"Crime, Drama, Mystery"
2,tt0060908,King of Hearts,"Comedy, Drama, War"
1,tt0060921,The Russians Are Coming the Russians Are Coming,"Comedy, War"
1,tt0060965,Seven Magnificent Guns,"Action, Adventure, Comedy"
3,tt0061069,Tatsu no ko Tarô,"Adventure, Family, Fantasy"
1,tt0061093,Three on a Couch,"Comedy, Romance"
1,tt0061177,"What's Up, Tiger Lily?","Adventure, Comedy, Crime"
1,tt0061391,Bedazzled,"Comedy, Fantasy, Romance"
4,tt0061405,Billion Dollar Brain,"Crime, Drama, Thriller"
4,tt0061418,Bonnie and Clyde,"Action, Biography, Crime"
0,tt0061512,Cool Hand Luke,"Crime, Drama"
2,tt0061529,Creature of Destruction,"Horror, Sci-Fi"
4,tt0061556,The Deadly Affair,"Crime, Drama, Mystery"
0,tt0061578,The Dirty Dozen,"Action, Adventure, War"
2,tt0061582,Django Shoots First,"Romance, Western"
1,tt0061626,Enter Laughing,"Comedy, Romance"
1,tt0061722,The Graduate,"Comedy, Drama, Romance"
3,tt0061810,In Like Flint,"Action, Adventure, Comedy"
2,tt0061811,In the Heat of the Night,"Drama, Mystery, Thriller"
1,tt0061832,The Jackals,"Adventure, Western"
2,tt0061839,Jet Generation,"Drama, Romance"
2,tt0061841,The Killing Game,"Adventure, Comedy, Drama"
3,tt0061852,The Jungle Book,"Animation, Adventure, Comedy"
2,tt0061868,King Kong Escapes,"Action, Adventure, Family"
0,tt0061876,The Commissar,"Drama, War"
4,tt0061879,Late August at the Hotel Ozone,"Drama, Sci-Fi"
4,tt0062009,Muri shinjû: Nihon no natsu,"Crime, Drama"
4,tt0062155,Privilege,"Comedy, Drama, Music"
2,tt0062207,Robbery,"Crime, Drama, Mystery"
4,tt0062229,Le Samouraï,"Crime, Drama"
3,tt0062260,Jack and the Witch,"Animation, Fantasy"
2,tt0062301,The St. Valentine's Day Massacre,"Crime, Drama, History"
2,tt0062366,Théâtre de Monsieur & Madame Kabal,"Animation, Comedy"
2,tt0062430,Valley of the Dolls,"Drama, Music, Romance"
2,tt0062457,The Thief of Paris,"Crime, Drama"
2,tt0062473,Warning Shot,"Crime, Mystery, Thriller"
2,tt0062479,The Way West,"Adventure, Drama, Western"
2,tt0062485,Westerplatte Resists,"Drama, War"
2,tt0062492,Wild 90,"Comedy, Crime, Drama"
0,tt0062512,You Only Live Twice,"Action, Adventure, Thriller"
0,tt0062622,2001: A Space Odyssey,"Adventure, Sci-Fi"
2,tt0062742,Blue,"Romance, Western"
4,tt0062765,Bullitt,"Action, Crime, Thriller"
1,tt0062782,Carry on Up the Khyber,"Adventure, Comedy"
4,tt0062790,The Charge of the Light Brigade,"Drama, History, War"
3,tt0062803,Chitty Chitty Bang Bang,"Adventure, Family, Fantasy"
1,tt0062804,The Chronicle of Anna Magdalena Bach,"Biography, Drama, History"
1,tt0062936,Enter the Game of Death,"Action, Drama"
3,tt0062974,Finian's Rainbow,"Family, Fantasy, Musical"
2,tt0063013,The Girl on a Motorcycle,"Drama, Romance"
3,tt0063023,Goopy Gyne Bagha Byne,"Adventure, Comedy, Family"
2,tt0063171,The Snow Woman,"Horror, Romance"
4,tt0063198,Kôshikei,"Comedy, Crime, Drama"
4,tt0063350,Night of the Living Dead,"Horror, Thriller"
2,tt0063356,No Way to Treat a Lady,"Comedy, Crime, Drama"
2,tt0063370,"The Young, the Evil and the Savage","Mystery, Thriller"
0,tt0063442,Planet of the Apes,"Adventure, Sci-Fi"
4,tt0063443,Play Dirty,"Adventure, Drama, War"
1,tt0063483,"Rachel, Rachel","Drama, Romance"
0,tt0063518,Romeo and Juliet,"Drama, Romance"
4,tt0063522,Rosemary's Baby,"Drama, Horror"
2,tt0063595,She-Devils on Wheels,"Action, Crime, Thriller"
2,tt0063647,The Strange Affair,"Crime, Drama"
2,tt0063678,Teorema,"Drama, Mystery"
2,tt0063679,Tepepa,"Action, Adventure, Drama"
2,tt0063688,The Thomas Crown Affair,"Crime, Drama, Romance"
2,tt0063737,One Night... a Train,"Drama, Fantasy, Mystery"
1,tt0063821,With Six You Get Eggroll,"Comedy, Drama, Family"
0,tt0063835,Zatoichi and the Fugitives,"Drama, Action, Adventure"
4,tt0063850,If....,"Crime, Drama"
2,tt0064041,The Arrangement,"Drama, Romance"
1,tt0064100,Bob & Carol & Ted & Alice,"Comedy, Drama, Romance"
1,tt0064115,Butch Cassidy and the Sundance Kid,"Biography, Crime, Drama"
2,tt0064160,"Cherry, Harry & Raquel!","Action, Comedy"
2,tt0064186,So Sweet... So Perverse,"Mystery, Thriller"
0,tt0064276,Easy Rider,"Adventure, Drama"
2,tt0064300,The 5-Man Army,"Action, Adventure, Western"
0,tt0064387,Goyokin,"Action, Adventure, Drama"
2,tt0064397,The Gypsy Moths,"Action, Drama, Romance"
1,tt0064403,Hannibal Brooks,"Action, Adventure, Comedy"
2,tt0064415,Hell's Angels '69,"Action, Drama"
1,tt0064417,Hello Down There,"Comedy, Sci-Fi"
3,tt0064418,"Hello, Dolly!","Adventure, Comedy, Musical"
2,tt0064426,Red Peony Gambler 3: The Flower Cards Game,Action
4,tt0064465,Ice,"Drama, Sci-Fi"
1,tt0064485,Giacomo Casanova: Childhood and Adolescence,"Biography, Comedy, History"
4,tt0064531,Kaya,"Crime, Drama, War"
3,tt0064714,Puss in Boots,"Animation, Adventure, Comedy"
2,tt0064729,Nightmare in Wax,Horror
0,tt0064757,On Her Majesty's Secret Service,"Action, Adventure, Thriller"
1,tt0064842,Prince,"Musical, Romance"
2,tt0064843,Prípad pro zacínajícího kata,"Drama, Fantasy, Mystery"
2,tt0064905,Red Sun,Crime
2,tt0065023,Sotto il segno dello scorpione,"Drama, Fantasy"
1,tt0065051,Support Your Local Sheriff!,"Comedy, Romance, Western"
4,tt0065214,The Wild Bunch,"Action, Adventure, Western"
3,tt0065421,The AristoCats,"Animation, Adventure, Comedy"
2,tt0065486,Borsalino,"Crime, Drama"
2,tt0065569,Count Dracula,"Drama, Horror"
4,tt0065737,Fragment of Fear,"Crime, Drama, Horror"
2,tt0065744,The Shiver of the Vampires,Horror
2,tt0065856,House of Dark Shadows,"Drama, Fantasy, Horror"
4,tt0065889,Investigation of a Citizen Above Suspicion,"Crime, Drama"
4,tt0065950,The Kremlin Letter,"Crime, Drama, Thriller"
2,tt0065963,The Landlord,"Comedy, Drama, Romance"
1,tt0066026,M*A*S*H,"Comedy, Drama, War"
0,tt0066109,The Music Lovers,"Biography, Comedy, Drama"
1,tt0066121,Na komete,"Adventure, Comedy, Sci-Fi"
2,tt0066126,The Losers,"Action, Drama, Thriller"
2,tt0066192,Out 1: Spectre,"Comedy, Drama, Thriller"
0,tt0066206,Patton,"Biography, Drama, War"
4,tt0066214,Performance,"Crime, Drama"
2,tt0066296,The Revolutionary,"Action, Drama"
2,tt0066318,The Breach,Thriller
1,tt0066364,Shango,"Action, Drama, Western"
2,tt0066380,Vampyros Lesbos,"Drama, Horror"
4,tt0066392,Something for Everyone,"Comedy, Crime, Drama"
2,tt0066415,The Strawberry Statement,"Drama, Romance"
2,tt0066475,Torture Dungeon,"Drama, Horror"
0,tt0066516,Valerie and Her Week of Wonders,"Adventure, Drama, Fantasy"
1,tt0066533,"Vnimanie, cherepakha!","Comedy, Family"
2,tt0066540,WUSA,"Drama, Romance"
1,tt0066612,Compañeros,"Action, Comedy, Western"
4,tt0066735,Four Flies on Grey Velvet,"Crime, Mystery, Thriller"
4,tt0066740,The Abominable Dr. Phibes,"Comedy, Horror"
2,tt0066767,The Anderson Tapes,"Action, Crime, Thriller"
4,tt0066769,The Andromeda Strain,"Mystery, Sci-Fi, Thriller"
2,tt0066832,Billy Jack,"Action, Drama"
2,tt0066835,Black Killer,"Crime, Drama, Western"
2,tt0066863,The Brotherhood of Satan,Horror
2,tt0066914,A Virgin Among the Living Dead,Horror
4,tt0066921,A Clockwork Orange,"Crime, Sci-Fi"
2,tt0066952,"Count Yorga, Vampire","Drama, Fantasy, Horror"
0,tt0066995,Diamonds Are Forever,"Action, Adventure, Thriller"
4,tt0066999,Dirty Harry,"Action, Crime, Thriller"
0,tt0067065,Escape from the Planet of the Apes,"Action, Sci-Fi"
4,tt0067116,The French Connection,"Action, Crime, Drama"
4,tt0067176,Hands of the Ripper,Horror
3,tt0067185,Harold and Maude,"Comedy, Drama, Romance"
2,tt0067206,The Hitchhikers,"Action, Drama"
4,tt0067277,Johnny Got His Gun,"Drama, War"
4,tt0067341,Let's Scare Jessica to Death,"Drama, Horror, Mystery"
2,tt0067388,Man in the Wilderness,"Adventure, Drama, Western"
1,tt0067433,Minnie and Moskowitz,"Comedy, Drama, Romance"
1,tt0067517,Officers,"Drama, Romance, War"
3,tt0067595,The Point,"Animation, Adventure, Family"
2,tt0067641,Four Nights of a Dreamer,"Drama, Romance"
2,tt0067667,Appointment in Bray,"Drama, Music, War"
4,tt0067698,Sacco & Vanzetti,"Biography, Crime, Drama"
1,tt0067708,Santo and Blue Demon vs. Dracula and the Wolf Man,"Action, Crime, Horror"
2,tt0067714,The Scavengers,"Drama, Western, War"
2,tt0067741,Shaft,"Action, Crime, Thriller"
2,tt0067770,Red Sun,"Action, Western"
4,tt0067800,Straw Dogs,"Crime, Drama, Thriller"
4,tt0067810,Sweet Sweetback's Baadasssss Song,"Action, Crime, Drama"
1,tt0067840,Tere Mere Sapne,"Drama, Romance"
1,tt0067848,They Might Be Giants,"Comedy, Mystery, Romance"
2,tt0067870,A Town Called Hell,"Action, Drama, Western"
2,tt0067958,WR: Mysteries of the Organism,"Comedy, Drama, Fantasy"
0,tt0067959,Walkabout,"Adventure, Drama"
4,tt0067983,Whoever Slew Auntie Roo?,"Horror, Thriller"
3,tt0067992,Willy Wonka & the Chocolate Factory,"Family, Fantasy, Musical"
0,tt0068161,The Dawns Here Are Quiet,"Drama, History, War"
1,tt0068190,Alice's Adventures in Wonderland,"Adventure, Family, Fantasy"
2,tt0068264,Ben,"Drama, Horror, Thriller"
2,tt0068278,The Bitter Tears of Petra von Kant,"Drama, Romance"
2,tt0068281,Black Gunn,"Action, Crime, Thriller"
0,tt0068327,Cabaret,"Drama, Music, Musical"
2,tt0068341,The Valachi Papers,"Crime, Drama"
1,tt0068371,Godzilla vs. Gigan,"Action, Adventure, Family"
4,tt0068473,Deliverance,"Adventure, Drama, Thriller"
2,tt0068505,Dracula A.D. 1972,Horror
1,tt0068506,Dreamwood,Fantasy
2,tt0068638,The Getaway,"Action, Crime, Thriller"
0,tt0068646,The Godfather,"Crime, Drama"
2,tt0068675,Hannie Caulder,"Crime, Drama, Western"
1,tt0068687,The Heartbreak Kid,"Comedy, Drama, Romance"
4,tt0068705,Hito-kiri yota: Kyôken san-kyôdai,"Action, Crime"
2,tt0068716,Tower of Evil,"Horror, Mystery, Thriller"
1,tt0068718,The Hot Rock,"Action, Comedy, Crime"
2,tt0068746,Invasion of the Blood Farmers,Horror
0,tt0068815,Lone Wolf and Cub: Sword of Vengeance,"Action, Adventure"
4,tt0068833,The Last House on the Left,"Crime, Horror, Thriller"
2,tt0068971,Death Walks at Midnight,"Crime, Mystery, Thriller"
2,tt0068979,Creeping Death,"Horror, Mystery, Western"
4,tt0068997,The New Centurions,"Action, Crime, Drama"
2,tt0069007,The Nightcomers,"Drama, Horror, Thriller"
1,tt0069080,Pete 'n' Tillie,"Comedy, Drama, Romance"
2,tt0069120,Indian Summer,"Drama, Romance"
1,tt0069146,Quelques messieurs trop tranquilles,"Comedy, Crime, Mystery"
4,tt0069280,Slaughterhouse-Five,"Comedy, Drama, Sci-Fi"
4,tt0069293,Solaris,"Drama, Mystery, Sci-Fi"
2,tt0069341,Tales from the Crypt,"Drama, Horror, Mystery"
2,tt0069689,The All-American Boy,"Drama, Sport"
1,tt0069747,The Mad Adventures of Rabbi Jacob,"Adventure, Comedy"
2,tt0069754,The Baby,"Drama, Horror, Thriller"
4,tt0069761,Badge 373,"Crime, Drama, Thriller"
4,tt0069762,Badlands,"Action, Crime, Drama"
4,tt0069818,The Boss,"Action, Crime, Thriller"
2,tt0069833,Chino,"Action, Adventure, Drama"
4,tt0069865,Charley Varrick,"Crime, Drama, Thriller"
4,tt0069995,Don't Look Now,"Drama, Horror, Mystery"
1,tt0069996,Don't Play Us Cheap,"Comedy, Musical, Romance"
0,tt0070034,Enter the Dragon,"Action, Crime, Drama"
2,tt0070039,Horror Rises from the Tomb,Horror
4,tt0070047,The Exorcist,Horror
4,tt0070061,Love & Anarchy,"Comedy, Drama, Romance"
2,tt0070091,The Gatling Gun,"Action, Drama, Western"
2,tt0070119,Godmonster of Indian Flats,"Western, Horror"
4,tt0070155,The Harder They Come,"Crime, Drama, Music"
2,tt0070170,Henry VIII and His Six Wives,"Biography, Drama"
1,tt0070328,Live and Let Die,"Action, Adventure, Thriller"
2,tt0070350,The Mack,"Crime, Drama"
4,tt0070355,Magnum Force,"Action, Crime, Mystery"
4,tt0070379,Mean Streets,"Crime, Drama, Thriller"
2,tt0070424,My Ain Folk,"Biography, Drama"
0,tt0070464,O Lucky Man!,"Comedy, Drama, Fantasy"
4,tt0070511,Papillon,"Biography, Crime, Drama"
3,tt0070608,Robin Hood,"Animation, Adventure, Comedy"
2,tt0070634,The Satanic Rites of Dracula,Horror
2,tt0070656,Scream Blacula Scream,"Fantasy, Horror"
4,tt0070666,Serpico,"Biography, Crime, Drama"
4,tt0070723,Soylent Green,"Crime, Mystery, Sci-Fi"
0,tt0070735,The Sting,"Comedy, Crime, Drama"
4,tt0070782,Terminal Island,"Action, Drama, Thriller"
2,tt0070787,That Man Bolt,"Action, Crime, Drama"
0,tt0070861,Only Old Men Are Going to Battle,"Comedy, Drama, War"
1,tt0070903,The Way We Were,"Drama, Romance"
4,tt0070917,The Wicker Man,"Horror, Mystery, Thriller"
2,tt0070947,Zanjeer,"Action, Crime, Drama"
2,tt0071089,99 and 44/100% Dead!,"Action, Adventure, Comedy"
2,tt0071093,Abigail Lesley Is Back in Town,"Drama, Romance"
2,tt0071095,Abby,Horror
1,tt0071194,The Bank Shot,"Comedy, Crime"
4,tt0071203,Belladonna of Sadness,"Animation, Drama, Fantasy"
1,tt0071221,Black Belt Jones,Action
4,tt0071315,Chinatown,"Drama, Mystery, Thriller"
4,tt0071360,The Conversation,"Drama, Mystery, Thriller"
0,tt0071381,Celine and Julie Go Boating,"Comedy, Drama, Fantasy"
4,tt0071408,Deranged: Confessions of a Necrophile,"Drama, Horror, Thriller"
2,tt0071437,Double Agent 73,Action
2,tt0071455,Earthquake,"Action, Drama, Thriller"
0,tt0071502,Arabian Nights,"Comedy, Drama, Fantasy"
4,tt0071532,The Gambler,"Crime, Drama"
4,tt0071562,The Godfather Part II,"Crime, Drama"
1,tt0071569,The Golden Voyage of Sinbad,"Action, Adventure, Fantasy"
0,tt0071577,The Great Gatsby,"Drama, Romance"
1,tt0071591,El guía de las turistas,"Adventure, Comedy"
2,tt0071661,Inn of the Damned,"Crime, Horror, Thriller"
0,tt0071691,The Enigma of Kaspar Hauser,"Biography, Drama, History"
4,tt0071737,Lancelot of the Lake,"Drama, Fantasy, Romance"
1,tt0071771,The Longest Yard,"Comedy, Crime, Drama"
2,tt0071807,The Man with the Golden Gun,"Action, Adventure, Thriller"
1,tt0071853,Monty Python and the Holy Grail,"Adventure, Comedy, Fantasy"
4,tt0071877,Murder on the Orient Express,"Crime, Drama, Mystery"
1,tt0071938,Old Dracula,"Comedy, Horror"
4,tt0071994,Phantom of the Paradise,"Comedy, Drama, Fantasy"
2,tt0072067,Act of Vengeance,"Crime, Drama, Horror"
0,tt0072096,Romans o vlyublyonnykh,"Drama, Romance, Musical"
1,tt0072145,Wu yi,"Drama, Romance"
2,tt0072187,Solomon King,"Action, Adventure"
0,tt0072231,"At Home Among Strangers, a Stranger Among His Own","Action, Adventure, Drama"
4,tt0072239,Symptoms,Horror
1,tt0072253,The Tamarind Seed,"Drama, Romance, Thriller"
4,tt0072271,The Texas Chain Saw Massacre,Horror
2,tt0072274,Thieves Like Us,"Crime, Drama, Romance"
2,tt0072288,Thunderbolt and Lightfoot,"Action, Comedy, Crime"
2,tt0072290,Ba wang quan,"Action, Crime"
2,tt0072324,Truck Stop Women,"Action, Crime, Drama"
2,tt0072386,W,Thriller
3,tt0072402,Where the Red Fern Grows,"Drama, Family"
4,tt0072403,The White Dawn,"Adventure, Drama, History"
0,tt0072684,Barry Lyndon,"Adventure, Drama, War"
2,tt0072791,Cleopatra Jones and the Casino of Gold,Action
3,tt0072820,Cooley High,"Comedy, Drama, Romance"
1,tt0072826,Cousin cousine,"Comedy, Romance"
1,tt0072844,Darktown Strutters,"Action, Comedy, Musical"
4,tt0072848,The Day of the Locust,"Drama, Thriller"
4,tt0072890,Dog Day Afternoon,"Biography, Crime, Drama"
0,tt0073012,The Four Musketeers: Milady's Revenge,Adventure
2,tt0073045,"""Giliap""","Crime, Drama"
2,tt0073092,Hard Times,"Crime, Drama, Sport"
4,tt0073113,The Hindenburg,"Adventure, Drama, History"
0,tt0073195,Jaws,"Adventure, Thriller"
4,tt0073219,The Judge and the Assassin,"Crime, Drama, History"
2,tt0073343,The Man from Hong Kong,"Action, Adventure, Drama"
4,tt0073451,The Nickel Ride,"Crime, Drama"
4,tt0073453,Night Moves,"Crime, Drama, Mystery"
0,tt0073460,Noce i dnie,"Drama, Romance, War"
2,tt0073537,Double Exposure,"Crime, Drama, Horror"
1,tt0073629,The Rocky Horror Picture Show,"Comedy, Horror, Musical"
0,tt0073631,Rollerball,"Action, Sci-Fi, Sport"
0,tt0073654,Brothel No. 8,"Drama, History, War"
1,tt0073663,Lovers Like Us,"Adventure, Comedy, Drama"
2,tt0073694,The Hand of Death,"Action, Drama"
0,tt0073707,Sholay,"Action, Adventure, Comedy"
4,tt0074119,All the President's Men,"Drama, History, Thriller"
1,tt0074121,Allegro non troppo,"Animation, Comedy, Fantasy"
1,tt0074219,Blind makker,"Comedy, Crime, Drama"
2,tt0074224,Ma Su Zhen bao xiong chou,"Action, Adventure"
1,tt0074225,The Blue Bird,"Adventure, Drama, Family"
0,tt0074235,Bound for Glory,"Biography, Drama, Music"
1,tt0074256,Bugsy Malone,"Comedy, Crime, Family"
4,tt0074285,Carrie,"Horror, Mystery"
2,tt0074412,Disco Godfather,"Action, Crime, Drama"
2,tt0074452,The Eagle Has Landed,"Adventure, Drama, Thriller"
4,tt0074486,Eraserhead,"Fantasy, Horror"
4,tt0074611,The Haunting of Julia,"Drama, Horror, Mystery"
2,tt0074634,Hollywood Man,"Action, Crime, Drama"
2,tt0074746,The Killer Inside Me,"Crime, Drama"
0,tt0074781,Leadbelly,"Biography, Drama, Music"
4,tt0074860,Marathon Man,"Crime, Drama, Thriller"
2,tt0074885,Mean Johnny Barrows,"Action, Crime, Drama"
2,tt0074937,Murder by Death,"Comedy, Crime, Mystery"
2,tt0074972,Black and White in Color,"Comedy, Drama, War"
2,tt0074974,Noroît (une vengeance),"Adventure, Drama, Fantasy"
2,tt0075001,The Oily Maniac,"Action, Horror"
4,tt0075005,The Omen,"Horror, Mystery"
1,tt0075068,Pipe Dreams,"Drama, Romance"
0,tt0075119,A Slave of Love,"Comedy, Drama, Romance"
1,tt0075147,Robin and Marian,"Adventure, Drama, Romance"
3,tt0075148,Rocky,"Drama, Sport"
2,tt0075152,The Tough Ones,"Action, Crime, Drama"
2,tt0075164,Satan's Slave,Horror
4,tt0075165,Satan's Brew,"Comedy, Drama, Romance"
2,tt0075228,Skip Tracer,"Drama, Thriller"
4,tt0075314,Taxi Driver,"Crime, Drama"
2,tt0075344,Trackdown,"Action, Drama"
4,tt0075467,The Fifth Seal,"Drama, War"
2,tt0075612,3 Women,"Drama, Mystery, Thriller"
3,tt0075669,Amar Akbar Anthony,"Action, Comedy, Drama"
1,tt0075686,Annie Hall,"Comedy, Romance"
2,tt0075716,Backroads,"Crime, Drama"
1,tt0075744,Between the Lines,"Comedy, Drama, Romance"
2,tt0075764,The Black Panther,"Crime, Thriller"
1,tt0075774,Bobby Deerfield,"Drama, Romance"
2,tt0075778,Bokusâ,"Drama, Sport"
3,tt0075807,Candleshoe,"Adventure, Comedy, Drama"
2,tt0075859,Shen wei san meng long,"Action, Drama"
0,tt0075860,Close Encounters of the Third Kind,"Drama, Sci-Fi"
2,tt0075888,The Crater Lake Monster,"Adventure, Crime, Fantasy"
2,tt0075909,Damnation Alley,Sci-Fi
4,tt0075930,God Told Me To,"Crime, Horror, Sci-Fi"
2,tt0075932,The Lacemaker,"Drama, Romance"
4,tt0075936,Desperate Living,"Comedy, Crime, Fantasy"
2,tt0075956,Double Nickels,"Action, Comedy, Crime"
2,tt0075967,Jue bi tai yang ta,"Action, Drama"
2,tt0076028,Final Chapter: Walking Tall,"Action, Crime, Drama"
1,tt0076054,Freaky Friday,"Comedy, Family, Fantasy"
1,tt0076109,The Great Texas Dynamite Chase,"Action, Comedy, Crime"
1,tt0076137,Herbie Goes to Monte Carlo,"Action, Adventure, Comedy"
2,tt0076240,Jubilee,"Comedy, Drama, Fantasy"
2,tt0076276,Who's Singin' Over There?,"Adventure, Comedy, Drama"
2,tt0076294,The Last Dinosaur,"Action, Adventure, Sci-Fi"
1,tt0076374,Matinée,"Adventure, Crime, Drama"
2,tt0076380,Meatcleaver Massacre,Horror
2,tt0076504,Orca,"Adventure, Drama, Horror"
2,tt0076507,The Other Side of Midnight,"Drama, Romance, Thriller"
1,tt0076575,Foul Play,"Action, Comedy, Crime"
2,tt0076584,The Inglorious Bastards,"Action, Adventure, War"
3,tt0076618,The Rescuers,"Animation, Adventure, Comedy"
2,tt0076699,Shen tui tie shan gong,Action
0,tt0076752,The Spy Who Loved Me,"Action, Adventure, Thriller"
0,tt0076759,Star Wars,"Action, Adventure, Fantasy"
4,tt0076786,Suspiria,"Crime, Horror"
1,tt0076843,The Turning Point,"Drama, Music, Romance"
1,tt0076847,"Another Man, Another Chance","Adventure, Drama, Romance"
4,tt0076884,Hotel Fear,"Drama, Horror, Mystery"
1,tt0076931,Wombling Free,"Animation, Comedy, Family"
0,tt0077149,Allegro barbaro,"Drama, History"
3,tt0077202,Bájecní muzi s klikou,"Comedy, Drama, History"
4,tt0077248,Blue Collar,"Crime, Drama"
2,tt0077262,Tai ji yuan gong,Action
1,tt0077275,The Brink's Job,"Comedy, Crime, Drama"
2,tt0077290,Shen long xiao hu chuang jiang hu,"Action, Drama"
4,tt0077355,Coma,"Drama, Mystery, Thriller"
1,tt0077395,Gui ma da xia,"Action, Comedy"
4,tt0077402,Dawn of the Dead,"Horror, Thriller"
4,tt0077416,The Deer Hunter,"Drama, War"
1,tt0077452,Dona Flor and Her Two Husbands,"Comedy, Fantasy"
2,tt0077463,Double Suicide of Sonezaki,"Crime, Drama, Romance"
2,tt0077512,Erótica,"Drama, Thriller"
2,tt0077524,The Evil,"Horror, Thriller"
4,tt0077530,Eyes of Laura Mars,"Mystery, Thriller"
4,tt0077539,Fedora,"Drama, Romance"
2,tt0077549,Fingers,"Crime, Drama, Music"
2,tt0077594,Game of Death,"Action, Crime, Drama"
3,tt0077631,Grease,"Comedy, Musical, Romance"
4,tt0077651,Halloween,"Horror, Thriller"
1,tt0077714,I Wanna Hold Your Hand,"Comedy, Music, Romance"
1,tt0077722,A Ilha dos Amores,"Biography, Drama, Romance"
4,tt0077745,Invasion of the Body Snatchers,"Horror, Sci-Fi"
2,tt0077766,Jaws 2,"Adventure, Horror, Thriller"
4,tt0077888,The Mafu Cage,"Drama, Horror, Thriller"
4,tt0077928,Midnight Express,"Biography, Crime, Drama"
1,tt0077952,Movie Movie,"Comedy, Musical, Sport"
1,tt0078054,Beauty and the Beast,"Fantasy, Horror, Mystery"
1,tt0078058,Pari e dispari,"Action, Comedy, Crime"
2,tt0078087,Piranha,"Comedy, Horror, Sci-Fi"
1,tt0078159,Return to Boggy Creek,"Adventure, Drama, Family"
1,tt0078199,"Same Time, Next Year","Comedy, Drama, Romance"
2,tt0078256,Blood Feud,Thriller
1,tt0078335,Stunt Rock,"Action, Drama, Music"
3,tt0078346,Superman,"Action, Adventure, Sci-Fi"
2,tt0078405,The Toolbox Murders,"Horror, Mystery, Thriller"
2,tt0078417,The Bermuda Triangle,"Horror, Sci-Fi, Mystery"
4,tt0078513,Yagyu Clan Conspiracy,"Action, Adventure, Drama"
1,tt0078721,10,"Comedy, Romance"
4,tt0078748,Alien,"Horror, Sci-Fi"
1,tt0078771,Love on the Run,"Comedy, Drama, Romance"
4,tt0078788,Apocalypse Now,"Drama, Mystery, War"
1,tt0078872,The Black Stallion,"Adventure, Family, Sport"
2,tt0078879,Bloodline,"Crime, Drama, Mystery"
2,tt0078892,"Bolívar, a Tropical Symphony","Biography, Drama"
1,tt0078915,The Bugs Bunny/Road-Runner Movie,"Animation, Comedy, Family"
4,tt0078916,Beyond the Darkness,Horror
2,tt0078934,Caniche,"Comedy, Drama, Mystery"
2,tt0079041,Demon Pond,"Fantasy, Romance"
4,tt0079048,Cops and Robbers,"Crime, Drama"
4,tt0079116,Escape from Alcatraz,"Action, Biography, Crime"
0,tt0079147,Mad Monkey Kung Fu,"Action, Comedy"
1,tt0079154,The Fish That Saved Pittsburgh,"Comedy, Sport"
1,tt0079219,Going in Style,"Comedy, Crime, Drama"
1,tt0079277,He Never Gives Up,"Biography, Drama"
2,tt0079278,Chilly Scenes of Winter,"Comedy, Drama, Romance"
2,tt0079292,Da wu shi yu xiao piao ke,"Action, Drama"
1,tt0079351,I'm for the Hippopotamus,"Action, Adventure, Comedy"
2,tt0079358,Han shan fei hu,"Action, Drama"
4,tt0079437,Last Embrace,"Mystery, Romance, Thriller"
1,tt0079472,The Magnificent Butcher,"Action, Comedy, Drama"
4,tt0079501,Mad Max,"Action, Adventure, Sci-Fi"
1,tt0079510,The Main Event,"Comedy, Romance, Sport"
1,tt0079522,Manhattan,"Comedy, Drama, Romance"
2,tt0079537,Mary My Dearest,"Comedy, Drama, Thriller"
0,tt0079574,Moonraker,"Action, Adventure, Sci-Fi"
1,tt0079710,A Perfect Couple,"Comedy, Musical, Romance"
1,tt0079764,Five Evenings,"Drama, Romance"
2,tt0079788,Zombie Holocaust,"Adventure, Horror, Mystery"
2,tt0079801,Xiao hun yu,Horror
1,tt0079808,The Riddle of the Sands,"Adventure, Drama, Thriller"
3,tt0079817,Rocky II,"Drama, Sport"
2,tt0079826,The Rose,"Drama, Music, Romance"
0,tt0079907,Siberiade,"Drama, History, Romance"
0,tt0079944,Stalker,"Drama, Sci-Fi"
0,tt0079945,Star Trek: The Motion Picture,"Adventure, Mystery, Sci-Fi"
4,tt0080040,Tourist Trap,Horror
4,tt0080051,Twice a Woman,"Drama, Romance"
2,tt0080057,Zombie,Horror
1,tt0080062,Unidentified Flying Oddball,"Adventure, Comedy, Family"
4,tt0080120,The Warriors,"Action, Crime, Thriller"
1,tt0080377,Any Which Way You Can,"Action, Comedy"
1,tt0080419,Children's Island,"Drama, Romance"
1,tt0080421,Battle Beyond the Stars,"Action, Adventure, Sci-Fi"
2,tt0080430,Berlin Chamissoplatz,"Drama, Romance"
2,tt0080440,The Black Cat,Horror
1,tt0080453,The Blue Lagoon,"Adventure, Drama, Romance"
3,tt0080455,The Blues Brothers,"Action, Adventure, Comedy"
1,tt0080487,Caddyshack,"Comedy, Sport"
1,tt0080653,Friendship,"Action, Crime, Drama"
0,tt0080678,The Elephant Man,"Biography, Drama"
0,tt0080684,Star Wars: Episode V - The Empire Strikes Back,"Action, Adventure, Fantasy"
2,tt0080715,The Falls,"Comedy, Sci-Fi"
1,tt0080717,My Young Auntie,"Action, Comedy"
4,tt0080749,The Fog,"Horror, Thriller"
1,tt0080752,Forbidden Zone,"Comedy, Fantasy, Musical"
4,tt0080761,Friday the 13th,"Horror, Mystery, Thriller"
0,tt0080772,Galaxy Express 999,"Animation, Action, Adventure"
2,tt0080798,Gloria,"Crime, Drama, Thriller"
1,tt0080801,The Gods Must Be Crazy,"Adventure, Comedy"
2,tt0080833,Guyana: Cult of the Damned,"Adventure, Drama, Thriller"
2,tt0080850,He Knows You're Alone,"Horror, Thriller"
0,tt0080855,Heaven's Gate,"Adventure, Drama, Western"
2,tt0080903,The Human Factor,"Drama, Romance, Thriller"
0,tt0080979,Kagemusha,"Drama, History, War"
2,tt0080997,The Kidnapping of the President,Thriller
1,tt0081063,Little Miss Marker,"Comedy, Drama, Romance"
4,tt0081070,The Long Good Friday,"Crime, Drama, Mystery"
2,tt0081163,The Mirror Crack'd,"Crime, Mystery, Thriller"
2,tt0081165,The Mystery of Oberwald,"Drama, Romance"
2,tt0081235,Nijinsky,"Biography, Drama, Music"
2,tt0081259,The Octagon,"Action, Drama, Romance"
1,tt0081280,One-Trick Pony,"Comedy, Drama, Music"
2,tt0081286,Murder Syndrome,"Horror, Mystery"
1,tt0081288,Tora-san's Tropical Fever,"Comedy, Drama, Romance"
1,tt0081375,Private Benjamin,"Comedy, War"
4,tt0081398,Raging Bull,"Biography, Drama, Sport"
4,tt0081505,The Shining,"Drama, Horror"
3,tt0081573,Superman II,"Action, Adventure, Sci-Fi"
0,tt0081633,Time Bandits,"Adventure, Comedy, Fantasy"
2,tt0081672,"Täältä tullaan, elämä!","Drama, Romance"
1,tt0081777,Xanadu,"Fantasy, Musical, Romance"
2,tt0081784,The Happenings,"Crime, Drama, Thriller"
1,tt0081803,The Spooky Bunch,"Comedy, Fantasy"
2,tt0081809,North Sea Hijack,"Action, Adventure, Thriller"
4,tt0081992,Love Massacre,"Drama, Mystery, Romance"
4,tt0082010,An American Werewolf in London,"Comedy, Horror"
4,tt0082085,Blow Out,"Crime, Drama, Mystery"
2,tt0082088,Blood Wedding,"Drama, Music, Romance"
4,tt0082089,Body Heat,"Crime, Drama, Romance"
2,tt0082095,The Boat Is Full,"Drama, War"
4,tt0082096,The Boat,"Drama, War"
3,tt0082158,Chariots of Fire,"Biography, Drama, Sport"
0,tt0082176,Christiane F.,"Biography, Drama"
0,tt0082198,Conan the Barbarian,"Action, Adventure, Fantasy"
4,tt0082259,"Deprisa, Deprisa","Crime, Drama"
4,tt0082294,Shivers,"Drama, History"
4,tt0082309,Deep Water,"Crime, Drama"
2,tt0082329,Endless Love,"Drama, Romance"
4,tt0082340,Escape from New York,"Action, Adventure, Sci-Fi"
0,tt0082348,Excalibur,"Adventure, Drama, Fantasy"
2,tt0082398,For Your Eyes Only,"Action, Adventure, Thriller"
3,tt0082406,The Fox and the Hound,"Animation, Adventure, Drama"
0,tt0082414,Freak Orlando,"Comedy, Fantasy"
4,tt0082418,Friday the 13th Part 2,"Horror, Mystery, Thriller"
2,tt0082427,The Funhouse,Horror
0,tt0082484,Quest for Fire,"Adventure, Drama"
2,tt0082495,Halloween II,Horror
0,tt0082509,Heavy Metal,"Animation, Adventure, Fantasy"
0,tt0082694,The Road Warrior,"Action, Adventure, Sci-Fi"
0,tt0082699,Samurai Reincarnation,"Action, Fantasy, Horror"
1,tt0082763,Modern Problems,"Comedy, Fantasy, Sci-Fi"
2,tt0082817,Nighthawks,"Action, Crime, Thriller"
2,tt0082927,Le Pont du Nord,"Adventure, Crime, Drama"
2,tt0082934,The Postman Always Rings Twice,"Crime, Drama, Romance"
2,tt0082958,The Pursuit of D.B. Cooper,"Adventure, Crime, Drama"
0,tt0082971,Raiders of the Lost Ark,"Action, Adventure"
2,tt0083064,Sharky's Machine,"Action, Crime, Drama"
1,tt0083131,Stripes,"Comedy, War"
1,tt0083189,They All Laughed,"Comedy, Romance"
0,tt0083248,Umrao Jaan,"Drama, Musical, Romance"
2,tt0083352,Dreadnaught,"Action, Comedy, Horror"
2,tt0083511,48 Hrs.,"Action, Comedy, Crime"
2,tt0083517,Abuse,"Biography, Drama"
2,tt0083547,American Taboo,"Drama, Romance"
2,tt0083550,Amityville II: The Possession,Horror
2,tt0083558,Angae maeul,"Drama, Mystery"
1,tt0083578,Arth,"Drama, Romance"
2,tt0083629,The Beast Within,Horror
4,tt0083658,Blade Runner,"Action, Drama, Sci-Fi"
2,tt0083670,Boardinghouse,"Comedy, Horror"
2,tt0083728,Chan Is Missing,"Drama, Mystery"
0,tt0083791,The Dark Crystal,"Adventure, Family, Fantasy"
2,tt0083804,Dear Mr. Wonderful,"Crime, Drama, Comedy"
4,tt0083806,Deathtrap,"Comedy, Crime, Mystery"
4,tt0083851,The Draughtsman's Contract,"Comedy, Drama, Mystery"
3,tt0083866,E.T.,"Adventure, Family, Sci-Fi"
4,tt0083872,Another Way,"Biography, Drama, History"
4,tt0083907,The Evil Dead,Horror
1,tt0083934,Ferocious Female Freedom Fighters,"Action, Comedy"
4,tt0083944,First Blood,"Action, Adventure, Thriller"
0,tt0083987,Gandhi,"Biography, Drama, History"
1,tt0084049,Hanky Panky,"Action, Comedy, Crime"
1,tt0084060,Heidi's Song,"Animation, Adventure, Drama"
2,tt0084090,Horrorplanet,"Horror, Sci-Fi"
2,tt0084116,Identification of a Woman,"Drama, Romance"
1,tt0084117,If You Could See What I Hear,"Biography, Comedy, Drama"
2,tt0084119,Illuminated Texts,Mystery
4,tt0084133,The Incubus,"Horror, Thriller"
2,tt0084153,Irezumi,"Drama, Romance"
2,tt0084357,The Living Dead Girl,Horror
4,tt0084408,Next of Kin,"Horror, Mystery"
0,tt0084422,The Night of the Shooting Stars,"Drama, Fantasy, Romance"
3,tt0084434,An Officer and a Gentleman,"Drama, Romance"
4,tt0084503,Pink Floyd: The Wall,"Drama, Fantasy, Music"
4,tt0084516,Poltergeist,"Horror, Thriller"
3,tt0084602,Rocky III,"Drama, Sport"
2,tt0084671,Legendary Weapons of China,"Action, Comedy, Drama"
2,tt0084714,Split Image,"Drama, Romance"
0,tt0084726,Star Trek II: The Wrath of Khan,"Action, Adventure, Sci-Fi"
2,tt0084732,Still of the Night,"Crime, Drama, Mystery"
1,tt0084737,Summer Lovers,"Comedy, Drama, Romance"
4,tt0084787,The Thing,"Horror, Mystery, Sci-Fi"
2,tt0084796,Time Walker,"Horror, Sci-Fi"
1,tt0084805,Tootsie,"Comedy, Drama, Romance"
0,tt0084827,Tron,"Action, Adventure, Sci-Fi"
2,tt0084829,La truite,"Drama, Romance"
2,tt0084854,Venom,"Horror, Thriller"
4,tt0084899,White Dog,"Drama, Horror"
0,tt0084921,Five Elements Ninjas,"Action, Drama"
3,tt0085127,Project A,"Action, Comedy"
1,tt0085179,Ardiente paciencia,"Drama, Romance"
1,tt0085213,Le Bal,"History, Musical"
1,tt0085279,Bullshot Crummond,"Action, Adventure, Comedy"
2,tt0085303,A Blade in the Dark,"Horror, Mystery, Thriller"
4,tt0085333,Christine,"Horror, Thriller"
3,tt0085334,A Christmas Story,"Comedy, Family"
2,tt0085382,Cujo,"Horror, Thriller"
4,tt0085407,The Dead Zone,"Drama, Horror, Sci-Fi"
4,tt0085599,Glykia symmoria,"Crime, Drama, Thriller"
1,tt0085601,Go for It,"Action, Adventure, Comedy"
1,tt0085656,Heart Like a Wheel,"Biography, Drama, Romance"
1,tt0085672,Hercules,"Adventure, Fantasy, History"
2,tt0085693,House of the Long Shadows,"Comedy, Horror, Mystery"
0,tt0085743,Jaane Bhi Do Yaaro,"Comedy, Crime, Drama"
2,tt0085794,The King of Comedy,"Comedy, Crime, Drama"
4,tt0085951,The Boxer's Omen,Horror
1,tt0085995,National Lampoon's Vacation,"Adventure, Comedy"
2,tt0086006,Never Say Never Again,"Action, Adventure, Thriller"
2,tt0086014,Nightmares,"Horror, Sci-Fi"
2,tt0086019,Nocaut,"Crime, Drama, Thriller"
2,tt0086034,Octopussy,"Action, Adventure, Thriller"
0,tt0086066,The Outsiders,"Crime, Drama"
2,tt0086135,Atlantis Interceptors,"Action, Sci-Fi"
2,tt0086137,The Prey,Horror
4,tt0086154,Psycho II,"Crime, Horror, Mystery"
0,tt0086190,Star Wars: Episode VI - Return of the Jedi,"Action, Adventure, Fantasy"
0,tt0086197,The Right Stuff,"Adventure, Biography, Drama"
1,tt0086200,Risky Business,"Comedy, Crime, Drama"
1,tt0086232,Sahara,"Adventure, Drama"
0,tt0086242,The Makioka Sisters,"Drama, Romance"
4,tt0086250,Scarface,"Crime, Drama"
4,tt0086312,Silkwood,"Biography, Drama, History"
4,tt0086320,Sleepaway Camp,Horror
4,tt0086355,Star 80,"Biography, Drama"
2,tt0086370,The Sting II,"Comedy, Crime"
1,tt0086393,Superman III,"Action, Adventure, Comedy"
1,tt0086405,Table for Five,"Drama, Romance"
0,tt0086429,Testament,"Drama, Sci-Fi"
1,tt0086443,Timerider: The Adventure of Lyle Swann,"Action, Adventure, Sci-Fi"
1,tt0086461,Tough Enough,"Action, Drama, Romance"
1,tt0086476,Trenchcoat,"Comedy, Mystery, Thriller"
4,tt0086497,Utu,"Adventure, Drama, History"
4,tt0086510,Under Fire,"Drama, War"
4,tt0086541,Videodrome,"Horror, Sci-Fi, Thriller"
1,tt0086542,Life Is a Bed of Roses,"Comedy, Drama, Fantasy"
0,tt0086567,WarGames,"Action, Drama, Sci-Fi"
2,tt0086589,Suburbia,"Drama, Thriller"
3,tt0086619,Yentl,"Drama, Musical, Romance"
0,tt0086856,The Adventures of Buckaroo Banzai Across the 8th Dimension,"Adventure, Comedy, Sci-Fi"
0,tt0086879,Amadeus,"Biography, Drama, Music"
1,tt0086960,Beverly Hills Cop,"Action, Comedy, Crime"
4,tt0086979,Blood Simple,"Crime, Drama, Thriller"
1,tt0086980,Blood Suckers from Outer Space,"Comedy, Horror, Sci-Fi"
4,tt0086984,Body Double,"Crime, Drama, Mystery"
0,tt0087034,Carmen,"Drama, Music, Romance"
2,tt0087050,Children of the Corn,"Horror, Thriller"
1,tt0087078,Conan the Destroyer,"Action, Adventure, Fantasy"
0,tt0087089,The Cotton Club,"Crime, Drama, Music"
2,tt0087100,Crimes of Passion,"Drama, Romance, Thriller"
2,tt0087110,Da lunhui,"Drama, Romance"
2,tt0087130,DEFCON-4,"Action, Sci-Fi"
2,tt0087144,La diagonale du fou,"Drama, Sport, Thriller"
0,tt0087182,Dune,"Action, Adventure, Sci-Fi"
2,tt0087263,Firstborn,"Drama, Thriller"
1,tt0087277,Footloose,"Drama, Music, Romance"
3,tt0087332,Ghostbusters,"Action, Comedy, Fantasy"
1,tt0087343,Gojira Fantajî: SF Kôkyô Fantajî,"Fantasy, Music"
1,tt0087363,Gremlins,"Comedy, Fantasy, Horror"
4,tt0087464,Impulse,"Horror, Mystery, Sci-Fi"
0,tt0087469,Indiana Jones and the Temple of Doom,"Action, Adventure"
1,tt0087507,Johnny Dangerously,"Comedy, Crime"
1,tt0087513,Joy of Sex,"Comedy, Romance"
3,tt0087538,The Karate Kid,"Action, Drama, Family"
0,tt0087544,Nausicaä of the Valley of the Wind,"Animation, Adventure, Sci-Fi"
0,tt0087660,Macross: Do You Remember Love?,"Animation, Action, Adventure"
1,tt0087666,Making the Grade,"Comedy, Romance"
1,tt0087747,Moscow on the Hudson,"Comedy, Drama, Romance"
3,tt0087755,The Muppets Take Manhattan,"Adventure, Comedy, Drama"
3,tt0087781,The Natural,"Drama, Sport"
4,tt0087800,A Nightmare on Elm Street,Horror
4,tt0087803,1984,"Drama, Sci-Fi"
1,tt0087810,No Small Affair,"Comedy, Drama, Music"
0,tt0087843,Once Upon a Time in America,"Crime, Drama"
2,tt0087901,Perfect Strangers,"Crime, Drama, Thriller"
2,tt0087918,The Pirate,"Drama, Romance"
2,tt0087932,The Pope of Greenwich Village,"Action, Comedy, Crime"
4,tt0087981,Razorback,"Horror, Thriller"
3,tt0088011,Romancing the Stone,"Action, Adventure, Comedy"
3,tt0088015,Ronia: The Robber's Daughter,"Adventure, Drama, Family"
0,tt0088041,Farewell to the Ark,"Fantasy, Mystery, Romance"
2,tt0088067,Screamplay,"Comedy, Horror, Mystery"
2,tt0088092,As Sete Vampiras,"Comedy, Horror, Mystery"
1,tt0088103,Sheena,"Adventure, Fantasy"
2,tt0088111,The Shooting Party,"Drama, Romance"
1,tt0088128,Sixteen Candles,"Comedy, Romance"
2,tt0088133,Slagskämpen,"Mystery, Action, Thriller"
1,tt0088161,Splash,"Comedy, Fantasy, Romance"
0,tt0088170,Star Trek III: The Search for Spock,"Action, Adventure, Sci-Fi"
3,tt0088206,Supergirl,"Action, Adventure, Fantasy"
1,tt0088224,Tank,"Action, Comedy, Drama"
4,tt0088247,The Terminator,"Action, Sci-Fi"
2,tt0088255,They're Playing with Fire,"Crime, Horror, Thriller"
1,tt0088286,Top Secret!,"Comedy, Crime, Music"
3,tt0088323,The NeverEnding Story,"Adventure, Drama, Family"
1,tt0088326,Unfaithfully Yours,"Comedy, Music, Romance"
2,tt0088359,White Fire,"Action, Drama, Thriller"
2,tt0088393,Wheels of Fire,"Action, Adventure, Sci-Fi"
4,tt0088462,Kill the Referee,Thriller
4,tt0088680,After Hours,"Comedy, Crime, Drama"
4,tt0088714,L'amour braque,"Comedy, Drama, Romance"
1,tt0088760,Baby: Secret of the Lost Legend,"Adventure, Family, Sci-Fi"
3,tt0088763,Back to the Future,"Adventure, Comedy, Sci-Fi"
2,tt0088830,Eternal Evil,Horror
0,tt0088846,Brazil,"Drama, Sci-Fi"
2,tt0088864,Buddies,"Drama, History, Romance"
1,tt0088876,Came a Hot Friday,"Adventure, Comedy"
2,tt0088895,Certain Fury,"Action, Crime, Drama"
2,tt0088896,A Certain Sacrifice,"Crime, Drama, Music"
2,tt0088930,Clue,"Comedy, Crime, Mystery"
1,tt0088933,Cocoon,"Comedy, Drama, Sci-Fi"
4,tt0088934,Code Name: Emerald,"Action, Drama, War"
0,tt0088944,Commando,"Action, Adventure, Thriller"
1,tt0088967,Crimewave,"Comedy, Crime, Horror"
4,tt0088993,Day of the Dead,"Horror, Thriller"
1,tt0089015,Desert Hearts,"Drama, Romance"
1,tt0089072,L'effrontée,"Comedy, Drama, Music"
0,tt0089087,The Emerald Forest,"Action, Adventure, Drama"
2,tt0089091,Endgame - Bronx lotta finale,"Action, Sci-Fi, Thriller"
2,tt0089175,Fright Night,"Fantasy, Horror"
3,tt0089218,The Goonies,"Adventure, Comedy, Family"
1,tt0089265,The Heavenly Kid,"Comedy, Fantasy, Romance"
2,tt0089274,The Hills Have Eyes Part II,"Horror, Thriller"
2,tt0089283,The Holcroft Covenant,"Action, Crime, Mystery"
1,tt0089393,Just One of the Guys,"Comedy, Romance"
3,tt0089457,Ladyhawke,"Adventure, Comedy, Drama"
2,tt0089458,Lamentations a Monument for the Dead World,"History, Mystery"
0,tt0089469,Legend,"Adventure, Fantasy, Romance"
1,tt0089470,The Legend of Billie Jean,"Action, Drama"
0,tt0089530,Mad Max Beyond Thunderdome,"Action, Adventure, Sci-Fi"
1,tt0089569,Maxie,"Comedy, Fantasy"
2,tt0089572,The Mean Season,"Crime, Thriller"
1,tt0089591,Miami Supercops,"Action, Comedy, Crime"
1,tt0089601,Mischief,"Comedy, Romance"
1,tt0089622,Morons from Outer Space,"Comedy, Sci-Fi"
1,tt0089670,National Lampoon's European Vacation,"Adventure, Comedy"
4,tt0089678,New Delhi Times,"Drama, Mystery"
4,tt0089686,A Nightmare on Elm Street 2: Freddy's Revenge,Horror
4,tt0089716,Colonel Redl,"Biography, Drama, History"
3,tt0089755,Out of Africa,"Biography, Drama, Romance"
1,tt0089798,Perfect,"Drama, Romance"
4,tt0089841,Prizzi's Honor,"Comedy, Crime, Drama"
1,tt0089853,The Purple Rose of Cairo,"Comedy, Fantasy, Romance"
0,tt0089880,Rambo: First Blood Part II,"Action, Adventure, Thriller"
0,tt0089881,Ran,"Action, Drama, War"
2,tt0089885,Re-Animator,"Comedy, Horror, Sci-Fi"
1,tt0089893,Red Sonja,"Action, Adventure, Fantasy"
2,tt0089907,The Return of the Living Dead,"Comedy, Horror, Sci-Fi"
3,tt0089927,Rocky IV,"Drama, Sport"
1,tt0089997,Seven Minutes in Heaven,"Comedy, Drama, Romance"
0,tt0090022,Silverado,"Action, Crime, Drama"
1,tt0090110,Sweet Dreams,"Biography, Drama, Music"
3,tt0090244,Urusei Yatsura 3: Remember My Love,"Animation, Comedy, Romance"
0,tt0090264,A View to a Kill,"Action, Adventure, Thriller"
2,tt0090280,Vreme leoparda,"Action, Drama, War"
1,tt0090305,Weird Science,"Comedy, Romance, Sci-Fi"
0,tt0090329,Witness,"Drama, Romance, Thriller"
4,tt0090340,Gao shan xia de hua huan,"Drama, War"
0,tt0090349,Yasha,"Crime, Drama"
0,tt0090368,A Cruel Romance,"Drama, Romance"
1,tt0090555,Crocodile Dundee,"Action, Adventure, Comedy"
0,tt0090605,Aliens,"Action, Adventure, Sci-Fi"
1,tt0090631,American Anthem,"Drama, Sport"
3,tt0090633,An American Tail,"Animation, Adventure, Comedy"
2,tt0090678,Avenging Force,"Action, Drama, Thriller"
1,tt0090713,The Best of Times,"Comedy, Drama, Sport"
3,tt0090728,Big Trouble in Little China,"Action, Adventure, Comedy"
2,tt0090750,Blood Hook,"Comedy, Horror"
4,tt0090756,Blue Velvet,"Crime, Drama, Mystery"
1,tt0090769,The Boy in Blue,"Biography, Drama, Sport"
2,tt0090788,Body Count,"Horror, Mystery"
2,tt0090798,Caravaggio,"Biography, Drama, History"
0,tt0090848,The Clan of the Cave Bear,"Adventure, Drama, Fantasy"
2,tt0090859,Cobra,"Action, Crime, Thriller"
0,tt0090863,The Color of Money,"Drama, Sport"
4,tt0090866,Combat Shock,"Drama, Horror, Thriller"
1,tt0090888,Crossroads,"Drama, Music, Mystery"
2,tt0090903,The Devil's Honey,"Mystery, Thriller"
4,tt0090915,Dead End Drive-In,"Action, Drama, Horror"
2,tt0090930,Demons 2,Horror
4,tt0091064,The Fly,"Drama, Horror, Sci-Fi"
4,tt0091083,From Beyond,"Horror, Sci-Fi"
3,tt0091129,The Golden Child,"Action, Adventure, Comedy"
4,tt0091142,Gothic,"Drama, Fantasy, Horror"
1,tt0091200,Hey Babu Riba,"Drama, Romance"
0,tt0091203,Highlander,"Action, Adventure, Fantasy"
4,tt0091251,Come and See,"Drama, Thriller, War"
1,tt0091278,Iron Eagle,"Action, Thriller, War"
2,tt0091313,Born American,"Action, Drama, Thriller"
3,tt0091326,The Karate Kid Part II,"Action, Family, Sport"
3,tt0091369,Labyrinth,"Adventure, Family, Fantasy"
0,tt0091377,The Old Well,"Drama, Romance"
1,tt0091396,Legal Eagles,"Comedy, Crime, Romance"
0,tt0091419,Little Shop of Horrors,"Comedy, Horror, Musical"
1,tt0091447,Lucky Stars Go Places,"Action, Comedy, Crime"
1,tt0091464,Malcolm,"Comedy, Crime, Sci-Fi"
4,tt0091474,Manhunter,"Crime, Mystery, Thriller"
2,tt0091497,Bad Blood,"Crime, Drama, Romance"
2,tt0091507,Mélo,"Drama, Romance"
0,tt0091530,The Mission,"Adventure, Drama, History"
4,tt0091535,Les mois d'avril sont meurtriers,Crime
2,tt0091603,The Naked Cage,"Action, Crime, Drama"
4,tt0091605,The Name of the Rose,"Drama, Mystery, Thriller"
2,tt0091631,Nightmare Weekend,"Horror, Sci-Fi"
4,tt0091763,Platoon,"Drama, War"
1,tt0091790,Pretty in Pink,"Comedy, Drama, Romance"
1,tt0091814,Quicksilver,"Crime, Drama, Thriller"
4,tt0091829,Rawhead Rex,"Fantasy, Horror, Mystery"
3,tt0091949,Short Circuit,"Comedy, Family, Sci-Fi"
3,tt0092005,Stand by Me,"Adventure, Drama"
3,tt0092007,Star Trek IV: The Voyage Home,"Action, Adventure, Comedy"
3,tt0092067,Castle in the Sky,"Animation, Adventure, Family"
2,tt0092074,TerrorVision,"Comedy, Horror, Sci-Fi"
0,tt0092099,Top Gun,"Action, Drama"
2,tt0092225,Wisdom,"Crime, Drama"
1,tt0092534,Allan Quatermain and the Lost City of Gold,"Action, Adventure, Comedy"
1,tt0092546,Amazon Women on the Moon,"Comedy, Sci-Fi"
4,tt0092563,Angel Heart,"Horror, Mystery, Thriller"
0,tt0092593,"Goodbye, Children","Drama, War"
2,tt0092627,The Bedroom Window,"Crime, Mystery, Thriller"
2,tt0092641,Best Seller,"Action, Crime, Drama"
1,tt0092644,Beverly Hills Cop II,"Action, Comedy, Crime"
1,tt0092666,Blind Date,"Comedy, Romance"
2,tt0092669,Blood Diner,"Comedy, Horror"
1,tt0092675,Bloodsport,"Action, Biography, Drama"
4,tt0092783,Cop,"Crime, Drama, Mystery"
1,tt0092802,Cross My Heart,"Comedy, Romance"
2,tt0092809,The Curse,"Horror, Sci-Fi"
2,tt0092847,Deadly Illusion,"Adventure, Crime, Mystery"
2,tt0092850,Deadtime Stories,"Comedy, Horror"
3,tt0092890,Dirty Dancing,"Drama, Music, Romance"
2,tt0092892,Dirty Laundry,"Comedy, Thriller"
1,tt0092925,Dragnet,"Comedy, Crime"
0,tt0092965,Empire of the Sun,"Drama, War"
4,tt0092991,Evil Dead II,"Comedy, Horror"
4,tt0093010,Fatal Attraction,"Drama, Thriller"
2,tt0093050,Friendship's Death,"Drama, Sci-Fi"
4,tt0093058,Full Metal Jacket,"Drama, War"
2,tt0093101,Twilight of the Cockroaches,"Animation, Drama, Horror"
3,tt0093105,"Good Morning, Vietnam","Biography, Comedy, Drama"
2,tt0093139,Hamlet Goes Business,"Comedy, Drama, Romance"
2,tt0093143,The Hanoi Hilton,"Drama, War"
2,tt0093176,Hello Mary Lou: Prom Night II,"Horror, Thriller"
4,tt0093177,Hellraiser,"Horror, Thriller"
0,tt0093191,Wings of Desire,"Drama, Fantasy, Romance"
0,tt0093207,Wings of Honneamise,"Animation, Drama, Sci-Fi"
4,tt0093223,House of Games,"Crime, Thriller"
1,tt0093253,In the Mood,"Comedy, Romance"
2,tt0093286,It's Alive III: Island of the Alive,"Horror, Sci-Fi"
2,tt0093349,King Lear,"Comedy, Drama, Sci-Fi"
3,tt0093378,La Bamba,"Biography, Drama, Music"
0,tt0093389,The Last Emperor,"Biography, Drama, History"
0,tt0093409,Lethal Weapon,"Action, Crime, Thriller"
1,tt0093422,Mr. Vampire Part 3,"Action, Comedy, Horror"
0,tt0093428,The Living Daylights,"Action, Adventure, Thriller"
4,tt0093435,City on Fire,"Action, Adventure, Crime"
2,tt0093437,The Lost Boys,"Comedy, Horror"
2,tt0093456,Lust for Freedom,"Drama, Thriller, Crime"
1,tt0093467,Made in Heaven,"Comedy, Fantasy, Romance"
2,tt0093489,Man on Fire,"Action, Drama, Thriller"
2,tt0093505,Masks,"Crime, Drama, Mystery"
3,tt0093565,Moonstruck,"Comedy, Drama, Romance"
3,tt0093578,Mr. India,"Action, Comedy, Drama"
1,tt0093582,Munchies,"Comedy, Fantasy, Horror"
2,tt0093621,The Night Stalker,"Crime, Drama, Horror"
4,tt0093629,A Nightmare on Elm Street 3: Dream Warriors,"Fantasy, Horror"
4,tt0093640,No Way Out,"Action, Crime, Drama"
1,tt0093693,Overboard,"Comedy, Romance"
2,tt0093771,A Prayer for the Dying,"Action, Crime, Drama"
4,tt0093773,Predator,"Action, Adventure, Horror"
2,tt0093776,Prick Up Your Ears,"Biography, Drama"
3,tt0093779,The Princess Bride,"Adventure, Family, Fantasy"
1,tt0093793,Project X,"Comedy, Drama, Sci-Fi"
1,tt0093822,Raising Arizona,"Comedy, Crime"
1,tt0093828,Real Men,"Action, Comedy, Sci-Fi"
0,tt0093870,RoboCop,"Action, Crime, Sci-Fi"
0,tt0093894,The Running Man,"Action, Sci-Fi, Thriller"
2,tt0093913,Sammy and Rosie Get Laid,"Comedy, Drama, Romance"
2,tt0093995,Slugs,Horror
2,tt0094008,Someone to Watch Over Me,"Crime, Drama, Romance"
3,tt0094012,Spaceballs,"Adventure, Comedy, Sci-Fi"
2,tt0094033,Steel Dawn,"Action, Adventure, Sci-Fi"
1,tt0094074,Superman IV: The Quest for Peace,"Action, Adventure, Sci-Fi"
2,tt0094205,Ubu et la grande Gidouille,"Animation, Crime, Drama"
1,tt0094208,A Man in Love,"Drama, Romance"
4,tt0094210,Un zoo la nuit,"Crime, Drama, Thriller"
0,tt0094226,The Untouchables,"Crime, Drama, Thriller"
0,tt0094291,Wall Street,"Crime, Drama"
4,tt0094320,White of the Eye,"Horror, Thriller"
2,tt0094332,The Witches of Eastwick,"Comedy, Fantasy, Horror"
1,tt0094383,Zombie High,"Comedy, Horror"
1,tt0094387,Final Victory,"Crime, Drama, Romance"
2,tt0094597,976-EVIL,"Comedy, Horror"
1,tt0094606,The Accidental Tourist,"Drama, Romance"
0,tt0094625,Akira,"Animation, Action, Drama"
4,tt0094642,American Gothic,Horror
2,tt0094669,Appointment with Death,"Crime, Drama, Mystery"
2,tt0094709,The Gang of Four,"Drama, Mystery"
1,tt0094711,Baptême,"Biography, Drama, Romance"
2,tt0094712,Bat*21,"Drama, War"
0,tt0094721,Beetlejuice,"Comedy, Fantasy"
4,tt0094731,Betrayed,"Crime, Drama, Thriller"
3,tt0094737,Big,"Comedy, Drama, Fantasy"
2,tt0094761,The Blob,"Horror, Sci-Fi, Thriller"
2,tt0094862,Child's Play,"Horror, Thriller"
1,tt0094889,Cocktail,"Comedy, Drama, Romance"
1,tt0094890,Cocoon: The Return,"Adventure, Comedy, Mystery"
3,tt0094898,Coming to America,"Comedy, Romance"
1,tt0094921,Crossing Delancey,"Comedy, Romance"
4,tt0094933,D.O.A.,"Mystery, Thriller"
4,tt0094947,Dangerous Liaisons,"Drama, Romance"
0,tt0095016,Die Hard,"Action, Thriller"
2,tt0095031,Dirty Rotten Scoundrels,"Comedy, Crime"
2,tt0095159,A Fish Called Wanda,"Comedy, Crime"
4,tt0095217,Ghosts... of the Civil Dead,"Crime, Drama"
1,tt0095288,Heartbreak Hotel,"Comedy, Musical, Romance"
0,tt0095327,Grave of the Fireflies,"Animation, Drama, War"
2,tt0095337,In the Line of Duty III,Action
1,tt0095348,I'm Gonna Git You Sucka,"Action, Comedy, Crime"
1,tt0095386,Itinerary of a Spoiled Child,"Drama, Adventure, Comedy"
4,tt0095389,Jack's Back,"Crime, Horror, Mystery"
2,tt0095394,Jericho,"Adventure, Drama"
1,tt0095409,Johnny Be Good,"Comedy, Sport"
2,tt0095483,Lady Terminator,"Action, Drama, Fantasy"
2,tt0095484,Lady in White,"Fantasy, Horror, Mystery"
3,tt0095489,The Land Before Time,"Animation, Adventure, Drama"
0,tt0095530,Little Dorrit,"Drama, Romance"
1,tt0095593,Married to the Mob,"Comedy, Crime, Romance"
0,tt0095631,Midnight Run,"Action, Comedy, Crime"
4,tt0095647,Mississippi Burning,"Crime, Drama, Mystery"
2,tt0095649,The Moderns,"Comedy, Drama, Romance"
1,tt0095687,My Stepmother Is an Alien,"Comedy, Sci-Fi"
1,tt0095705,The Naked Gun: From the Files of Police Squad!,"Comedy, Crime"
0,tt0095709,The Navigator: A Medieval Odyssey,"Action, Adventure, Drama"
3,tt0095765,Cinema Paradiso,"Drama, Romance"
2,tt0095774,Off Limits,"Action, Drama, Thriller"
2,tt0095863,Phantasm II,"Action, Fantasy, Horror"
1,tt0095869,The Little Devil,"Comedy, Fantasy, Romance"
0,tt0095956,Rambo III,"Action, Adventure, Thriller"
2,tt0095963,Red Heat,"Action, Comedy, Crime"
3,tt0096061,Scrooged,"Comedy, Drama, Fantasy"
1,tt0096142,Sorority Babes in the Slimeball Bowl-O-Rama,"Comedy, Horror"
1,tt0096161,Split Decisions,"Action, Drama, Sport"
4,tt0096219,Talk Radio,"Drama, Thriller"
4,tt0096251,Tetsuo: The Iron Man,"Horror, Sci-Fi"
0,tt0096256,They Live,"Action, Horror, Sci-Fi"
3,tt0096283,My Neighbor Totoro,"Animation, Comedy, Family"
1,tt0096320,Twins,"Comedy, Crime"
0,tt0096332,The Unbearable Lightness of Being,"Drama, Romance"
2,tt0096420,Warm Nights on a Slow Moving Train,"Comedy, Drama, Thriller"
0,tt0096438,Who Framed Roger Rabbit,"Animation, Adventure, Comedy"
3,tt0096446,Willow,"Action, Adventure, Drama"
2,tt0096453,Witchery,Horror
1,tt0096454,Without a Clue,"Comedy, Crime, Mystery"
4,tt0096472,School on Fire,"Action, Crime, Drama"
1,tt0096477,Yateem,"Action, Drama"
0,tt0096487,Young Guns,"Action, Western"
2,tt0096734,The 'Burbs,"Comedy, Mystery, Thriller"
0,tt0096754,The Abyss,"Adventure, Drama, Mystery"
1,tt0096794,Always,"Drama, Fantasy, Romance"
1,tt0096842,Asterix and the Big Fight,"Animation, Adventure, Comedy"
0,tt0096863,My Twentieth Century,"Comedy, Drama, Sci-Fi"
0,tt0096874,Back to the Future Part II,"Adventure, Comedy, Sci-Fi"
2,tt0096885,Wild Search,"Action, Drama, Romance"
4,tt0096895,Batman,"Action, Adventure"
1,tt0096913,Best of the Best,"Action, Drama, Sport"
1,tt0096928,Bill & Ted's Excellent Adventure,"Adventure, Comedy, Music"
4,tt0096933,Black Rain,"Action, Crime, Drama"
1,tt0096943,Blaze,"Biography, Comedy, Drama"
1,tt0096945,Blind Fury,"Action, Comedy, Crime"
0,tt0096969,Born on the Fourth of July,"Biography, Drama, War"
1,tt0096976,Breaking In,"Adventure, Comedy"
2,tt0097037,The Chair,Horror
1,tt0097062,"Chyornaya roza - emblema pechali, krasnaya roza - emblema lyubvi","Comedy, Romance"
2,tt0097076,Cold Feet,"Comedy, Crime"
2,tt0097230,Dracula's Widow,"Horror, Thriller"
1,tt0097239,Driving Miss Daisy,"Comedy, Drama, Romance"
2,tt0097328,Family Business,"Crime, Drama"
2,tt0097334,Farewell to the King,"Action, Adventure, Drama"
3,tt0097351,Field of Dreams,"Drama, Family, Fantasy"
3,tt0097428,Ghostbusters II,"Action, Comedy, Fantasy"
2,tt0097438,Gleaming the Cube,"Action, Drama, Mystery"
0,tt0097441,Glory,"Biography, Drama, History"
2,tt0097493,Heathers,"Comedy, Crime"
3,tt0097523,"Honey, I Shrunk the Kids","Adventure, Comedy, Family"
0,tt0097576,Indiana Jones and the Last Crusade,"Action, Adventure"
2,tt0097579,An Innocent Man,"Action, Crime, Drama"
1,tt0097647,The Karate Kid Part III,"Action, Drama, Family"
0,tt0097733,Lethal Weapon 2,"Action, Crime, Thriller"
4,tt0097742,Licence to Kill,"Action, Adventure, Thriller"
3,tt0097757,The Little Mermaid,"Animation, Adventure, Comedy"
3,tt0097814,Kiki's Delivery Service,"Animation, Family, Fantasy"
1,tt0097815,Major League,"Comedy, Sport"
0,tt0097937,My Left Foot,"Biography, Drama"
1,tt0097987,No Holds Barred,"Action, Sport"
4,tt0098084,Pet Sematary,"Fantasy, Horror, Thriller"
1,tt0098105,Police Academy 6: City Under Siege,"Comedy, Crime"
1,tt0098155,Pedicab Driver,"Action, Comedy, Drama"
2,tt0098184,Relentless,"Crime, Thriller"
2,tt0098197,Reunion,"Drama, History"
2,tt0098206,Road House,"Action, Thriller"
1,tt0098209,Roadkill,"Adventure, Comedy, Drama"
0,tt0098240,Freedom Is Paradise,"Adventure, Drama"
1,tt0098258,Say Anything,"Comedy, Drama, Romance"
1,tt0098282,"See No Evil, Hear No Evil","Comedy, Crime"
0,tt0098321,Terminator II,"Action, Adventure, Fantasy"
1,tt0098343,Skin Deep,"Comedy, Drama, Romance"
1,tt0098412,Sundown: The Vampire in Retreat,"Comedy, Horror, Western"
2,tt0098439,Tango & Cash,"Action, Comedy, Crime"
2,tt0098454,Ten Little Indians,"Crime, Mystery, Thriller"
1,tt0098471,Three Fugitives,"Action, Comedy"
2,tt0098521,Tropical Snow,"Crime, Drama"
2,tt0098531,Treasure of the Bitch Islands,"Mystery, Sci-Fi"
1,tt0098536,Turner & Hooch,"Comedy, Crime, Drama"
1,tt0098635,When Harry Met Sally...,"Comedy, Drama, Romance"
1,tt0098645,Who's Harry Crumb?,"Comedy, Mystery"
2,tt0098662,Witchtrap,"Action, Horror, Thriller"
1,tt0098663,The Wizard,"Adventure, Comedy, Drama"
1,tt0098678,Worth Winning,"Comedy, Romance"
0,tt0098692,Wicked City,"Animation, Action, Fantasy"
0,tt0098999,Agneepath,"Action, Crime, Drama"
1,tt0099014,All the Vermeers in New York,"Comedy, Drama, Romance"
2,tt0099052,Arachnophobia,"Comedy, Horror, Thriller"
0,tt0099077,Awakenings,"Biography, Drama"
3,tt0099088,Back to the Future Part III,"Adventure, Comedy, Sci-Fi"
1,tt0099128,Betsy's Wedding,"Comedy, Romance"
0,tt0099348,Dances with Wolves,"Adventure, Drama, Western"
2,tt0099352,Snake's Fang,"Action, Drama, Thriller"
2,tt0099364,The Dark Side of the Moon,"Action, Horror, Mystery"
4,tt0099365,Darkman,"Action, Sci-Fi, Thriller"
1,tt0099371,Days of Thunder,"Action, Drama, Sport"
2,tt0099385,Death Warrant,"Action, Crime, Mystery"
0,tt0099422,Dick Tracy,"Action, Comedy, Crime"
0,tt0099423,Die Hard 2,"Action, Thriller"
2,tt0099474,Dune Warriors,"Action, Adventure, Sci-Fi"
3,tt0099487,Edward Scissorhands,"Drama, Fantasy, Romance"
2,tt0099496,Elves,Horror
1,tt0099558,Operation Condor,"Action, Adventure, Comedy"
4,tt0099582,Flatliners,"Drama, Horror, Sci-Fi"
2,tt0099587,Flight of the Intruder,"Action, Drama, Thriller"
2,tt0099611,Frankenhooker,"Comedy, Horror, Sci-Fi"
1,tt0099623,Funny About Love,"Comedy, Romance"
4,tt0099637,A Cat in the Brain,"Comedy, Fantasy, Horror"
0,tt0099652,Ghayal,"Action, Crime, Drama"
0,tt0099653,Ghost,"Drama, Fantasy, Romance"
4,tt0099674,The Godfather Part III,"Crime, Drama"
4,tt0099685,Goodfellas,"Biography, Crime, Drama"
1,tt0099700,Gremlins 2: The New Batch,"Comedy, Fantasy, Horror"
0,tt0099731,The Handmaid's Tale,"Drama, Romance, Sci-Fi"
3,tt0099733,Happily Ever After,"Animation, Family, Fantasy"
2,tt0099743,The Haunting of Morella,"Horror, Romance, Thriller"
3,tt0099785,Home Alone,"Comedy, Family"
0,tt0099810,The Hunt for Red October,"Action, Adventure, Thriller"
2,tt0099818,I Hired a Contract Killer,"Comedy, Crime, Drama"
4,tt0099871,Jacob's Ladder,"Drama, Horror, Mystery"
1,tt0099938,Kindergarten Cop,"Action, Comedy, Crime"
2,tt0099991,The Last of the Finest,"Action, Crime, Drama"
1,tt0100029,Lionheart,"Action, Crime, Drama"
4,tt0100054,Lord of the Flies,"Adventure, Drama, Thriller"
2,tt0100079,Luther the Geek,"Comedy, Horror"
4,tt0100107,Maniac Cop 2,"Action, Crime, Horror"
1,tt0100129,Meet the Applegates,"Comedy, Fantasy, Horror"
1,tt0100142,Metropolitan,"Comedy, Drama, Romance"
4,tt0100150,Miller's Crossing,"Crime, Drama, Thriller"
4,tt0100152,Mindwarp,"Horror, Sci-Fi, Thriller"
4,tt0100157,Misery,"Drama, Thriller"
0,tt0100196,Mountains of the Moon,"Adventure, Drama, History"
4,tt0100223,Diary for My Father and Mother,"Biography, Drama"
1,tt0100240,The NeverEnding Story II: The Next Chapter,"Adventure, Drama, Family"
4,tt0100263,Nikita,"Action, Crime, Drama"
4,tt0100269,"'Non', ou A Vã Glória de Mandar","Drama, History, War"
4,tt0100403,Predator 2,"Action, Horror, Sci-Fi"
3,tt0100405,Pretty Woman,"Comedy, Romance"
4,tt0100502,RoboCop 2,"Action, Crime, Sci-Fi"
2,tt0100503,Robot Ninja,"Action, Drama, Fantasy"
1,tt0100507,Rocky V,"Drama, Sport"
2,tt0100596,Sher Mountain Killings Mystery,"Mystery, Thriller"
0,tt0100625,A Chinese Ghost Story II,"Action, Comedy, Fantasy"
1,tt0100631,Ski Patrol,"Action, Comedy, Sport"
4,tt0100685,State of Grace,"Action, Crime, Drama"
1,tt0100691,Stella,"Drama, Romance"
2,tt0100707,Streets,"Action, Drama, Thriller"
3,tt0100758,Teenage Mutant Ninja Turtles,"Action, Adventure, Comedy"
2,tt0100784,The Law,"Drama, Romance"
0,tt0100802,Total Recall,"Action, Adventure, Sci-Fi"
2,tt0100814,Tremors,"Comedy, Horror"
2,tt0100826,Twisted Justice,"Action, Crime, Drama"
0,tt0100873,Vincent & Theo,"Biography, Drama"
2,tt0100935,Wild at Heart,"Comedy, Crime, Drama"
2,tt0100991,Yôkai hantâ: Hiruko,"Comedy, Fantasy, Horror"
2,tt0101026,Tie Me Up! Tie Me Down!,"Comedy, Crime, Drama"
0,tt0101258,Days of Being Wild,"Crime, Drama, Romance"
3,tt0101272,The Addams Family,"Comedy, Fantasy"
1,tt0101316,The Lover,"Biography, Drama, Romance"
3,tt0101329,An American Tail: Fievel Goes West,"Animation, Adventure, Family"
1,tt0101343,And You Thought Your Parents Were Weird,"Comedy, Family, Fantasy"
0,tt0101393,Backdraft,"Action, Drama, Mystery"
4,tt0101410,Barton Fink,"Comedy, Drama, Thriller"
3,tt0101414,Beauty and the Beast,"Animation, Family, Fantasy"
3,tt0101452,Bill & Ted's Bogus Journey,"Adventure, Comedy, Fantasy"
2,tt0101453,Billy Bathgate,"Crime, Drama, Thriller"
0,tt0101507,Boyz n the Hood,"Crime, Drama"
1,tt0101523,The Butcher's Wife,"Comedy, Fantasy, Romance"
0,tt0101526,Börn náttúrunnar,"Drama, Romance"
0,tt0101529,Cabeza de Vaca,"Adventure, Biography, Drama"
4,tt0101540,Cape Fear,"Crime, Thriller"
2,tt0101694,Deceived,"Crime, Drama, Mystery"
1,tt0101698,Defending Your Life,"Comedy, Drama, Fantasy"
0,tt0101700,Delicatessen,"Comedy, Crime"
0,tt0101761,The Doors,"Biography, Drama, Music"
0,tt0101765,The Double Life of Véronique,"Drama, Fantasy, Music"
2,tt0101846,F/X2,"Action, Thriller"
1,tt0101862,Father of the Bride,"Comedy, Family, Romance"
2,tt0101866,Femme Fatale,"Drama, Mystery"
3,tt0101889,The Fisher King,"Comedy, Drama, Fantasy"
1,tt0101912,Frankie and Johnny,"Comedy, Drama, Romance"
1,tt0102004,The Hard Way,"Action, Comedy, Crime"
1,tt0102011,"He Said, She Said","Comedy, Drama, Romance"
3,tt0102057,Hook,"Adventure, Comedy, Family"
1,tt0102059,Hot Shots!,"Action, Comedy"
1,tt0102095,If Looks Could Kill,"Action, Comedy"
4,tt0102138,JFK,"Drama, History, Thriller"
1,tt0102164,Johnny Stecchino,"Comedy, Crime, Romance"
0,tt0102178,K2,"Adventure, Drama, Sport"
0,tt0102266,The Last Boy Scout,"Action, Comedy, Crime"
2,tt0102286,Tiger Cage III,Action
4,tt0102293,Story of Ricky,"Action, Comedy, Crime"
2,tt0102307,Light Sleeper,"Crime, Drama"
1,tt0102395,Mannequin: On the Move,"Comedy, Fantasy, Romance"
2,tt0102439,The Suspended Step of the Stork,"Drama, Romance"
1,tt0102488,My Sons,"Drama, Romance"
3,tt0102492,My Girl,"Comedy, Drama, Family"
1,tt0102510,The Naked Gun 2½: The Smell of Fear,"Comedy, Crime"
4,tt0102526,New Jack City,"Action, Crime, Drama"
1,tt0102590,Once Around,"Comedy, Drama, Romance"
2,tt0102614,Out for Justice,"Action, Crime, Drama"
0,tt0102685,Point Break,"Action, Crime, Thriller"
2,tt0102709,Primal Rage,"Horror, Sci-Fi, Thriller"
0,tt0102722,Prospero's Books,"Drama, Fantasy"
1,tt0102729,Pure Luck,"Comedy, Crime, Mystery"
3,tt0102768,Regarding Henry,"Drama, Romance"
0,tt0102798,Robin Hood: Prince of Thieves,"Action, Adventure, Drama"
2,tt0102812,Roujin Z,"Animation, Comedy, Drama"
1,tt0102915,Showdown in Little Tokyo,"Action, Comedy, Crime"
4,tt0102926,The Silence of the Lambs,"Crime, Drama, Thriller"
2,tt0102945,Sleeping with the Enemy,"Drama, Thriller"
0,tt0102975,Star Trek VI: The Undiscovered Country,"Action, Adventure, Sci-Fi"
2,tt0102989,Straight Out of Brooklyn,"Crime, Drama"
1,tt0102996,Strictly Business,"Comedy, Romance"
4,tt0103044,Prison on Fire II,"Action, Crime, Drama"
0,tt0103064,Terminator 2: Judgment Day,"Action, Sci-Fi"
0,tt0103074,Thelma & Louise,"Adventure, Crime, Drama"
2,tt0103083,Po jian ji xian feng,Crime
0,tt0103110,Tous les matins du monde,"Biography, Drama, History"
1,tt0103176,Close to Eden,"Adventure, Drama, Romance"
1,tt0103223,To Want to Fly,"Animation, Comedy, Fantasy"
1,tt0103617,Aces: Iron Eagle III,Action
3,tt0103639,Aladdin,"Animation, Adventure, Comedy"
4,tt0103644,Alien³,"Action, Horror, Sci-Fi"
4,tt0103743,The Eight Immortals Restaurant: The Untold Story,"Comedy, Crime, Drama"
2,tt0103752,Back in the U.S.S.R.,"Crime, Drama, Thriller"
4,tt0103759,Bad Lieutenant,"Crime, Drama, Thriller"
4,tt0103772,Basic Instinct,"Drama, Mystery, Thriller"
0,tt0103776,Batman Returns,"Action, Crime, Fantasy"
1,tt0103786,Beethoven,"Comedy, Drama, Family"
1,tt0103855,The Bodyguard,"Action, Drama, Music"
2,tt0103873,Braindead,"Comedy, Fantasy, Horror"
0,tt0103874,Dracula,"Drama, Fantasy, Horror"
4,tt0103919,Candyman,"Horror, Thriller"
1,tt0103924,Captain Ron,"Adventure, Comedy"
4,tt0103935,Rebels of the Neon God,"Crime, Drama, Romance"
1,tt0104008,A Tale of Winter,"Drama, Romance"
4,tt0104029,Cronos,"Drama, Fantasy, Horror"
0,tt0104070,Death Becomes Her,"Comedy, Fantasy, Horror"
0,tt0104181,Wuthering Heights,"Drama, History, Romance"
3,tt0104231,Far and Away,"Adventure, Drama, Romance"
2,tt0104257,A Few Good Men,"Drama, Thriller"
2,tt0104278,Flaming Ears,"Fantasy, Sci-Fi"
4,tt0104299,Freejack,"Action, Crime, Sci-Fi"
4,tt0104348,Glengarry Glen Ross,"Crime, Drama, Mystery"
2,tt0104377,Guncrazy,"Crime, Drama, Romance"
2,tt0104391,Hard Hunted,"Action, Adventure, Crime"
0,tt0104418,Highway to Hell,"Adventure, Comedy, Fantasy"
3,tt0104431,Home Alone 2: Lost in New York,"Adventure, Comedy, Crime"
1,tt0104438,Honeymoon in Vegas,"Comedy, Romance, Thriller"
2,tt0104466,Husbands and Wives,"Comedy, Drama, Romance"
1,tt0104473,IP5: The Island of Pachyderms,"Adventure, Crime, Drama"
2,tt0104545,"Jamón, Jamón","Comedy, Drama, Romance"
3,tt0104553,"All's Well, Ends Well","Comedy, Romance"
4,tt0104573,Juice,"Action, Crime, Drama"
2,tt0104617,Oxygen Starvation,"Drama, War"
3,tt0104652,Porco Rosso,"Animation, Adventure, Comedy"
2,tt0104672,Al-lail,"Drama, History, War"
0,tt0104691,The Last of the Mohicans,"Action, Adventure, Drama"
3,tt0104694,A League of Their Own,"Comedy, Drama, Sport"
2,tt0104714,Lethal Weapon 3,"Action, Crime, Thriller"
4,tt0104745,The Living End,"Comedy, Crime, Drama"
0,tt0104756,Lorenzo's Oil,"Biography, Drama"
2,tt0104779,Bitter Moon,"Drama, Romance, Thriller"
0,tt0104797,Malcolm X,"Biography, Drama, History"
0,tt0104815,El Mariachi,"Action, Crime, Thriller"
3,tt0104868,The Mighty Ducks,"Comedy, Drama, Family"
3,tt0104940,The Muppet Christmas Carol,"Comedy, Drama, Family"
1,tt0104952,My Cousin Vinny,"Comedy, Crime"
2,tt0105032,Savage Nights,"Biography, Crime, Drama"
2,tt0105108,Past Midnight,"Drama, Mystery, Romance"
2,tt0105112,Patriot Games,"Action, Thriller"
2,tt0105128,Pet Sematary II,"Fantasy, Horror, Thriller"
4,tt0105151,The Player,"Comedy, Crime, Drama"
4,tt0105236,Reservoir Dogs,"Crime, Thriller"
2,tt0105328,Schtonk,"Comedy, Crime"
3,tt0105417,Sister Act,"Comedy, Family, Music"
2,tt0105459,Split Second,"Action, Crime, Horror"
1,tt0105466,Stay Tuned,"Adventure, Comedy, Fantasy"
2,tt0105476,The Stone,"Drama, Fantasy"
1,tt0105500,Suryavanshi,"Action, Fantasy, Horror"
2,tt0105526,The Taking of Beverly Hills,"Action, Thriller"
4,tt0105665,Twin Peaks: Fire Walk with Me,"Drama, Horror, Mystery"
0,tt0105690,Under Siege,"Action, Thriller"
2,tt0105698,Universal Soldier,"Action, Sci-Fi"
2,tt0105750,The Bohemian Life,"Comedy, Drama, Romance"
2,tt0105810,Where the Day Takes You,"Crime, Drama, Thriller"
1,tt0105812,White Men Can't Jump,"Comedy, Sport"
3,tt0106220,Addams Family Values,"Comedy, Fantasy"
0,tt0106226,The Age of Innocence,"Drama, Romance"
4,tt0106279,Angel of Fury,"Action, Crime, Drama"
1,tt0106292,Another Stakeout,"Comedy, Crime"
2,tt0106305,The Red Squirrel,"Comedy, Drama, Music"
0,tt0106308,Army of Darkness,"Comedy, Horror"
0,tt0106342,The Bride with White Hair,"Action, Fantasy, Romance"
0,tt0106343,The Bride with White Hair II,"Action, Fantasy, Romance"
4,tt0106373,Bedevil,Horror
0,tt0106489,A Bronx Tale,"Crime, Drama"
4,tt0106519,Carlito's Way,"Crime, Drama, Thriller"
2,tt0106557,Children of the Corn II: The Final Sacrifice,"Horror, Thriller"
0,tt0106582,Cliffhanger,"Action, Adventure, Thriller"
1,tt0106598,Coneheads,"Comedy, Sci-Fi"
3,tt0106611,Cool Runnings,"Adventure, Comedy, Family"
0,tt0106655,Damini,"Crime, Drama"
0,tt0106697,Demolition Man,"Action, Sci-Fi, Thriller"
1,tt0106701,Dennis the Menace,"Comedy, Family"
2,tt0106742,Dollar Mambo,"Drama, Music, Romance"
2,tt0106753,Doppelganger,"Horror, Romance, Thriller"
1,tt0106792,Ed and His Dead Mother,"Comedy, Horror"
2,tt0106833,Ethan Frome,"Drama, Romance"
4,tt0106856,Falling Down,"Action, Crime, Drama"
0,tt0106881,Fearless,"Drama, Thriller"
2,tt0106912,Fire in the Sky,"Biography, Drama, Fantasy"
2,tt0106913,Fire on the Amazon,"Action, Adventure, Drama"
4,tt0106918,The Firm,"Drama, Mystery, Thriller"
3,tt0106965,Free Willy,"Adventure, Drama, Family"
4,tt0106977,The Fugitive,"Action, Crime, Drama"
0,tt0106989,"Gatica, el mono","Biography, Drama, Sport"
2,tt0107009,Ghost in the Machine,"Horror, Sci-Fi, Thriller"
3,tt0107048,Groundhog Day,"Comedy, Drama, Fantasy"
2,tt0107060,Gumrah,"Action, Crime, Drama"
3,tt0107120,Hocus Pocus,"Comedy, Family, Fantasy"
1,tt0107130,A Home of Our Own,"Biography, Drama"
1,tt0107144,Hot Shots! Part Deux,"Action, Comedy"
2,tt0107175,"Oh, Woe Is Me","Comedy, Drama, Fantasy"
2,tt0107179,A Man in Uniform,"Drama, Thriller"
4,tt0107206,In the Line of Fire,"Action, Crime, Drama"
0,tt0107207,In the Name of the Father,"Biography, Crime, Drama"
0,tt0107209,"Faraway, So Close!","Drama, Fantasy, Romance"
2,tt0107211,Indecent Proposal,"Drama, Romance"
2,tt0107254,Jason Goes to Hell: The Final Friday,"Fantasy, Horror, Thriller"
0,tt0107290,Jurassic Park,"Action, Adventure, Sci-Fi"
1,tt0107311,Khalnayak,"Action, Adventure, Crime"
1,tt0107362,Last Action Hero,"Action, Adventure, Comedy"
1,tt0107438,Look Who's Talking Now,"Comedy, Family, Romance"
4,tt0107665,Needful Things,"Crime, Drama, Fantasy"
3,tt0107688,The Nightmare Before Christmas,"Animation, Family, Fantasy"
1,tt0107745,Once Upon a Forest,"Animation, Adventure, Drama"
0,tt0107756,Orlando,"Biography, Drama, Fantasy"
4,tt0107798,The Pelican Brief,"Crime, Drama, Mystery"
0,tt0107808,A Perfect World,"Crime, Drama, Thriller"
0,tt0107822,The Piano,"Drama, Music, Romance"
0,tt0107943,The Remains of the Day,"Drama, Romance"
1,tt0107977,Robin Hood: Men in Tights,"Adventure, Comedy, Musical"
3,tt0108002,Rudy,"Biography, Drama, Sport"
3,tt0108037,The Sandlot,"Comedy, Drama, Family"
0,tt0108052,Schindler's List,"Biography, Drama, History"
3,tt0108071,The Secret Garden,"Drama, Family, Fantasy"
1,tt0108077,Il segreto del bosco vecchio,"Family, Fantasy"
2,tt0108100,Shadowhunter,"Action, Drama, Horror"
3,tt0108147,Sister Act 2: Back in the Habit,"Comedy, Family, Music"
3,tt0108160,Sleepless in Seattle,"Comedy, Drama, Romance"
1,tt0108174,So I Married an Axe Murderer,"Comedy, Romance"
1,tt0108186,Son in Law,"Comedy, Drama, Romance"
1,tt0108187,Son of the Pink Panther,"Comedy, Crime"
0,tt0108221,Stella polaris,"Drama, History"
4,tt0108238,Striking Distance,"Action, Crime, Mystery"
3,tt0108255,Super Mario Bros.,"Adventure, Comedy, Family"
2,tt0108260,Suture,"Drama, Thriller"
2,tt0108277,TC 2000,"Action, Sci-Fi"
1,tt0108289,Flirting Scholar,"Comedy, Romance"
1,tt0108290,Tango,"Comedy, Crime"
1,tt0108333,The Three Musketeers,"Action, Adventure, Comedy"
1,tt0108341,Time Indefinite,Biography
0,tt0108358,Tombstone,"Biography, Drama, History"
0,tt0108394,Three Colors: Blue,"Drama, Music, Mystery"
4,tt0108399,True Romance,"Crime, Drama, Romance"
2,tt0108583,Wittgenstein,"Biography, Comedy, Drama"
0,tt0109028,Cold Fever,"Comedy, Drama, Mystery"
0,tt0109035,Above the Rim,"Crime, Drama, Sport"
1,tt0109190,Baby's Day Out,"Adventure, Comedy, Crime"
2,tt0109198,Bad Girls,"Action, Adventure, Romance"
1,tt0109254,Beverly Hills Cop III,"Action, Comedy, Crime"
1,tt0109279,Black Beauty,"Adventure, Drama, Family"
1,tt0109361,Cabin Boy,"Adventure, Comedy, Romance"
0,tt0109424,Chungking Express,"Comedy, Crime, Drama"
4,tt0109444,Clear and Present Danger,"Action, Crime, Drama"
2,tt0109446,The Client,"Crime, Drama, Mystery"
3,tt0109484,"Corrina, Corrina","Comedy, Drama, Romance"
2,tt0109498,The Crew,"Drama, Thriller"
4,tt0109506,The Crow,"Action, Crime, Drama"
2,tt0109635,Disclosure,"Drama, Thriller"
4,tt0109642,Dolores Claiborne,"Crime, Drama, Mystery"
3,tt0109707,Ed Wood,"Biography, Comedy, Drama"
1,tt0109739,Ernest Goes to School,"Comedy, Family, Sport"
3,tt0109813,The Flintstones,"Comedy, Family, Fantasy"
3,tt0109830,Forrest Gump,"Drama, Romance"
1,tt0109831,Four Weddings and a Funeral,"Comedy, Drama, Romance"
4,tt0110005,Heavenly Creatures,"Biography, Crime, Drama"
0,tt0110008,Pom Poko,"Animation, Comedy, Drama"
1,tt0110027,Highlander: The Final Dimension,"Action, Fantasy, Romance"
0,tt0110074,The Hudsucker Proxy,"Comedy, Drama, Fantasy"
1,tt0110091,I Like It Like That,"Comedy, Drama, Romance"
1,tt0110115,Imaginary Crimes,"Biography, Drama"
0,tt0110116,Immortal Beloved,"Biography, Drama, Music"
0,tt0110148,Interview with the Vampire: The Vampire Chronicles,"Drama, Fantasy, Horror"
1,tt0110216,Junior,"Comedy, Romance, Sci-Fi"
2,tt0110259,Bulletproof Heart,"Crime, Drama, Romance"
0,tt0110322,Legends of the Fall,"Drama, Romance, War"
3,tt0110357,The Lion King,"Animation, Adventure, Drama"
3,tt0110363,Little Big League,"Comedy, Family, Sport"
4,tt0110365,Little Odessa,"Crime, Drama"
2,tt0110392,Love Is a Gun,"Crime, Drama, Mystery"
0,tt0110413,Léon: The Professional,"Action, Crime, Drama"
1,tt0110445,Making Waves,"Comedy, Fantasy"
3,tt0110475,The Mask,"Action, Comedy, Crime"
3,tt0110478,Maverick,"Action, Adventure, Comedy"
4,tt0110500,Metal Skin,"Action, Drama, Romance"
1,tt0110557,Monkey Trouble,"Adventure, Comedy, Crime"
1,tt0110622,Naked Gun 33 1/3: The Final Insult,"Comedy, Crime"
4,tt0110632,Natural Born Killers,"Action, Crime, Drama"
2,tt0110725,On Deadly Ground,"Action, Adventure, Thriller"
2,tt0110889,Priest,"Drama, Romance"
4,tt0110912,Pulp Fiction,"Crime, Drama"
2,tt0110913,Pumpkinhead II: Blood Wings,"Fantasy, Horror, Thriller"
4,tt0110932,Quiz Show,"Biography, Drama, History"
1,tt0110950,Reality Bites,"Comedy, Drama, Romance"
4,tt0110978,Texas Chainsaw Massacre: The Next Generation,"Comedy, Horror, Thriller"
3,tt0110989,Richie Rich,"Comedy, Family"
3,tt0111070,The Santa Clause,"Comedy, Drama, Family"
4,tt0111149,Shallow Grave,"Crime, Thriller"
2,tt0111255,The Specialist,"Action, Drama, Thriller"
0,tt0111257,Speed,"Action, Adventure, Thriller"
0,tt0111280,Star Trek: Generations,"Action, Adventure, Mystery"
0,tt0111282,Stargate,"Action, Adventure, Sci-Fi"
1,tt0111301,Street Fighter,"Action, Adventure, Comedy"
1,tt0111418,Threesome,"Comedy, Drama, Romance"
2,tt0111438,Timecop,"Action, Crime, Sci-Fi"
4,tt0111450,Tokarev,"Action, Drama"
2,tt0111495,Three Colors: Red,"Drama, Mystery, Romance"
0,tt0111503,True Lies,"Action, Comedy, Thriller"
0,tt0111507,Three Colors: White,"Comedy, Drama, Romance"
4,tt0111686,New Nightmare,"Fantasy, Horror, Mystery"
1,tt0112281,Ace Ventura: When Nature Calls,"Adventure, Comedy, Crime"
1,tt0112302,Tom and Huck,"Adventure, Comedy, Drama"
4,tt0112352,L'amore molesto,"Drama, Mystery, Romance"
0,tt0112384,Apollo 13,"Adventure, Drama, History"
2,tt0112401,Assassins,"Action, Crime, Thriller"
2,tt0112427,An Awfully Big Adventure,"Comedy, Drama, Romance"
3,tt0112431,Babe,"Comedy, Drama, Family"
1,tt0112442,Bad Boys,"Action, Comedy, Crime"
2,tt0112443,Bad Company,"Crime, Drama, Thriller"
3,tt0112453,Balto,"Animation, Adventure, Drama"
2,tt0112461,The Basketball Diaries,"Biography, Crime, Drama"
0,tt0112462,Batman Forever,"Action, Adventure"
1,tt0112471,Before Sunrise,"Drama, Romance"
1,tt0112536,Bloodsport 2,"Action, Sport"
0,tt0112573,Braveheart,"Biography, Drama, History"
1,tt0112579,The Bridges of Madison County,"Drama, Romance"
1,tt0112606,Bye Bye Love,"Comedy, Romance"
2,tt0112634,Carnosaur 2,"Action, Horror, Sci-Fi"
4,tt0112641,Casino,"Crime, Drama"
3,tt0112642,Casper,"Comedy, Family, Fantasy"
0,tt0112682,The City of Lost Children,"Drama, Fantasy, Sci-Fi"
4,tt0112688,Clockers,"Crime, Drama, Mystery"
3,tt0112697,Clueless,"Comedy, Romance"
4,tt0112740,Crimson Tide,"Action, Drama, Thriller"
0,tt0112817,Dead Man,"Adventure, Drama, Fantasy"
4,tt0112818,Dead Man Walking,"Crime, Drama"
0,tt0112851,Desperado,"Action, Crime, Thriller"
0,tt0112864,Die Hard with a Vengeance,"Action, Adventure, Thriller"
3,tt0112870,Dilwale Dulhania Le Jayenge,"Drama, Romance"
4,tt0112913,Fallen Angels,"Comedy, Crime, Drama"
0,tt0112986,Eskapo,"Drama, Thriller, Action"
1,tt0113061,Le fils de Gascogne,"Comedy, Drama, Music"
2,tt0113063,The Final Cut,"Action, Drama, Thriller"
0,tt0113071,First Knight,"Action, Adventure, Drama"
1,tt0113161,Get Shorty,"Comedy, Crime, Thriller"
2,tt0113168,Gimlet,Thriller
0,tt0113189,GoldenEye,"Action, Adventure, Thriller"
3,tt0113199,Gordy,"Comedy, Drama, Family"
2,tt0113221,Grim,Horror
1,tt0113228,Grumpier Old Men,"Comedy, Romance"
1,tt0113243,Hackers,"Crime, Drama, Romance"
4,tt0113247,La haine,"Crime, Drama"
4,tt0113277,Heat,"Action, Crime, Drama"
4,tt0113375,I.D.,"Crime, Drama"
4,tt0113409,In the Mouth of Madness,"Drama, Fantasy, Horror"
1,tt0113419,The Indian in the Cupboard,"Drama, Family, Fantasy"
2,tt0113449,Jack-O,Horror
2,tt0113472,Our Neighbour Detective,"Crime, Mystery, Thriller"
0,tt0113481,Johnny Mnemonic,"Action, Drama, Sci-Fi"
0,tt0113492,Judge Dredd,"Action, Crime, Sci-Fi"
3,tt0113497,Jumanji,"Adventure, Comedy, Family"
1,tt0113537,Kicking and Screaming,"Comedy, Drama, Romance"
4,tt0113568,Ghost in the Shell,"Animation, Action, Crime"
2,tt0113613,The Last Supper,"Comedy, Crime, Drama"
2,tt0113627,Leaving Las Vegas,"Drama, Romance"
0,tt0113651,Full Throttle,"Action, Drama"
1,tt0113749,Mallrats,"Comedy, Romance"
3,tt0113824,Whisper of the Heart,"Animation, Drama, Family"
0,tt0113855,Mortal Kombat,"Action, Adventure, Fantasy"
2,tt0113918,Nobody Will Speak of Us When We're Dead,"Crime, Drama, Thriller"
4,tt0113957,The Net,"Action, Crime, Drama"
4,tt0114069,Outbreak,"Action, Drama, Thriller"
2,tt0114086,Beyond the Clouds,"Drama, Romance"
3,tt0114148,Pocahontas,"Animation, Adventure, Drama"
2,tt0114168,Powder,"Drama, Fantasy, Mystery"
0,tt0114214,The Quick and the Dead,"Action, Romance, Thriller"
1,tt0114230,Raja,"Action, Comedy, Drama"
3,tt0114234,Rangeela,"Comedy, Drama, Musical"
0,tt0114287,Rob Roy,"Adventure, Biography, Drama"
4,tt0114369,Se7en,"Crime, Drama, Mystery"
3,tt0114388,Sense and Sensibility,"Drama, Romance"
2,tt0114508,Species,"Action, Horror, Sci-Fi"
4,tt0114558,Strange Days,"Crime, Drama, Sci-Fi"
4,tt0114608,Tales from the Crypt: Demon Knight,"Action, Fantasy, Horror"
4,tt0114609,Tales from the Hood,"Crime, Drama, Horror"
0,tt0114614,Tank Girl,"Action, Comedy, Sci-Fi"
3,tt0114663,Three Wishes,"Drama, Family, Fantasy"
3,tt0114694,Tommy Boy,"Adventure, Comedy"
4,tt0114702,Total Eclipse,"Biography, Drama, Romance"
3,tt0114709,Toy Story,"Animation, Adventure, Comedy"
2,tt0114733,Tromeo and Juliet,"Action, Comedy, Drama"
4,tt0114746,12 Monkeys,"Mystery, Sci-Fi, Thriller"
4,tt0114814,The Usual Suspects,"Crime, Drama, Mystery"
4,tt0114857,Virtuosity,"Action, Crime, Sci-Fi"
0,tt0114898,Waterworld,"Action, Adventure, Sci-Fi"
1,tt0114917,When Saturday Comes,"Drama, Sport"
3,tt0114924,While You Were Sleeping,"Comedy, Drama, Romance"
3,tt0114996,A Chinese Odyssey: Part 2 - Cinderella,"Action, Adventure, Comedy"
1,tt0115431,Haru,"Drama, Romance"
3,tt0115433,101 Dalmatians,"Adventure, Comedy, Crime"
1,tt0115461,Acri,Fantasy
1,tt0115509,All Dogs Go to Heaven 2,"Animation, Adventure, Family"
2,tt0115632,Basquiat,"Biography, Drama"
1,tt0115734,Bottle Rocket,"Comedy, Crime, Drama"
0,tt0115759,Broken Arrow,"Action, Adventure, Thriller"
2,tt0115798,The Cable Guy,"Comedy, Drama, Thriller"
0,tt0115822,Captain Conan,"Drama, War"
4,tt0115907,City Hall,"Crime, Drama, Mystery"
2,tt0115928,My Sex Life... or How I Got Into an Argument,"Comedy, Drama, Romance"
1,tt0115951,Cosi,"Comedy, Drama, Music"
2,tt0115963,The Craft,"Drama, Fantasy, Horror"
4,tt0115986,The Crow: City of Angels,"Action, Crime, Fantasy"
1,tt0115996,Cwal,"Comedy, Drama, History"
3,tt0116014,Forbidden City Cop,"Action, Comedy, Fantasy"
0,tt0116040,Daylight,"Action, Adventure, Drama"
1,tt0116092,The Devil Takes a Holiday,"Comedy, Fantasy"
1,tt0116102,Different for Girls,"Comedy, Drama, Romance"
0,tt0116136,DragonHeart,"Action, Adventure, Fantasy"
0,tt0116209,The English Patient,"Drama, Romance, War"
2,tt0116213,Eraser,"Action, Crime, Thriller"
4,tt0116225,Escape from L.A.,"Action, Adventure, Sci-Fi"
4,tt0116231,The Bandit,"Crime, Drama, Thriller"
0,tt0116250,Evita,"Biography, Drama, History"
4,tt0116282,Fargo,"Crime, Thriller"
2,tt0116287,Fear,"Drama, Thriller"
4,tt0116295,Temptress Moon,"Drama, Romance"
0,tt0116365,The Frighteners,"Comedy, Fantasy, Horror"
4,tt0116367,From Dusk Till Dawn,"Action, Crime, Horror"
1,tt0116404,Get on the Bus,"Adventure, Drama, History"
0,tt0116409,The Ghost and the Darkness,"Adventure, Drama, Thriller"
2,tt0116421,The Glimmer Man,"Action, Comedy, Crime"
1,tt0116483,Happy Gilmore,"Comedy, Sport"
2,tt0116514,Hellraiser: Bloodline,"Horror, Sci-Fi"
3,tt0116552,Homeward Bound II: Lost in San Francisco,"Adventure, Comedy, Family"
0,tt0116583,The Hunchback of Notre Dame,"Animation, Drama, Family"
3,tt0116629,Independence Day,"Action, Adventure, Sci-Fi"
4,tt0116654,The Island of Dr. Moreau,"Horror, Sci-Fi, Thriller"
3,tt0116669,Jack,"Comedy, Drama, Fantasy"
3,tt0116683,James and the Giant Peach,"Animation, Adventure, Family"
3,tt0116695,Jerry Maguire,"Comedy, Drama, Romance"
1,tt0116705,Jingle All the Way,"Adventure, Comedy, Family"
1,tt0116707,Joe's Apartment,"Comedy, Fantasy, Musical"
4,tt0116731,The Juror,"Crime, Drama, Thriller"
0,tt0116743,Kama Sutra: A Tale of Love,"Crime, Drama, History"
2,tt0116771,Killers,"Action, Horror, Thriller"
1,tt0116778,Kingpin,"Comedy, Sport"
1,tt0116779,Bag of Rice,"Drama, Family"
2,tt0116783,Kissed,"Drama, Romance"
2,tt0116827,Last Dance,"Drama, Thriller"
2,tt0116830,Last Man Standing,"Action, Crime, Drama"
0,tt0116908,The Long Kiss Goodnight,"Action, Crime, Drama"
4,tt0116922,Lost Highway,"Mystery, Thriller"
1,tt0116996,Mars Attacks!,"Comedy, Sci-Fi"
3,tt0117008,Matilda,"Comedy, Family, Fantasy"
0,tt0117060,Mission: Impossible,"Action, Adventure, Thriller"
2,tt0117202,Normal Life,"Crime, Drama"
3,tt0117218,The Nutty Professor,"Comedy, Romance, Sci-Fi"
1,tt0117247,One Fine Day,"Comedy, Drama, Romance"
2,tt0117318,The People vs. Larry Flynt,"Biography, Drama"
3,tt0117331,The Phantom,"Action, Adventure, Comedy"
1,tt0117333,Phenomenon,"Drama, Fantasy, Romance"
4,tt0117381,Primal Fear,"Crime, Drama, Mystery"
1,tt0117417,A Queer Story,"Comedy, Drama, Romance"
2,tt0117433,The Rage,"Action, Thriller"
4,tt0117438,Ransom,"Action, Crime, Thriller"
0,tt0117500,The Rock,"Action, Adventure, Thriller"
0,tt0117509,Romeo + Juliet,"Drama, Romance"
2,tt0117549,Santa Claws,Horror
4,tt0117571,Scream,"Horror, Mystery"
1,tt0117628,She's the One,"Comedy, Drama, Romance"
2,tt0117653,Silent Trigger,"Action, Drama, Thriller"
4,tt0117665,Sleepers,"Crime, Drama, Thriller"
0,tt0117690,Some Mother's Son,"Drama, History"
3,tt0117705,Space Jam,"Animation, Adventure, Comedy"
0,tt0117731,Star Trek: First Contact,"Action, Adventure, Drama"
1,tt0117765,Striptease,"Comedy, Crime, Drama"
1,tt0117786,Mr. Nice Guy,"Action, Adventure, Comedy"
0,tt0117797,Swallowtail Butterfly,"Crime, Drama"
2,tt0117913,A Time to Kill,"Crime, Drama, Thriller"
1,tt0117998,Twister,"Action, Adventure, Thriller"
1,tt0118001,Two Much,"Comedy, Romance"
2,tt0118011,Premeditated Murder,"Drama, Romance"
1,tt0118044,Unhook the Stars,"Drama, Romance"
1,tt0118113,Walking and Talking,"Comedy, Drama, Romance"
1,tt0118125,The Watermelon Woman,"Comedy, Drama, Romance"
1,tt0118127,Wedding Bell Blues,"Comedy, Romance"
2,tt0118159,White Tiger,Action
3,tt0118172,Mr. Toad's Wild Ride,"Adventure, Comedy, Family"
4,tt0118531,One Eight Seven,"Drama, Thriller"
4,tt0118548,Absolute Power,"Action, Crime, Drama"
2,tt0118566,Afterglow,"Comedy, Drama, Romance"
0,tt0118571,Air Force One,"Action, Drama, Thriller"
4,tt0118583,Alien: Resurrection,"Action, Horror, Sci-Fi"
1,tt0118586,All Over Me,"Crime, Drama, Romance"
0,tt0118607,Amistad,"Biography, Drama, History"
2,tt0118615,Anaconda,"Action, Adventure, Horror"
3,tt0118617,Anastasia,"Animation, Adventure, Drama"
2,tt0118631,The Apocalypse,"Action, Sci-Fi"
1,tt0118655,Austin Powers: International Man of Mystery,"Adventure, Comedy"
0,tt0118688,Batman & Robin,"Action, Sci-Fi"
1,tt0118689,Bean,"Adventure, Comedy, Family"
0,tt0118694,In the Mood for Love,"Drama, Romance"
1,tt0118715,The Big Lebowski,"Comedy, Crime"
0,tt0118799,Life Is Beautiful,"Comedy, Drama, Romance"
1,tt0118822,Backroads,"Drama, Romance"
1,tt0118829,Cats Don't Dance,"Animation, Comedy, Family"
1,tt0118842,Chasing Amy,"Comedy, Drama, Romance"
3,tt0118849,Bacheha-Ye aseman,"Drama, Family, Sport"
0,tt0118880,Con Air,"Action, Crime, Thriller"
4,tt0118883,Conspiracy Theory,"Action, Mystery, Thriller"
0,tt0118884,Contact,"Drama, Mystery, Sci-Fi"
4,tt0118887,Cop Land,"Crime, Drama, Thriller"
2,tt0118928,Dante's Peak,"Action, Adventure, Thriller"
4,tt0118929,Dark City,"Fantasy, Mystery, Sci-Fi"
2,tt0118956,Deep Rising,"Action, Adventure, Horror"
4,tt0118971,The Devil's Advocate,"Drama, Mystery, Thriller"
2,tt0118972,The Devil's Own,"Action, Crime, Drama"
1,tt0118998,Doctor Dolittle,"Comedy, Family, Fantasy"
4,tt0119008,Donnie Brasco,"Biography, Crime, Drama"
2,tt0119012,Double Tap,"Action, Crime, Drama"
4,tt0119051,The Edge,"Action, Adventure, Drama"
1,tt0119079,Onegin,"Drama, Romance"
4,tt0119081,Event Horizon,"Horror, Sci-Fi, Thriller"
2,tt0119084,The Ex,Thriller
1,tt0119086,Excess Baggage,"Action, Comedy, Crime"
2,tt0119092,Face,"Crime, Drama, Thriller"
4,tt0119094,Face/Off,"Action, Crime, Sci-Fi"
4,tt0119099,Fallen,"Action, Crime, Drama"
0,tt0119116,The Fifth Element,"Action, Adventure, Sci-Fi"
3,tt0119137,Flubber,"Comedy, Family, Sci-Fi"
4,tt0119167,Funny Games,"Crime, Drama, Thriller"
0,tt0119173,G.I. Jane,"Action, Drama, War"
4,tt0119174,The Game,"Drama, Mystery, Thriller"
0,tt0119177,Gattaca,"Drama, Sci-Fi, Thriller"
3,tt0119190,George of the Jungle,"Action, Adventure, Comedy"
3,tt0119217,Good Will Hunting,"Drama, Romance"
1,tt0119229,Grosse Pointe Blank,"Action, Comedy, Crime"
3,tt0119282,Hercules,"Animation, Adventure, Comedy"
1,tt0119303,Home Alone 3,"Action, Comedy, Crime"
1,tt0119304,Home Fries,"Comedy, Drama, Romance"
1,tt0119307,Man Is a Woman,"Comedy, Music, Romance"
2,tt0119331,Hunger: Longing for Love,"Romance, Drama"
2,tt0119345,I Know What You Did Last Summer,"Horror, Mystery"
4,tt0119395,The Jackal,"Action, Crime, Drama"
0,tt0119396,Jackie Brown,"Crime, Drama, Thriller"
4,tt0119448,Character,"Crime, Drama, Mystery"
4,tt0119468,Kiss the Girls,"Crime, Drama, Mystery"
0,tt0119485,Kundun,"Biography, Drama, History"
4,tt0119488,L.A. Confidential,"Crime, Drama, Mystery"
2,tt0119517,Your Friends and Neighbors,"Comedy, Drama, Romance"
4,tt0119527,Deceiver,"Crime, Drama, Mystery"
1,tt0119528,Liar Liar,"Comedy, Fantasy"
0,tt0119567,The Lost World: Jurassic Park,"Action, Adventure, Sci-Fi"
2,tt0119576,Another 9½ Weeks,"Drama, Romance"
1,tt0119630,Masterminds,"Action, Comedy, Thriller"
0,tt0119643,Meet Joe Black,"Drama, Fantasy, Romance"
3,tt0119654,Men in Black,"Action, Adventure, Comedy"
0,tt0119698,Princess Mononoke,"Animation, Action, Adventure"
2,tt0119709,Most Wanted,"Action, Thriller"
1,tt0119718,Mr. Magoo,"Adventure, Comedy, Family"
1,tt0119738,My Best Friend's Wedding,"Comedy, Drama, Romance"
2,tt0119783,Night Falls on Manhattan,"Crime, Drama, Thriller"
1,tt0119822,As Good as It Gets,"Comedy, Drama, Romance"
1,tt0119896,Picture Perfect,"Comedy, Drama, Romance"
0,tt0119925,The Postman,"Action, Adventure, Drama"
2,tt0119978,The Rainmaker,"Crime, Drama, Thriller"
2,tt0119988,Caught Up,"Crime, Drama, Thriller"
1,tt0120029,RocketMan,"Comedy, Family, Sci-Fi"
0,tt0120053,The Saint,"Action, Adventure, Romance"
1,tt0120054,Saint-Ex,"Biography, Drama, Fantasy"
4,tt0120082,Scream 2,"Horror, Mystery"
0,tt0120102,Seven Years in Tibet,"Adventure, Biography, Drama"
2,tt0120107,Shadow Conspiracy,"Action, Thriller"
2,tt0120108,The Proposition,"Drama, Romance"
1,tt0120148,Sliding Doors,"Comedy, Drama, Fantasy"
1,tt0120151,A Smile Like Yours,"Comedy, Romance"
1,tt0120166,The Sorcerer's Apprentice,"Adventure, Family, Fantasy"
0,tt0120177,Spawn,"Action, Drama, Horror"
2,tt0120179,Speed 2: Cruise Control,"Action, Adventure, Crime"
2,tt0120184,Sphere,"Action, Mystery, Sci-Fi"
0,tt0120188,Three Kings,"Action, Adventure, Comedy"
1,tt0120190,Sprung,"Comedy, Romance"
0,tt0120201,Starship Troopers,"Action, Adventure, Sci-Fi"
4,tt0120324,A Simple Plan,"Crime, Drama, Thriller"
0,tt0120338,Titanic,"Drama, Romance"
0,tt0120347,Tomorrow Never Dies,"Action, Adventure, Thriller"
3,tt0120363,Toy Story 2,"Animation, Adventure, Comedy"
1,tt0120373,Trial and Error,"Comedy, Romance"
2,tt0120390,Turbulence,"Action, Thriller"
0,tt0120461,Volcano,"Action, Drama, Sci-Fi"
0,tt0120481,Washington Square,"Drama, Romance"
3,tt0120484,The Waterboy,"Comedy, Sport"
4,tt0120524,Wishmaster,"Fantasy, Horror"
4,tt0120586,American History X,"Crime, Drama"
1,tt0120587,Antz,"Animation, Adventure, Comedy"
0,tt0120591,Armageddon,"Action, Adventure, Sci-Fi"
1,tt0120598,Barney's Great Adventure,"Adventure, Comedy, Drama"
0,tt0120601,Being John Malkovich,"Comedy, Drama, Fantasy"
4,tt0120611,Blade,"Action, Horror, Sci-Fi"
0,tt0120616,The Mummy,"Action, Adventure, Fantasy"
3,tt0120623,A Bug's Life,"Animation, Adventure, Comedy"
3,tt0120630,Chicken Run,"Animation, Adventure, Comedy"
3,tt0120631,Ever After: A Cinderella Story,"Comedy, Drama, Romance"
1,tt0120632,City of Angels,"Drama, Fantasy, Romance"
2,tt0120647,Deep Impact,"Action, Drama, Sci-Fi"
0,tt0120655,Dogma,"Adventure, Comedy, Drama"
0,tt0120657,The 13th Warrior,"Action, Adventure, History"
0,tt0120660,Enemy of the State,"Action, Thriller"
4,tt0120663,Eyes Wide Shut,"Drama, Mystery, Thriller"
4,tt0120665,Secret Defense,"Crime, Drama"
1,tt0120667,Fantastic Four,"Action, Adventure, Fantasy"
2,tt0120669,Fear and Loathing in Las Vegas,"Adventure, Comedy, Drama"
0,tt0120679,Frida,"Biography, Drama, Romance"
4,tt0120681,From Hell,"Horror, Mystery, Thriller"
2,tt0120685,Godzilla,"Action, Sci-Fi, Thriller"
0,tt0120689,The Green Mile,"Crime, Drama, Fantasy"
1,tt0120693,Half Baked,"Comedy, Crime"
4,tt0120694,Halloween H20: 20 Years Later,"Horror, Thriller"
4,tt0120710,In Dreams,"Drama, Fantasy, Thriller"
1,tt0120722,Living Out Loud,"Comedy, Drama, Romance"
1,tt0120723,Kissing a Fool,"Comedy, Romance"
1,tt0120728,The Last Days of Disco,"Comedy, Drama, Music"
0,tt0120731,The Legend of 1900,"Drama, Music, Romance"
4,tt0120735,"Lock, Stock and Two Smoking Barrels","Action, Comedy, Crime"
0,tt0120737,The Lord of the Rings: The Fellowship of the Ring,"Action, Adventure, Drama"
0,tt0120738,Lost in Space,"Action, Adventure, Family"
1,tt0120741,Mafia!,"Comedy, Crime"
0,tt0120744,The Man in the Iron Mask,"Action, Adventure, Drama"
3,tt0120746,The Mask of Zorro,"Action, Adventure, Comedy"
2,tt0120749,Mercury Rising,"Action, Crime, Drama"
4,tt0120753,The Million Dollar Hotel,"Drama, Mystery, Thriller"
0,tt0120755,Mission: Impossible II,"Action, Adventure, Thriller"
3,tt0120762,Mulan,"Animation, Adventure, Comedy"
4,tt0120768,The Negotiator,"Action, Crime, Drama"
1,tt0120770,A Night at the Roxbury,"Comedy, Music, Romance"
1,tt0120773,The Odd Couple II,"Adventure, Comedy"
2,tt0120780,Out of Sight,"Comedy, Crime, Drama"
2,tt0120782,Palmetto,"Crime, Drama, Mystery"
3,tt0120783,The Parent Trap,"Adventure, Comedy, Drama"
4,tt0120784,Payback,"Action, Crime, Drama"
4,tt0120787,A Perfect Murder,"Crime, Drama, Thriller"
3,tt0120789,Pleasantville,"Comedy, Drama, Fantasy"
3,tt0120791,Practical Magic,"Comedy, Drama, Fantasy"
0,tt0120794,The Prince of Egypt,"Animation, Adventure, Drama"
1,tt0120797,Pushing Tin,"Comedy, Drama, Romance"
3,tt0120800,Quest for Camelot,"Animation, Adventure, Comedy"
2,tt0120804,Resident Evil,"Action, Horror, Sci-Fi"
1,tt0120812,Rush Hour,"Action, Comedy, Crime"
1,tt0120813,Safe Men,"Comedy, Crime"
0,tt0120815,Saving Private Ryan,"Drama, War"
1,tt0120828,Six Days Seven Nights,"Action, Adventure, Comedy"
4,tt0120832,Snake Eyes,"Crime, Mystery, Thriller"
0,tt0120844,Star Trek: Insurrection,"Action, Adventure, Sci-Fi"
3,tt0120855,Tarzan,"Animation, Adventure, Comedy"
0,tt0120863,The Thin Red Line,"Drama, History, War"
4,tt0120866,Titus,"Drama, History, Thriller"
4,tt0120873,U.S. Marshals,"Action, Crime, Thriller"
4,tt0120877,Vampires,"Action, Horror, Thriller"
1,tt0120888,The Wedding Singer,"Comedy, Music, Romance"
0,tt0120889,What Dreams May Come,"Drama, Fantasy, Romance"
4,tt0120890,Wild Things,"Crime, Drama, Mystery"
3,tt0120891,Wild Wild West,"Action, Comedy, Sci-Fi"
1,tt0120901,Wrongfully Accused,"Action, Comedy, Thriller"
4,tt0120902,The X Files,"Drama, Mystery, Sci-Fi"
0,tt0120903,X-Men,"Action, Adventure, Sci-Fi"
4,tt0120907,eXistenZ,"Horror, Mystery, Sci-Fi"
3,tt0120912,Men in Black II,"Action, Adventure, Comedy"
0,tt0120913,Titan A.E.,"Animation, Action, Adventure"
0,tt0120915,Star Wars: Episode I - The Phantom Menace,"Action, Adventure, Fantasy"
3,tt0120917,The Emperor's New Groove,"Animation, Adventure, Comedy"
3,tt0121164,Corpse Bride,"Animation, Drama, Family"
2,tt0121694,Robo Vampire,"Action, Horror, Sci-Fi"
0,tt0121765,Star Wars: Episode II - Attack of the Clones,"Action, Adventure, Fantasy"
0,tt0121766,Star Wars: Episode III - Revenge of the Sith,"Action, Adventure, Fantasy"
1,tt0122151,Lethal Weapon 4,"Action, Crime, Thriller"
1,tt0122168,Mariannes bryllup eller hævnen er bitter,"Comedy, Romance"
2,tt0122326,The Falconet,"Comedy, History"
2,tt0122607,Meiji kyokyakuden - sandaime shumei,"Action, Crime"
4,tt0122690,Ronin,"Action, Crime, Thriller"
1,tt0122718,Small Soldiers,"Action, Adventure, Comedy"
1,tt0122933,Analyze This,"Comedy, Crime"
4,tt0123328,Made in Hong Kong,"Comedy, Crime, Drama"
4,tt0123755,Cube,"Drama, Horror, Mystery"
1,tt0123928,Johnny Larsen,"Romance, Drama"
3,tt0124298,Blast from the Past,"Comedy, Drama, Romance"
3,tt0124315,The Cider House Rules,"Drama, Romance"
4,tt0124595,Return to Paradise,"Drama, Romance, Thriller"
4,tt0125044,Condemned,"Crime, Drama, Mystery"
1,tt0125439,Notting Hill,"Comedy, Drama, Romance"
4,tt0125659,Open Your Eyes,"Drama, Mystery, Sci-Fi"
1,tt0125664,Man on the Moon,"Biography, Comedy, Drama"
3,tt0126029,Shrek,"Animation, Adventure, Comedy"
1,tt0126234,Chamatkar,"Comedy, Drama, Fantasy"
2,tt0126886,Election,"Comedy, Romance"
1,tt0126973,James Dean: Race with Destiny,"Biography, Drama"
2,tt0127045,Neon Maniacs,"Horror, Sci-Fi, Thriller"
2,tt0127163,Prisoners in Petticoats,"Action, Crime, Drama"
2,tt0127349,Waking the Dead,"Drama, Mystery, Romance"
1,tt0127350,Walking Thunder,"Drama, Family"
0,tt0127536,Elizabeth,"Biography, Drama, History"
2,tt0127722,Another Day in Paradise,"Crime, Drama, Thriller"
1,tt0127723,Can't Hardly Wait,"Comedy, Romance"
1,tt0127745,The Puppetoon Movie,"Animation, Family"
1,tt0128239,Grey Owl,"Biography, Drama, Western"
2,tt0128278,Instinct,"Drama, Thriller"
2,tt0128442,Rounders,"Crime, Drama"
3,tt0128445,Rushmore,"Comedy, Drama, Romance"
2,tt0128542,Sluchaynyy vals,Romance
1,tt0128853,You've Got Mail,"Comedy, Drama, Romance"
3,tt0129167,The Iron Giant,"Animation, Action, Adventure"
3,tt0129290,Patch Adams,"Biography, Comedy, Drama"
1,tt0129387,There's Something About Mary,"Comedy, Romance"
4,tt0129794,Un borghese piccolo piccolo,"Comedy, Crime, Drama"
2,tt0129797,The Brides Wore Blood,Horror
2,tt0130018,I Still Know What You Did Last Summer,"Horror, Mystery, Thriller"
1,tt0130089,Lolita 2000,Sci-Fi
2,tt0130268,So Is This,Animation
2,tt0130348,Vinashak - Destroyer,"Action, Crime, Drama"
3,tt0130623,Dinosaur,"Animation, Adventure, Drama"
0,tt0130827,Run Lola Run,"Action, Crime, Thriller"
4,tt0131335,Canoa: A Shameful Memory,"Adventure, Crime, Drama"
1,tt0131400,Footrot Flats: The Dog's Tale,"Animation, Comedy"
1,tt0131857,BASEketball,"Comedy, Sport"
1,tt0132347,Mystery Men,"Action, Comedy, Fantasy"
3,tt0132477,October Sky,"Biography, Drama, Family"
0,tt0133093,The Matrix,"Action, Sci-Fi"
0,tt0133152,Planet of the Apes,"Action, Adventure, Sci-Fi"
3,tt0133240,Treasure Planet,"Animation, Adventure, Family"
2,tt0133751,The Faculty,"Horror, Mystery, Sci-Fi"
4,tt0133952,The Siege,"Action, Thriller"
4,tt0134084,Scream 3,"Horror, Mystery"
4,tt0134119,The Talented Mr. Ripley,"Crime, Drama, Thriller"
4,tt0134273,8MM,"Crime, Drama, Mystery"
4,tt0134847,Pitch Black,"Action, Horror, Sci-Fi"
1,tt0136604,La virgen de la Caridad,"Drama, Romance"
2,tt0137100,Maya,"Drama, Mystery, Romance"
2,tt0137187,The Kidnapping,"Crime, Drama, Romance"
4,tt0137363,Arlington Road,"Action, Crime, Drama"
1,tt0137427,Ma tou da jue dou,"Action, Drama"
1,tt0137439,Autumn Tale,"Comedy, Drama, Romance"
2,tt0137494,Entrapment,"Action, Crime, Romance"
1,tt0138073,Os Saltimbancos Trapalhões,"Adventure, Comedy, Drama"
3,tt0138097,Shakespeare in Love,"Comedy, Drama, History"
1,tt0138510,Idle Hands,"Comedy, Fantasy, Horror"
1,tt0138524,Intolerable Cruelty,"Comedy, Crime, Romance"
1,tt0138564,The Secret Spring,"Romance, War"
4,tt0138704,Pi,"Drama, Horror, Mystery"
3,tt0138749,The Road to El Dorado,"Animation, Adventure, Comedy"
4,tt0138946,The Yards,"Crime, Drama, Romance"
2,tt0139134,Cruel Intentions,"Drama, Romance"
2,tt0139239,Go,"Comedy, Crime"
1,tt0139388,It Had to Be You,"Comedy, Romance"
2,tt0139394,The Joyriders,"Crime, Drama"
1,tt0139413,Windfall in Athens,"Comedy, Romance"
2,tt0139414,Lake Placid,"Action, Comedy, Horror"
2,tt0139564,See the Sea,"Drama, Thriller"
4,tt0139654,Training Day,"Action, Crime, Drama"
2,tt0139809,The Thirteenth Floor,"Mystery, Sci-Fi, Thriller"
4,tt0139820,The Red Angel,"Drama, Romance, War"
4,tt0139898,The Boys,"Crime, Drama"
0,tt0140348,Mahanadi,"Crime, Drama"
0,tt0140352,The Insider,"Biography, Drama, Thriller"
3,tt0140399,Muthu,"Action, Comedy, Drama"
0,tt0140448,Pathinaru Vayathinile,"Drama, Romance"
2,tt0140917,O Corpo Ardente,"Drama, Romance"
1,tt0141399,Isn't She Great,"Biography, Comedy, Drama"
2,tt0141914,Destination Death,"Drama, War"
0,tt0141926,U-571,"Action, War"
0,tt0142371,Fist of the North Star,"Animation, Action, Drama"
4,tt0142688,The Ninth Gate,"Mystery, Thriller"
0,tt0143145,The World Is Not Enough,"Action, Adventure, Thriller"
2,tt0143235,Between Eleven and Midnight,"Crime, Drama, Mystery"
2,tt0143907,Country of the Deaf,"Comedy, Crime, Drama"
2,tt0144004,What Happened Then?,"Crime, Mystery, Romance"
4,tt0144084,American Psycho,"Crime, Drama, Horror"
2,tt0144117,The Boondock Saints,"Action, Thriller"
2,tt0144625,Sudden Fury,"Action, Drama"
2,tt0144671,Vulkan der höllischen Triebe,Crime
2,tt0144777,Ato de Violência,"Drama, Thriller"
2,tt0144964,Highlander: Endgame,"Action, Adventure, Fantasy"
4,tt0145393,"Pizza, Beer, and Cigarettes","Crime, Drama"
0,tt0145487,Spider-Man,"Action, Adventure, Sci-Fi"
2,tt0145531,Stigmata,Horror
2,tt0145534,Total Force,"Action, Sci-Fi"
2,tt0145547,Two Hands,"Comedy, Crime, Thriller"
0,tt0145653,Angela's Ashes,"Biography, Drama"
1,tt0145660,Austin Powers: The Spy Who Shagged Me,"Action, Adventure, Comedy"
4,tt0145681,The Bone Collector,"Crime, Drama, Mystery"
1,tt0145893,Simply Irresistible,"Comedy, Drama, Fantasy"
0,tt0146316,Lara Croft: Tomb Raider,"Action, Adventure, Fantasy"
4,tt0146336,Urban Legend,"Horror, Mystery, Thriller"
3,tt0146645,Dosti,"Drama, Family, Musical"
4,tt0146675,End of Days,"Action, Fantasy, Horror"
2,tt0146838,Any Given Sunday,"Drama, Sport"
1,tt0146882,High Fidelity,"Comedy, Drama, Music"
3,tt0147800,10 Things I Hate About You,"Comedy, Drama, Romance"
4,tt0149261,Deep Blue Sea,"Action, Adventure, Sci-Fi"
2,tt0149367,Where the Money Is,"Drama, Comedy, Crime"
0,tt0150377,Double Jeopardy,"Crime, Drama, Mystery"
1,tt0150388,The Dragon Painter,"Drama, Romance"
2,tt0150392,Ahlam Hind we Kamilia,"Drama, Romance"
4,tt0150980,The Housemaid,"Crime, Drama, Thriller"
0,tt0151137,The Messenger: The Story of Joan of Arc,"Adventure, Biography, Drama"
1,tt0151572,The Miracle of P. Tinto,"Comedy, Fantasy"
2,tt0151582,The Minus Man,"Crime, Drama, Mystery"
3,tt0151738,Never Been Kissed,"Comedy, Drama, Romance"
1,tt0152509,Sohni Mahiwal,"Action, Drama, Romance"
2,tt0152620,Subterfuge,"Action, Drama"
1,tt0152930,Taxi,"Action, Comedy, Crime"
4,tt0154506,Following,"Crime, Mystery, Thriller"
4,tt0154683,Jigoku,"Crime, Drama, Horror"
0,tt0155267,The Thomas Crown Affair,"Crime, Romance, Thriller"
0,tt0155796,Dr. Akagi,"Comedy, Drama, History"
2,tt0156106,Stonebrook,"Drama, Thriller"
1,tt0156248,August 32nd on Earth,"Drama, Romance"
2,tt0156408,Class Trip,"Drama, Mystery"
2,tt0156610,The Hole,"Drama, Fantasy, Musical"
2,tt0156729,Last Night,"Comedy, Drama, Romance"
4,tt0156887,Perfect Blue,"Animation, Crime, Drama"
2,tt0157044,Sitcom,"Comedy, Drama, Romance"
4,tt0157366,Beast Cops,"Action, Crime, Drama"
2,tt0157427,Lima: Breaking the Silence,"Crime, Drama"
1,tt0157472,Clockstoppers,"Action, Adventure, Comedy"
1,tt0157503,Drop Dead Gorgeous,"Comedy, Romance, Thriller"
4,tt0158493,Belly,"Crime, Drama"
2,tt0158692,Juha,"Comedy, Drama, Romance"
2,tt0158785,Mindkiller,"Horror, Sci-Fi"
1,tt0158983,"South Park: Bigger, Longer & Uncut","Animation, Comedy, Fantasy"
2,tt0159097,The Virgin Suicides,"Drama, Romance"
2,tt0159273,Behind Enemy Lines,"Action, Drama, Thriller"
0,tt0159365,Cold Mountain,"Adventure, Drama, Romance"
3,tt0159421,The Adventures of Elmo in Grouchland,"Adventure, Comedy, Family"
4,tt0159432,Expect the Unexpected,"Action, Crime, Drama"
0,tt0159510,Mobile Suit Gundam II: Soldiers of Sorrow,"Animation, Action, Drama"
3,tt0160127,Charlie's Angels,"Action, Adventure, Comedy"
1,tt0160216,A Dog of Flanders,"Family, Drama"
2,tt0160401,In Too Deep,"Crime, Drama, Thriller"
1,tt0160710,Punks,"Comedy, Music, Romance"
1,tt0160862,She's All That,"Comedy, Romance"
4,tt0161081,What Lies Beneath,"Drama, Horror, Mystery"
1,tt0162035,A Very Unlucky Leprechaun,"Family, Fantasy"
0,tt0162222,Cast Away,"Adventure, Drama, Romance"
1,tt0162360,"Happy, Texas","Comedy, Crime, Romance"
1,tt0162496,Nobleza gaucha,"Drama, History, Western"
0,tt0162650,Shaft,"Action, Crime, Thriller"
4,tt0162661,Sleepy Hollow,"Fantasy, Horror, Mystery"
1,tt0162710,Trick,"Comedy, Music, Romance"
2,tt0162876,Barn of the Blood Llama,"Comedy, Horror, Sci-Fi"
1,tt0162973,Get Real,"Comedy, Drama, Romance"
2,tt0163025,Jurassic Park III,"Action, Adventure, Sci-Fi"
1,tt0163187,Runaway Bride,"Comedy, Romance"
2,tt0163529,The Assault,"Action, Thriller"
4,tt0163582,Insect Woman,"Drama, Horror"
4,tt0163624,Faust,"Drama, Fantasy"
4,tt0163669,Woman of Fire '82,Horror
2,tt0163978,The Beach,"Adventure, Drama, Romance"
2,tt0163985,Peony Lantern,Horror
4,tt0163988,Bringing Out the Dead,"Drama, Thriller"
4,tt0164052,Hollow Man,"Action, Horror, Sci-Fi"
1,tt0164114,Drive Me Crazy,"Comedy, Drama, Romance"
4,tt0164181,Stir of Echoes,"Horror, Mystery, Thriller"
4,tt0164184,The Sum of All Fears,"Action, Drama, Thriller"
4,tt0164334,Along Came a Spider,"Drama, Thriller"
4,tt0164347,Assassination,"Action, Crime, Drama"
2,tt0164425,Brutal Boxer,"Action, Drama"
2,tt0164444,Militant Eagle,"Action, Drama"
2,tt0164564,...ere erera baleibu izik subua aruaren...,Animation
2,tt0164643,Bodyguard Kiba 2,"Action, Crime"
3,tt0164912,Stuart Little,"Adventure, Comedy, Family"
2,tt0165160,Da jiao long,"Action, Drama"
0,tt0165196,Molokai,"Biography, Drama"
2,tt0165214,Death Promise,"Action, Drama"
2,tt0165220,Fo Shan Zan xian sheng,Action
2,tt0165333,Jennifer Hale,Crime
4,tt0165429,Point de chute,"Crime, Thriller"
4,tt0165623,Angst,"Drama, Horror, Thriller"
0,tt0165636,Bilyy ptakh z chornoyu oznakoyu,"Drama, War"
4,tt0165773,Felicia's Journey,"Drama, Thriller"
4,tt0165798,Ghost Dog: The Way of the Samurai,"Crime, Drama"
0,tt0165929,Romeo Must Die,"Action, Crime, Thriller"
1,tt0166219,Hoods,"Comedy, Crime, Drama"
2,tt0166230,Jocelyn,"Drama, Romance"
1,tt0166252,The Love Letter,"Comedy, Drama, Romance"
0,tt0166485,Anna and the King,"Drama, History, Romance"
2,tt0166770,Privarzaniyat balon,"Comedy, Drama, Fantasy"
4,tt0166808,Sombre,"Drama, Horror"
3,tt0166813,Spirit: Stallion of the Cimarron,"Animation, Adventure, Drama"
3,tt0166896,The Straight Story,"Biography, Drama"
4,tt0166924,Mulholland Drive,"Drama, Mystery, Thriller"
0,tt0167190,Hellboy,"Action, Adventure, Fantasy"
0,tt0167260,The Lord of the Rings: The Return of the King,"Action, Adventure, Drama"
0,tt0167261,The Lord of the Rings: The Two Towers,"Action, Adventure, Drama"
1,tt0167320,The Golden Bat,"Adventure, Action, Sci-Fi"
4,tt0167404,The Sixth Sense,"Drama, Mystery, Thriller"
4,tt0168043,The Longest Nite,"Action, Crime, Mystery"
4,tt0168626,Distant Journey,"Drama, Thriller, War"
0,tt0168629,Dancer in the Dark,"Crime, Drama, Musical"
3,tt0169102,Lagaan: Once Upon a Time in India,"Drama, Musical, Sport"
1,tt0169253,Songs and Saddles,"Action, Adventure, Crime"
2,tt0169299,Terror Firmer,"Comedy, Horror"
2,tt0169324,Tick Tock,"Crime, Drama, Thriller"
0,tt0169828,Father of a Soldier,"Drama, War"
3,tt0170016,How the Grinch Stole Christmas,"Comedy, Family, Fantasy"
1,tt0170210,La Malibran,"Biography, Drama, Musical"
4,tt0171363,The Haunting,"Fantasy, Horror, Mystery"
4,tt0171804,Boys Don't Cry,"Biography, Crime, Drama"
0,tt0172156,Bad Boys II,"Action, Comedy, Crime"
2,tt0172493,"Girl, Interrupted","Biography, Drama"
0,tt0172495,Gladiator,"Action, Adventure, Drama"
0,tt0173840,Final Fantasy: The Spirits Within,"Animation, Action, Adventure"
2,tt0174707,Hanzo the Razor: The Snare,"Action, Drama"
0,tt0174856,The Hurricane,"Biography, Drama, Sport"
4,tt0174918,Ningyo densetsu,"Crime, Drama, Horror"
1,tt0175555,Deal of a Lifetime,"Comedy, Fantasy, Romance"
2,tt0176422,Alice and Martin,"Drama, Romance"
4,tt0176666,Dossier 51,"Crime, Drama"
2,tt0177195,Sample People,"Comedy, Crime, Drama"
2,tt0177483,Aadmi,"Action, Crime, Drama"
3,tt0177789,Galaxy Quest,"Adventure, Comedy, Sci-Fi"
2,tt0177971,The Perfect Storm,"Action, Adventure, Drama"
4,tt0178868,Ringu,"Horror, Mystery"
1,tt0179098,Moonlight Mile,"Drama, Romance"
2,tt0179161,Wicked Duchess,"Drama, Romance"
1,tt0180316,Women Talking Dirty,"Comedy, Romance"
1,tt0180837,Bossa Nova,"Comedy, Romance, Drama"
2,tt0181012,Sole Survivor,"Horror, Thriller"
1,tt0181316,Blue Streak,"Action, Comedy, Crime"
0,tt0181689,Minority Report,"Action, Crime, Mystery"
0,tt0181852,Terminator 3: Rise of the Machines,"Action, Sci-Fi"
4,tt0181865,Traffic,"Crime, Drama, Thriller"
3,tt0181875,Almost Famous,"Adventure, Comedy, Drama"
1,tt0182503,Turist Ömer Uzay Yolu'nda,"Comedy, Sci-Fi"
3,tt0182789,Bicentennial Man,"Drama, Sci-Fi"
0,tt0183523,Mission to Mars,"Adventure, Sci-Fi, Thriller"
4,tt0183649,Phone Booth,"Crime, Thriller"
3,tt0183790,A Knight's Tale,"Action, Adventure, Romance"
1,tt0184512,The Flirtation of Girls,"Comedy, Musical, Romance"
4,tt0184858,Reindeer Games,"Action, Adventure, Crime"
3,tt0184894,Shanghai Noon,"Action, Adventure, Comedy"
0,tt0185183,Battlefield Earth,"Action, Adventure, Sci-Fi"
1,tt0185431,Little Nicky,"Comedy, Fantasy"
2,tt0185495,The Messenger,"Action, Drama"
2,tt0185937,The Blair Witch Project,"Horror, Mystery"
0,tt0186151,Frequency,"Crime, Drama, Mystery"
3,tt0186566,Space Cowboys,"Action, Adventure, Thriller"
1,tt0187078,Gone in 60 Seconds,"Action, Crime, Thriller"
1,tt0187115,Kshana Kshanam,"Action, Comedy, Crime"
2,tt0187187,O Jogo da Vida,"Crime, Drama"
0,tt0187393,The Patriot,"Action, Drama, History"
2,tt0187505,Si da tian wang,"Action, Crime"
4,tt0187738,Blade II,"Action, Horror, Sci-Fi"
2,tt0187809,The Pear Tree,"Drama, Romance"
4,tt0188388,The Depths,"Crime, Drama, Mystery"
2,tt0188518,Complicity,"Thriller, Drama"
4,tt0188589,L'enclos,"Drama, War"
1,tt0188766,King of Comedy,"Comedy, Drama, Romance"
1,tt0188858,Los de la mesa 10,"Drama, Romance"
0,tt0189142,Marcel Proust's Time Regained,"Drama, Romance, War"
2,tt0189173,Unconditional Love,Action
0,tt0189219,Spring in a Small Town,"Drama, Romance"
1,tt0189541,Gabriela,"Drama, Romance"
2,tt0189844,Odia il prossimo tuo,"Action, Drama, Western"
2,tt0189981,Scarfies,"Action, Comedy, Thriller"
2,tt0190138,The Whole Nine Yards,"Comedy, Crime"
0,tt0190332,"Crouching Tiger, Hidden Dragon","Action, Adventure, Drama"
3,tt0190590,"O Brother, Where Art Thou?","Adventure, Comedy, Crime"
0,tt0190865,Vertical Limit,"Action, Adventure, Drama"
3,tt0191043,The Color of Paradise,"Drama, Family"
1,tt0191397,The Replacements,"Comedy, Sport"
2,tt0191636,Widow of St. Pierre,"Drama, History, Romance"
1,tt0192111,Head Over Heels,"Comedy, Mystery, Romance"
1,tt0192255,The Little Vampire,"Adventure, Comedy, Family"
2,tt0192638,Striking Poses,Thriller
1,tt0192788,Where the Red Fern Grows,"Drama, Family"
1,tt0193458,The Orphan,"Drama, Family"
2,tt0193879,Don't Panic,Horror
1,tt0193949,Five on a Treasure Island,"Adventure, Family"
2,tt0194326,El río de las tumbas,"Comedy, Crime, Drama"
1,tt0194748,Les Charlots contre Dracula,"Comedy, Horror"
2,tt0195631,Alone with a Stranger,"Drama, Thriller"
3,tt0195644,"Dick Deadeye, or Duty Done","Animation, Comedy, Musical"
3,tt0195685,Erin Brockovich,"Biography, Drama"
2,tt0195714,Final Destination,"Horror, Thriller"
2,tt0195822,Illustrious Energy,History
1,tt0196068,Sam the Man,"Comedy, Drama, Romance"
1,tt0196106,MVP: Most Valuable Primate,"Comedy, Family, Sport"
2,tt0196355,The Other,"Drama, Romance"
1,tt0196516,The Duke,"Comedy, Drama, Family"
4,tt0197569,Humanity,"Drama, Mystery"
2,tt0198586,Judgment Day: The Ellie Nesler Story,"Drama, Thriller"
3,tt0198781,"Monsters, Inc.","Animation, Adventure, Comedy"
2,tt0198792,Pi li long quan,"Action, Adventure"
1,tt0199164,Za ma,Action
2,tt0199175,L'étrangleur,"Crime, Drama"
1,tt0199404,El caso de la mujer asesinadita,"Comedy, Fantasy, Mystery"
0,tt0199580,Samurai Vendetta,"Drama, Action"
3,tt0199725,Love & Basketball,"Drama, Romance, Sport"
0,tt0200087,Sarfarosh,"Action, Drama, Thriller"
4,tt0200465,The Bank Job,"Crime, Drama, Thriller"
2,tt0200469,Bats,"Horror, Sci-Fi, Thriller"
1,tt0200550,Coyote Ugly,"Comedy, Drama, Music"
2,tt0201092,Xia nu bao ta jie,Action
2,tt0201548,El crimen de Oribe,"Drama, Fantasy"
2,tt0201922,Zatoichi in Desperation,"Action, Adventure, Drama"
2,tt0202002,Da e kou,"Action, Crime, Drama"
2,tt0202009,The Traveling Ruffian,"Action, Drama"
2,tt0202152,Zatoichi,"Action, Drama"
1,tt0202153,Zatoichi at Large,"Drama, Action, Adventure"
2,tt0202449,The Bloody Sword of the 99th Virgin,"Drama, Horror"
0,tt0203009,Moulin Rouge!,"Drama, Musical, Romance"
3,tt0203019,Men of Honor,"Biography, Drama"
4,tt0203119,Sexy Beast,"Crime, Drama, Thriller"
4,tt0203612,Pitfall,"Crime, Drama, Fantasy"
3,tt0203895,Sea Prince and the Fire Child,"Animation, Drama, Family"
4,tt0204313,Exorcist: The Beginning,"Horror, Mystery, Thriller"
2,tt0204319,La fiancée des ténèbres,"Drama, Fantasy, Mystery"
1,tt0204946,Bring It On,"Comedy, Romance, Sport"
1,tt0205000,Deuce Bigalow: Male Gigolo,"Comedy, Romance"
1,tt0205271,Dr. T & the Women,"Comedy, Drama, Romance"
0,tt0205345,Sorrows of the Forbidden City,"Drama, History"
2,tt0205558,Yan shi huan hun ji,Horror
2,tt0206234,Qiu Haitang,"Drama, Romance"
1,tt0206275,Save the Last Dance,"Drama, Music, Romance"
2,tt0206314,Joy Ride,"Action, Mystery, Thriller"
0,tt0206634,Children of Men,"Action, Drama, Sci-Fi"
2,tt0207198,What to Do in Case of Fire,"Action, Comedy, Drama"
1,tt0207201,What Women Want,"Comedy, Fantasy, Romance"
2,tt0207359,Brotherhood of Death,"Action, Drama, Thriller"
1,tt0208003,Big Momma's House,"Action, Comedy, Crime"
0,tt0208092,Snatch,"Comedy, Crime"
1,tt0208504,Santo in the Treasure of Dracula,"Action, Adventure, Fantasy"
2,tt0208874,The Contender,"Drama, Thriller"
4,tt0209144,Memento,"Mystery, Thriller"
3,tt0209163,The Mummy Returns,"Action, Adventure, Fantasy"
1,tt0209475,The Wedding Planner,"Comedy, Romance"
4,tt0209958,The Cell,"Crime, Horror, Sci-Fi"
2,tt0210314,São Jerônimo,"Biography, Drama"
4,tt0210389,Wisconsin Death Trip,"Biography, Crime, Drama"
0,tt0210717,Goya in Bordeaux,"Biography, Drama, War"
3,tt0210945,Remember the Titans,"Biography, Drama, Sport"
2,tt0211492,The Luzhin Defence,"Drama, Romance"
3,tt0211915,Amélie,"Comedy, Romance"
2,tt0211933,Awake,"Crime, Drama, Mystery"
1,tt0212338,Meet the Parents,"Comedy, Romance"
3,tt0212346,Miss Congeniality,"Action, Comedy, Crime"
0,tt0212720,A.I. Artificial Intelligence,"Drama, Sci-Fi"
4,tt0212985,Hannibal,"Crime, Drama, Thriller"
0,tt0213149,Pearl Harbor,"Action, Drama, History"
2,tt0213847,Malena,"Drama, Romance, War"
1,tt0214388,100 Girls,"Comedy, Romance"
4,tt0215750,Enemy at the Gates,"Action, Drama, War"
0,tt0216216,The 6th Day,"Action, Mystery, Sci-Fi"
0,tt0217505,Gangs of New York,"Crime, Drama"
1,tt0217756,Ready to Rumble,"Comedy, Sport"
4,tt0217869,Unbreakable,"Drama, Mystery, Sci-Fi"
2,tt0218317,Hammer the Toff,"Crime, Drama, Film-Noir"
2,tt0218922,Original Sin,"Drama, Mystery, Romance"
3,tt0218967,The Family Man,"Comedy, Drama, Fantasy"
2,tt0219699,The Gift,"Drama, Fantasy, Horror"
1,tt0219965,Bandits,"Comedy, Crime, Drama"
4,tt0220806,Telmisseomding,"Crime, Mystery, Thriller"
2,tt0221027,Blow,"Biography, Crime, Drama"
4,tt0221073,Chopper,"Biography, Crime, Drama"
2,tt0223150,Door,"Horror, Thriller"
2,tt0223413,Wet Sand in August,"Action, Drama"
2,tt0223777,Darker Than Night,"Horror, Mystery, Thriller"
4,tt0224077,The Transgressor,"Drama, Thriller"
4,tt0227445,The Score,"Action, Crime, Drama"
3,tt0227538,Spy Kids,"Action, Adventure, Comedy"
4,tt0227858,Zero Focus,"Crime, Drama, Mystery"
1,tt0228054,Bear with Me,"Adventure, Family"
2,tt0228750,Proof of Life,"Action, Drama, Thriller"
4,tt0228786,The Crimson Rivers,"Crime, Mystery, Thriller"
2,tt0229528,The Legend of Blood Mountain,"Comedy, Crime, Drama"
0,tt0230011,Atlantis: The Lost Empire,"Animation, Action, Adventure"
1,tt0230030,Bedazzled,"Comedy, Fantasy"
2,tt0230412,Khoon Khoon,"Crime, Mystery, Thriller"
0,tt0230597,A Northern Story of Valor,"Drama, History"
4,tt0230600,The Others,"Horror, Mystery, Thriller"
1,tt0230838,Sweet November,"Drama, Romance"
2,tt0231138,Ancient Evil: Scream of the Mummy,Horror
1,tt0231402,Crocodile Dundee in Los Angeles,"Action, Adventure, Comedy"
2,tt0232500,The Fast and the Furious,"Action, Crime, Thriller"
1,tt0232954,Winter Kept Us Warm,"Drama, Romance"
4,tt0233418,Cavale,"Thriller, Crime, Drama"
2,tt0233469,Collateral Damage,"Action, Drama, Thriller"
2,tt0233808,Godmother,"Crime, Drama, Thriller"
0,tt0234215,The Matrix Reloaded,"Action, Sci-Fi"
1,tt0234542,Purab Aur Pachhim,"Drama, Romance"
4,tt0234805,The Legend of Rita,"Drama, History, Romance"
4,tt0235198,Audition,"Drama, Horror, Mystery"
2,tt0235618,The Nine Lives of Tomas Katz,"Comedy, Drama, Fantasy"
1,tt0236027,Flickering Lights,"Action, Comedy, Crime"
2,tt0236493,The Mexican,"Adventure, Comedy, Crime"
2,tt0236640,Prozac Nation,"Biography, Drama, Romance"
2,tt0237295,Hall of Mirrors,"Crime, Mystery, Thriller"
4,tt0237534,Brotherhood of the Wolf,"Action, Adventure, Drama"
2,tt0238080,The Black Cobra 2,"Action, Crime, Drama"
1,tt0238318,It Came from Somewhere Else,"Comedy, Sci-Fi"
0,tt0238380,Equilibrium,"Action, Drama, Sci-Fi"
1,tt0238588,Shadow Magic,"Drama, History, Romance"
2,tt0239594,Marine Battleground,"Drama, War"
2,tt0239655,Monday,"Action, Comedy, Crime"
1,tt0239986,Sidewalks of New York,"Comedy, Romance"
4,tt0240119,Tomie,"Crime, Drama, Horror"
1,tt0240468,Kung Pow: Enter the Fist,"Action, Comedy"
0,tt0240510,The Four Feathers,"Action, Adventure, Drama"
0,tt0240772,Ocean's Eleven,"Crime, Thriller"
1,tt0240890,Serendipity,"Comedy, Romance"
3,tt0241303,Chocolat,"Drama, Romance"
3,tt0241527,Harry Potter and the Sorcerer's Stone,"Adventure, Family, Fantasy"
1,tt0242423,"Dude, Where's My Car?","Comedy, Mystery, Sci-Fi"
2,tt0242445,Exit Wounds,"Action, Crime, Thriller"
1,tt0242519,Hera Pheri,"Action, Comedy, Crime"
2,tt0242601,The Book of Stone,"Drama, Fantasy, Horror"
0,tt0242653,The Matrix Revolutions,"Action, Sci-Fi"
1,tt0242994,Who Knows?,"Comedy, Crime, Drama"
2,tt0243017,Waking Life,"Animation, Drama, Fantasy"
4,tt0243133,The Man Who Wasn't There,"Crime, Drama"
1,tt0243155,Bridget Jones's Diary,"Comedy, Drama, Romance"
1,tt0243462,Mee-Shee: The Water Giant,"Adventure, Family, Fantasy"
3,tt0243585,Stuart Little 2,"Animation, Adventure, Comedy"
2,tt0243609,To End All Wars,"Action, Drama, War"
1,tt0243736,40 Days and 40 Nights,"Comedy, Romance"
2,tt0243759,The American Astronaut,"Musical, Comedy, Sci-Fi"
2,tt0244000,American Outlaws,"Action, Western"
4,tt0244244,Swordfish,"Action, Crime, Thriller"
0,tt0244316,Yi Yi: A One and a Two...,"Drama, Romance"
0,tt0244479,Dark Blue World,"War, Drama, Action"
4,tt0244870,Spiral,"Drama, Fantasy, Horror"
2,tt0245238,Lost and Delirious,"Drama, Romance"
0,tt0245276,The Profession of Arms,"Drama, History, War"
3,tt0245429,Spirited Away,"Animation, Adventure, Family"
2,tt0245562,Windtalkers,"Action, Drama, War"
4,tt0245674,Thir13en Ghosts,"Fantasy, Horror"
4,tt0245712,Amores Perros,"Drama, Thriller"
3,tt0245837,Chunhyang,"Drama, Musical, Romance"
0,tt0245844,The Count of Monte Cristo,"Action, Adventure, Drama"
2,tt0245904,Forgive Me Father,"Crime, Drama, Mystery"
0,tt0246266,The Blackboard,"Drama, War"
0,tt0246460,Die Another Day,"Action, Adventure, Thriller"
4,tt0246578,Donnie Darko,"Drama, Mystery, Sci-Fi"
2,tt0246628,Focus,"Drama, Romance"
1,tt0247444,Juwanna Mann,"Comedy, Drama, Romance"
1,tt0247638,The Princess Diaries,"Comedy, Family, Romance"
1,tt0247745,Super Troopers,"Comedy, Crime, Mystery"
1,tt0247992,Dulhan Hum Le Jayenge,"Comedy, Drama, Romance"
3,tt0248126,Kabhi Khushi Kabhie Gham...,"Drama, Musical, Romance"
2,tt0248640,Hard Cash,"Action, Crime, Thriller"
0,tt0248667,Ali,"Biography, Drama, Sport"
1,tt0249188,Thoovanathumbikal,"Drama, Romance"
2,tt0249218,The Undertaker,Horror
4,tt0249241,Werckmeister Harmonies,"Drama, Mystery"
4,tt0249443,A Chronicle of Corpses,"Drama, Horror"
1,tt0249893,The Price of Milk,"Comedy, Drama, Fantasy"
4,tt0250258,The Experiment,"Drama, Thriller"
1,tt0250494,Legally Blonde,"Comedy, Romance"
1,tt0250687,Rat Race,"Action, Adventure, Comedy"
2,tt0250797,Unfaithful,"Drama, Romance, Thriller"
4,tt0250809,La Virgen de los Sicarios,"Crime, Drama"
1,tt0251075,Evolution,"Comedy, Sci-Fi"
1,tt0251110,Gypsy 83,"Drama, Romance"
1,tt0251127,How to Lose a Guy in 10 Days,"Comedy, Romance"
0,tt0251160,John Q,"Crime, Drama, Thriller"
4,tt0251736,House of 1000 Corpses,Horror
3,tt0251847,Missamma,"Comedy, Drama, Family"
1,tt0252076,Maid in Manhattan,"Comedy, Drama, Romance"
1,tt0252501,Hearts in Atlantis,"Drama, Mystery"
0,tt0253474,The Pianist,"Biography, Drama, Music"
0,tt0253556,Reign of Fire,"Action, Adventure, Fantasy"
0,tt0253754,Star Trek: Nemesis,"Action, Adventure, Sci-Fi"
1,tt0253840,The Triumph of Love,"Comedy, Romance"
0,tt0255713,Zubeidaa,"Biography, Drama, History"
1,tt0255798,The Animal,"Comedy, Sci-Fi"
4,tt0256009,The Devil's Backbone,"Drama, Horror, Thriller"
1,tt0256150,A Little Inside,"Comedy, Drama, Family"
1,tt0256380,Shallow Hal,"Comedy, Drama, Fantasy"
1,tt0256415,Sweet Home Alabama,"Comedy, Romance"
0,tt0257044,Road to Perdition,"Crime, Drama, Thriller"
0,tt0257076,S.W.A.T.,"Action, Adventure, Crime"
1,tt0257106,Scary Movie 2,"Comedy, Horror"
2,tt0257726,Gostanza da Libbiano,"Drama, History"
4,tt0258000,Panic Room,"Crime, Drama, Thriller"
4,tt0258463,The Bourne Identity,"Action, Mystery, Thriller"
1,tt0258470,Bubble Boy,"Adventure, Comedy, Romance"
0,tt0258761,Last Resort,"Drama, Romance"
4,tt0258960,Shinjuku Triad Society,"Crime, Drama, Mystery"
2,tt0259324,Ghost Rider,"Action, Fantasy, Thriller"
2,tt0259352,Les honneurs de la guerre,"Drama, War"
3,tt0259446,My Big Fat Greek Wedding,"Comedy, Drama, Romance"
4,tt0259711,Vanilla Sky,"Fantasy, Mystery, Romance"
4,tt0260991,Joint Security Area,"Action, Drama, Thriller"
1,tt0261552,Banchikwang,"Comedy, Sport"
0,tt0261739,Law of the Border,"Crime, Drama"
2,tt0261980,Sentencia de muerte,"Action, Drama, Thriller"
4,tt0262415,Woman of Fire,"Crime, Drama"
2,tt0263488,Jeepers Creepers,"Horror, Mystery"
1,tt0263734,Men with Brooms,"Comedy, Drama, Romance"
3,tt0263757,Uptown Girls,"Comedy, Drama, Romance"
4,tt0264395,Basic,"Action, Crime, Drama"
0,tt0264464,Catch Me If You Can,"Biography, Crime, Drama"
2,tt0264472,Changing Lanes,"Drama, Thriller"
4,tt0264616,Frailty,"Crime, Drama, Thriller"
1,tt0265018,Ah! My Goddess: The Movie,"Animation, Comedy, Drama"
4,tt0265086,Black Hawk Down,"Action, Drama, History"
1,tt0265087,Black Knight,"Adventure, Comedy, Fantasy"
1,tt0265148,Main Prem Ki Diwani Hoon,"Comedy, Drama, Musical"
1,tt0265171,Elvira's Haunted Hills,"Comedy, Horror"
1,tt0265208,The Girl Next Door,"Comedy, Drama, Romance"
1,tt0265298,Big Fat Liar,"Adventure, Comedy, Family"
2,tt0265349,The Mothman Prophecies,"Drama, Horror, Mystery"
4,tt0265459,One Hour Photo,"Drama, Thriller"
4,tt0265651,Ripley's Game,"Crime, Drama, Mystery"
1,tt0265930,The Last Kiss,"Comedy, Drama, Romance"
4,tt0266308,Battle Royale,"Action, Adventure, Drama"
4,tt0266465,A Man Apart,"Action, Crime, Drama"
3,tt0266543,Finding Nemo,"Animation, Adventure, Comedy"
0,tt0266697,Kill Bill: Vol. 1,"Action, Crime, Drama"
1,tt0266915,Rush Hour 2,"Action, Comedy, Crime"
4,tt0266987,Spy Game,"Action, Crime, Thriller"
1,tt0267116,Wild Zero,"Comedy, Horror, Music"
4,tt0267601,Truth About Demons,"Horror, Thriller, Fantasy"
4,tt0267626,K-19: The Widowmaker,"Drama, History, Thriller"
2,tt0267659,Last Run,"Action, Crime, Thriller"
2,tt0267804,The One,"Action, Sci-Fi, Thriller"
1,tt0267913,Scooby-Doo,"Adventure, Comedy, Family"
3,tt0268380,Ice Age,"Animation, Adventure, Comedy"
3,tt0268397,Jimmy Neutron: Boy Genius,"Animation, Action, Adventure"
0,tt0268695,The Time Machine,"Action, Adventure, Sci-Fi"
0,tt0268978,A Beautiful Mind,"Biography, Drama"
4,tt0269095,City by the Sea,"Crime, Drama, Mystery"
4,tt0269347,The Hunted,"Action, Crime, Drama"
2,tt0270288,Confessions of a Dangerous Mind,"Biography, Comedy, Crime"
2,tt0271027,Kiss of the Dragon,"Action, Crime, Thriller"
2,tt0271136,Quicksand,"Crime, Drama, Thriller"
3,tt0271383,A Dog's Will,"Comedy, Drama, Fantasy"
2,tt0271618,Lyubit...,"Drama, Romance"
2,tt0271972,Arachnid,"Action, Adventure, Horror"
0,tt0272020,The Last Castle,"Action, Drama, Thriller"
2,tt0272152,K-PAX,"Drama, Mystery, Sci-Fi"
1,tt0272338,Punch-Drunk Love,"Comedy, Drama, Romance"
2,tt0272585,Domnisoara Christina,"Horror, Mystery, Thriller"
0,tt0273148,La chambre des officiers,"Drama, Romance, War"
1,tt0274166,Johnny English,"Action, Adventure, Comedy"
0,tt0274558,The Hours,"Drama, Romance"
1,tt0274812,Secretary,"Comedy, Drama, Romance"
1,tt0275022,Crossroads,"Comedy, Drama, Romance"
4,tt0275362,Owls' Castle,"Action, Drama"
2,tt0275773,Versus,"Action, Drama, Fantasy"
3,tt0275847,Lilo & Stitch,"Animation, Adventure, Comedy"
1,tt0276276,Lawless Heart,"Comedy, Drama, Romance"
3,tt0276751,About a Boy,"Comedy, Drama, Romance"
4,tt0276919,Dogville,"Crime, Drama"
0,tt0277296,The Scorpion King,"Action, Adventure, Fantasy"
0,tt0277434,We Were Soldiers,"Action, Drama, History"
1,tt0278028,Seniman bujang lapok,"Comedy, Family, Romance"
1,tt0278488,How High,"Comedy, Fantasy"
3,tt0278500,The Importance of Being Earnest,"Comedy, Drama, Romance"
4,tt0278504,Insomnia,"Drama, Mystery, Thriller"
2,tt0278577,Mukham,"Crime, Mystery, Thriller"
1,tt0279231,Miss Minoes,"Comedy, Family, Fantasy"
2,tt0280523,Carnages,"Comedy, Drama, Romance"
1,tt0280590,Mr. Deeds,"Comedy, Romance"
2,tt0280605,Dirty Deeds,"Comedy, Crime"
2,tt0280609,Dog Soldiers,"Action, Horror, Thriller"
4,tt0280707,Gosford Park,"Comedy, Drama, Mystery"
2,tt0280949,Miranda,"Comedy, Romance, Thriller"
1,tt0281358,A Walk to Remember,"Drama, Romance"
1,tt0281594,Aniyathi Pravu,"Drama, Romance"
1,tt0281646,Khang lang phap,"Drama, Romance"
1,tt0282687,Life or Something Like It,"Comedy, Romance"
1,tt0283111,National Lampoon's Van Wilder,"Comedy, Romance"
3,tt0283426,The Jungle Book 2,"Animation, Adventure, Comedy"
2,tt0283503,Brooklyn Rules,"Crime, Drama"
2,tt0283559,Pressure,"Action, Thriller"
0,tt0284363,Obsluhoval jsem anglického krále,"Comedy, Drama, Romance"
1,tt0284490,Showtime,"Action, Comedy, Crime"
1,tt0284534,Swingers,"Drama, Romance"
4,tt0285169,Twilight Dinner,"Drama, Horror"
4,tt0285492,Cube²: Hypercube,"Horror, Mystery, Sci-Fi"
2,tt0285531,Dreamcatcher,"Drama, Horror, Sci-Fi"
1,tt0285682,Alchemy,"Comedy, Romance"
0,tt0285742,Monster's Ball,"Drama, Romance"
2,tt0285808,Nyi Blorong,"Fantasy, Horror"
2,tt0285823,Once Upon a Time in Mexico,"Action, Crime, Thriller"
0,tt0285906,Pisutoru opera,"Crime, Action, Drama"
0,tt0286106,Signs,"Drama, Mystery, Sci-Fi"
3,tt0286112,Siu Lam juk kau,"Action, Comedy, Fantasy"
3,tt0286499,Bend It Like Beckham,"Comedy, Drama, Romance"
2,tt0286716,Hulk,"Action, Sci-Fi"
3,tt0286788,What a Girl Wants,"Comedy, Drama, Family"
2,tt0286907,Qila,"Drama, Family, Music"
1,tt0287003,A Tale of Two Critters,"Adventure, Family"
2,tt0287467,Talk to Her,"Drama, Mystery, Romance"
3,tt0287717,Spy Kids 2: Island of Lost Dreams,"Action, Adventure, Comedy"
0,tt0287978,Daredevil,"Action, Crime"
2,tt0288260,Tokyo Marigold,Romance
4,tt0288477,Ghost Ship,Horror
4,tt0289043,28 Days Later,"Drama, Horror, Sci-Fi"
4,tt0289765,Red Dragon,"Crime, Drama, Thriller"
1,tt0289848,Analyze That,"Comedy, Crime"
4,tt0289879,The Butterfly Effect,"Drama, Sci-Fi, Thriller"
4,tt0289992,The Life of David Gale,"Crime, Drama, Thriller"
1,tt0290002,Meet the Fockers,"Comedy, Romance"
1,tt0290095,The Tuxedo,"Action, Comedy, Sci-Fi"
0,tt0290334,X2: X-Men United,"Action, Sci-Fi, Thriller"
4,tt0290673,Irreversible,"Crime, Drama, Mystery"
2,tt0290884,Tail Sting,"Action, Adventure, Horror"
1,tt0291183,Fragile as the World,"Drama, Romance"
0,tt0291939,Genghis Khan,Action
3,tt0292490,Dil Chahta Hai,"Comedy, Drama, Romance"
4,tt0292506,The Recruit,"Action, Thriller"
4,tt0292963,Before the Devil Knows You're Dead,"Crime, Drama, Thriller"
4,tt0293113,Dracula: Pages from a Virgin's Diary,"Drama, Horror, Musical"
0,tt0293429,Mortal Kombat,"Action, Adventure, Fantasy"
1,tt0293452,Loco Love,"Comedy, Romance"
0,tt0293508,The Phantom of the Opera,"Drama, Musical, Romance"
1,tt0293564,Rush Hour 3,"Action, Comedy, Crime"
2,tt0293662,The Transporter,"Action, Crime, Thriller"
1,tt0293854,The Little Bear Movie,"Animation, Adventure, Family"
4,tt0294929,Sorum,"Drama, Horror, Mystery"
3,tt0295178,Austin Powers in Goldmember,"Action, Adventure, Comedy"
1,tt0295289,A Guy Thing,"Comedy, Romance"
0,tt0295297,Harry Potter and the Chamber of Secrets,"Adventure, Family, Fantasy"
2,tt0295529,Power Play,"Action, Thriller"
4,tt0295700,Wrong Turn,"Horror, Thriller"
2,tt0295701,xXx,"Action, Adventure, Thriller"
0,tt0296572,The Chronicles of Riddick,"Action, Adventure, Sci-Fi"
1,tt0296696,My Wife Is a Gangster,"Action, Comedy, Crime"
1,tt0296845,Little Secrets,"Comedy, Drama, Family"
2,tt0297162,Half Past Dead,"Action, Crime, Thriller"
0,tt0297721,All About Lily Chou-Chou,"Crime, Drama, Music"
2,tt0297983,Ittefaq,"Action, Comedy, Drama"
4,tt0298130,The Ring,"Horror, Mystery"
3,tt0298148,Shrek 2,"Animation, Adventure, Comedy"
3,tt0298388,Jonah: A VeggieTales Movie,"Animation, Adventure, Comedy"
0,tt0298814,The Core,"Action, Adventure, Sci-Fi"
3,tt0299172,Home on the Range,"Animation, Adventure, Comedy"
1,tt0299213,Waterboys,"Comedy, Sport"
2,tt0299594,Brief Crossing,"Comedy, Drama, Romance"
0,tt0299658,Chicago,"Comedy, Crime, Musical"
0,tt0299977,Hero,"Action, Adventure, Drama"
3,tt0300051,Jersey Girl,"Comedy, Drama, Romance"
1,tt0300471,Shanghai Knights,"Action, Adventure, Comedy"
2,tt0300556,Timeline,"Action, Adventure, Sci-Fi"
2,tt0300620,So Close,"Action, Crime, Thriller"
2,tt0301245,Oesters van Nam Kee,"Drama, Romance"
0,tt0301357,Good Bye Lenin!,"Comedy, Drama, Romance"
2,tt0301394,Hellbound Train,"Crime, Drama, Fantasy"
1,tt0301414,Man on the Train,"Crime, Drama, Thriller"
3,tt0301429,Volcano High,"Action, Comedy, Fantasy"
2,tt0301470,Jeepers Creepers 2,Horror
2,tt0301893,State Property,"Drama, Crime, Action"
2,tt0302545,An Existential Affair,"Drama, Romance"
1,tt0302640,The Hot Chick,"Comedy, Fantasy"
4,tt0302674,Gerry,"Adventure, Drama, Mystery"
2,tt0303010,Savage Messiah,"Drama, Thriller"
2,tt0303243,Happy Times,"Comedy, Drama, Romance"
1,tt0303785,Bollywood/Hollywood,"Romance, Comedy, Drama"
2,tt0303816,Cabin Fever,Horror
0,tt0304141,Harry Potter and the Prisoner of Azkaban,"Adventure, Family, Fantasy"
2,tt0304678,Sex Is Comedy,"Comedy, Drama, Romance"
1,tt0305357,Charlie's Angels: Full Throttle,"Action, Adventure, Comedy"
1,tt0305689,Jab Jab Phool Khile,"Musical, Romance"
1,tt0305711,Just Married,"Comedy, Romance"
1,tt0306069,The Singles Ward,"Comedy, Drama, Romance"
3,tt0306474,Princess Arete,"Animation, Adventure, Drama"
1,tt0307034,Fat Choi Spirit,"Comedy, Romance"
1,tt0307109,The Lost Skeleton of Cadavra,"Comedy, Horror, Sci-Fi"
3,tt0307453,Shark Tale,"Animation, Adventure, Comedy"
4,tt0307479,Solaris,"Drama, Mystery, Romance"
2,tt0307987,Bad Santa,"Comedy, Crime, Drama"
2,tt0308055,Bobby,"Biography, Drama, History"
3,tt0308644,Finding Neverland,"Biography, Drama, Family"
2,tt0309593,Final Destination 2,"Horror, Thriller"
4,tt0309675,"Hesus, rebolusyunaryo","Action, Drama, Sci-Fi"
4,tt0309698,Identity,"Mystery, Thriller"
3,tt0309912,Nicholas Nickleby,"Adventure, Drama, Romance"
2,tt0309987,The Dreamers,"Drama, Romance"
2,tt0310313,A New Life,"Drama, Horror"
4,tt0310357,Willard,"Drama, Horror, Thriller"
1,tt0310712,Bancharamer Bagan,Fantasy
4,tt0310775,Sympathy for Mr. Vengeance,"Crime, Drama, Thriller"
1,tt0310924,Crime Spree,"Action, Comedy, Crime"
0,tt0311113,Master and Commander: The Far Side of the World,"Action, Adventure, Drama"
2,tt0311284,Hitters,"Action, Crime, Drama"
3,tt0311289,Holes,"Adventure, Comedy, Drama"
0,tt0311305,The Beauty of Beauties,"Drama, History"
0,tt0311429,The League of Extraordinary Gentlemen,"Action, Adventure, Fantasy"
3,tt0311913,Chinese Odyssey 2002,"Comedy, Romance"
3,tt0312004,The Curse of the Were-Rabbit,"Animation, Adventure, Comedy"
1,tt0312528,The Cat in the Hat,"Adventure, Comedy, Family"
4,tt0312549,Veronica Guerin,"Biography, Crime, Drama"
2,tt0312565,Choyeon,"Comedy, Drama, Romance"
4,tt0313443,Out of Time,"Crime, Drama, Mystery"
2,tt0313542,Runaway Jury,"Crime, Drama, Thriller"
1,tt0313737,Two Weeks Notice,"Comedy, Romance"
1,tt0314259,El karateca azteca,"Action, Comedy, Family"
3,tt0314331,Love Actually,"Comedy, Drama, Romance"
0,tt0314353,Tears of the Sun,"Action, Drama, Thriller"
0,tt0314412,My Life Without Me,"Drama, Romance"
1,tt0314498,The Perfect Score,"Comedy, Crime, Drama"
2,tt0314734,Sucker Punch,"Comedy, Crime, Drama"
1,tt0314786,The In-Laws,"Action, Comedy, Thriller"
4,tt0315110,Twentynine Palms,"Drama, Horror"
1,tt0315273,Benji: Off the Leash!,"Comedy, Drama, Family"
1,tt0315327,Bruce Almighty,"Comedy, Fantasy"
2,tt0315466,Day of the Sirens,"Action, Thriller"
4,tt0315733,21 Grams,"Crime, Drama, Thriller"
1,tt0315904,Gogyo yalgae,"Comedy, Drama, Family"
4,tt0315983,House of Sand and Fog,"Crime, Drama"
1,tt0316188,Raising Victor Vargas,"Drama, Romance"
0,tt0316356,Open Range,"Action, Drama, Romance"
3,tt0316396,Peter Pan,"Adventure, Family, Fantasy"
0,tt0316654,Spider-Man 2,"Action, Adventure, Sci-Fi"
2,tt0316786,A Touch of Murder,Thriller
1,tt0317198,Bridget Jones: The Edge of Reason,"Comedy, Drama, Romance"
3,tt0317219,Cars,"Animation, Adventure, Comedy"
0,tt0317226,Marooned in Iraq,"Drama, War"
0,tt0317234,Painted Fire,"Biography, Drama, History"
4,tt0317248,City of God,"Crime, Drama"
1,tt0317303,Daddy Day Care,"Comedy, Family"
3,tt0317648,Hidalgo,"Action, Adventure, Biography"
3,tt0317705,The Incredibles,"Animation, Action, Adventure"
0,tt0317740,The Italian Job,"Action, Crime, Thriller"
1,tt0317751,Janwar,"Musical, Romance"
1,tt0317763,Jin nian xia tian,Romance
0,tt0317887,Madame Satã,"Biography, Crime, Drama"
0,tt0317919,Mission: Impossible III,"Action, Adventure, Thriller"
2,tt0317926,Mortuary,Thriller
3,tt0318155,Looney Tunes: Back in Action,"Animation, Adventure, Comedy"
0,tt0318462,The Motorcycle Diaries,"Adventure, Biography, Drama"
2,tt0318627,Resident Evil: Apocalypse,"Action, Horror, Sci-Fi"
1,tt0318649,Sahara,"Action, Adventure, Comedy"
3,tt0319061,Big Fish,"Adventure, Drama, Fantasy"
0,tt0319262,The Day After Tomorrow,"Action, Adventure, Sci-Fi"
3,tt0319343,Elf,"Adventure, Comedy, Family"
1,tt0319836,The Clay Bird,"Drama, History"
1,tt0319901,My Left Eye Sees Ghosts,"Comedy, Fantasy, Romance"
0,tt0320661,Kingdom of Heaven,"Action, Adventure, Drama"
0,tt0320691,Underworld,"Action, Fantasy, Thriller"
2,tt0320708,Vacaciones de terror,"Horror, Mystery, Thriller"
1,tt0321067,Ab Ke Baras,"Action, Romance, Thriller"
2,tt0321442,The Big Empty,"Comedy, Drama, Mystery"
1,tt0322259,2 Fast 2 Furious,"Action, Crime, Thriller"
2,tt0322265,Fearless Hyena 3,Action
4,tt0322289,The Flower of Evil,"Drama, Thriller"
3,tt0322330,Freaky Friday,"Comedy, Family, Fantasy"
0,tt0323279,Molitva za getmana Mazepu,"Drama, History"
1,tt0323572,Chasing Papi,"Comedy, Romance"
1,tt0323633,Melvin Goes to Dinner,"Comedy, Drama, Romance"
3,tt0323642,Piglet's Big Movie,"Animation, Adventure, Comedy"
4,tt0324216,The Texas Chainsaw Massacre,"Crime, Horror"
1,tt0324992,American Cousins,"Crime, Drama"
4,tt0325005,Antikiller,"Action, Crime"
0,tt0325703,Lara Croft Tomb Raider: The Cradle of Life,"Action, Adventure, Fantasy"
0,tt0325710,The Last Samurai,"Action, Drama"
1,tt0325758,Love = (Me)^3,Romance
2,tt0325805,Matchstick Men,"Comedy, Crime, Drama"
0,tt0325980,Pirates of the Caribbean: The Curse of the Black Pearl,"Action, Adventure, Fantasy"
1,tt0326900,Good Boy,"Comedy, Drama, Family"
2,tt0326905,The Great Raid,"Action, Drama, War"
4,tt0327056,Mystic River,"Crime, Drama, Mystery"
3,tt0327084,Over the Hedge,"Animation, Adventure, Comedy"
2,tt0327162,The Stepford Wives,"Comedy, Horror, Sci-Fi"
1,tt0327247,The Whole Ten Yards,"Comedy, Crime, Thriller"
3,tt0327437,Around the World in 80 Days,"Action, Adventure, Comedy"
1,tt0327554,Catwoman,"Action, Crime, Fantasy"
0,tt0327597,Coraline,"Animation, Drama, Family"
3,tt0327679,Ella Enchanted,"Comedy, Family, Fantasy"
1,tt0327850,The Rundown,"Action, Adventure, Comedy"
4,tt0328107,Man on Fire,"Action, Crime, Drama"
4,tt0328354,Sanbul,"Drama, War"
3,tt0328880,Brother Bear,"Animation, Adventure, Comedy"
2,tt0329101,Freddy vs. Jason,"Action, Horror"
2,tt0329111,Strayed,"Drama, Romance, War"
3,tt0329575,Seabiscuit,"Drama, History, Sport"
1,tt0329717,Hollywood Homicide,"Action, Comedy, Crime"
2,tt0329774,xXx: State of the Union,"Action, Adventure, Crime"
1,tt0330136,Charly,"Comedy, Drama, Romance"
0,tt0330373,Harry Potter and the Goblet of Fire,"Adventure, Family, Fantasy"
4,tt0330536,A Colt Is My Passport,"Action, Crime"
4,tt0330793,The Punisher,"Action, Crime, Drama"
4,tt0330904,A Snake of June,"Drama, Horror, Mystery"
2,tt0331468,Cold Creek Manor,"Drama, Mystery, Thriller"
3,tt0332280,The Notebook,"Drama, Romance"
1,tt0333766,Garden State,"Comedy, Drama, Romance"
1,tt0334725,Wondrous Oblivion,"Comedy, Drama, Family"
2,tt0334987,Casus Kiran,"Adventure, Fantasy"
1,tt0335013,The Company,"Drama, Music, Romance"
0,tt0335119,Girl with a Pearl Earring,"Biography, Drama, Romance"
2,tt0335245,The Ladykillers,"Comedy, Crime, Thriller"
1,tt0335438,Starsky & Hutch,"Comedy, Crime"
3,tt0337563,13 Going on 30,"Comedy, Fantasy, Romance"
1,tt0337697,The Prince and Me,"Comedy, Family, Romance"
1,tt0337741,Something's Gotta Give,"Comedy, Drama, Romance"
1,tt0337887,Confessions of an Action Star,"Action, Comedy, Musical"
1,tt0337917,Catch That Kid,"Action, Adventure, Comedy"
2,tt0337921,Cellular,"Action, Crime, Thriller"
2,tt0337930,Nicotina,"Action, Comedy, Crime"
1,tt0337960,Danny Deckchair,"Comedy, Romance"
2,tt0337961,In My Skin,"Drama, Horror"
0,tt0337978,Live Free or Die Hard,"Action, Thriller"
0,tt0338013,Eternal Sunshine of the Spotless Mind,"Drama, Romance, Sci-Fi"
1,tt0338077,Grind,"Adventure, Comedy, Sport"
4,tt0338095,High Tension,Horror
4,tt0338337,Paycheck,"Action, Mystery, Sci-Fi"
3,tt0338348,The Polar Express,"Animation, Adventure, Comedy"
3,tt0338459,Spy Kids 3: Game Over,"Action, Adventure, Comedy"
0,tt0338526,Van Helsing,"Action, Adventure, Fantasy"
4,tt0338564,Infernal Affairs,"Action, Crime, Drama"
4,tt0338706,Alexandra's Project,"Drama, Mystery, Thriller"
0,tt0338751,The Aviator,"Biography, Drama"
1,tt0338977,Games of Love and Chance,"Comedy, Drama, Romance"
1,tt0339002,Final Draft,"Comedy, Drama, Romance"
0,tt0339291,A Series of Unfortunate Events,"Adventure, Comedy, Family"
4,tt0339357,The Story of Marie and Julien,"Drama, Fantasy, Mystery"
1,tt0340012,Being Julia,"Comedy, Drama, Romance"
4,tt0340163,Hostage,"Action, Crime, Drama"
4,tt0340855,Monster,"Biography, Crime, Drama"
2,tt0341376,Gettin' Square,"Comedy, Crime, Thriller"
2,tt0341503,5 Pattern Dragon Claws,"Action, Drama"
0,tt0342258,Unleashed,"Action, Crime, Drama"
1,tt0342844,Nuda v Brne,"Comedy, Drama, Romance"
4,tt0342882,The PianoTuner of EarthQuakes,"Animation, Drama, Family"
1,tt0343135,Along Came Polly,"Comedy, Romance"
1,tt0343660,50 First Dates,"Comedy, Drama, Romance"
4,tt0343737,The Good Shepherd,"Drama, History, Thriller"
0,tt0343818,"I, Robot","Action, Mystery, Sci-Fi"
0,tt0344510,A Very Long Engagement,"Drama, Mystery, Romance"
2,tt0344568,Wo men hai pa,"Drama, Romance"
3,tt0344854,Arthur and the Invisibles,"Animation, Adventure, Comedy"
4,tt0345061,Code 46,"Drama, Romance, Sci-Fi"
2,tt0345549,Last Life in the Universe,"Comedy, Drama, Romance"
3,tt0345950,The SpongeBob SquarePants Movie,"Animation, Adventure, Comedy"
0,tt0346156,Sky Captain and the World of Tomorrow,"Action, Adventure, Mystery"
0,tt0346491,Alexander,"Action, Biography, Drama"
4,tt0346800,Cowards Bend the Knee,"Drama, Romance"
4,tt0347048,Head-On,"Drama, Romance"
3,tt0347149,Howl's Moving Castle,"Animation, Adventure, Family"
2,tt0347288,Second Search,Adventure
3,tt0347304,Kal Ho Naa Ho,"Comedy, Drama, Musical"
4,tt0347332,Khakee,"Action, Crime, Drama"
1,tt0347449,Luna de Avellaneda,"Comedy, Drama, Sport"
0,tt0348150,Superman Returns,"Action, Adventure, Sci-Fi"
2,tt0348505,Asylum,"Drama, Romance, Thriller"
4,tt0348836,Gothika,"Horror, Mystery, Thriller"
1,tt0349205,Cheaper by the Dozen,"Comedy, Family"
0,tt0349683,King Arthur,"Action, Adventure, Drama"
1,tt0349724,Liang Shanbo yu Zhu Yingtai,"Fantasy, Musical, Romance"
0,tt0349903,Ocean's Twelve,"Crime, Thriller"
2,tt0350128,Slaughterhouse of the Rising Sun,"Comedy, Horror"
3,tt0350258,Ray,"Biography, Drama, Music"
3,tt0351283,Madagascar,"Animation, Adventure, Comedy"
2,tt0351936,V dvizhenii,"Crime, Drama, Romance"
2,tt0351977,Walking Tall,"Action, Crime"
2,tt0352149,Akai hankachi,"Action, Crime"
0,tt0352248,Cinderella Man,"Biography, Drama, Romance"
2,tt0352615,Nan zheng bei zhan,War
1,tt0353935,Ramji Rao Speaking,"Comedy, Thriller"
4,tt0353969,Memories of Murder,"Crime, Drama, Mystery"
2,tt0354490,Ballroom,"Drama, Mystery"
1,tt0354899,The Science of Sleep,"Comedy, Drama, Fantasy"
0,tt0355295,The Brothers Grimm,"Action, Adventure, Comedy"
3,tt0356470,A Cinderella Story,"Comedy, Family, Romance"
2,tt0356614,Foolproof,"Action, Comedy, Crime"
4,tt0356618,The Forgotten,"Drama, Mystery, Sci-Fi"
1,tt0356634,Garfield,"Animation, Adventure, Comedy"
3,tt0356680,The Family Stone,"Comedy, Drama, Romance"
2,tt0356910,Mr. & Mrs. Smith,"Action, Comedy, Crime"
2,tt0357277,Elektra,"Action, Adventure, Crime"
3,tt0358082,Robots,"Animation, Adventure, Comedy"
2,tt0358181,Feng qi yun yong dou kuang lung,Action
3,tt0358273,Walk the Line,"Biography, Drama, Music"
2,tt0358590,A Thousand Clouds of Peace,"Drama, Romance"
2,tt0359013,Blade: Trinity,"Action, Horror, Sci-Fi"
3,tt0359950,The Secret Life of Walter Mitty,"Adventure, Comedy, Drama"
4,tt0360130,Undertow,"Drama, Thriller"
1,tt0360201,Wimbledon,"Comedy, Romance, Sport"
0,tt0360486,Constantine,"Action, Fantasy, Horror"
0,tt0360717,King Kong,"Action, Adventure, Drama"
2,tt0361309,We Don't Live Here Anymore,"Drama, Romance"
3,tt0361411,Bride & Prejudice,"Comedy, Drama, Musical"
1,tt0361500,Delgo,"Animation, Adventure, Comedy"
1,tt0361620,First Daughter,"Comedy, Drama, Romance"
1,tt0361661,Gongofer,"Comedy, Horror, Mystery"
4,tt0361668,Gozu,"Crime, Drama, Horror"
0,tt0361748,Inglourious Basterds,"Adventure, Drama, War"
1,tt0361763,James Batman,"Sci-Fi, Comedy, Action"
4,tt0361862,The Machinist,"Drama, Thriller"
2,tt0362209,Susan Hero,"Drama, Romance, Sci-Fi"
3,tt0362227,The Terminal,"Comedy, Drama, Romance"
0,tt0362270,The Life Aquatic with Steve Zissou,"Action, Adventure, Comedy"
4,tt0362478,The Box,"Drama, Mystery, Thriller"
4,tt0363163,Downfall,"Biography, Drama, History"
3,tt0363282,New York Minute,"Comedy, Crime, Family"
4,tt0363547,Dawn of the Dead,"Action, Horror"
4,tt0363589,Elephant,"Crime, Drama, Thriller"
3,tt0363771,"The Chronicles of Narnia: The Lion, the Witch and the Wardrobe","Adventure, Family, Fantasy"
4,tt0363988,Secret Window,"Drama, Mystery, Thriller"
4,tt0364045,Taking Lives,"Crime, Mystery, Thriller"
2,tt0364385,Ju-on: The Grudge,Horror
1,tt0364517,Love Me If You Dare,"Comedy, Drama, Romance"
4,tt0364569,Oldboy,"Action, Drama, Mystery"
1,tt0364725,Dodgeball: A True Underdog Story,"Comedy, Sport"
2,tt0364955,Art School Confidential,"Comedy, Drama, Romance"
4,tt0364961,The Assassination of Richard Nixon,"Biography, Crime, Drama"
0,tt0364970,Babylon A.D.,"Action, Adventure, Sci-Fi"
4,tt0365376,A Tale of Two Sisters,"Drama, Horror, Mystery"
4,tt0365686,Revolver,"Action, Crime, Drama"
4,tt0365737,Syriana,"Drama, Thriller"
0,tt0365748,Shaun of the Dead,"Comedy, Horror"
1,tt0365830,Tenacious D in the Pick of Destiny,"Adventure, Comedy, Music"
4,tt0365907,A Walk Among the Tombstones,"Action, Crime, Drama"
3,tt0366548,Happy Feet,"Animation, Adventure, Comedy"
1,tt0366551,Harold & Kumar Go to White Castle,"Adventure, Comedy"
4,tt0366627,The Jacket,"Drama, Fantasy, Mystery"
3,tt0366777,Millions,"Comedy, Crime, Drama"
1,tt0366920,Pride and Prejudice,"Comedy, Romance"
1,tt0367088,Spymate,"Adventure, Comedy, Family"
3,tt0367594,Charlie and the Chocolate Factory,"Adventure, Comedy, Family"
0,tt0367882,Indiana Jones and the Kingdom of the Crystal Skull,"Action, Adventure"
4,tt0367959,Hannibal Rising,"Adventure, Crime, Drama"
4,tt0368008,The Manchurian Candidate,"Drama, Mystery, Sci-Fi"
4,tt0368447,The Village,"Drama, Mystery, Thriller"
3,tt0368667,Interstella 5555: The 5tory of the 5ecret 5tar 5ystem,"Animation, Adventure, Music"
1,tt0368709,Elizabethtown,"Comedy, Drama, Romance"
1,tt0368891,National Treasure,"Action, Adventure, Mystery"
0,tt0368909,Ong-Bak: The Thai Warrior,"Action, Crime, Thriller"
3,tt0368933,The Princess Diaries 2: Royal Engagement,"Comedy, Family, Romance"
2,tt0369226,Alone in the Dark,"Action, Horror, Sci-Fi"
2,tt0369338,Les coeurs héroïques,"Drama, Family"
4,tt0369339,Collateral,"Action, Crime, Drama"
1,tt0369436,Four Christmases,"Comedy, Drama, Romance"
1,tt0369441,Fun with Dick and Jane,"Comedy, Crime"
0,tt0369610,Jurassic World,"Action, Adventure, Sci-Fi"
4,tt0369666,Lihim ni Madonna,"Drama, Horror"
0,tt0369702,The Sea Inside,"Biography, Drama"
1,tt0369735,Monster-in-Law,"Comedy, Romance"
2,tt0370032,Ultraviolet,"Action, Sci-Fi"
0,tt0370263,Alien vs. Predator,"Action, Adventure, Horror"
2,tt0371008,Nine Lives,"Drama, Romance"
1,tt0371246,Spanglish,"Comedy, Drama, Romance"
4,tt0371257,Stay,"Drama, Mystery, Thriller"
4,tt0371280,Crimson Gold,"Crime, Drama, Thriller"
3,tt0371606,Chicken Little,"Animation, Adventure, Comedy"
3,tt0371724,The Hitchhiker's Guide to the Galaxy,"Adventure, Comedy, Sci-Fi"
0,tt0371746,Iron Man,"Action, Adventure, Sci-Fi"
4,tt0372183,The Bourne Supremacy,"Action, Mystery, Thriller"
0,tt0372588,Team America: World Police,"Action, Comedy"
2,tt0372761,Child of Sorrow,"Crime, Drama"
2,tt0372782,Baramnan gajok,"Drama, Romance"
0,tt0372784,Batman Begins,"Action, Crime, Drama"
1,tt0372873,Dragon Wars: D-War,"Action, Drama, Fantasy"
3,tt0373051,Journey to the Center of the Earth,"Action, Adventure, Family"
3,tt0373074,Kung Fu Hustle,"Action, Comedy, Fantasy"
2,tt0373283,Saints and Soldiers,"Action, Drama, War"
1,tt0373445,The Wendell Baker Story,"Comedy, Drama, Romance"
2,tt0373469,Kiss Kiss Bang Bang,"Comedy, Crime, Mystery"
2,tt0373760,"Cinema, Aspirins and Vultures","Adventure, Drama"
4,tt0373883,Halloween,Horror
0,tt0373889,Harry Potter and the Order of the Phoenix,"Action, Adventure, Family"
4,tt0373926,The Interpreter,"Crime, Mystery, Thriller"
1,tt0374277,Touch of Pink,"Drama, Comedy, Romance"
1,tt0374536,Bewitched,"Comedy, Fantasy, Romance"
0,tt0374546,"Spring, Summer, Fall, Winter... and Spring","Drama, Romance"
1,tt0375063,Sideways,"Comedy, Drama, Romance"
4,tt0375679,Crash,"Crime, Drama, Thriller"
4,tt0375912,Layer Cake,"Action, Crime, Drama"
3,tt0376105,Racing Stripes,"Adventure, Comedy, Drama"
1,tt0376242,Temptation Island,"Adventure, Comedy, Fantasy"
2,tt0376541,Closer,"Drama, Romance"
0,tt0376994,X-Men: The Last Stand,"Action, Adventure, Sci-Fi"
2,tt0377107,Proof,"Drama, Mystery"
4,tt0377109,The Ring Two,"Horror, Mystery"
1,tt0377471,Be Cool,"Comedy, Crime, Music"
2,tt0377744,A Day Without a Mexican,"Comedy, Drama, Fantasy"
1,tt0377834,Días de fútbol,"Adventure, Comedy, Sport"
2,tt0378109,Into the Blue,"Action, Adventure, Crime"
4,tt0378194,Kill Bill: Vol. 2,"Action, Crime, Thriller"
4,tt0379370,Maqbool,"Crime, Drama, Thriller"
4,tt0379725,Capote,"Biography, Crime, Drama"
0,tt0379786,Serenity,"Action, Adventure, Sci-Fi"
1,tt0379865,Leatherheads,"Comedy, Drama, Romance"
1,tt0380389,Goal!,"Drama, Romance, Sport"
4,tt0380510,The Lovely Bones,"Drama, Fantasy, Thriller"
1,tt0380623,The Perfect Man,"Comedy, Family, Romance"
0,tt0381061,Casino Royale,"Action, Adventure, Thriller"
2,tt0381392,Ma mère,"Drama, Romance"
0,tt0381668,Tropical Malady,"Drama, Fantasy, Romance"
1,tt0381681,Before Sunset,"Drama, Romance"
1,tt0381707,White Chicks,"Comedy, Crime"
0,tt0381849,3:10 to Yuma,"Action, Crime, Drama"
4,tt0382077,Hide and Seek,"Horror, Mystery"
1,tt0382189,My Summer of Love,"Drama, Romance"
4,tt0382625,The Da Vinci Code,"Mystery, Thriller"
4,tt0382628,Dark Water,"Drama, Horror, Mystery"
1,tt0382912,Pluk van de Petteflet,"Family, Fantasy, Musical"
3,tt0382932,Ratatouille,"Animation, Adventure, Comedy"
2,tt0382992,Stealth,"Action, Adventure, Sci-Fi"
1,tt0383216,The Pink Panther,"Adventure, Comedy, Crime"
0,tt0383574,Pirates of the Caribbean: Dead Man's Chest,"Action, Adventure, Fantasy"
3,tt0384116,G.O.R.A.,"Adventure, Comedy, Sci-Fi"
4,tt0384537,Silent Hill,"Horror, Mystery"
2,tt0384538,Sinkhole,Thriller
2,tt0384806,The Amityville Horror,Horror
2,tt0385002,Hooligans,"Crime, Drama, Sport"
0,tt0385004,House of Flying Daggers,"Action, Adventure, Drama"
4,tt0385017,In My Father's Den,"Drama, Mystery, Thriller"
1,tt0385307,Miss Congeniality 2: Armed & Fabulous,"Action, Comedy, Crime"
3,tt0385752,The Golden Compass,"Adventure, Family, Fantasy"
3,tt0385880,Monster House,"Animation, Comedy, Family"
2,tt0385969,Pursued,"Drama, Thriller"
0,tt0386005,New Police Story,"Action, Crime, Thriller"
3,tt0386117,Where the Wild Things Are,"Adventure, Drama, Family"
3,tt0386140,The Legend of Zorro,"Action, Adventure, Romance"
1,tt0386588,Hitch,"Comedy, Romance"
0,tt0387131,The Constant Gardener,"Drama, Mystery, Romance"
4,tt0387564,Saw,"Horror, Mystery, Thriller"
0,tt0387808,Idiocracy,"Adventure, Comedy, Sci-Fi"
4,tt0387877,The Black Dahlia,"Crime, Drama, Mystery"
4,tt0387898,Caché (Hidden),"Drama, Mystery, Thriller"
1,tt0388125,In Her Shoes,"Comedy, Drama, Romance"
2,tt0388213,Loverboy,"Drama, Romance"
2,tt0388482,Transporter 2,"Action, Crime, Thriller"
0,tt0388795,Brokeback Mountain,"Drama, Romance"
1,tt0388884,El destino no tiene favoritos,"Romance, Comedy"
2,tt0389052,The Flower in Hell,"Crime, Drama, Romance"
4,tt0389557,Black Book,"Drama, Thriller, War"
4,tt0389722,30 Days of Night,"Action, Adventure, Horror"
3,tt0389790,Bee Movie,"Animation, Adventure, Comedy"
2,tt0389828,C.S.A.: The Confederate States of America,"Comedy, Drama, War"
1,tt0389860,Click,"Comedy, Drama, Fantasy"
1,tt0390022,Friday Night Lights,"Action, Drama, Sport"
4,tt0390384,Primer,"Drama, Sci-Fi, Thriller"
2,tt0391198,The Grudge,"Horror, Mystery, Thriller"
1,tt0391229,I Want Someone to Eat Cheese With,"Comedy, Romance"
1,tt0391304,A Lot Like Love,"Comedy, Drama, Romance"
4,tt0393109,Brick,"Crime, Drama, Mystery"
1,tt0393162,Coach Carter,"Biography, Drama, Sport"
0,tt0395169,Hotel Rwanda,"Biography, Drama, History"
3,tt0395251,The Producers,"Comedy, Crime, Musical"
4,tt0395584,The Devil's Rejects,"Crime, Horror, Western"
1,tt0395699,The Pacifier,"Action, Comedy, Drama"
4,tt0396171,Perfume: The Story of a Murderer,"Crime, Drama, Fantasy"
1,tt0396269,Wedding Crashers,"Comedy, Romance"
3,tt0396555,Meet the Robinsons,"Animation, Adventure, Comedy"
2,tt0396688,The King,"Drama, Thriller"
3,tt0396752,Nanny McPhee,"Comedy, Family, Fantasy"
2,tt0396816,Posledniy poezd,"Drama, War"
1,tt0397044,Blood and Chocolate,"Drama, Fantasy, Horror"
4,tt0397065,House of Wax,"Horror, Thriller"
1,tt0397078,Just My Luck,"Comedy, Fantasy, Romance"
4,tt0397101,The Skeleton Key,"Drama, Horror, Mystery"
1,tt0397103,Smile,"Adventure, Drama"
1,tt0397313,Eight Below,"Adventure, Drama, Family"
3,tt0397535,Memoirs of a Geisha,"Drama, Romance"
3,tt0397892,Bolt,"Animation, Adventure, Comedy"
4,tt0398017,Derailed,"Crime, Drama, Thriller"
1,tt0398165,The Longest Yard,"Comedy, Crime, Sport"
3,tt0398286,Tangled,"Animation, Adventure, Comedy"
4,tt0398712,Assault on Precinct 13,"Action, Crime, Drama"
3,tt0398808,Bridge to Terabithia,"Drama, Family, Fantasy"
4,tt0399146,A History of Violence,"Action, Crime, Drama"
0,tt0399201,The Island,"Action, Sci-Fi, Thriller"
4,tt0399295,Lord of War,"Crime, Drama"
3,tt0400497,Herbie Fully Loaded,"Adventure, Comedy, Family"
3,tt0400717,Open Season,"Animation, Adventure, Comedy"
0,tt0401383,The Diving Bell and the Butterfly,"Biography, Drama"
3,tt0401445,A Good Year,"Comedy, Drama, Romance"
1,tt0401711,"Paris, je t'aime","Comedy, Drama, Romance"
0,tt0401729,John Carter,"Action, Adventure, Sci-Fi"
4,tt0401792,Sin City,"Crime, Thriller"
0,tt0401855,Underworld: Evolution,"Action, Fantasy, Thriller"
0,tt0402022,Æon Flux,"Action, Adventure, Sci-Fi"
2,tt0402230,The Great New Wonderful,"Comedy, Drama, Romance"
0,tt0402399,The New World,"Biography, Drama, History"
2,tt0402901,The Cave,"Adventure, Horror, Sci-Fi"
1,tt0403508,The Sisterhood of the Traveling Pants,"Comedy, Drama, Romance"
1,tt0403702,Youth in Revolt,"Adult, Comedy, Drama"
2,tt0403885,Death Valley: The Revenge of Bloody Bill,"Drama, Horror, Thriller"
4,tt0404032,The Exorcism of Emily Rose,"Drama, Horror, Thriller"
2,tt0404163,Even Money,"Crime, Drama"
2,tt0404203,Little Children,"Drama, Romance"
4,tt0404390,Running Scared,"Action, Crime, Drama"
1,tt0405022,House of Boys,"Drama, Music, Romance"
4,tt0405094,The Lives of Others,"Drama, Mystery, Thriller"
0,tt0405159,Million Dollar Baby,"Drama, Sport"
4,tt0405296,A Scanner Darkly,"Animation, Comedy, Crime"
3,tt0405325,Sky High,"Action, Comedy, Family"
1,tt0405422,The 40-Year-Old Virgin,"Comedy, Romance"
0,tt0405508,Rang De Basanti,"Comedy, Crime, Drama"
2,tt0405676,All the King's Men,"Drama, Thriller"
3,tt0406375,Zathura: A Space Adventure,"Action, Adventure, Comedy"
2,tt0406377,Zoku ôoka seidan mazohe daiichi,Action
1,tt0406816,The Guardian,"Action, Adventure, Drama"
0,tt0407304,War of the Worlds,"Action, Adventure, Sci-Fi"
4,tt0407887,The Departed,"Crime, Drama, Thriller"
4,tt0408236,Sweeney Todd: The Demon Barber of Fleet Street,"Drama, Horror, Musical"
0,tt0408281,"The Tulse Luper Suitcases, Part 2: Vaux to the Sea","Adventure, Biography, Comedy"
4,tt0408306,Munich,"Action, Drama, History"
4,tt0408790,Flightplan,"Drama, Mystery, Thriller"
2,tt0408828,Guy X,"Comedy, War"
1,tt0408839,The Heartbreak Kid,"Comedy, Romance"
1,tt0408985,Last Holiday,"Comedy, Romance"
0,tt0409182,Poseidon,"Action, Adventure, Thriller"
4,tt0409459,Watchmen,"Action, Drama, Mystery"
1,tt0409838,Come Away Home,"Drama, Family"
0,tt0409847,Cowboys & Aliens,"Action, Sci-Fi, Thriller"
1,tt0410297,The Lake House,"Drama, Fantasy, Romance"
1,tt0410377,Nim's Island,"Adventure, Comedy, Drama"
1,tt0410454,The Work and the Glory,"Romance, Drama"
4,tt0411061,88 Minutes,"Crime, Drama, Mystery"
0,tt0411477,Hellboy II: The Golden Army,"Action, Adventure, Fantasy"
2,tt0412019,Broken Flowers,"Comedy, Drama, Mystery"
3,tt0412080,The World's Fastest Indian,"Biography, Drama, Sport"
1,tt0413015,Mrs. Henderson Presents,"Comedy, Drama, Music"
3,tt0413099,Evan Almighty,"Comedy, Family, Fantasy"
3,tt0413267,Shrek the Third,"Animation, Adventure, Comedy"
0,tt0413300,Spider-Man 3,"Action, Adventure, Sci-Fi"
1,tt0413879,Cake,"Comedy, Romance"
0,tt0414055,Elizabeth: The Golden Age,"Biography, Drama, History"
2,tt0414161,Intermedio,"Horror, Thriller"
3,tt0414387,Pride & Prejudice,"Drama, Romance"
0,tt0414852,District B13,"Action, Crime, Sci-Fi"
4,tt0414982,Final Destination 3,"Horror, Thriller"
0,tt0414993,The Fountain,"Drama, Mystery, Romance"
2,tt0415023,Vinterkyss,"Drama, Mystery, Thriller"
4,tt0415127,The Man from London,"Crime, Drama, Mystery"
3,tt0415306,Talladega Nights: The Ballad of Ricky Bobby,"Comedy, Sport"
2,tt0415833,Hate Crime,"Crime, Drama, Mystery"
1,tt0415965,Martian Child,"Comedy, Drama, Family"
3,tt0416236,The Spiderwick Chronicles,"Action, Adventure, Drama"
4,tt0416315,Wolf Creek,"Horror, Thriller"
4,tt0416320,Match Point,"Drama, Romance, Thriller"
0,tt0416449,300,"Action, Drama"
1,tt0416508,Becoming Jane,"Biography, Drama, Romance"
2,tt0417148,Snakes on a Plane,"Action, Adventure, Crime"
0,tt0417225,Idlewild,"Crime, Drama, Musical"
1,tt0417433,Annapolis,"Drama, Romance, Sport"
2,tt0417658,Factotum,"Comedy, Drama, Romance"
0,tt0417741,Harry Potter and the Half-Blood Prince,"Action, Adventure, Family"
0,tt0417976,Wu ji,"Action, Drama, Fantasy"
0,tt0418279,Transformers,"Action, Adventure, Sci-Fi"
0,tt0418689,Flags of Our Fathers,"Action, Adventure, Drama"
2,tt0418763,Jarhead,"Biography, Drama, War"
4,tt0418819,Land of the Dead,"Horror, Sci-Fi, Thriller"
1,tt0418832,Lie with Me,"Drama, Romance"
2,tt0419449,Antares,"Drama, Romance"
2,tt0419706,Doom,"Action, Horror, Sci-Fi"
2,tt0419766,Garçon stupide,"Comedy, Drama, Romance"
2,tt0420090,Private,"Drama, War"
3,tt0420223,Stranger Than Fiction,"Comedy, Drama, Fantasy"
2,tt0420227,Street Tales of Terror,Horror
3,tt0420238,The Tale of Despereaux,"Animation, Adventure, Comedy"
4,tt0420294,The Texas Chainsaw Massacre: The Beginning,"Horror, Thriller"
2,tt0421054,Domino,"Action, Biography, Crime"
4,tt0421073,Street Kings,"Action, Crime, Thriller"
4,tt0421082,Control,"Biography, Drama, Music"
1,tt0421206,Gridiron Gang,"Biography, Crime, Drama"
2,tt0421239,Red Eye,Thriller
3,tt0421715,The Curious Case of Benjamin Button,"Drama, Fantasy, Romance"
3,tt0422093,Diary of a Mad Black Woman,"Comedy, Drama, Romance"
0,tt0422720,Marie Antoinette,"Biography, Drama, History"
3,tt0423294,Surf's Up,"Animation, Adventure, Comedy"
2,tt0423866,3-Iron,"Crime, Drama, Romance"
1,tt0423977,Charlie Bartlett,"Comedy, Drama, Romance"
3,tt0424095,Flushed Away,"Animation, Action, Adventure"
4,tt0424136,Hard Candy,"Drama, Thriller"
0,tt0424205,Joyeux Noel,"Drama, History, Music"
1,tt0425061,Get Smart,"Action, Adventure, Comedy"
0,tt0425112,Hot Fuzz,"Action, Comedy, Mystery"
1,tt0425123,Just Like Heaven,"Comedy, Drama, Fantasy"
4,tt0425210,Lucky Number Slevin,"Crime, Drama, Thriller"
1,tt0425326,Outsourced,"Comedy, Drama, Romance"
3,tt0425413,Run Fatboy Run,"Comedy, Romance, Sport"
1,tt0426275,Umizaru,"Action, Drama"
1,tt0426592,Superhero Movie,"Action, Comedy, Sci-Fi"
1,tt0426615,In the Mix,"Comedy, Crime, Drama"
4,tt0426883,Alpha Dog,"Biography, Crime, Drama"
1,tt0427229,Failure to Launch,"Comedy, Romance"
0,tt0427309,The Great Debaters,"Biography, Drama, Romance"
3,tt0427327,Hairspray,"Comedy, Drama, Musical"
4,tt0427392,The Invasion,"Sci-Fi, Thriller"
2,tt0427524,Mera Lahoo,"Action, Crime, Drama"
2,tt0427580,Mécanix,"Animation, Fantasy, Horror"
2,tt0427954,The Protector,"Action, Crime, Drama"
2,tt0427969,Hollywoodland,"Biography, Crime, Drama"
2,tt0428251,Venom,Horror
0,tt0429493,The A-Team,"Action, Adventure, Thriller"
2,tt0430105,Four Brothers,"Action, Crime, Drama"
1,tt0430216,The Impossible Kid,"Action, Comedy"
4,tt0430357,Miami Vice,"Action, Adventure, Crime"
4,tt0430912,Basic Instinct 2,"Drama, Mystery, Thriller"
4,tt0431197,The Kingdom,"Action, Drama, Thriller"
2,tt0431265,Metamorphosis,"Fantasy, Horror, Thriller"
1,tt0431308,P.S. I Love You,"Comedy, Drama, Romance"
2,tt0431979,Le petit lieutenant,"Crime, Drama"
2,tt0432006,Puppy,"Comedy, Drama, Horror"
4,tt0432021,Resident Evil: Extinction,"Action, Horror, Sci-Fi"
3,tt0432283,Fantastic Mr. Fox,"Animation, Adventure, Comedy"
1,tt0432325,The Cave of the Yellow Dog,"Drama, Family"
4,tt0432348,Saw II,"Horror, Mystery"
3,tt0433035,Real Steel,"Action, Drama, Sci-Fi"
4,tt0433362,Daybreakers,"Action, Horror, Sci-Fi"
0,tt0433383,"Good Night, and Good Luck.","Biography, Drama, History"
2,tt0433386,The Grudge 2,"Horror, Thriller"
4,tt0433387,Harsh Times,"Action, Crime, Drama"
1,tt0433400,Just Friends,"Comedy, Romance"
2,tt0433425,Parzania,"Drama, History"
2,tt0434139,The Last Kiss,"Comedy, Drama, Romance"
0,tt0434409,V for Vendetta,"Action, Drama, Sci-Fi"
1,tt0434424,Undiscovered,"Comedy, Music, Romance"
2,tt0434762,Ab-normal Beauty,"Drama, Horror"
4,tt0435625,The Descent,"Adventure, Horror, Thriller"
0,tt0435651,The Giver,"Drama, Romance, Sci-Fi"
2,tt0435705,Next,"Action, Sci-Fi, Thriller"
3,tt0435761,Toy Story 3,"Animation, Adventure, Comedy"
0,tt0436697,The Queen,"Biography, Drama"
0,tt0437086,Alita: Battle Angel,"Action, Adventure, Sci-Fi"
2,tt0437468,Sangkuriang,"Adventure, Fantasy, Romance"
3,tt0438097,Ice Age: The Meltdown,"Animation, Adventure, Comedy"
0,tt0438488,Terminator Salvation,"Action, Adventure, Sci-Fi"
1,tt0439478,Boynton Beach Club,"Comedy, Romance"
2,tt0439815,Slither,"Comedy, Horror, Sci-Fi"
0,tt0440963,The Bourne Ultimatum,"Action, Mystery, Thriller"
2,tt0441035,Crooked,Action
3,tt0441773,Kung Fu Panda,"Animation, Action, Adventure"
0,tt0442933,Beowulf,"Animation, Action, Adventure"
0,tt0443272,Lincoln,"Biography, Drama, History"
2,tt0443274,Vantage Point,"Action, Crime, Drama"
2,tt0443435,Autopsy,"Horror, Mystery, Thriller"
4,tt0443455,Brand Upon the Brain!,"Comedy, Drama, Fantasy"
1,tt0443474,Crazy,"Biography, Drama, Music"
2,tt0443480,Dementia: An Experiment in Terror,Horror
1,tt0443536,Hoodwinked!,"Animation, Adventure, Comedy"
0,tt0443543,The Illusionist,"Drama, Fantasy, Mystery"
2,tt0443559,Killshot,"Action, Crime, Drama"
2,tt0443632,The Sentinel,"Action, Crime, Thriller"
0,tt0443649,"10,000 BC","Action, Adventure, Drama"
4,tt0443680,The Assassination of Jesse James by the Coward Robert Ford,"Biography, Crime, Drama"
2,tt0443693,The Wild Blue Yonder,Sci-Fi
4,tt0443701,The X Files: I Want to Believe,"Crime, Drama, Horror"
4,tt0443706,Zodiac,"Crime, Drama, Mystery"
1,tt0445046,Shao Lin nian si liu ma,"Action, Drama"
2,tt0445527,Libahunt,"Drama, Romance"
3,tt0445922,Across the Universe,"Drama, Fantasy, History"
1,tt0445934,Blades of Glory,"Comedy, Sport"
3,tt0445990,Invincible,"Biography, Drama, Sport"
3,tt0446029,Scott Pilgrim vs. the World,"Action, Comedy, Fantasy"
0,tt0446059,Fearless,"Action, Biography, Drama"
2,tt0446309,Death by Engagement,"Horror, Comedy"
1,tt0446460,Het schnitzelparadijs,"Comedy, Romance"
0,tt0446755,The Painted Veil,"Drama, Romance"
4,tt0448011,Knowing,"Action, Mystery, Sci-Fi"
3,tt0448115,Shazam!,"Action, Adventure, Comedy"
4,tt0448134,Sunshine,"Sci-Fi, Thriller"
0,tt0448157,Hancock,"Action, Drama, Fantasy"
3,tt0448694,Puss in Boots,"Animation, Adventure, Comedy"
3,tt0449010,Eragon,"Action, Adventure, Family"
0,tt0449088,Pirates of the Caribbean: At World's End,"Action, Adventure, Fantasy"
2,tt0449869,Chandramukhi,"Action, Comedy, Drama"
0,tt0450188,La Vie En Rose,"Biography, Drama, Music"
4,tt0450232,16 Blocks,"Action, Drama, Thriller"
0,tt0450259,Blood Diamond,"Adventure, Drama, Thriller"
4,tt0450278,Hostel,Horror
4,tt0450314,Punisher: War Zone,"Action, Crime, Drama"
2,tt0450345,The Wicker Man,"Horror, Mystery, Thriller"
4,tt0450385,1408,"Fantasy, Horror, Mystery"
1,tt0451069,The Gospel,"Adventure, Drama, Family"
3,tt0451079,Horton Hears a Who!,"Animation, Adventure, Comedy"
4,tt0451094,Lady Vengeance,"Crime, Drama, Thriller"
3,tt0451279,Wonder Woman,"Action, Adventure, Fantasy"
1,tt0452594,The Break-Up,"Comedy, Drama, Romance"
4,tt0452608,Death Race,"Action, Sci-Fi, Thriller"
4,tt0452623,Gone Baby Gone,"Crime, Drama, Mystery"
1,tt0452625,Good Luck Chuck,"Comedy, Romance"
2,tt0452637,Lady in the Water,"Drama, Fantasy, Mystery"
1,tt0452694,The Time Traveler's Wife,"Comedy, Drama, Fantasy"
2,tt0452702,Vacancy,"Horror, Thriller"
3,tt0453451,Mr. Bean's Holiday,"Comedy, Family"
4,tt0453467,Deja Vu,"Action, Crime, Sci-Fi"
1,tt0453556,TMNT,"Animation, Action, Adventure"
2,tt0453560,Toxic,"Drama, Thriller"
0,tt0453562,42,"Biography, Drama, Sport"
4,tt0454841,The Hills Have Eyes,"Horror, Thriller"
4,tt0454848,Inside Man,"Crime, Drama, Mystery"
0,tt0454876,Life of Pi,"Adventure, Drama, Fantasy"
3,tt0454921,The Pursuit of Happyness,"Biography, Drama"
1,tt0454941,The Sensei,"Action, Drama, Sport"
1,tt0454945,She's the Man,"Comedy, Romance, Sport"
1,tt0454962,Taking 5,"Comedy, Family, Music"
2,tt0454970,Turistas,"Horror, Mystery, Thriller"
1,tt0455116,Seoul Raiders,"Drama, Comedy, Action"
2,tt0455407,The Crazies,"Adventure, Horror"
1,tt0455538,How to Lose Friends & Alienate People,"Biography, Comedy, Drama"
4,tt0455590,The Last King of Scotland,"Biography, Drama, History"
4,tt0455760,Dead Silence,"Horror, Mystery, Thriller"
4,tt0455782,The Hunting Party,"Adventure, Comedy, Drama"
3,tt0455824,Australia,"Adventure, Drama, Romance"
1,tt0455918,The Bracelet of Bordeaux,"Family, Fantasy, Mystery"
2,tt0455944,The Equalizer,"Action, Crime, Thriller"
4,tt0455960,The Hitcher,"Crime, Thriller"
1,tt0455967,John Tucker Must Die,"Comedy, Romance"
4,tt0456111,The Night of the Sunflowers,"Crime, Drama, Thriller"
2,tt0456413,Fight Club: Members Only,"Action, Crime, Drama"
1,tt0457400,Land of the Lost,"Action, Adventure, Comedy"
0,tt0457430,Pan's Labyrinth,"Drama, Fantasy, War"
2,tt0457495,Stormbreaker,"Action, Adventure, Family"
3,tt0457510,Nacho Libre,"Comedy, Family, Sport"
2,tt0457513,Scoop,"Comedy, Crime, Fantasy"
3,tt0457939,The Holiday,"Comedy, Romance"
0,tt0458339,Captain America: The First Avenger,"Action, Adventure, Sci-Fi"
4,tt0458481,Sin City: A Dame to Kill For,"Action, Crime, Thriller"
0,tt0458525,X-Men Origins: Wolverine,"Action, Sci-Fi"
2,tt0459387,The Great Ecstasy of Robert Carmichael,"Crime, Drama"
2,tt0460485,KM 31: Kilómetro 31,"Horror, Mystery, Thriller"
1,tt0460740,Cashback,"Comedy, Drama, Romance"
1,tt0460780,In the Name of the King: A Dungeon Siege Tale,"Action, Adventure, Fantasy"
0,tt0460791,The Fall,"Adventure, Drama, Fantasy"
1,tt0460810,The Great Buck Howard,"Adventure, Comedy, Drama"
2,tt0461769,Eri Eri rema sabakutani,"Drama, Music, Sci-Fi"
3,tt0461770,Enchanted,"Animation, Adventure, Comedy"
1,tt0462023,"Romulus, My Father","Biography, Drama"
4,tt0462322,Grindhouse,"Action, Horror, Thriller"
2,tt0462465,Outlander,"Action, Adventure, Sci-Fi"
4,tt0462499,Rambo,"Action, Adventure, Thriller"
0,tt0462504,Rescue Dawn,"Adventure, Biography, War"
3,tt0462538,The Simpsons Movie,"Animation, Adventure, Comedy"
1,tt0462571,The Legend of Tillamook's Gold,"Drama, Family"
1,tt0462590,Step Up,"Crime, Drama, Music"
1,tt0463034,"You, Me and Dupree","Comedy, Romance"
4,tt0463854,28 Weeks Later,"Action, Adventure, Horror"
2,tt0463960,The Devil You Know,"Mystery, Thriller"
0,tt0463985,The Fast and the Furious: Tokyo Drift,"Action, Crime, Thriller"
3,tt0463998,Freedom Writers,"Biography, Crime, Drama"
4,tt0464141,The Orphanage,"Drama, Horror, Mystery"
2,tt0464154,Piranha 3D,"Comedy, Horror"
2,tt0465203,Them,"Horror, Thriller"
0,tt0465234,National Treasure: Book of Secrets,"Action, Adventure, Mystery"
4,tt0465494,Hitman,"Action, Crime, Thriller"
4,tt0465538,Michael Clayton,"Crime, Drama, Mystery"
2,tt0465551,Notes on a Scandal,"Crime, Drama, Romance"
4,tt0465580,Push,"Action, Sci-Fi, Thriller"
2,tt0465602,Shoot 'Em Up,"Action, Comedy, Thriller"
1,tt0465624,My Super Ex-Girlfriend,"Comedy, Romance, Sci-Fi"
1,tt0466375,Hinokio,"Drama, Sci-Fi"
2,tt0466673,Ambition,Thriller
4,tt0467197,Max Payne,"Action, Crime, Drama"
0,tt0467200,The Other Boleyn Girl,"Biography, Drama, History"
0,tt0468492,The Host,"Drama, Horror, Sci-Fi"
4,tt0468565,Tsotsi,"Crime, Drama"
4,tt0468569,The Dark Knight,"Action, Crime, Drama"
1,tt0469263,The Astronaut Farmer,"Adventure, Drama, Sci-Fi"
0,tt0469641,World Trade Center,"Drama, History, Thriller"
2,tt0469683,Automaton Transfusion,Horror
2,tt0469979,Summer School,"Adventure, Drama, Horror"
4,tt0470752,Ex Machina,"Drama, Sci-Fi, Thriller"
0,tt0470984,Yi ma de hou xian dai sheng huo,"Comedy, Drama, Romance"
4,tt0471030,Red Road,"Drama, Mystery, Thriller"
1,tt0471042,Tower Heist,"Action, Comedy, Crime"
3,tt0471945,Tie shan gong zhu,"Animation, Fantasy"
0,tt0472033,9,"Animation, Action, Adventure"
0,tt0472043,Apocalypto,"Action, Adventure, Drama"
0,tt0472062,Charlie Wilson's War,"Biography, Comedy, Drama"
1,tt0472071,Death Defying Acts,"Drama, History, Romance"
3,tt0472160,Penelope,"Comedy, Fantasy, Romance"
3,tt0472181,The Smurfs,"Animation, Adventure, Comedy"
1,tt0472205,Watching the Detectives,"Comedy, Romance"
2,tt0472399,The Mechanic,"Action, Crime, Thriller"
4,tt0472458,Dumplings,"Drama, Horror"
1,tt0473024,Crossover,"Action, Sport"
0,tt0473075,Prince of Persia: The Sands of Time,"Action, Adventure, Fantasy"
2,tt0473348,Dead Men Walking,"Action, Horror, Sci-Fi"
2,tt0473393,Shapeshifter,Horror
2,tt0473514,Mulberry St,"Horror, Sci-Fi, Thriller"
1,tt0473686,Piet Piraat en de betoverde kroon,"Adventure, Family"
4,tt0473705,State of Play,"Crime, Drama, Mystery"
1,tt0473753,Angel-A,"Comedy, Drama, Fantasy"
4,tt0475276,United 93,"Action, Drama, History"
1,tt0475290,"Hail, Caesar!","Comedy, Drama, Mystery"
2,tt0475298,Hood of Horror,"Comedy, Horror"
1,tt0475380,Scenes of a Sexual Nature,"Comedy, Drama, Romance"
4,tt0475394,Smokin' Aces,"Action, Comedy, Crime"
2,tt0476643,The Bubble,"Comedy, Drama, Romance"
0,tt0476735,My Father and My Son,"Drama, Family"
4,tt0476964,The Brave One,"Action, Crime, Drama"
2,tt0476985,AfterThought,"Horror, Thriller"
1,tt0476995,Firehouse Dog,"Action, Comedy, Family"
1,tt0477051,Norbit,"Comedy, Romance"
1,tt0477065,Pirates of the Great Salt Lake,"Adventure, Comedy"
2,tt0477071,Premonition,"Drama, Fantasy, Mystery"
0,tt0477080,Unstoppable,"Action, Thriller"
1,tt0477302,Extremely Loud & Incredibly Close,"Adventure, Drama, Mystery"
3,tt0477347,Night at the Museum,"Adventure, Comedy, Family"
4,tt0477348,No Country for Old Men,"Crime, Drama, Thriller"
4,tt0478024,Kill Zone,"Action, Crime, Thriller"
2,tt0478087,21,"Crime, Drama, History"
4,tt0478134,In the Valley of Elah,"Crime, Drama, Mystery"
0,tt0478304,The Tree of Life,"Drama, Fantasy"
1,tt0478311,Knocked Up,"Comedy, Romance"
1,tt0478706,Itsuka dokusho suruhi,"Drama, Romance"
4,tt0478813,The Trap,"Crime, Drama, Thriller"
3,tt0478970,Ant-Man,"Action, Comedy, Sci-Fi"
3,tt0479143,Rocky Balboa,"Action, Drama, Sport"
2,tt0479341,Adam Resurrected,"Drama, War"
1,tt0479500,Nancy Drew,"Comedy, Crime, Family"
4,tt0479884,Crank,"Action, Crime, Thriller"
3,tt0479952,Madagascar: Escape 2 Africa,"Animation, Adventure, Comedy"
4,tt0479997,Season of the Witch,"Action, Adventure, Fantasy"
0,tt0480025,This Is England,"Crime, Drama"
1,tt0480242,Dan in Real Life,"Comedy, Drama, Romance"
4,tt0480249,I Am Legend,"Action, Drama, Horror"
2,tt0480255,The Losers,"Action, Adventure, Comedy"
1,tt0480572,Pyaar Ke Side Effects,"Comedy, Drama, Romance"
4,tt0480669,Timecrimes,"Horror, Mystery, Sci-Fi"
1,tt0480687,Hall Pass,"Comedy, Romance"
1,tt0481141,No Reservations,"Comedy, Drama, Romance"
4,tt0481369,The Number 23,"Crime, Mystery, Thriller"
2,tt0481430,Upyr,"Action, Crime, Horror"
3,tt0481499,The Croods,"Animation, Adventure, Comedy"
1,tt0481536,Harold & Kumar Escape from Guantanamo Bay,"Adventure, Comedy"
1,tt0482088,Priceless,"Comedy, Romance"
3,tt0482546,Miss Potter,"Biography, Drama, Romance"
4,tt0482571,The Prestige,"Drama, Mystery, Sci-Fi"
4,tt0482572,Pride and Glory,"Crime, Drama, Thriller"
2,tt0482599,Shutter,"Horror, Mystery, Thriller"
4,tt0482606,The Strangers,"Horror, Mystery, Thriller"
1,tt0483586,Chasing 3000,"Family, Sport"
0,tt0483607,Doomsday,"Action, Sci-Fi, Thriller"
2,tt0483719,The Living and the Dead,"Drama, Horror, Mystery"
2,tt0483756,Nobel Son,"Comedy, Crime, Drama"
2,tt0484881,Puffball: The Devil's Eyeball,"Drama, Fantasy, Horror"
0,tt0485323,Fullmetal Alchemist the Movie: Conqueror of Shamballa,"Animation, Action, Adventure"
0,tt0485947,Mr. Nobody,"Drama, Fantasy, Romance"
1,tt0486576,Fantastic Four: Rise of the Silver Surfer,"Action, Adventure, Fantasy"
3,tt0486655,Stardust,"Adventure, Family, Fantasy"
2,tt0486822,Disturbia,"Crime, Drama, Mystery"
1,tt0486946,Wild Hogs,"Action, Adventure, Comedy"
2,tt0487273,The Witnesses,"Drama, Romance"
2,tt0487503,The Page Turner,"Drama, Music, Thriller"
4,tt0488120,Fracture,"Crime, Drama, Thriller"
4,tt0488478,12,"Crime, Drama, Thriller"
2,tt0488515,Cleópatra,"Drama, Romance"
1,tt0488658,Unaccompanied Minors,"Adventure, Comedy, Family"
0,tt0489099,Jumper,"Action, Adventure, Sci-Fi"
4,tt0489270,Saw III,"Crime, Horror, Mystery"
1,tt0489282,Strange Wilderness,"Adventure, Comedy"
4,tt0489664,Shattered,"Crime, Drama, Thriller"
4,tt0490210,Sarkar Raj,"Action, Crime, Drama"
0,tt0490215,Silence,"Drama, History"
2,tt0490527,The Thirst,Horror
1,tt0491152,Something Borrowed,"Comedy, Drama, Romance"
4,tt0491244,Election 2,"Crime, Drama, Thriller"
2,tt0492044,The Haunting in Connecticut,"Drama, Horror, Mystery"
2,tt0492533,Lover,"Drama, Romance"
1,tt0492890,The Wild Stallion,"Action, Drama, Western"
3,tt0492956,The Game Plan,"Comedy, Family, Sport"
0,tt0493464,Wanted,"Action, Crime, Thriller"
3,tt0494238,Inkheart,"Adventure, Family, Fantasy"
0,tt0496806,Ocean's Thirteen,"Crime, Thriller"
1,tt0497137,"I'm a Cyborg, But That's OK","Comedy, Drama, Romance"
1,tt0497465,Vicky Cristina Barcelona,"Comedy, Drama, Romance"
2,tt0498097,Climates,"Drama, Romance"
4,tt0498353,Hostel: Part II,Horror
0,tt0498380,Letters from Iwo Jima,"Action, Adventure, Drama"
2,tt0498381,Rings,"Drama, Horror, Mystery"
4,tt0498399,We Own the Night,"Action, Crime, Drama"
4,tt0499101,Der freie Wille,"Crime, Drama"
3,tt0499448,The Chronicles of Narnia: Prince Caspian,"Action, Adventure, Family"
0,tt0499549,Avatar,"Action, Adventure, Fantasy"
4,tt0499556,War,"Action, Crime, Thriller"
2,tt0756683,The Man from Earth,"Drama, Fantasy, Mystery"
2,tt0758730,Aliens vs. Predator: Requiem,"Action, Adventure, Horror"
4,tt0758732,Beaufort,"Action, Drama, War"
2,tt0758746,Friday the 13th,"Horror, Mystery, Thriller"
1,tt0758752,Love & Other Drugs,"Comedy, Drama, Romance"
0,tt0758758,Into the Wild,"Adventure, Biography, Drama"
1,tt0758766,Music and Lyrics,"Comedy, Music, Romance"
4,tt0758774,Body of Lies,"Action, Drama, Thriller"
3,tt0758794,We Are Marshall,"Drama, Sport"
1,tt0760166,Don't Let Me Drown,"Drama, Romance"
1,tt0762107,I Now Pronounce You Chuck & Larry,"Comedy, Romance"
2,tt0762108,I'll Be There with You,Thriller
1,tt0762114,License to Wed,"Comedy, Romance"
4,tt0765010,Brothers,"Drama, Thriller, War"
4,tt0765429,American Gangster,"Biography, Crime, Drama"
4,tt0765443,Eastern Promises,"Crime, Drama, Thriller"
3,tt0765446,Escape from Planet Earth,"Animation, Adventure, Comedy"
1,tt0765447,Evening,"Drama, Romance"
0,tt0769507,The Sun Also Rises,"Drama, Fantasy"
2,tt0769508,Dans Paris,"Drama, Romance"
1,tt0770703,What's Your Number?,"Comedy, Romance"
1,tt0770752,Fool's Gold,"Action, Adventure, Comedy"
0,tt0770828,Man of Steel,"Action, Adventure, Sci-Fi"
1,tt0772157,Broken English,"Comedy, Drama, Romance"
1,tt0772178,Kickin' It Old Skool,"Comedy, Sport"
2,tt0780131,Journey to Chazzabeh,War
4,tt0780504,Drive,"Action, Drama"
1,tt0780511,Everybody's Fine,"Adventure, Drama"
3,tt0780521,The Princess and the Frog,"Animation, Adventure, Comedy"
4,tt0780536,In Bruges,"Comedy, Crime, Drama"
4,tt0780571,Mr. Brooks,"Crime, Drama, Thriller"
4,tt0780653,The Wolfman,"Drama, Fantasy, Horror"
0,tt0783233,Atonement,"Drama, Mystery, Romance"
1,tt0784146,Watch Out for ZouZou,"Comedy, Musical, Romance"
1,tt0787475,Hot Rod,"Comedy, Sport"
0,tt0790636,Dallas Buyers Club,"Biography, Drama"
4,tt0790686,Mirrors,"Horror, Mystery"
2,tt0790698,The Last Days of Humanity,Horror
1,tt0790723,Just Add Water,"Comedy, Romance"
4,tt0790724,Jack Reacher,"Action, Mystery, Thriller"
1,tt0790736,R.I.P.D.,"Action, Adventure, Comedy"
0,tt0790770,Miles Ahead,"Biography, Drama, Music"
4,tt0795351,Case 39,"Horror, Mystery, Thriller"
2,tt0795370,The Second Wind,"Crime, Drama, Mystery"
3,tt0795421,Mamma Mia!,"Comedy, Musical, Romance"
1,tt0795438,Not Easily Broken,"Drama, Romance"
1,tt0795461,Scary Movie V,"Comedy, Horror"
0,tt0796366,Star Trek,"Action, Adventure, Sci-Fi"
1,tt0799949,Epic Movie,"Adventure, Comedy, Fantasy"
1,tt0800039,Forgetting Sarah Marshall,"Comedy, Drama, Romance"
2,tt0800069,The Hills Have Eyes 2,"Horror, Thriller"
0,tt0800080,The Incredible Hulk,"Action, Adventure, Sci-Fi"
0,tt0800308,Appaloosa,"Action, Crime, Drama"
0,tt0800320,Clash of the Titans,"Action, Adventure, Fantasy"
2,tt0800325,The Dirt,"Biography, Comedy, Drama"
2,tt0800367,Storm Warning,"Horror, Thriller"
0,tt0800369,Thor,"Action, Fantasy"
4,tt0802948,An American Crime,"Biography, Crime, Drama"
0,tt0803096,Warcraft,"Action, Adventure, Fantasy"
4,tt0804461,Death Sentence,"Action, Crime, Drama"
1,tt0804497,It's Kind of a Funny Story,"Comedy, Drama, Romance"
1,tt0805564,Lars and the Real Girl,"Comedy, Drama, Romance"
4,tt0805570,The Midnight Meat Train,"Horror, Mystery, Thriller"
4,tt0808151,Angels & Demons,"Action, Mystery, Thriller"
4,tt0808185,The Bothersome Man,"Comedy, Drama, Fantasy"
4,tt0808279,Funny Games,"Crime, Drama, Thriller"
4,tt0808357,"Lust, Caution","Drama, History, Romance"
0,tt0808417,Persepolis,"Animation, Biography, Drama"
3,tt0808506,The Girl Who Leapt Through Time,"Animation, Adventure, Comedy"
1,tt0809504,The Accidental Husband,"Comedy, Romance"
2,tt0809535,Yureru,"Crime, Drama"
0,tt0810819,The Danish Girl,"Biography, Crime, Drama"
1,tt0811021,Birds of Paradise,"Animation, Adventure, Comedy"
3,tt0811080,Speed Racer,"Action, Adventure, Comedy"
2,tt0811106,The Ten,"Comedy, Romance"
2,tt0812243,Ex Drummer,"Comedy, Crime, Drama"
3,tt0814255,Percy Jackson & the Olympians: The Lightning Thief,"Adventure, Family, Fantasy"
2,tt0815165,The Gay Bed and Breakfast of Terror,"Comedy, Horror"
1,tt0815236,She's Out of My League,"Comedy, Romance"
1,tt0815244,Sydney White,"Comedy, Drama, Romance"
4,tt0815245,The Uninvited,"Drama, Fantasy, Horror"
0,tt0816442,The Book Thief,"Drama, War"
0,tt0816462,Conan the Barbarian,"Action, Adventure, Fantasy"
0,tt0816692,Interstellar,"Adventure, Drama, Sci-Fi"
0,tt0816711,World War Z,"Action, Adventure, Horror"
1,tt0817177,Flipped,"Comedy, Drama, Romance"
1,tt0817230,Valentine's Day,"Comedy, Romance"
1,tt0821640,Ghosts of Girlfriends Past,"Comedy, Fantasy, Romance"
1,tt0821810,All Roads Lead Home,"Drama, Family"
1,tt0822832,Marley & Me,"Drama, Family"
2,tt0822847,Priest,"Action, Fantasy, Horror"
4,tt0822854,Shooter,"Action, Drama, Thriller"
4,tt0824747,Changeling,"Biography, Crime, Drama"
3,tt0825232,The Bucket List,"Adventure, Comedy, Drama"
1,tt0825236,Caramel,"Comedy, Drama, Romance"
2,tt0825248,Intimate Enemies,"Drama, History, War"
0,tt0829150,Dracula Untold,"Action, Drama, Fantasy"
3,tt0829267,Puika,Family
1,tt0829297,Ten Inch Hero,"Comedy, Drama, Romance"
4,tt0829459,A Mighty Heart,"Biography, Drama, History"
4,tt0830515,Quantum of Solace,"Action, Adventure, Mystery"
2,tt0831277,Blood Loss,"Crime, Drama, Western"
2,tt0831387,Godzilla,"Action, Adventure, Sci-Fi"
2,tt0831887,The Spirit,"Action, Crime, Fantasy"
1,tt0832266,"Definitely, Maybe","Comedy, Drama, Romance"
0,tt0834001,Underworld: Rise of the Lycans,"Action, Fantasy, Thriller"
3,tt0837562,Hotel Transylvania,"Animation, Adventure, Comedy"
4,tt0837563,Pet Sematary,"Horror, Mystery, Thriller"
0,tt0838221,The Darjeeling Limited,"Adventure, Comedy, Drama"
2,tt0839880,Lake Dead,"Horror, Thriller"
1,tt0839980,Semi-Pro,"Comedy, Sport"
4,tt0840361,The Town,"Crime, Drama, Thriller"
1,tt0841108,Hannah Takes the Stairs,"Comedy, Drama, Romance"
1,tt0842926,The Kids Are All Right,"Comedy, Drama, Romance"
3,tt0844471,Cloudy with a Chance of Meatballs,"Animation, Adventure, Comedy"
4,tt0844479,The Collector,"Action, Horror, Thriller"
4,tt0844708,The Last House on the Left,"Horror, Thriller"
0,tt0846040,Mio fratello è figlio unico,"Comedy, Crime, Drama"
0,tt0848228,The Avengers,"Action, Sci-Fi"
3,tt0848537,Epic,"Animation, Action, Adventure"
2,tt0850677,Jack & Diane,"Drama, Horror, Romance"
4,tt0851578,Paprika,"Animation, Drama, Fantasy"
4,tt0853096,Death of a President,"Crime, Drama, Mystery"
2,tt0856778,Clubbed,"Action, Crime, Drama"
1,tt0857280,God Thinks You're a Loser,"Action, Comedy, Fantasy"
1,tt0858436,Dragon,Fantasy
0,tt0859163,The Mummy: Tomb of the Dragon Emperor,"Action, Adventure, Fantasy"
4,tt0861689,Blindness,"Drama, Mystery, Thriller"
4,tt0861739,Elite Squad,"Action, Crime, Drama"
1,tt0862688,"Ernst, Bobbie en de geslepen Onix","Comedy, Family"
2,tt0862856,Trick 'r Treat,"Comedy, Horror"
0,tt0864761,The Duchess,"Biography, Drama, History"
3,tt0864835,Mr. Peabody & Sherman,"Animation, Adventure, Comedy"
0,tt0865556,The Forbidden Kingdom,"Action, Adventure, Fantasy"
1,tt0866439,Made of Honor,"Comedy, Romance"
2,tt0867404,Prajapathi,"Action, Thriller"
0,tt0870111,Frost/Nixon,"Biography, Drama, History"
3,tt0870154,Jungle Cruise,"Action, Adventure, Comedy"
2,tt0870195,Before the Rains,"Drama, History, Romance"
2,tt0870967,Urideul-ui haengbok-han shigan,"Drama, Romance"
4,tt0870984,Antichrist,"Drama, Horror, Thriller"
3,tt0871510,Chak De! India,"Drama, Family, Sport"
2,tt0872190,Cash,"Action, Crime, Thriller"
2,tt0872230,My Soul to Take,"Horror, Mystery, Thriller"
4,tt0873886,Red State,"Action, Crime, Horror"
0,tt0875034,Nine,"Drama, Musical, Romance"
3,tt0876563,Ponyo,"Animation, Adventure, Comedy"
2,tt0877355,The Murder Game,"Horror, Mystery, Thriller"
2,tt0877621,La France,"Drama, Musical, Romance"
3,tt0878804,The Blind Side,"Biography, Drama, Sport"
3,tt0879870,Eat Pray Love,"Biography, Drama, Romance"
1,tt0881891,All About Steve,"Comedy, Romance"
0,tt0882977,Snitch,"Action, Drama, Thriller"
2,tt0884224,"War, Inc.","Action, Comedy, Thriller"
2,tt0884237,Carnivorous,Horror
4,tt0884328,The Mist,"Horror, Sci-Fi, Thriller"
2,tt0887883,Burn After Reading,"Comedy, Crime, Drama"
4,tt0887912,The Hurt Locker,"Drama, Thriller, War"
1,tt0889573,The Switch,"Comedy, Drama, Romance"
2,tt0889615,M,"Crime, Drama, Mystery"
4,tt0890870,Saw IV,"Crime, Horror, Mystery"
3,tt0892318,Letters to Juliet,"Adventure, Comedy, Drama"
3,tt0892769,How to Train Your Dragon,"Animation, Action, Adventure"
3,tt0892782,Monsters vs. Aliens,"Animation, Action, Adventure"
3,tt0892791,Shrek Forever After,"Animation, Adventure, Comedy"
4,tt0893356,Nanking,"Biography, History, War"
2,tt0893401,Daylight Robbery,"Crime, Drama, Thriller"
4,tt0896798,Cleaner,Thriller
4,tt0896872,The Whistleblower,"Biography, Crime, Drama"
4,tt0898367,The Road,"Drama, Fantasy"
1,tt0901476,Bride Wars,"Comedy, Romance"
4,tt0901485,A Girl Cut in Two,"Drama, Thriller"
0,tt0903624,The Hobbit: An Unexpected Journey,Fantasy
4,tt0903627,Julia,"Crime, Drama, Thriller"
4,tt0904049,Exte: Hair Extensions,"Comedy, Horror"
4,tt0905372,The Thing,"Horror, Mystery, Sci-Fi"
2,tt0906734,The Broken,"Drama, Horror, Thriller"
2,tt0906778,Black Butterflies,"Biography, Drama"
1,tt0907657,Once,"Drama, Music, Romance"
1,tt0910559,Kirschblüten - Hanami,"Drama, Romance"
2,tt0910904,I Know How Many Runs You Scored Last Summer,"Comedy, Crime, Horror"
1,tt0910936,Pineapple Express,"Action, Comedy, Crime"
3,tt0910970,WALL·E,"Animation, Adventure, Family"
2,tt0914363,Dark Spirits,"Horror, Thriller"
2,tt0914380,Heaven's Messenger,"Drama, Thriller"
4,tt0914798,The Boy in the Striped Pajamas,"Drama, War"
4,tt0914863,Unthinkable,"Crime, Drama, Thriller"
2,tt0918554,Plaguers,"Horror, Sci-Fi"
4,tt0918927,Doubt,"Drama, Mystery"
0,tt0918940,The Legend of Tarzan,"Action, Adventure, Drama"
2,tt0922547,Parasomnia,"Horror, Thriller"
1,tt0925245,Heatstroke,"Action, Horror, Sci-Fi"
0,tt0926084,Harry Potter and the Deathly Hallows: Part 1,"Adventure, Family, Fantasy"
4,tt0926762,Loft,"Crime, Drama, Mystery"
2,tt0934459,The Hitchhiker,"Horror, Thriller"
0,tt0936501,Taken,"Action, Crime, Thriller"
0,tt0938283,The Last Airbender,"Action, Adventure, Family"
4,tt0938330,Silent Hill: Revelation,"Horror, Mystery, Thriller"
1,tt0942384,Shelter,"Drama, Romance, Sport"
1,tt0942385,Tropic Thunder,"Action, Comedy, War"
4,tt0944835,Salt,"Action, Thriller"
4,tt0945513,Source Code,"Action, Drama, Mystery"
4,tt0947798,Black Swan,"Drama, Thriller"
2,tt0947802,Lakeview Terrace,"Crime, Drama, Thriller"
4,tt0947810,Green Zone,"Action, Drama, Thriller"
0,tt0948470,The Amazing Spider-Man,"Action, Adventure, Sci-Fi"
2,tt0949731,The Happening,"Adventure, Drama, Sci-Fi"
1,tt0951333,The Missing Lynx,"Animation, Action, Adventure"
1,tt0952640,Alvin and the Chipmunks,"Animation, Adventure, Comedy"
4,tt0952682,Shotgun Stories,"Drama, Thriller"
2,tt0954981,Cass,"Biography, Crime, Drama"
0,tt0955308,Robin Hood,"Action, Adventure, Drama"
1,tt0956038,Nights in Rodanthe,"Drama, Romance"
4,tt0959337,Revolutionary Road,"Drama, Romance"
1,tt0960144,You Don't Mess with the Zohan,"Action, Comedy"
3,tt0960731,Bedtime Stories,"Adventure, Comedy, Family"
3,tt0961097,A Monster in Paris,"Animation, Adventure, Comedy"
3,tt0962726,High School Musical 3: Senior Year,"Comedy, Drama, Family"
3,tt0962736,The Young Victoria,"Biography, Drama, History"
2,tt0962762,Genius Party,"Animation, Adventure, Fantasy"
4,tt0963178,The International,"Action, Crime, Drama"
2,tt0963794,The Ruins,"Adventure, Horror, Thriller"
3,tt0963966,The Sorcerer's Apprentice,"Action, Adventure, Family"
3,tt0964517,The Fighter,"Action, Biography, Drama"
2,tt0964529,MindFlesh,"Horror, Sci-Fi, Thriller"
0,tt0964586,Skin,"Biography, Drama"
3,tt0970179,Hugo,"Adventure, Drama, Family"
0,tt0970411,City of Ember,"Adventure, Drama, Family"
2,tt0970416,The Day the Earth Stood Still,"Adventure, Drama, Sci-Fi"
0,tt0970452,Solomon Kane,"Action, Adventure, Fantasy"
3,tt0970468,Miss Pettigrew Lives for a Day,"Comedy, Romance"
1,tt0970866,Little Fockers,"Comedy, Romance"
4,tt0971209,A Perfect Getaway,"Drama, Mystery, Thriller"
2,tt0972542,Aachi & Ssipak,"Animation, Action, Comedy"
0,tt0974015,Justice League,"Action, Adventure, Fantasy"
2,tt0974554,Elegy,"Drama, Romance"
3,tt0974661,17 Again,"Comedy, Drama, Fantasy"
2,tt0975645,Hitchcock,"Biography, Drama, Romance"
4,tt0976051,The Reader,"Drama, Romance"
1,tt0976238,Old Dogs,"Comedy, Family"
0,tt0978762,Mary and Max,"Animation, Comedy, Drama"
0,tt0978764,Sucker Punch,"Action, Adventure, Fantasy"
3,tt0980970,The Chronicles of Narnia: The Voyage of the Dawn Treader,"Adventure, Family, Fantasy"
1,tt0981072,The Lucky Ones,"Adventure, Comedy, Drama"
1,tt0981227,Nick and Norah's Infinite Playlist,"Comedy, Drama, Music"
2,tt0982914,Final Draft,"Horror, Thriller"
0,tt0983193,The Adventures of Tintin,"Animation, Action, Adventure"
2,tt0983250,You're Nobody 'til Somebody Kills You,"Horror, Thriller"
1,tt0984130,Miao Miao,"Comedy, Drama, Romance"
0,tt0985694,Machete,"Action, Crime, Thriller"
4,tt0985699,Valkyrie,"Drama, History, Thriller"
4,tt0986233,Hunger,"Biography, Crime, Drama"
0,tt0986263,Surrogates,"Action, Sci-Fi, Thriller"
3,tt0986264,Like Stars on Earth,"Drama, Family"
0,tt0988045,Sherlock Holmes,"Action, Adventure, Mystery"
1,tt0988595,27 Dresses,"Comedy, Romance"
1,tt0988982,Naruto Shippûden: The Movie,"Animation, Action, Adventure"
1,tt0989757,Dear John,"Drama, Mystery, Romance"
2,tt0990361,Room of Death,"Crime, Mystery, Thriller"
1,tt0990407,The Green Hornet,"Action, Comedy, Crime"
4,tt0993840,Army of the Dead,"Action, Crime, Drama"
0,tt0993842,Hanna,"Action, Adventure, Drama"
0,tt0993846,The Wolf of Wall Street,"Biography, Comedy, Crime"
1,tt0995039,Ghost Town,"Comedy, Drama, Fantasy"
2,tt0995851,In Her Skin,"Drama, Thriller"
1,tt0995868,Pelé: Birth of a Legend,"Biography, Drama, Sport"
1,tt0997047,College Road Trip,"Adventure, Comedy, Drama"
4,tt0999913,Straw Dogs,"Action, Drama, Thriller"
3,tt1000095,Pokémon Ranger and the Temple of the Sea,"Animation, Action, Adventure"
2,tt10004396,When I Became a Butterfly,"Drama, Thriller"
2,tt10004944,Aporia,"Action, Adventure, Horror"
1,tt1000774,Sex and the City,"Comedy, Drama, Romance"
2,tt10011228,Hunted,"Action, Thriller"
1,tt1001508,He's Just Not That Into You,"Comedy, Drama, Romance"
3,tt1001526,Megamind,"Animation, Action, Comedy"
4,tt10016180,The Little Things,"Crime, Drama, Mystery"
1,tt10022990,Seeru,"Action, Drama"
4,tt1002567,Hansel and Gretel,"Drama, Fantasy, Horror"
3,tt10028196,Laal Singh Chaddha,"Comedy, Drama, Romance"
2,tt1003005,Kollegiet,Horror
2,tt1003023,Mancora,"Comedy, Drama, Romance"
4,tt10037014,Fear of Rain,"Drama, Horror, Thriller"
2,tt10039344,Countdown,"Horror, Thriller"
4,tt10059518,Unhinged,"Action, Thriller"
4,tt10065694,Antebellum,"Drama, Horror, Mystery"
0,tt10068916,Made in Abyss: Dawn of the Deep Soul,"Animation, Adventure, Drama"
1,tt1007028,Zack and Miri Make a Porno,"Comedy, Romance"
0,tt1007029,The Iron Lady,"Biography, Drama"
1,tt10076106,Manmadhudu 2,"Comedy, Drama, Romance"
1,tt10086834,The Exigency,"Animation, Action, Adventure"
4,tt10097384,Home Sweet Home,"Drama, Mystery, Thriller"
1,tt10098288,Roohi,"Comedy, Horror"
0,tt1010048,Slumdog Millionaire,"Crime, Drama, Romance"
4,tt1010271,The Poughkeepsie Tapes,"Horror, Mystery, Thriller"
2,tt1010455,Small Gods,"Drama, Thriller"
1,tt10110022,Enchanted Feather,"Family, Fantasy"
2,tt10110872,2177: The San Francisco Love Hacker Crimes,Sci-Fi
2,tt10121762,Uriyadi 2,"Action, Thriller"
3,tt10127562,Dragon Quest: Your Story,"Animation, Action, Adventure"
0,tt1013743,Knight and Day,"Action, Adventure, Comedy"
2,tt1013752,Fast & Furious,"Action, Crime, Thriller"
0,tt1013753,Milk,"Biography, Drama, History"
2,tt1013860,Dylan Dog: Dead of Night,"Action, Comedy, Crime"
3,tt1014759,Alice in Wonderland,"Adventure, Family, Fantasy"
4,tt1014763,Child 44,"Crime, Drama, History"
4,tt10147910,The Maid,"Drama, Horror, Mystery"
2,tt10151054,The Quarry,"Crime, Mystery, Thriller"
4,tt1016150,All Quiet on the Western Front,"Action, Drama, War"
4,tt1017460,Splice,"Horror, Sci-Fi"
2,tt10183816,Dangerous Lies,Thriller
1,tt10187146,Tux and Fanny,"Animation, Comedy, Drama"
4,tt10187680,Forensic,"Crime, Mystery, Thriller"
1,tt10188020,Kung Pow Chicken,Animation
1,tt10188156,Dino Brained,"Animation, Comedy, Family"
3,tt10189514,Soorarai Pottru,"Action, Drama"
2,tt10190390,Whelm,Thriller
4,tt10192566,Alone,"Horror, Thriller"
0,tt10199586,Atlantics,"Drama, Mystery, Romance"
0,tt1020072,Selma,"Biography, Drama, History"
4,tt1020530,Eden Lake,"Horror, Thriller"
4,tt1020558,Centurion,"Action, Drama, History"
2,tt10207710,The Gateway,Thriller
0,tt1020889,The Lighthouse,"Drama, War"
4,tt1020972,Blind Mountain,"Crime, Drama"
0,tt10218674,The Bravest,"Action, Drama"
1,tt10223460,Marry Me,"Comedy, Music, Romance"
1,tt1022603,500 Days of Summer,"Comedy, Drama, Romance"
2,tt10228168,First Love,"Action, Comedy, Crime"
2,tt10229936,Ingen skal sove,Thriller
1,tt10230590,Hashtag Blessed: The Movie,Family
1,tt1023111,Never Back Down,"Action, Drama, Sport"
0,tt1023114,The Way Back,"Adventure, Drama, History"
2,tt1023347,Universal Soldiers,"Action, Adventure, Sci-Fi"
3,tt1023481,Step Up 2: The Streets,"Drama, Music, Romance"
2,tt1023500,Doghouse,"Comedy, Horror, Sci-Fi"
2,tt10239930,D-Day: Battle of Omaha Beach,"Action, Drama, History"
0,tt10243676,After Blue,"Fantasy, Sci-Fi"
2,tt10245072,Salem's Lot,"Horror, Thriller"
0,tt1024648,Argo,"Biography, Drama, Thriller"
0,tt1025100,Gemini Man,"Action, Adventure, Sci-Fi"
2,tt10262380,Boys from County Hell,"Comedy, Horror"
4,tt10272386,The Father,"Drama, Mystery"
2,tt10275080,Agent Jade Black,Action
2,tt1027683,Kill Speed,"Action, Crime, Thriller"
4,tt10279102,4th Republic,Thriller
1,tt10279104,Hire a Woman,"Comedy, Romance"
1,tt10280276,Coolie No. 1,"Action, Comedy, Romance"
4,tt1028528,Death Proof,"Action, Thriller"
1,tt1028532,Hachi: A Dog's Tale,"Biography, Drama, Family"
1,tt10287954,Rose Island,"Adventure, Comedy, Drama"
4,tt1029234,Martyrs,Horror
4,tt1029241,Vinyan,"Drama, Horror, Thriller"
4,tt10293406,The Power of the Dog,"Drama, Romance, Western"
0,tt10295212,Shershaah,"Action, Biography, Drama"
3,tt10298810,Lightyear,"Animation, Action, Adventure"
3,tt10298840,Strange World,"Animation, Action, Adventure"
4,tt10300174,Lynn + Lucy,"Crime, Drama, Mystery"
2,tt10300286,The Redeemers,Action
2,tt10304142,Amsterdam,"Comedy, Drama, History"
1,tt10305616,Malaal,"Action, Drama, Romance"
4,tt10308634,My First Client,"Crime, Drama"
2,tt1031280,Splinter,"Crime, Horror, Sci-Fi"
2,tt10322592,Kataksha,Horror
4,tt1032755,RocknRolla,"Action, Crime, Thriller"
1,tt1032856,The Band's Visit,"Comedy, Drama, Music"
2,tt10333426,Bliss,"Drama, Romance, Sci-Fi"
4,tt1033483,Kandisha,"Crime, Fantasy, Horror"
1,tt1033643,What Happens in Vegas,"Comedy, Romance"
0,tt1034032,Gamer,"Action, Sci-Fi, Thriller"
0,tt10340562,Etharkkum Thunindhavan,"Action, Crime, Drama"
2,tt10341248,0.0 Mhz,Horror
2,tt10342914,Lair,"Horror, Thriller"
0,tt1034303,Defiance,"Action, Drama, History"
2,tt1034306,Dorothy Mills,"Drama, Horror, Mystery"
1,tt1034314,Iron Sky,"Action, Adventure, Comedy"
4,tt1034331,Righteous Kill,"Crime, Mystery, Thriller"
0,tt1034389,The Eagle,"Action, Adventure, Drama"
4,tt1034415,Suspiria,"Drama, Fantasy, Horror"
1,tt10368460,Burraco fatale,"Comedy, Romance"
1,tt10370710,The Worst Person in the World,"Comedy, Drama, Romance"
2,tt10373830,Aviva,"Drama, Music, Romance"
0,tt1037705,The Book of Eli,"Action, Adventure, Drama"
1,tt1037850,Secret,"Drama, Music, Romance"
2,tt1038043,Mammoth,"Drama, Romance"
1,tt10384908,Up the Mountain,"Adventure, Comedy, Drama"
3,tt10384944,Lassie Come Home,"Adventure, Drama, Family"
2,tt1038686,Legion,"Action, Fantasy, Horror"
1,tt1038919,The Bounty Hunter,"Action, Comedy, Romance"
4,tt1038988,REC,"Horror, Mystery, Thriller"
1,tt10399114,A Christmas Hero,"Drama, Family, Fantasy"
1,tt10408944,Romance in the Outfield: Double Play,Romance
1,tt1041829,The Proposal,"Comedy, Drama, Romance"
3,tt10419266,BoBoiBoy Movie 2,"Animation, Action, Adventure"
1,tt10419566,Superagente Makey,"Action, Comedy"
0,tt1043726,The Legend of Hercules,"Action, Adventure, Fantasy"
1,tt10449460,Romang,"Drama, Romance"
3,tt1045658,Silver Linings Playbook,"Comedy, Drama, Romance"
1,tt10457128,Summer of 85,"Drama, Romance"
2,tt1045772,I Love You Phillip Morris,"Biography, Comedy, Crime"
1,tt1046171,You and I,"Drama, Romance"
0,tt1046173,G.I. Joe: The Rise of Cobra,"Action, Adventure, Sci-Fi"
2,tt10464930,Palindrome,"Comedy, Drama, Thriller"
2,tt10469804,Teddy,"Comedy, Drama, Horror"
4,tt1046997,Miracle at St. Anna,"Action, Drama, War"
1,tt1047540,Parental Guidance,"Comedy, Family"
1,tt1048171,Seraphine,"Biography, Drama"
4,tt10483152,Unicorn Wars,"Animation, Action, Comedy"
3,tt1049413,Up,"Animation, Adventure, Comedy"
4,tt10505918,L2: Empuraan,"Action, Crime, Thriller"
0,tt10510654,The Battle: Roar to Victory,"Action, Drama, History"
2,tt10516176,Steel Rain 2,"Action, Drama, Thriller"
1,tt1051904,Goosebumps,"Adventure, Comedy, Fantasy"
4,tt1051906,The Invisible Man,"Drama, Horror, Mystery"
4,tt1053424,Repo Men,"Action, Sci-Fi, Thriller"
0,tt10534996,Josep,"Animation, Biography, Drama"
0,tt10539608,The Midnight Sky,"Adventure, Drama, Sci-Fi"
3,tt10540510,Inu-oh,"Animation, Drama, Fantasy"
0,tt1054606,The Imaginarium of Doctor Parnassus,"Adventure, Comedy, Fantasy"
2,tt10546090,House of Shadows,Horror
4,tt10548174,28 Months Later,Horror
1,tt1055292,Life as We Know It,"Comedy, Drama, Romance"
0,tt1055369,Transformers: Revenge of the Fallen,"Action, Adventure, Sci-Fi"
4,tt10554232,Dara of Jasenovac,"Drama, War"
3,tt1057500,Invictus,"Action, Biography, Drama"
2,tt10579380,AI Amok,"Sci-Fi, Thriller"
1,tt1058017,The Invention of Lying,"Comedy, Fantasy, Romance"
4,tt1059786,Eagle Eye,"Action, Mystery, Thriller"
2,tt10597934,Frequent Visitors,Thriller
2,tt1060277,Cloverfield,"Action, Adventure, Horror"
1,tt10617192,Once Upon a Lifetime,"Drama, Fantasy"
0,tt10618286,Mank,"Biography, Comedy, Drama"
3,tt10627720,Ne Zha,"Animation, Action, Adventure"
1,tt10633676,Homme Fatale,"Comedy, History, Romance"
3,tt10635042,Sailor Moon Eternal,"Animation, Action, Adventure"
4,tt1063669,The Wave,"Drama, Thriller"
0,tt10640346,Babylon,"Comedy, Drama, History"
2,tt10645682,The Jack in the Box,Horror
2,tt1064744,Dying Breed,"Horror, Thriller"
3,tt10648342,Thor: Love and Thunder,"Action, Adventure, Comedy"
1,tt1064932,Welcome to the Sticks,"Comedy, Romance"
1,tt1064976,Tu peux garder un secret?,"Comedy, Romance"
0,tt10651230,The Peasants,"Animation, Drama"
1,tt10655524,It Ends with Us,"Drama, Romance"
4,tt10656188,The Queen of Black Magic,"Drama, Horror, Mystery"
1,tt10656794,A Grand Romantic Gesture,"Comedy, Romance"
4,tt10660156,Endless Night,"Drama, History"
4,tt10665338,Halloween Kills,"Horror, Thriller"
4,tt10665342,Halloween Ends,"Horror, Thriller"
1,tt1067090,The Vampires of Zanzibar,"Comedy, Horror, Musical"
0,tt1067106,A Christmas Carol,"Animation, Adventure, Comedy"
1,tt1067583,Water for Elephants,"Drama, Romance"
3,tt10676052,Fantastic Four,"Action, Adventure, Sci-Fi"
2,tt10676120,Decline,Horror
0,tt10676126,Our River...Our Sky,"Drama, War"
1,tt10678722,Miracle on Highway 34,"Drama, Family"
1,tt1068680,Yes Man,"Comedy, Romance"
1,tt10687168,No.7 Cherry Lane,"Animation, Drama, Romance"
1,tt10691094,The Halloween Family,Animation
1,tt10691112,Lil' Monsters,Animation
2,tt10695464,The Source of Shadows,Horror
2,tt10696116,Do Not Disturb,Horror
0,tt10696784,The Harder They Fall,"Action, Drama, Western"
0,tt10698680,K.G.F: Chapter 2,"Action, Crime, Drama"
2,tt10704342,Framed,"Romance, Thriller"
0,tt1070874,The Trial of the Chicago 7,"Drama, History, Thriller"
2,tt10713340,Held,"Horror, Mystery, Thriller"
2,tt1071875,Ghost Rider: Spirit of Vengeance,"Action, Fantasy, Thriller"
1,tt1072438,Not Since You,"Drama, Romance"
4,tt1073105,The Descent: Part 2,"Adventure, Horror, Thriller"
4,tt10731256,Don't Worry Darling,"Drama, Thriller"
2,tt1073241,Nothing But the Truth,"Crime, Drama, Thriller"
1,tt1073498,Meet the Spartans,"Comedy, Fantasy"
2,tt10740584,Abigail Haunting,Horror
2,tt10740928,The Estate,"Comedy, Thriller"
0,tt1074638,Skyfall,"Action, Adventure, Thriller"
2,tt1074653,Smuggler's Ransom,"Drama, Thriller"
2,tt10750898,Fire Dragon,Action
2,tt1075113,Don't Look Back,"Drama, Horror, Mystery"
2,tt10763342,I'm Haunted,Horror
2,tt10763820,Night Teeth,"Action, Crime, Drama"
2,tt10765896,Signal 100,"Drama, Horror, Thriller"
4,tt1077258,Planet Terror,"Action, Comedy, Horror"
2,tt1077368,Dark Shadows,"Comedy, Fantasy, Horror"
0,tt1078588,My Sister's Keeper,"Drama, Family"
3,tt1078912,Night at the Museum: Battle of the Smithsonian,"Adventure, Comedy, Family"
1,tt10791152,Supereroi,"Comedy, Drama, Romance"
3,tt1080016,Ice Age: Dawn of the Dinosaurs,"Animation, Adventure, Comedy"
1,tt10810850,The Fabulous Filipino Brothers,"Comedy, Romance"
2,tt10816616,Gore Theatre 2,Horror
4,tt1082868,Quarantine,"Horror, Sci-Fi, Thriller"
1,tt1082886,The Wackness,"Comedy, Drama, Romance"
2,tt10833378,Beyond the Neon,"Crime, Mystery, Thriller"
3,tt1083452,Eddie the Eagle,"Adventure, Biography, Comedy"
1,tt10837312,The Salted Egg,"Animation, Action, Fantasy"
0,tt10838180,The Matrix Resurrections,"Action, Sci-Fi"
2,tt1084019,Kuro-obi,"Action, Drama, Sport"
2,tt1085382,Chicago Overcoat,"Action, Adventure, Crime"
1,tt10854954,Rhapsody of Love,"Comedy, Romance"
3,tt1086772,Blended,"Comedy, Romance"
0,tt10872600,Spider-Man: No Way Home,"Action, Adventure, Fantasy"
1,tt10873412,You and I,"Comedy, Romance"
2,tt1087472,Safehouse,"Action, Crime, Mystery"
1,tt1087524,Once Fallen,Crime
1,tt1087861,Kærestesorger,"Drama, Romance"
2,tt10886166,365 Days,"Drama, Romance"
1,tt10887902,I Used to Go Here,"Comedy, Drama, Romance"
0,tt1090680,Salt of This Sea,"Drama, Romance"
0,tt1091191,Lone Survivor,"Action, Biography, Drama"
1,tt1091722,Adventureland,"Comedy, Drama, Romance"
2,tt1091840,Sam and Nargess,"Drama, Romance"
1,tt10919380,Freaky,"Comedy, Horror, Thriller"
1,tt1091992,A French Gigolo,"Drama, Romance"
1,tt1092026,Paul,"Adventure, Comedy, Sci-Fi"
2,tt10929084,Parched 2: Hangry,Horror
4,tt10931784,Nanny,"Drama, Horror"
2,tt1093357,The Darkest Hour,"Action, Adventure, Horror"
3,tt1093370,Jab We Met,"Comedy, Drama, Romance"
1,tt1093908,Confessions of a Shopaholic,"Comedy, Romance"
4,tt10944760,Titane,"Drama, Horror, Sci-Fi"
1,tt10945288,Le loup et le lion,"Adventure, Drama, Family"
1,tt1095174,New in Town,"Comedy, Romance"
4,tt1095217,The Bad Lieutenant: Port of Call - New Orleans,"Crime, Drama"
2,tt10952782,Malasaña 32,"Horror, Mystery"
4,tt10954652,Old,"Drama, Horror, Mystery"
0,tt10954984,Nope,"Horror, Mystery, Sci-Fi"
1,tt10955148,Rising Free,"Drama, History"
4,tt10962368,Things Heard & Seen,"Drama, Horror, Mystery"
3,tt10963790,The Knight and the Princess,"Animation, Adventure, Comedy"
2,tt1097013,Next Day Air,"Action, Comedy, Crime"
1,tt1098327,Dragonball Evolution,"Action, Adventure, Fantasy"
4,tt10984206,On the 3rd Day,"Drama, Fantasy, Horror"
2,tt10989240,Night Drive,"Crime, Thriller"
2,tt10989808,Beckman,Action
1,tt1099212,Twilight,"Drama, Fantasy, Romance"
3,tt10999120,Spirited,"Comedy, Family, Musical"
4,tt1100089,Foxcatcher,"Biography, Drama, History"
0,tt11003218,Pig,"Drama, Mystery"
2,tt11005128,Into the Deep,Thriller
0,tt11009666,Miss Marx,"Biography, Drama, History"
1,tt11011508,Dispatched,"Action, Drama"
1,tt11013434,"My Donkey, My Lover & I","Adventure, Comedy, Romance"
3,tt11015752,"Paw Patrol: Ready, Race, Rescue!","Animation, Family"
1,tt11023720,Tenali Ramakrishna BA.BL,"Action, Comedy, Drama"
1,tt1103153,Killers,"Action, Comedy, Romance"
1,tt11033942,Bookworm and the Beast,Romance
0,tt1104001,Tron: Legacy,"Action, Adventure, Sci-Fi"
2,tt1104052,The Commune,"Comedy, Horror, Mystery"
2,tt11050886,The Only Way Out,"Mystery, Thriller"
4,tt11050992,A Creature was Stirring,Horror
2,tt11051582,Cemetery,Adventure
1,tt11051974,Your Eyes Tell,"Drama, Romance"
4,tt11052678,The Silent Twins,"Biography, Drama"
4,tt11056910,The Stylist,"Drama, Horror"
1,tt1107860,The Maiden Heist,"Comedy, Crime"
2,tt11082246,Toothfairy 2,Horror
4,tt11083552,Wrath of Man,"Action, Crime, Thriller"
2,tt11084432,My Heart Can't Beat Unless You Tell It To,"Drama, Horror"
2,tt11086254,The Alpha Test,"Horror, Sci-Fi, Thriller"
3,tt1109624,Paddington,"Adventure, Comedy, Family"
2,tt11101622,Plantados,"Drama, History"
1,tt11102314,Tribhanga,"Drama, Family"
4,tt1111422,The Taking of Pelham 123,"Action, Crime, Thriller"
4,tt1111876,Balibo,"Biography, Drama, History"
2,tt1111890,Diary of a Nymphomaniac,"Drama, Romance"
1,tt11125620,The Addams Family 2,"Animation, Adventure, Comedy"
3,tt11125636,"Yakari, a Spectacular Journey","Animation, Adventure, Family"
2,tt11127256,Choke,"Horror, Thriller"
1,tt11127380,Amazing Aliens,Animation
4,tt11127690,The Paramedic,"Adventure, Crime, Drama"
1,tt11127878,Milea,"Drama, Romance"
2,tt11130102,The Investigation: A Haunting in Sherwood,Horror
1,tt11137336,The Beauty,Romance
0,tt11138512,The Northman,"Action, Adventure, Drama"
3,tt1114740,Paul Blart: Mall Cop,"Action, Comedy, Crime"
1,tt11154906,Out of My League,"Comedy, Drama, Romance"
2,tt1116182,Affinity,"Drama, Romance"
2,tt11166382,The Third Saturday in October Part V,"Comedy, Horror"
1,tt11170782,Dilly Loves Kitty,"Comedy, Romance, Western"
4,tt1117385,Felon,"Crime, Thriller"
2,tt11177556,The Amityville Harvest,"Horror, Thriller"
1,tt11185940,15 Things You Didn't Know About Bigfoot (#1 Will Blow Your Mind),"Adventure, Comedy, Horror"
2,tt11188560,A Taste of Hunger,"Drama, Romance"
1,tt11199356,Bheeshma,"Action, Comedy, Romance"
1,tt11203022,Sex Appeal,"Comedy, Drama, Romance"
2,tt11203346,Barbara Reimagined,Horror
1,tt1120897,Dhan Dhana Dhan Goal,"Drama, Sport, Thriller"
2,tt1120985,Blue Valentine,"Drama, Romance"
3,tt11210390,Asterix & Obelix: The Middle Kingdom,"Adventure, Comedy, Family"
0,tt1121096,Seventh Son,"Action, Adventure, Fantasy"
4,tt11214590,House of Gucci,"Biography, Crime, Drama"
1,tt11219254,We Made a Beautiful Bouquet,"Drama, Romance"
2,tt1121931,Crank: High Voltage,"Action, Crime, Thriller"
2,tt1121948,The Killer,Action
1,tt1122863,Pacar Ketinggalan Kereta,"Drama, Romance"
4,tt11233960,The Unforgivable,"Crime, Drama"
4,tt1124035,The Ides of March,"Drama, Thriller"
0,tt1124037,Free State of Jones,"Action, Biography, Drama"
1,tt1124396,Gitler kaput!,"Action, Adventure, Comedy"
4,tt11245972,Scream,"Horror, Mystery, Thriller"
2,tt1125849,The Wrestler,"Drama, Sport"
0,tt1126590,Big Eyes,"Biography, Crime, Drama"
3,tt1126591,Burlesque,"Drama, Music, Musical"
1,tt1126618,Morning Glory,"Comedy, Drama, Romance"
3,tt11271038,Licorice Pizza,"Comedy, Drama, Romance"
4,tt1127180,Drag Me to Hell,Horror
4,tt1127855,Wide Awake,"Drama, Thriller"
2,tt11280556,The Madness Inside Me,"Drama, Horror, Thriller"
0,tt1128075,Love Exposure,"Action, Comedy, Drama"
0,tt11286314,Don't Look Up,"Comedy, Drama, Sci-Fi"
2,tt11287390,Al Acecho,Thriller
1,tt11291274,The Unbearable Weight of Massive Talent,"Action, Comedy, Crime"
1,tt1129423,Fireproof,"Drama, Romance"
2,tt1129442,Transporter 3,"Action, Adventure, Thriller"
2,tt1130080,The Informant!,"Biography, Comedy, Crime"
4,tt1130884,Shutter Island,"Mystery, Thriller"
4,tt11310884,History of the Occult,Horror
2,tt11316596,End Survival,Horror
2,tt1131734,Jennifer's Body,"Comedy, Horror"
1,tt11317408,Liao bu qi de lao ba,"Comedy, Drama, Sport"
2,tt11322942,Be Our Guests,Horror
4,tt1132620,The Girl with the Dragon Tattoo,"Crime, Drama, Mystery"
4,tt1132626,Saw V,"Crime, Horror, Thriller"
1,tt11326928,Friends Family & Lovers,"Comedy, Drama, Romance"
3,tt1133985,Green Lantern,"Action, Adventure, Sci-Fi"
2,tt11343320,Body of Night,"Drama, Thriller"
2,tt1134854,Survival of the Dead,"Comedy, Drama, Horror"
2,tt1135084,Takers,"Action, Crime, Drama"
2,tt1135092,The Limits of Control,"Crime, Drama, Mystery"
2,tt1135487,Duplicity,"Comedy, Crime, Romance"
3,tt1135503,Julie & Julia,"Biography, Drama, Romance"
4,tt1135952,White Material,"Drama, War"
1,tt1135985,Sex Drive,"Comedy, Romance"
2,tt1135992,Wonderful Town,"Drama, Romance"
0,tt1136608,District 9,"Action, Sci-Fi, Thriller"
2,tt1137450,Death Wish,"Action, Crime, Drama"
2,tt11388406,Horse Girl,"Drama, Mystery, Thriller"
2,tt11388416,Ida Red,"Drama, Thriller, Western"
0,tt11389872,Kingdom of the Planet of the Apes,"Action, Sci-Fi"
2,tt1139282,Stolen,"Crime, Drama, Mystery"
2,tt1139319,A Film with Me in It,"Comedy, Thriller"
4,tt1139328,The Ghost Writer,"Crime, Drama, Mystery"
4,tt11394332,Spree,"Action, Comedy, Crime"
4,tt1139797,Let the Right One In,"Drama, Fantasy, Horror"
1,tt11412892,Autumn Girl,"Biography, Drama, Musical"
2,tt11417886,The Intruder,"Horror, Thriller"
1,tt11426228,Spirit Halloween,"Adventure, Family, Fantasy"
3,tt1142977,Frankenweenie,"Animation, Comedy, Drama"
1,tt1142988,The Ugly Truth,"Comedy, Romance"
1,tt1144804,Kambakkht Ishq,"Action, Comedy, Romance"
2,tt1144884,The Final Destination,"Horror, Thriller"
2,tt11458170,Cannibal Lake,Horror
1,tt11460816,Will-o'-the-Wisp,"Comedy, Fantasy, Musical"
1,tt11465692,C.I.Ape,"Comedy, Family"
2,tt1147687,The Devil's Tomb,"Action, Horror, Sci-Fi"
4,tt1148204,Orphan,"Horror, Mystery, Thriller"
0,tt11482948,Schemes in Antiques,"Action, Adventure, Comedy"
4,tt1149362,The White Ribbon,"Drama, Mystery, Thriller"
1,tt1151915,Nothing Like the Holidays,"Comedy, Drama, Romance"
1,tt1152398,Beastly,"Drama, Fantasy, Romance"
4,tt1152836,Public Enemies,"Action, Biography, Crime"
2,tt1153543,The Coverup,"Crime, Drama, Mystery"
1,tt11547520,Kalashnikov,"Biography, War"
1,tt1155056,"I Love You, Man","Comedy, Romance"
3,tt1155076,The Karate Kid,"Action, Drama, Family"
1,tt11560730,Windstorm: The Great Hurricane,"Adventure, Family"
1,tt1156398,Zombieland,"Action, Comedy, Horror"
1,tt11564214,End Game,"Action, Comedy, Crime"
0,tt11564570,Glass Onion,"Comedy, Crime, Drama"
1,tt1156505,Park Benches,"Comedy, Romance"
2,tt11573276,Outpost,Horror
1,tt1157547,La Bohème,"Music, Romance"
2,tt11575888,Wolfwood,Horror
1,tt11580944,Seetimaarr,"Action, Drama, Sport"
1,tt1158254,Gita Cinta dari SMA,Romance
2,tt11589366,Don't Say Its Name,Horror
2,tt11591424,The Stay,"Drama, Horror, Mystery"
1,tt1159922,Cheerful Weather for the Wedding,"Comedy, Drama, Romance"
2,tt1160374,Sweatshop,Horror
0,tt1160419,Dune,"Action, Adventure, Drama"
4,tt11604676,Nayattu,"Crime, Thriller"
3,tt1160525,Pokémon: Giratina and the Sky Warrior,"Animation, Action, Adventure"
2,tt11609692,The Flood,"Drama, History, Western"
2,tt1160996,The Colony,"Action, Horror, Sci-Fi"
2,tt1161864,The Rite,"Drama, Horror, Mystery"
2,tt11631452,Kissing Game,Thriller
0,tt1164999,Biutiful,"Drama, Romance"
1,tt11654032,Boonie Bears: The Wild Life,Animation
0,tt11655202,Riders of Justice,"Action, Comedy, Drama"
2,tt11656220,Midnight in the Switchgrass,"Action, Crime, Thriller"
4,tt1166100,Ghajini,"Action, Drama, Mystery"
2,tt11662660,Quantum Cowboys,"Animation, Comedy, Sci-Fi"
2,tt11666128,Potter's Ground,"Drama, Thriller, Western"
2,tt11685574,Shifter,"Horror, Sci-Fi, Thriller"
1,tt11695654,Uncle Peckerhead,"Comedy, Horror, Music"
1,tt1169841,Return of Hanuman,"Animation, Action, Adventure"
4,tt11698800,Enys Men,Horror
4,tt11703050,The House,"Animation, Comedy, Drama"
0,tt1170358,The Hobbit: The Desolation of Smaug,Fantasy
1,tt1170399,C Kkompany,"Comedy, Drama, Thriller"
3,tt1172233,Whip It,"Drama, Sport"
4,tt1172570,Bronson,"Action, Crime, Drama"
2,tt11727052,The Closet,"Horror, Mystery"
3,tt11727866,Catherine Called Birdy,Adventure
2,tt11730914,Maaran,"Action, Thriller"
1,tt11747286,One in a Thousand,"Drama, Romance"
1,tt11754464,Whipped,"Comedy, Drama, Romance"
2,tt11755740,Texas Chainsaw Massacre,"Crime, Horror, Thriller"
2,tt11762434,Cosmic Sin,"Action, Sci-Fi"
2,tt11764870,Tears of the Clown,"Horror, Thriller"
2,tt1176733,Murder Loves Killers Too,"Horror, Thriller"
2,tt11767552,O Pitta Katha,"Drama, Thriller"
2,tt11775236,Acts of Revenge,"Crime, Drama, Mystery"
1,tt1178663,Whatever Works,"Comedy, Romance"
2,tt1179034,From Paris with Love,"Action, Crime, Thriller"
4,tt1179056,A Nightmare on Elm Street,"Crime, Drama, Horror"
2,tt1179064,Oral Fixation,Thriller
4,tt1179069,6 Souls,"Horror, Thriller"
2,tt1179904,Paranormal Activity,"Horror, Mystery"
2,tt11799110,Take Back,"Action, Thriller"
4,tt1179933,10 Cloverfield Lane,"Drama, Horror, Mystery"
2,tt11810546,Beyond the Dream,"Drama, Romance"
3,tt11819890,Pokémon the Movie: Secrets of the Jungle,"Animation, Action, Adventure"
1,tt11820950,The Portable Door,Fantasy
2,tt11821034,Vibration,Horror
4,tt1182345,Moon,"Drama, Mystery, Sci-Fi"
2,tt1182609,Direct Contact,"Action, Thriller"
2,tt1183276,The Horde,"Action, Horror"
1,tt1183911,Mr. Nice,"Biography, Comedy, Crime"
2,tt1183946,The Stoneman Murders,"Crime, Drama, Mystery"
1,tt11847606,Honey Girls,"Comedy, Family, Music"
1,tt1185416,When in Rome,"Comedy, Romance"
1,tt1185834,Star Wars: The Clone Wars,"Animation, Action, Adventure"
0,tt1186367,Ninja Assassin,"Action, Thriller"
0,tt11866324,Prey,"Action, Adventure, Drama"
0,tt1186830,Agora,"Adventure, Biography, Drama"
4,tt1187064,Triangle,"Fantasy, Mystery, Sci-Fi"
4,tt1188729,Pandorum,"Action, Horror, Mystery"
1,tt1188982,Jai Ho,"Action, Drama"
1,tt1188996,My Name Is Khan,"Adventure, Drama, Romance"
4,tt1189073,The Skin I Live In,"Drama, Horror, Mystery"
1,tt1189076,Ricky,"Comedy, Drama, Fantasy"
2,tt11890910,Homecoming Massacre,Horror
4,tt1189340,The Lincoln Lawyer,"Crime, Drama, Mystery"
4,tt1190072,The Hunter,"Drama, Thriller"
0,tt1190080,2012,"Action, Adventure, Sci-Fi"
4,tt1190539,The Chaser,"Action, Crime, Drama"
2,tt11905698,Vampir,"Drama, Horror, Mystery"
4,tt11905962,Sputnik,"Drama, Horror, Mystery"
4,tt1191111,Enter the Void,"Drama, Fantasy"
0,tt11917942,Wife of a Spy,"Drama, History, War"
2,tt1191971,Zone of the Dead,"Action, Horror, Sci-Fi"
1,tt11924738,The Perfect Family,"Adventure, Comedy"
4,tt1192612,Kuchisake-onna 2,"Drama, Horror"
1,tt1192620,Call of the Wild,"Adventure, Drama, Family"
3,tt1192628,Rango,"Animation, Action, Adventure"
1,tt1193138,Up in the Air,"Comedy, Drama, Romance"
2,tt1193622,Bled White,Horror
1,tt1194104,Bujjigaadu: Made in Chennai,"Action, Drama, Romance"
4,tt1194173,The Bourne Legacy,"Action, Adventure, Thriller"
2,tt11947158,Ek Villain Returns,"Action, Crime, Romance"
1,tt11953194,Hey Sinamika,"Drama, Romance"
1,tt1195478,The Five-Year Engagement,"Comedy, Drama, Romance"
3,tt11958344,A Whisker Away,"Animation, Adventure, Drama"
2,tt1196340,Inhale,"Drama, Thriller"
1,tt1196956,One Chance,"Biography, Comedy, Drama"
4,tt1197624,Law Abiding Citizen,"Action, Crime, Drama"
2,tt1197628,Observe and Report,"Comedy, Crime, Drama"
2,tt11976532,Vengeance,"Comedy, Mystery, Thriller"
0,tt11992694,Corsage,"Biography, Drama, History"
1,tt12013758,Sulla Stessa Onda,"Drama, Romance, Sport"
0,tt1201607,Harry Potter and the Deathly Hallows: Part 2,"Adventure, Family, Fantasy"
3,tt1204342,The Muppets,"Adventure, Comedy, Family"
1,tt12044426,Dheet Patangey,"Drama, Romance, Sport"
2,tt1205537,Jack Ryan: Shadow Recruit,"Action, Drama, Thriller"
2,tt12059016,Red Snow,"Comedy, Horror, Thriller"
2,tt12060242,Airborne,"Action, Adventure, Crime"
4,tt1206543,Out of the Furnace,"Action, Crime, Drama"
4,tt1206885,Rambo: Last Blood,"Action, Crime, Thriller"
4,tt1210042,Brooklyn's Finest,"Action, Crime, Drama"
0,tt1210166,Moneyball,"Biography, Drama, Sport"
0,tt1210819,The Lone Ranger,"Action, Adventure, Western"
0,tt1211837,Doctor Strange,"Action, Adventure, Fantasy"
4,tt1211956,Escape Plan,"Action, Thriller"
1,tt1212419,Hereafter,"Drama, Fantasy, Romance"
0,tt1212428,The Lost City of Z,"Adventure, Biography, Drama"
0,tt1212450,Lawless,"Biography, Crime, Drama"
0,tt1213641,First Man,"Biography, Drama, History"
1,tt1213644,Disaster Movie,"Comedy, Sci-Fi"
0,tt1213663,The World's End,"Action, Comedy, Sci-Fi"
2,tt1213856,Voices,"Crime, Drama, Horror"
1,tt1214946,Anubis: Het pad der 7 zonden,"Family, Mystery"
3,tt1216475,Cars 2,"Animation, Adventure, Comedy"
4,tt1216487,The Girl Who Played with Fire,"Action, Crime, Drama"
1,tt1216492,Leap Year,"Comedy, Romance"
4,tt1216496,Mother,"Crime, Drama, Mystery"
1,tt12166434,The Inglorious Serfs,"Action, Adventure, Comedy"
3,tt1217209,Brave,"Animation, Adventure, Comedy"
2,tt1217301,Mob Rules,"Action, Crime, Thriller"
2,tt12174436,Let's Not Meet in the Woods,Thriller
2,tt1217613,Battle Los Angeles,"Action, Adventure, Sci-Fi"
2,tt1219289,Limitless,"Sci-Fi, Thriller"
3,tt1219342,Legend of the Guardians: The Owls of Ga'Hoole,"Animation, Action, Adventure"
0,tt1219827,Ghost in the Shell,"Action, Crime, Drama"
4,tt1220198,The Fourth Kind,"Horror, Mystery, Sci-Fi"
0,tt1220634,Resident Evil: Afterlife,"Action, Horror, Sci-Fi"
0,tt1220719,Ip Man,"Action, Biography, Drama"
4,tt1221141,La mujer sin cabeza,"Drama, Mystery, Thriller"
1,tt1222817,Zookeeper,"Comedy, Family, Fantasy"
2,tt12246076,They Turned Us Into Killers,Horror
1,tt12258280,Under the Sea,"Animation, Family"
4,tt1226273,Edge of Darkness,"Action, Drama, Thriller"
0,tt12264966,Notre-Dame on Fire,"Biography, Drama, Thriller"
4,tt1226753,The Debt,"Drama, Thriller"
1,tt1226770,He's on My Mind,"Comedy, Romance"
0,tt1226837,Beautiful Boy,"Biography, Drama"
2,tt12282598,Intuition,"Crime, Drama, Mystery"
0,tt1228705,Iron Man 2,"Action, Sci-Fi"
2,tt1228953,Big Fan,"Comedy, Crime, Drama"
4,tt1228987,Let Me In,"Drama, Fantasy, Horror"
0,tt1229238,Mission: Impossible - Ghost Protocol,"Action, Adventure, Thriller"
0,tt1229822,Jane Eyre,"Drama, Romance"
4,tt12298506,Black Box,"Horror, Mystery, Sci-Fi"
1,tt1230204,A Turtle's Tale: Sammy's Adventures,"Animation, Adventure, Family"
4,tt1230213,Bound to Vengeance,"Horror, Thriller"
3,tt12302540,Wicked,"Drama, Fantasy, Romance"
4,tt1230385,The Yellow Sea,"Action, Crime, Drama"
1,tt1230414,It's Complicated,"Comedy, Drama, Romance"
1,tt1231587,Hot Tub Time Machine,"Comedy, Sci-Fi"
1,tt1232829,21 Jump Street,"Action, Comedy, Crime"
4,tt1233227,Saw VI,"Horror, Mystery, Thriller"
1,tt1233290,Hanni & Nanni,"Adventure, Drama, Family"
1,tt1234548,The Men Who Stare at Goats,"Comedy, War"
4,tt1234554,The Murder Farm,"Crime, Drama, Horror"
2,tt1234654,Greenberg,"Comedy, Drama, Romance"
2,tt1234719,Red Dawn,"Action, Drama"
0,tt1234721,RoboCop,"Action, Crime, Sci-Fi"
4,tt1235124,Dorian Gray,"Drama, Fantasy, Mystery"
2,tt1235142,Last Ride,"Crime, Drama"
4,tt1235166,A Prophet,"Crime, Drama"
4,tt1235522,Broken City,"Action, Crime, Drama"
1,tt1235536,Lucky Luke,"Adventure, Comedy, Western"
1,tt1235830,Chico & Rita,"Animation, Crime, Drama"
0,tt12361974,Zack Snyder's Justice League,"Action, Adventure, Fantasy"
2,tt1236484,Stoic,"Crime, Drama"
3,tt1240982,Your Highness,"Action, Adventure, Comedy"
2,tt1241226,Locker 13,Thriller
3,tt12412888,Sonic the Hedgehog 2,"Action, Adventure, Comedy"
4,tt1241317,Death Note,"Crime, Drama, Fantasy"
4,tt1242422,Celda 211,"Action, Adventure, Crime"
4,tt1242432,I Spit on Your Grave,"Horror, Thriller"
4,tt1242460,We Need to Talk About Kevin,"Drama, Mystery, Thriller"
0,tt12427158,A Thousand and One,"Crime, Drama"
1,tt1243930,Dachimawa Lee,"Action, Adventure, Comedy"
0,tt1243957,The Tourist,"Action, Thriller"
1,tt1243974,Aloha,"Comedy, Drama, Romance"
2,tt12447796,Unwelcome,Horror
4,tt1245112,[Rec]²,"Horror, Thriller"
1,tt1245492,This Is the End,"Comedy, Fantasy"
2,tt1245526,RED,"Action, Comedy, Crime"
1,tt1247662,The Good Guy,"Comedy, Romance"
0,tt1250777,Kick-Ass,"Action, Comedy, Crime"
1,tt1251735,Justin Time,"Adventure, Family"
0,tt12536294,Spencer,"Biography, Drama"
2,tt12536776,Dark Forces,"Action, Horror, Mystery"
0,tt1253863,300: Rise of an Empire,"Action, Drama"
0,tt1253864,Immortals,"Action, Drama, Fantasy"
4,tt12539758,Living in Bondage: Breaking Free,"Drama, Fantasy"
2,tt1254249,Snakes and Earrings,Thriller
2,tt1254322,The Girl King,"Biography, Drama, History"
2,tt1254956,From Inside,"Animation, Horror"
4,tt1255953,Incendies,"Drama, Mystery"
1,tt12572792,Okay Madam,"Action, Comedy"
2,tt12579120,The Hole in the Fence,"Drama, Thriller"
4,tt1258197,Exam,"Crime, Horror, Mystery"
0,tt1258972,The Man with the Iron Fists,Action
2,tt12592252,Songbird,"Drama, Sci-Fi, Thriller"
0,tt12593682,Bullet Train,"Action, Comedy, Thriller"
4,tt1259521,The Cabin in the Woods,"Horror, Mystery, Thriller"
4,tt1259528,Den of Thieves,"Action, Crime, Drama"
1,tt1259571,The Twilight Saga: New Moon,"Adventure, Drama, Fantasy"
2,tt1260365,On the Inside,"Drama, Thriller"
2,tt1261041,2:22,"Crime, Drama, Thriller"
1,tt12615474,Two by Two: Overboard!,"Animation, Adventure, Comedy"
1,tt1261945,Sex and the City 2,"Comedy, Drama, Romance"
4,tt1262416,Scream 4,"Comedy, Horror, Mystery"
3,tt1263670,Crazy Heart,"Drama, Music, Romance"
4,tt1263679,Firaaq,"Drama, History, Thriller"
2,tt1266139,Mexican Gangster,Action
0,tt1267297,Hercules,"Action, Adventure, Fantasy"
1,tt1268799,A Very Harold & Kumar Christmas,"Adventure, Comedy"
2,tt12695436,Corontina 19,Thriller
4,tt1270262,The Devil's Double,"Biography, Drama, Thriller"
0,tt1270797,Venom,"Action, Adventure, Sci-Fi"
0,tt1270798,X: First Class,"Action, Sci-Fi"
1,tt1270850,The Waiting City,"Drama, Romance"
2,tt12714786,Just Caught a Body,"Action, Crime, Drama"
1,tt1272041,My Queen Karo,"Drama, Romance"
2,tt1272878,2 Guns,"Action, Thriller"
2,tt1272886,Small Apartments,"Comedy, Crime, Drama"
4,tt1273235,A Serbian Film,"Horror, Mystery, Thriller"
2,tt12735282,The Reef: Stalked,"Horror, Thriller"
1,tt1273678,The Spy Next Door,"Action, Comedy, Family"
2,tt12739994,The 100 Candles Game,Horror
1,tt1275521,Babine,"Adventure, Drama, Fantasy"
4,tt1276104,Looper,"Action, Drama, Sci-Fi"
3,tt1277953,Madagascar 3: Europe's Most Wanted,"Animation, Adventure, Comedy"
2,tt1278340,Dead Snow,"Comedy, Fantasy, Horror"
3,tt12789558,Belfast,"Biography, Drama"
1,tt1279935,Date Night,"Comedy, Crime, Romance"
2,tt12799402,Athens County Massacre,Horror
3,tt12801262,Luca,"Animation, Adventure, Comedy"
0,tt12801374,Under the Open Sky,"Crime, Drama"
2,tt12802016,7 Sins,Horror
2,tt12802546,Vera,"Drama, History, Thriller"
4,tt1280558,A Wednesday,"Action, Crime, Drama"
2,tt12814530,"Theoretically, a paranoid conspiratorial phone call","Action, Adventure, Comedy"
1,tt1282140,Easy A,"Comedy, Drama, Romance"
4,tt12829958,The Old Ways,"Drama, Fantasy, Horror"
0,tt12844910,Pathaan,"Action, Adventure, Drama"
1,tt1284575,Bad Teacher,"Comedy, Romance"
0,tt1285016,The Social Network,"Biography, Drama"
1,tt12850216,Unidentified Objects,"Comedy, Drama, Sci-Fi"
1,tt12874984,Saakini Daakini,"Action, Comedy"
0,tt12885272,Diana,"Biography, Drama, Musical"
4,tt1288558,Evil Dead,Horror
0,tt12889404,Cyrano,"Drama, Musical, Romance"
1,tt1289401,Ghostbusters: Answer the Call,"Action, Comedy, Fantasy"
4,tt1289406,Harry Brown,"Action, Crime, Drama"
2,tt1290138,Frank & Lola,"Crime, Drama, Romance"
3,tt1291150,Teenage Mutant Ninja Turtles,"Action, Adventure, Comedy"
4,tt1291570,Solace,"Crime, Drama, Mystery"
0,tt1291584,Warrior,"Action, Drama, Sport"
1,tt1292566,How to Be Single,"Comedy, Drama, Romance"
2,tt12934256,A Reflection of Evil,Thriller
0,tt1293847,xXx: Return of Xander Cage,"Action, Adventure, Thriller"
2,tt1294213,Solitary Man,"Comedy, Drama, Romance"
3,tt1294226,The Last Song,"Drama, Music, Romance"
2,tt1294688,Last Night,"Drama, Romance"
1,tt1296068,Duo biao,Action
2,tt1296899,Wake Wood,"Drama, Horror, Thriller"
1,tt12969446,Monster Class: Halloween,Family
2,tt12969650,Bigfoot vs the Illuminati,"Animation, Horror, Sci-Fi"
2,tt1297919,Blitz,"Action, Crime, Thriller"
1,tt12981586,Avenger Dogs Christmas,Animation
1,tt1298644,The Hustle,"Comedy, Crime"
1,tt1298649,The Watch,"Comedy, Sci-Fi"
0,tt1298650,Pirates of the Caribbean: On Stranger Tides,"Action, Adventure, Fantasy"
1,tt12996154,365 Days: This Day,"Drama, Romance"
2,tt1300851,The Boondock Saints II: All Saints Day,"Action, Thriller"
0,tt1300854,Iron Man Three,"Action, Adventure, Sci-Fi"
2,tt13017204,The Fable: The Killer Who Doesn't Kill,"Action, Comedy, Mystery"
4,tt1302006,The Irishman,"Biography, Crime, Drama"
3,tt1302011,Kung Fu Panda 2,"Animation, Action, Adventure"
1,tt13021476,"Es ist nur eine Phase, Hase","Comedy, Drama, Romance"
0,tt13024674,Army of Thieves,"Action, Comedy, Crime"
2,tt1303902,Someone's Knocking at the Door,"Fantasy, Horror"
2,tt13051108,The Fallen Bridge,"Crime, Drama"
2,tt13056108,Concrete_savanna,Horror
4,tt1305806,The Secret in Their Eyes,"Drama, Mystery, Romance"
2,tt13067292,Rogue Hostage,"Action, Thriller"
1,tt1306980,50/50,"Comedy, Drama, Romance"
1,tt13070038,After Ever Happy,"Drama, Romance"
1,tt1307068,Seeking a Friend for the End of the World,"Adventure, Comedy, Drama"
2,tt1308144,Nowhere to Hide,"Action, Horror, Mystery"
2,tt13084926,The Blue Whale,"Drama, Thriller"
1,tt13086130,Soulmate,"Drama, Romance"
2,tt1308729,Bullet to the Head,"Action, Crime, Thriller"
2,tt1308745,The Absent,"Horror, Thriller"
1,tt1309557,Eamon,"Comedy, Romance"
2,tt13098590,Fear Below,"Action, Adventure, Horror"
4,tt13103212,Irul,"Mystery, Thriller"
4,tt13105536,Gatham,Thriller
1,tt1310653,Man from Shaolin,"Action, Drama"
1,tt13106900,All Because of You,"Action, Comedy, Romance"
3,tt13107908,Paw Patrol: Jet to the Rescue,"Animation, Adventure, Family"
1,tt1311093,The Gold Retrievers,"Adventure, Comedy, Family"
2,tt13124286,Rise of the Scarecrows: Hell on Earth,Horror
1,tt13129114,Woman of the Photographs,"Horror, Romance, Thriller"
4,tt13130532,Footfairy,"Crime, Thriller"
0,tt13131232,Mission Majnu,"Action, Drama, History"
1,tt13131610,Bholaa Shankar,"Action, Drama"
1,tt13132558,Shark Encounters of the Third Kind,Horror
2,tt13141250,The Ritual Killer,Thriller
1,tt1314237,Les beaux gosses,"Comedy, Drama, Romance"
2,tt1314242,To kako - Stin epohi ton iroon,"Comedy, Horror"
2,tt13145186,Olga,"Drama, Sport"
4,tt1314655,Devil,"Horror, Mystery, Thriller"
1,tt13155940,My Village People,"Comedy, Fantasy"
0,tt1315981,A Single Man,"Crime, Drama, Romance"
2,tt1316622,Wrecked,"Adventure, Drama, Mystery"
0,tt1318514,Rise of the Planet of the Apes,"Action, Drama, Sci-Fi"
2,tt13186470,8ight After,Horror
2,tt1320239,Burke and Hare,"Comedy, Crime, History"
2,tt1320253,The Expendables,"Action, Adventure, Thriller"
1,tt1320261,Gulliver's Travels,"Adventure, Comedy, Family"
4,tt13206926,Joji,"Crime, Drama"
0,tt13207508,Swan Song,"Drama, Romance, Sci-Fi"
4,tt1321511,Oldboy,"Action, Drama, Mystery"
0,tt1321870,Gangster Squad,"Action, Crime, Drama"
1,tt13225546,The Venus Effect,"Comedy, Drama, Romance"
2,tt1323045,Frozen,"Adventure, Drama, Mystery"
3,tt1323594,Despicable Me,"Animation, Adventure, Comedy"
2,tt1323973,The Trials of Cate McCall,"Crime, Drama"
2,tt13240610,Night of the Tommyknockers,"Drama, Horror, Western"
1,tt1324999,The Twilight Saga: Breaking Dawn - Part 1,"Adventure, Drama, Fantasy"
3,tt1325004,The Twilight Saga: Eclipse,"Action, Adventure, Drama"
2,tt13260780,Night of the Zomghouls,Horror
4,tt13266998,Bull,"Crime, Thriller"
2,tt13269536,Girl in the Basement,"Crime, Thriller"
1,tt1327194,The Lucky One,"Drama, Mystery, Romance"
0,tt1327773,The Butler,"Biography, Drama"
1,tt13288972,Pets 2,"Animation, Comedy, Family"
1,tt1328913,Preacher's Kid,"Drama, Music, Romance"
4,tt1329454,Vengeance,"Action, Crime, Thriller"
0,tt1329457,Gainsbourg: A Heroic Life,"Biography, Drama, Music"
2,tt13309978,Superhost,"Comedy, Horror, Thriller"
1,tt1331064,Paper Heart,"Comedy, Drama, Romance"
2,tt13310936,Thimmarusu: Assignment Vali,"Crime, Drama, Thriller"
2,tt1331291,5150 Elm's Way,"Drama, Horror, Thriller"
1,tt13314558,Day Shift,"Action, Comedy, Fantasy"
1,tt13316820,Boy Meets Boy,"Drama, Romance"
1,tt13320622,The Lost City,"Action, Adventure, Comedy"
0,tt13321244,Caste,"Drama, History"
4,tt1332134,King of Devil's Island,"Action, Drama"
2,tt13330168,When Darkness Falls,"Crime, Mystery, Thriller"
0,tt1334260,Never Let Me Go,"Drama, Romance, Sci-Fi"
2,tt1334535,Hold,"Drama, Thriller"
4,tt1334553,The Perfect Host,"Comedy, Crime, Thriller"
4,tt13349892,Kompromat,"Drama, Thriller"
1,tt13357236,Food and Romance,"Comedy, Drama, Romance"
0,tt1335975,47 Ronin,"Action, Drama, Fantasy"
2,tt1336006,The Revenant,"Comedy, Fantasy, Horror"
2,tt13361442,Last of the Grads,"Drama, Horror"
1,tt1336608,Rock of Ages,"Comedy, Drama, Musical"
1,tt1337032,Trailer Park Boys: Countdown to Liquor Day,"Comedy, Crime"
2,tt13382698,Trigger Point,"Action, Mystery, Thriller"
2,tt13388260,The Devil Came Home,Horror
4,tt1339161,Der Räuber,"Biography, Crime, Drama"
2,tt13391708,The Five Devils,"Drama, Fantasy, Romance"
1,tt1339302,"Bleach: Fade to Black, I Call Your Name","Animation, Action, Drama"
2,tt13393058,Ben & Jody,"Action, Adventure, Drama"
1,tt13393728,The Con-Heartist,"Comedy, Romance"
1,tt13395224,Country Gold,"Comedy, Fantasy"
0,tt1340138,Terminator Genisys,"Action, Adventure, Sci-Fi"
4,tt1340800,Tinker Tailor Soldier Spy,"Drama, Mystery, Thriller"
2,tt13410380,Bedroom Story,"Comedy, Romance"
2,tt1341167,Four Lions,"Comedy, Crime, Drama"
1,tt1341188,How Do You Know,"Comedy, Drama, Romance"
1,tt1341340,A Warrior's Heart,"Action, Drama, Family"
2,tt13423468,Attention Please,Thriller
1,tt1342403,Toys in the Attic,"Animation, Family, Fantasy"
0,tt1343092,The Great Gatsby,"Drama, Romance"
4,tt1343097,The Girl Who Kicked the Hornet's Nest,"Crime, Drama, Thriller"
2,tt13434866,Spitfire Over Berlin,"Action, Drama, War"
4,tt1343727,Dredd,"Action, Crime, Sci-Fi"
1,tt13446128,Love Destiny: The Movie,"Comedy, History, Romance"
1,tt13449358,The Breath of Life,"Adventure, Fantasy"
2,tt1345486,Killer Biker Chicks,"Action, Comedy, Horror"
2,tt13455224,The Last Five Days: 10 Years Later,"Adventure, Horror, Thriller"
0,tt1345836,The Dark Knight Rises,"Action, Drama"
2,tt13468602,The Lair,"Action, Horror"
1,tt13479728,Bings Kerstfeest en andere Verhalen,Animation
2,tt13486578,The Pain and the Pity,"Animation, Comedy, Drama"
2,tt13496236,American Siege,"Action, Thriller"
2,tt13507778,No Man of God,"Biography, Crime, Drama"
4,tt13510660,Dhamaka,"Crime, Drama, Thriller"
3,tt1351685,Jack the Giant Slayer,"Action, Adventure, Fantasy"
2,tt13519510,Wolf,Thriller
4,tt1352824,Chloe,Thriller
0,tt13539646,The Wandering Earth II,"Action, Adventure, Drama"
1,tt13544716,My Hero Academia: World Heroes' Mission,"Animation, Action, Adventure"
1,tt1355630,If I Stay,"Drama, Fantasy, Music"
4,tt1355631,The Infiltrator,"Biography, Crime, Drama"
0,tt1355644,Passengers,"Drama, Romance, Sci-Fi"
4,tt1355683,Black Mass,"Biography, Crime, Drama"
4,tt13560574,X,"Horror, Mystery, Thriller"
2,tt13566172,Dive,Thriller
2,tt13592970,Loop Track,Thriller
0,tt13622118,Cryptozoo,"Animation, Fantasy"
1,tt13623880,Night at the Museum: Kahmunrah Rises Again,"Animation, Adventure, Comedy"
1,tt13632182,Christmas at the Ranch,Romance
2,tt13648224,We're All Going to the World's Fair,"Drama, Horror"
4,tt1365050,Beasts of No Nation,"Drama, War"
0,tt1365519,Tomb Raider,"Action, Adventure, Fantasy"
2,tt13660418,Shoky & Morthy: Last Big Thing,"Comedy, Mystery, Thriller"
1,tt13667522,Sally Floss: Digital Detective,Mystery
1,tt13681790,Ryouma! The Prince of Tennis Shinsei Gekijouban Tennis no Ouji-sama,"Animation, Action, Musical"
1,tt13694856,Easter Someday,Fantasy
2,tt1369571,I Am Fear,"Horror, Thriller, War"
2,tt1369706,The Ward,"Horror, Mystery, Thriller"
2,tt13705574,The Burned Over District,Horror
0,tt1371111,Cloud Atlas,"Drama, Mystery, Sci-Fi"
4,tt13717980,Grudge,"Crime, Drama, Mystery"
4,tt1372687,Crnci,"Crime, Drama, War"
1,tt13728764,June and Kopi,"Comedy, Family"
1,tt1374989,Pride and Prejudice and Zombies,"Action, Comedy, Fantasy"
1,tt1374992,Upside Down,"Drama, Fantasy, Romance"
4,tt1375666,Inception,"Action, Adventure, Sci-Fi"
2,tt1376168,Comedown,Horror
1,tt13782222,"Alexander and the Terrible, Horrible, No Good, Very Bad Day","Comedy, Family"
4,tt1379182,Dogtooth,"Drama, Thriller"
1,tt13793230,Jaadugar,"Comedy, Drama, Fantasy"
1,tt13814292,Tumi Ashbe Bole,"Drama, Romance"
2,tt13815488,The Razing,"Drama, Horror, Mystery"
2,tt13818610,AURORA 663,"Action, Drama, Thriller"
1,tt13820428,Witnesses,"Action, Adventure, Drama"
2,tt13830148,The Tale of King Crab,"Adventure, Drama"
2,tt13845956,Righteous Blood,"Action, Western"
1,tt13846542,Squared Love,"Comedy, Romance"
1,tt1385826,The Adjustment Bureau,"Romance, Sci-Fi, Thriller"
1,tt1385867,Cop Out,"Action, Comedy, Crime"
0,tt13859694,Railway Heroes,"Drama, History, War"
1,tt1386588,The Other Guys,"Action, Comedy, Crime"
4,tt1386691,Shimmer Lake,"Action, Crime, Drama"
0,tt1386697,Suicide Squad,"Action, Adventure, Fantasy"
0,tt1386703,Total Recall,"Action, Adventure, Sci-Fi"
0,tt1386932,Ip Man 2,"Action, Biography, Drama"
2,tt13877410,War of the God Monsters,Sci-Fi
4,tt13880104,Happening,"Drama, History"
1,tt13884144,The Seven Deadly Sins: Cursed by Light,"Animation, Action, Adventure"
2,tt13884166,Detective Conan: The Scarlet Alibi,"Animation, Crime, Mystery"
2,tt13885428,Anveshippin Kandethum,"Drama, Thriller"
0,tt13886712,King Car,"Fantasy, Sci-Fi"
2,tt1388903,Mirch,"Comedy, Drama, Fantasy"
0,tt1389072,Downsizing,"Drama, Fantasy, Sci-Fi"
3,tt1389137,We Bought a Zoo,"Comedy, Drama, Family"
0,tt1390411,In the Heart of the Sea,"Action, Adventure, Biography"
2,tt1391034,And Soon the Darkness,"Drama, Horror, Mystery"
0,tt1392170,The Hunger Games,"Action, Adventure, Sci-Fi"
0,tt1392190,Mad Max: Fury Road,"Action, Adventure, Sci-Fi"
4,tt1392214,Prisoners,"Crime, Drama, Mystery"
2,tt1392261,Veronica,"Crime, Drama"
2,tt13932304,America Latina,"Drama, Mystery, Thriller"
2,tt13935180,Positive Apocalypse,Adventure
2,tt13947858,Ach du Scheisse!,"Action, Comedy, Thriller"
2,tt13961988,The Edge of Her Mind Anthology,"Drama, Fantasy"
3,tt1396218,Mr. Popper's Penguins,"Comedy, Family, Fantasy"
0,tt1396484,It,Horror
2,tt1396523,Revenge of the Green Dragons,"Action, Crime, Drama"
2,tt13968674,Fingernails,"Drama, Sci-Fi"
0,tt1397280,Taken 2,"Action, Crime, Thriller"
1,tt1397514,Journey 2: The Mysterious Island,"Action, Adventure, Comedy"
4,tt13975458,Cube,"Horror, Mystery, Sci-Fi"
2,tt13978306,Brazen,"Crime, Drama, Mystery"
2,tt13978498,The Red Nightmare,Horror
0,tt1398426,Straight Outta Compton,"Biography, Drama, History"
0,tt1399103,Transformers: Dark of the Moon,"Action, Adventure, Sci-Fi"
4,tt1399683,Winter's Bone,"Drama, Mystery"
4,tt1401152,Unknown,"Action, Mystery, Thriller"
2,tt1401237,An Organization of Dreams,Thriller
2,tt14024066,The Guardian,"Crime, Drama, Horror"
1,tt1403241,Wolves,"Action, Fantasy, Horror"
2,tt14035044,Pick A Side,"Action, Drama"
2,tt1403981,Remember Me,"Drama, Romance"
1,tt1405365,Celeste & Jesse Forever,"Comedy, Drama, Romance"
1,tt1405810,Mine vaganti,"Comedy, Drama, Romance"
0,tt14060232,Infinite Storm,"Drama, Thriller"
2,tt1406146,Call If You Need Me,"Crime, Drama"
2,tt1407049,Altitude,"Horror, Mystery, Sci-Fi"
1,tt1407052,Wrinkles,"Animation, Drama"
2,tt14080416,The Ones You Didn't Burn,Horror
0,tt1408101,Star Trek Into Darkness,"Action, Adventure, Sci-Fi"
1,tt1408253,Ride Along,"Action, Comedy, Crime"
2,tt14088510,Horrorscope,Horror
3,tt1409024,Men in Black 3,"Action, Adventure, Comedy"
2,tt14091818,Ajeeb Daastaans,"Drama, Romance"
2,tt14099796,Jin shouzhi,"Action, Crime"
2,tt14104672,Klokkenluider,"Comedy, Thriller"
4,tt14107334,The Running Man,Sci-Fi
1,tt1411238,No Strings Attached,"Comedy, Romance"
2,tt1411250,Riddick,"Action, Adventure, Sci-Fi"
3,tt1412386,The Best Exotic Marigold Hotel,"Comedy, Drama, Romance"
1,tt14123898,Hashtag Prem,Romance
1,tt1412442,Beware the Gonzo,"Comedy, Drama, Romance"
4,tt14128670,Kimi,"Crime, Drama, Thriller"
2,tt14134070,Alien Conquest,"Action, Sci-Fi"
0,tt1413492,12 Strong,"Action, Drama, History"
0,tt14137416,La conversione,"Drama, History"
4,tt14138650,The Pale Blue Eye,"Crime, Horror, Mystery"
0,tt14160834,Rustin,"Biography, Drama, History"
2,tt14181816,Maggie Moore(s),"Crime, Thriller"
2,tt1418377,"I, Frankenstein","Action, Fantasy, Sci-Fi"
2,tt14186922,Ribblehead,Thriller
3,tt14201576,Blueback,"Drama, Family"
1,tt14214828,Out with the Old,"Comedy, Romance"
1,tt14215186,The Murder Podcast,"Comedy, Horror"
1,tt14216488,My Bride,"Comedy, Drama, Romance"
2,tt14220864,La estrella roja,"Comedy, Mystery, Biography"
2,tt1422136,A Lonely Place to Die,"Action, Adventure, Crime"
1,tt14227048,Family Leave,"Comedy, Family"
0,tt14230388,Asteroid City,"Comedy, Romance"
2,tt14241340,Into Schrodinger's Box,"Thriller, Drama"
2,tt1424327,Eyes Wide Open,"Drama, Romance"
4,tt1424381,Predators,"Action, Adventure, Sci-Fi"
1,tt14250484,Les contes du hérisson,Animation
2,tt1425253,Shadow,Horror
2,tt14265992,Aileen Wuornos: American Boogeywoman,"Drama, Horror, Thriller"
1,tt1428459,We Are Family,"Comedy, Drama, Family"
0,tt1428538,Hansel & Gretel: Witch Hunters,"Action, Fantasy, Horror"
2,tt14288764,Hospital,Horror
0,tt1430132,The Wolverine,"Action, Sci-Fi"
3,tt1430607,Arthur Christmas,"Animation, Adventure, Comedy"
1,tt14307890,Happiness Ever After,"Drama, Romance"
0,tt1431045,Deadpool,"Action, Comedy"
1,tt14315756,Single All the Way,"Comedy, Drama, Romance"
1,tt1432078,My Girlfriend Is an Agent,"Action, Comedy, Romance"
2,tt1433108,Faster,"Action, Crime, Drama"
2,tt1433811,Disconnect,"Drama, Thriller"
2,tt1434435,Mother's Day,"Drama, Horror, Thriller"
1,tt1435513,Hysteria,"Biography, Comedy, Romance"
0,tt1436045,13 Assassins,"Action, Adventure, Drama"
3,tt1436562,Rio,"Animation, Adventure, Comedy"
4,tt14371860,Apartment 7A,"Horror, Thriller"
4,tt1437358,Sleep Tight,"Crime, Drama, Horror"
2,tt1438176,Fright Night,"Comedy, Horror"
1,tt1438254,Charlie St. Cloud,"Drama, Fantasy, Romance"
3,tt14384176,The Claus Family 2,"Comedy, Family, Fantasy"
1,tt1438486,Chal Chala Chal,"Action, Comedy, Crime"
2,tt14389708,Archipelago,"Adventure, Drama"
2,tt14394620,Crawlspace,Thriller
2,tt1439572,Perfect Sense,"Drama, Romance, Sci-Fi"
1,tt14398454,Tara vs Bilal,"Comedy, Drama, Romance"
2,tt14401022,Dziga i ego bratiya,Biography
0,tt1440129,Battleship,"Action, Adventure, Sci-Fi"
2,tt14402146,Empire of Light,"Drama, Romance"
1,tt1440292,Submarine,"Comedy, Drama, Romance"
4,tt14402926,"Batman: The Long Halloween, Part Two","Animation, Action, Crime"
4,tt14404280,Homunculus,"Drama, Fantasy, Mystery"
4,tt1440728,The American,"Action, Crime, Drama"
4,tt1441395,Under the Skin,"Drama, Horror, Mystery"
2,tt14416166,Feel So Good,Thriller
2,tt14416430,The Paradox Effect,Action
1,tt1441952,Salmon Fishing in the Yemen,"Comedy, Drama, Romance"
1,tt14438964,Goodbye,"Comedy, Drama, Family"
1,tt14439896,Father Stu,"Biography, Drama"
2,tt14442328,Jurassic Hunt,"Action, Adventure, Sci-Fi"
2,tt14444416,Fresh Hell,Horror
3,tt1446192,Rise of the Guardians,"Animation, Action, Adventure"
2,tt14463198,Bitcon,"Crime, Drama"
0,tt1446714,Prometheus,"Adventure, Mystery, Sci-Fi"
4,tt1447791,Macabre,"Drama, Horror, Thriller"
1,tt1447972,StreetDance 3D,"Drama, Music, Romance"
1,tt14483394,The Christmas Pitch,"Comedy, Romance"
2,tt1448755,Killer Elite,"Action, Crime, Thriller"
2,tt1448762,Open House,"Crime, Drama, Thriller"
4,tt1450321,Filth,"Action, Comedy, Crime"
1,tt14507160,She Is Love,"Comedy, Drama, Romance"
4,tt14509110,No One Will Save You,"Horror, Sci-Fi"
2,tt14513350,Dark Ritual,"Horror, Mystery, Thriller"
2,tt14521830,The Assistant,Thriller
3,tt1453405,Monsters University,"Animation, Adventure, Comedy"
2,tt14534796,Mascarade,"Comedy, Crime, Drama"
1,tt14540764,Endless Rain,"Drama, Romance"
0,tt1454468,Gravity,"Drama, Sci-Fi, Thriller"
1,tt1456606,"Rio, I Love You","Comedy, Drama, Fantasy"
1,tt1456635,Goon,"Comedy, Drama, Sport"
2,tt1457765,The Haunting in Connecticut 2: Ghosts of Georgia,"Drama, Horror, Mystery"
4,tt1457767,The Conjuring,"Horror, Mystery, Thriller"
4,tt1458175,The Next Three Days,"Action, Crime, Drama"
1,tt14584284,Alone Together,"Drama, Romance"
0,tt14587026,Polaris,"Adventure, Drama, Sci-Fi"
2,tt1461242,Lucky Bastard,"Drama, Mystery, Romance"
2,tt14617254,The Accursed,Horror
4,tt1462041,Dream House,"Drama, Mystery, Thriller"
2,tt14624330,Arsenault & Fils,"Crime, Drama"
4,tt1462758,Buried,"Drama, Mystery, Thriller"
1,tt14636190,Aqua Teen Forever: Plantasm,"Animation, Comedy"
0,tt14641788,Enola Holmes 2,"Action, Adventure, Crime"
0,tt1464335,Uncharted,"Action, Adventure"
3,tt1464540,I Am Number Four,"Action, Adventure, Sci-Fi"
2,tt1464605,Ying lie qian qiu,"Drama, War"
1,tt1465522,Tucker and Dale vs Evil,"Comedy, Horror"
4,tt1467304,The Human Centipede (First Sequence),Horror
2,tt14681252,Snow Valley,Thriller
0,tt14682800,Tuesday,Fantasy
2,tt1468757,Zombie Women of Satan,"Comedy, Horror, Romance"
1,tt1469304,Baywatch,"Action, Comedy, Crime"
1,tt1470023,MacGruber,"Action, Comedy"
2,tt1470827,Monsters,"Adventure, Drama, Romance"
2,tt14725622,Give Me Pity!,"Comedy, Musical, Thriller"
2,tt14729020,Double Blind,"Horror, Thriller"
1,tt14732424,Finding Love in San Antonio,Romance
1,tt1473832,Bridget Jones's Baby,"Comedy, Drama, Romance"
1,tt1474859,Slimed,"Action, Adventure, Comedy"
4,tt14757872,Midnight,"Crime, Thriller"
4,tt1477076,Saw 3D,"Crime, Horror, Mystery"
0,tt1477834,Aquaman,"Action, Adventure, Fantasy"
1,tt1478338,Bridesmaids,"Comedy, Romance"
0,tt1478964,Attack the Block,"Action, Adventure, Comedy"
1,tt14807282,Story of Dinda: The Second Chance of Happiness,"Drama, Romance"
3,tt1482459,The Lorax,"Animation, Adventure, Comedy"
2,tt14827150,The Last Breath,Thriller
0,tt1483013,Oblivion,"Action, Adventure, Sci-Fi"
0,tt1483797,Redline,"Animation, Action, Sci-Fi"
1,tt14852188,Lost Transport,"Drama, History, War"
4,tt14852624,Stopmotion,Horror
4,tt1485698,The Dark House,"Crime, Drama, Thriller"
0,tt14856980,Atlas,"Action, Adventure, Sci-Fi"
2,tt14857528,Time Cut,"Horror, Thriller"
3,tt1485796,The Greatest Showman,"Biography, Drama, Musical"
4,tt1486185,Red Riding Hood,"Fantasy, Horror, Mystery"
4,tt1486192,The Raven,"Crime, Mystery, Thriller"
1,tt14866710,Blasted,"Action, Comedy, Sci-Fi"
1,tt1486834,What If,"Comedy, Romance"
2,tt14870640,Night's End,Horror
2,tt14871494,A Night of the Undead,Horror
1,tt1488555,The Change-Up,"Comedy, Fantasy"
3,tt1488589,Guillermo del Toro's Pinocchio,"Animation, Drama, Family"
2,tt1488601,The Show Must Go On,"Drama, Sci-Fi, Thriller"
4,tt1488606,Triple Frontier,"Action, Thriller"
2,tt1489214,Maggots and Men,Biography
2,tt14892248,Death Knot,Horror
1,tt1489889,Central Intelligence,"Action, Comedy, Crime"
3,tt1490017,The Lego Movie,"Animation, Action, Adventure"
1,tt14900738,Meet Cute,"Comedy, Drama, Fantasy"
4,tt1491044,The Iceman,"Biography, Crime, Drama"
2,tt14952842,Moon Students,Adventure
2,tt1496025,Underworld: Awakening,"Action, Fantasy, Horror"
1,tt14960572,Love in Bloom,"Comedy, Romance"
1,tt1499658,Horrible Bosses,"Comedy, Crime"
1,tt15006444,Love at First Stream,"Comedy, Romance"
4,tt15006566,The Beasts,"Drama, Thriller"
2,tt1500701,Domain,"Drama, Romance"
2,tt15007046,The Haunting of the Tower of London,"History, Horror"
1,tt1500906,Vampires,"Comedy, Fantasy, Horror"
1,tt1502397,Bad Boys for Life,"Action, Comedy, Crime"
2,tt1502404,Drive Angry,"Action, Comedy, Fantasy"
4,tt1502407,Halloween,"Crime, Horror, Thriller"
1,tt1502712,Fantastic Four,"Action, Adventure, Sci-Fi"
1,tt15028452,Baby Assassins,"Action, Comedy, Drama"
2,tt15040500,Jane,Thriller
3,tt1504320,The King's Speech,"Biography, Drama, History"
0,tt1506999,Haywire,"Action, Drama, Thriller"
2,tt15073166,IB 71,Thriller
0,tt15097216,Jai Bhim,"Crime, Drama, Mystery"
0,tt1509767,The Three Musketeers,"Action, Adventure, Fantasy"
2,tt15119398,The Visit,"Comedy, Romance, Thriller"
4,tt1512235,Super,"Action, Comedy, Crime"
2,tt1512240,Thin Ice,"Comedy, Crime, Drama"
1,tt15150454,Breaded Life,"Comedy, Drama, Fantasy"
0,tt1515091,Sherlock Holmes: A Game of Shadows,"Action, Adventure, Mystery"
2,tt15157354,#Unknown,"Horror, Thriller"
1,tt15165236,The Hand,"Drama, Romance"
2,tt15167854,Gods and Monsterss,"Drama, Fantasy, Sci-Fi"
2,tt15169898,Aum!,"Adventure, Biography, Drama"
1,tt1517260,The Host,"Action, Adventure, Drama"
0,tt1517451,A Star Is Born,"Drama, Music, Romance"
0,tt1518812,Meek's Cutoff,"Adventure, Drama, Thriller"
2,tt15189534,The Wrath of God,"Drama, Thriller"
4,tt15198608,Prey,"Adventure, Drama, Thriller"
1,tt15203648,A Wiseguy Christmas,"Action, Comedy"
1,tt15220262,Show Me the Ghost,"Comedy, Horror"
2,tt1523483,Kaboom,"Comedy, Mystery, Romance"
2,tt15239014,Creeping Death,Horror
2,tt1524137,Contraband,"Action, Crime, Drama"
3,tt1524539,Harishchandrachi Factory,"Biography, Comedy, Drama"
1,tt1524930,Vacation,"Adventure, Comedy"
4,tt1525835,Gantz,"Action, Horror, Sci-Fi"
4,tt1527186,Melancholia,"Drama, Sci-Fi"
4,tt1527788,The Man from Nowhere,"Action, Crime, Drama"
4,tt1528071,Horns,"Comedy, Crime, Drama"
0,tt1528100,Exodus: Gods and Kings,"Action, Adventure, Drama"
4,tt15281704,Kuttey,"Action, Comedy, Crime"
2,tt15287198,Shattered,Sci-Fi
1,tt1528854,Daddy's Home,"Comedy, Family"
2,tt1529240,Brownian Movement,"Drama, Romance"
1,tt15296598,Go! Go! Cory Carson: Chrissy Takes the Wheel,"Animation, Family"
2,tt15307230,Diabolik - Ginko all'attacco!,"Action, Crime"
1,tt15311262,Under the Amalfi Sun,"Comedy, Drama, Romance"
3,tt1532503,Beginners,"Comedy, Drama, Romance"
0,tt1533749,Shaolin,"Action, Drama"
3,tt15339456,Marcel the Shell with Shoes On,"Animation, Comedy, Drama"
0,tt1535108,Elysium,"Action, Drama, Sci-Fi"
4,tt1535109,Captain Phillips,"Action, Biography, Crime"
1,tt1535438,Hope Springs,"Comedy, Drama, Romance"
1,tt1535467,Patiala House,"Drama, Sport"
0,tt1535491,Secret Reunion,"Action, Drama, Thriller"
2,tt1536044,Paranormal Activity 2,"Horror, Mystery"
1,tt1536440,Stuck Between Stations,"Comedy, Drama, Romance"
0,tt1536537,What Happened to Monday,"Action, Crime, Fantasy"
0,tt15374214,Elesin Oba: The King's Horseman,"Adventure, Drama, History"
2,tt1537440,Contractor's Routine,"Drama, Thriller"
0,tt1538403,The Mortal Instruments: City of Bones,"Action, Adventure, Fantasy"
4,tt15385142,Cadejo Blanco,"Drama, Thriller"
4,tt15393650,Bordertown: The Mural Murders,"Crime, Drama, Mystery"
0,tt15398776,Oppenheimer,"Biography, Drama, History"
2,tt1540011,Blair Witch,"Horror, Mystery, Thriller"
2,tt1540133,The Guard,"Comedy, Crime, Thriller"
1,tt15418288,Liefde zonder grenzen,"Comedy, Romance"
1,tt1541995,Snow Flower and the Secret Fan,"Drama, History"
0,tt1542344,127 Hours,"Biography, Drama"
2,tt15428374,Bullet,Action
1,tt15430628,Ride On,"Action, Comedy, Drama"
1,tt15433956,Hanu Man,"Action, Adventure, Fantasy"
2,tt1545322,Sodium Babies,"Drama, Fantasy, Horror"
1,tt15467960,Uncle Naji,"Action, Comedy"
2,tt1547234,Premium Rush,"Action, Crime, Thriller"
4,tt15474916,Smile,"Horror, Mystery, Thriller"
1,tt15478884,The One for Sarah,"Drama, Romance"
4,tt15482470,Seire,"Drama, Horror"
2,tt15485390,Operation Napoleon,Thriller
1,tt15486810,Teen Wolf: The Movie,"Action, Drama, Fantasy"
0,tt1549572,Another Earth,"Drama, Romance, Sci-Fi"
2,tt1549584,I Didn't Come Here to Die,"Comedy, Horror"
1,tt15498104,Foodies,"Comedy, Drama, Romance"
2,tt1549920,The Last Stand,"Action, Thriller, Western"
2,tt15501640,Drishyam 2,"Crime, Drama, Mystery"
2,tt15502356,Family Dinner,"Drama, Horror, Mystery"
2,tt15509050,Tirandaj Shabor,"Mystery, Thriller"
4,tt15520944,Underground,Horror
4,tt15521168,Jack Hunter's Blamed,Horror
2,tt1552211,The Last Days of American Crime,"Action, Crime, Drama"
0,tt15528292,The Big Four,"Action, Comedy, Crime"
2,tt1554414,The Dish & the Spoon,"Comedy, Drama, Romance"
2,tt15547896,Wrath of the Tarot Kings,"Animation, Action, Adventure"
2,tt1555024,Iris: The Movie,"Action, Adventure, Drama"
4,tt1555149,Elite Squad 2: The Enemy Within,"Action, Crime, Drama"
1,tt15566896,Pretty Problems,"Comedy, Drama, Romance"
0,tt15574270,I Saw the TV Glow,"Drama, Horror"
1,tt15576578,Prince,"Action, Drama, Romance"
1,tt1559547,Beautiful Creatures,"Drama, Fantasy, Romance"
1,tt1560220,Zombieland: Double Tap,"Action, Comedy, Horror"
2,tt15613514,The Crime,"Action, Crime, Thriller"
4,tt1561768,Essential Killing,"Action, Thriller, War"
0,tt1562847,Amigo,"Drama, War"
1,tt1562859,Golmaal 3,"Action, Comedy, Drama"
1,tt1562871,Ra.One,"Action, Adventure, Sci-Fi"
3,tt1562872,Zindagi Na Milegi Dobara,"Comedy, Drama, Musical"
1,tt1563738,One Day,"Drama, Romance"
1,tt1564367,Just Go with It,"Comedy, Romance"
2,tt1564585,Skyline,"Action, Sci-Fi, Thriller"
2,tt15655276,Yara,"Crime, Drama, Thriller"
2,tt15658626,Here for Blood,"Comedy, Horror"
1,tt1567127,Twigson Ties the Knot,"Adventure, Comedy, Family"
2,tt1567437,The Voices,"Comedy, Crime, Fantasy"
4,tt1567609,Get the Gringo,"Action, Drama, Thriller"
1,tt1568337,Loosies,"Comedy, Crime, Romance"
4,tt1568338,Man on a Ledge,"Action, Crime, Thriller"
4,tt1568346,The Girl with the Dragon Tattoo,"Crime, Drama, Mystery"
2,tt15685954,Cold Return,"Action, Crime, Drama"
2,tt1568816,Phase 7,"Comedy, Sci-Fi, Thriller"
0,tt1568911,War Horse,"Action, Adventure, Drama"
3,tt1568921,The Secret World of Arrietty,"Animation, Adventure, Drama"
2,tt1570559,Burning Man,"Drama, Romance"
3,tt1570728,"Crazy, Stupid, Love.","Comedy, Drama, Romance"
1,tt15711350,The Fourth Musketeer,"Action, Adventure"
0,tt1571222,A Dangerous Method,"Biography, Drama, Romance"
0,tt1571234,Mortal Engines,"Action, Adventure, Fantasy"
4,tt1572154,Kinyarwanda,"Drama, History, Romance"
1,tt15721650,The Quintessential Quintuplets Movie,"Animation, Comedy, Drama"
2,tt15722098,Bruised,Thriller
4,tt1572315,Texas Chainsaw,"Horror, Thriller"
4,tt1572491,The Last Circus,"Comedy, Drama, Horror"
1,tt15727400,Hyde Park,Romance
1,tt1573072,Housefull,"Comedy, Drama, Romance"
2,tt15743386,Rocket Hunter: Rise of the Nazi Komet,"Action, Adventure, Drama"
2,tt1576412,Kwihyang,"Drama, Fantasy"
2,tt1577064,Seeing Heaven,"Drama, Thriller"
2,tt15789492,Infiesto,"Crime, Drama, Thriller"
4,tt15791034,Barbarian,"Horror, Mystery, Thriller"
1,tt15824322,Christmas with You,"Comedy, Family, Romance"
1,tt1582465,A Birder's Guide to Everything,"Adventure, Comedy, Drama"
2,tt1582507,House at the End of the Street,"Drama, Horror, Thriller"
1,tt15830702,Sword Art Online the Movie: Progressive - Scherzo of Deep Night,"Animation, Action, Adventure"
4,tt15832148,Afwaah,"Drama, Thriller"
1,tt1583420,Larry Crowne,"Comedy, Drama, Romance"
0,tt1583421,G.I. Joe: Retaliation,"Action, Adventure, Sci-Fi"
2,tt15845360,Dance First,"Biography, Drama"
0,tt15847872,Amina,"Action, Adventure, Biography"
4,tt15847880,Evil Eye,Horror
1,tt1585660,Summertime,"Comedy, Drama, Romance"
1,tt1586265,What to Expect When You're Expecting,"Comedy, Drama, Romance"
0,tt1586752,Machine Gun Preacher,"Action, Biography, Crime"
0,tt1587310,Maleficent,"Adventure, Family, Fantasy"
1,tt1587420,Mixtape,"Comedy, Drama, Family"
4,tt1588170,I Saw the Devil,"Action, Crime, Drama"
1,tt1588173,Warm Bodies,"Comedy, Horror, Romance"
1,tt1588878,The Late Bloomer,"Comedy, Drama, Romance"
4,tt1590193,The Commuter,"Action, Mystery, Thriller"
4,tt1591095,Insidious,"Horror, Mystery, Thriller"
0,tt1591479,Act of Valor,"Action, Adventure, Thriller"
0,tt1592525,Lockout,"Action, Sci-Fi, Thriller"
1,tt1592873,LOL,"Comedy, Drama, Romance"
0,tt15939198,Blitz,"Drama, War"
3,tt1596342,Disenchanted,"Animation, Adventure, Comedy"
0,tt1596343,Fast Five,"Action, Crime, Thriller"
2,tt1596345,Pawn Sacrifice,"Biography, Drama, History"
3,tt1596346,Soul Surfer,"Biography, Drama, Family"
1,tt1596350,This Means War,"Action, Comedy, Romance"
4,tt1596363,The Big Short,"Biography, Comedy, Drama"
4,tt1596365,The Woman in Black,"Drama, Fantasy, Horror"
2,tt1598778,Contagion,"Drama, Thriller"
1,tt1598822,New Year's Eve,"Comedy, Romance"
1,tt1598828,One for the Money,"Action, Comedy, Crime"
3,tt15988620,Runs in the Family,"Adventure, Comedy"
4,tt1599348,Safe House,"Action, Thriller"
2,tt1600195,Abduction,"Action, Mystery, Thriller"
4,tt1600196,The Drop,"Crime, Drama, Thriller"
1,tt1600383,For 80 Days,"Drama, Romance"
4,tt1601913,The Grey,"Action, Adventure, Drama"
4,tt1602613,Only God Forgives,"Action, Crime, Drama"
2,tt1603487,Stara skola kapitalizma,"Action, Drama"
2,tt1604064,Zombie Beach,"Action, Comedy, Horror"
4,tt1605769,The Monk,"Drama, Mystery, Thriller"
3,tt1605783,Midnight in Paris,"Comedy, Fantasy, Romance"
0,tt1606378,A Good Day to Die Hard,"Action, Thriller"
1,tt1606389,The Vow,"Drama, Romance"
1,tt1608290,Zoolander 2,"Action, Adventure, Comedy"
1,tt16085592,Tall Girl 2,"Comedy, Drama, Family"
0,tt1609159,Süskind,"Biography, Drama, History"
2,tt16103578,"Mother, May I?",Thriller
0,tt1611224,Abraham Lincoln: Vampire Hunter,"Action, Fantasy, Horror"
4,tt1614989,Headhunters,"Action, Crime, Thriller"
2,tt1615065,Savages,"Action, Crime, Drama"
4,tt1615147,Margin Call,"Drama, Thriller"
4,tt1615160,The Foreigner,"Action, Thriller"
4,tt1616195,J. Edgar,"Biography, Drama, Romance"
0,tt1617661,Jupiter Ascending,"Action, Adventure, Sci-Fi"
1,tt1618421,White Lion,"Drama, Family"
1,tt1618432,I'm in Love with a Church Girl,"Crime, Drama, Romance"
1,tt1618434,Murder Mystery,"Action, Comedy, Crime"
2,tt1618442,The Last Witch Hunter,"Action, Adventure, Fantasy"
1,tt1618447,Goodbye First Love,"Drama, Romance"
0,tt1619029,Jackie,"Biography, Drama"
4,tt1620604,We Are What We Are,"Drama, Horror"
3,tt1620719,Dabangg,"Action, Comedy, Crime"
2,tt1622547,30 Minutes or Less,"Action, Comedy, Crime"
4,tt1622979,Final Destination 5,"Horror, Thriller"
3,tt1623205,Oz the Great and Powerful,"Adventure, Family, Fantasy"
3,tt1623288,ParaNorman,"Animation, Adventure, Comedy"
1,tt16248144,Belle et Sébastien: Nouvelle génération,"Action, Adventure, Drama"
2,tt1625884,Uncle David,"Comedy, Horror, Thriller"
2,tt16270512,Kitarou Tanjou: Gegege no Nazo,Animation
1,tt1627924,Mausam,"Drama, Romance, War"
0,tt1628841,Independence Day: Resurgence,"Action, Adventure, Sci-Fi"
4,tt1629715,Miss Lovely,"Crime, Drama, Romance"
0,tt1630029,Avatar: The Way of Water,"Action, Adventure, Fantasy"
2,tt16304446,Fair Play,"Drama, Mystery, Thriller"
0,tt1631867,Edge of Tomorrow,"Action, Adventure, Sci-Fi"
1,tt1632481,Care Bears to the Rescue,"Animation, Adventure, Family"
1,tt1632708,Friends with Benefits,"Comedy, Romance"
4,tt1634106,Bloodshot,"Action, Adventure, Sci-Fi"
1,tt1634122,Johnny English Reborn,"Action, Adventure, Comedy"
0,tt1637688,In Time,"Action, Sci-Fi, Thriller"
1,tt1638002,"Love, Rosie","Comedy, Romance"
1,tt1638355,The Man from U.N.C.L.E.,"Action, Adventure, Comedy"
2,tt16391796,Dormis,Thriller
2,tt1640569,The Super,Horror
2,tt16427398,Dark Nature,Horror
2,tt16429986,Emesis,Horror
1,tt16431966,Sometimes I Think About Dying,"Comedy, Drama, Romance"
2,tt16449890,White Lies,Thriller
2,tt16453244,How I Fell in Love with a Gangster,"Crime, Drama"
3,tt1646971,How to Train Your Dragon 2,"Animation, Action, Adventure"
0,tt1646987,Wrath of the Titans,"Action, Adventure, Fantasy"
2,tt1647468,Winter,Horror
1,tt1648179,Here Comes the Boom,"Action, Comedy, Sport"
1,tt1648190,The Dark Tower,"Action, Adventure, Fantasy"
1,tt1648216,Three Steps Above Heaven,"Action, Drama, Romance"
4,tt1649418,The Gray Man,"Action, Thriller"
0,tt1649419,The Impossible,"Adventure, Drama, History"
2,tt16496386,97 Minutes,Thriller
1,tt1649780,"Peace, Love & Misunderstanding","Comedy, Drama, Music"
0,tt1650062,Super 8,"Action, Mystery, Sci-Fi"
0,tt1650554,Kick-Ass 2,"Action, Comedy, Crime"
0,tt1655389,Blonde,"Biography, Drama, Romance"
1,tt1655420,My Week with Marilyn,"Biography, Drama"
3,tt1655441,The Age of Adaline,"Drama, Fantasy, Romance"
3,tt1655442,The Artist,"Comedy, Drama, Romance"
1,tt1655460,Wanderlust,"Comedy, Romance"
1,tt1655461,Wild Oats,"Action, Adventure, Comedy"
2,tt1656186,Stolen,"Action, Crime, Thriller"
4,tt1656190,Safe,"Action, Crime, Thriller"
4,tt1657507,Colombiana,"Action, Drama, Thriller"
4,tt1658837,The Tall Man,"Crime, Drama, Horror"
4,tt1659338,The Numbers Station,"Action, Thriller"
1,tt16606348,Myth of Love,"Comedy, Drama, Romance"
3,tt1661199,Cinderella,"Adventure, Drama, Family"
1,tt16612852,My One True Love,"Comedy, Romance"
4,tt1661420,Polisse,"Crime, Drama"
4,tt1662557,No Mercy,"Crime, Mystery, Thriller"
0,tt1663202,The Revenant,"Action, Adventure, Drama"
2,tt1663207,Life of Crime,"Comedy, Crime"
0,tt1663662,Pacific Rim,"Action, Adventure, Sci-Fi"
2,tt1666335,The Calling,"Drama, Thriller"
4,tt1666555,Anchor Baby,"Drama, Thriller"
1,tt1666801,The DUFF,"Comedy, Romance"
1,tt1667150,Wo zhi nv ren xin,"Comedy, Romance, Sci-Fi"
3,tt1667353,Mirror Mirror,"Adventure, Comedy, Drama"
3,tt1667889,Ice Age: Continental Drift,"Animation, Adventure, Comedy"
2,tt1668101,Por un polvo,"Action, Comedy"
1,tt1668189,Alle tijd,"Drama, Romance"
1,tt1669814,Rise of the Fellowship,"Adventure, Comedy, Fantasy"
1,tt1670269,The Chateau Meroux,"Comedy, Romance"
4,tt1670345,Now You See Me,"Crime, Mystery, Thriller"
2,tt1670646,Habibi Rasak Kharban,"Drama, Romance, War"
3,tt16727778,Anything Goes,"Comedy, Musical, Romance"
2,tt1673381,Girl Number Three,Thriller
1,tt1673419,Love/Loss,"Drama, Family, Romance"
3,tt1673434,The Twilight Saga: Breaking Dawn - Part 2,"Adventure, Drama, Fantasy"
0,tt1674773,Hannah Arendt,"Biography, Drama"
4,tt1675192,Take Shelter,"Drama, Horror, Sci-Fi"
3,tt1675434,The Intouchables,"Biography, Comedy, Drama"
0,tt1677720,Ready Player One,"Action, Adventure, Sci-Fi"
3,tt1679335,Trolls,"Animation, Adventure, Comedy"
4,tt1682180,Stoker,"Drama, Thriller"
4,tt1682186,Headshot,"Crime, Drama, Thriller"
2,tt1683051,Forgiveness,"Crime, Drama, Mystery"
3,tt1684562,The Fall Guy,"Action, Drama"
1,tt1686069,Le sens de l'humour,"Comedy, Crime"
4,tt1687901,The Awakening,"Drama, Horror, Mystery"
3,tt1690953,Despicable Me 2,"Animation, Adventure, Comedy"
0,tt1691916,Before I Fall,"Drama, Fantasy, Mystery"
1,tt1694118,Memorial Day,"Action, Drama, History"
2,tt1699186,Haiti Cherie: Wind of Hope,"Crime, Drama, Mystery"
0,tt1700841,Sausage Party,"Animation, Adventure, Comedy"
2,tt1701990,Detention,"Adventure, Comedy, Fantasy"
1,tt1702439,Safe Haven,"Drama, Romance, Thriller"
0,tt17024450,The Equalizer 3,"Action, Crime, Thriller"
4,tt1703199,Grave Encounters,"Horror, Mystery"
2,tt17043084,Pinpoint,"Action, Adventure"
1,tt1704586,From the Rough,"Drama, Sport"
4,tt1706593,Chronicle,"Action, Drama, Sci-Fi"
2,tt17065974,Ghosts of Hiroshima,Horror
0,tt1706620,Snowpiercer,"Action, Drama, Sci-Fi"
2,tt17071976,Dear Hangman,Thriller
0,tt1707386,Les Misérables,"Drama, Musical, Romance"
1,tt1708473,Gerry,Biography
2,tt1709173,Unaware,"Horror, Sci-Fi, Thriller"
2,tt1711484,The Conquest,"Biography, Comedy, Drama"
4,tt1712261,Triple 9,"Action, Crime, Thriller"
1,tt1714206,The Spectacular Now,"Drama, Romance"
2,tt1714915,Only Lovers Left Alive,"Comedy, Drama, Fantasy"
2,tt1715362,Zombie Apocalypse: Redemption,"Action, Horror"
2,tt17156822,Battle for Saipan,"Action, History, War"
1,tt17158126,Strong Enough,"Drama, Sport"
2,tt17163964,The Secret of the Emerald Green and White Part 1,Thriller
2,tt1719492,Flooding with Love for the Kid,"Action, Drama, War"
2,tt17196124,Grimcutty,"Drama, Horror, Mystery"
2,tt1719634,Snow on Tha Bluff,"Crime, Drama"
2,tt17202326,Matriarch,Horror
2,tt1720905,Cut,"Drama, Thriller"
1,tt17220704,A Christmas Story Christmas,"Comedy, Family"
1,tt1723121,We're the Millers,"Comedy, Crime"
4,tt1726592,Before I Go to Sleep,"Drama, Mystery, Thriller"
4,tt1726669,Killer Joe,"Drama, Thriller"
1,tt17277414,Jeanne du Barry,"Biography, Drama, History"
3,tt1727824,Bohemian Rhapsody,"Biography, Drama, Music"
1,tt1729637,Bodyguard,"Action, Comedy, Drama"
0,tt1731141,Ender's Game,"Action, Adventure, Sci-Fi"
1,tt1731701,Barely Lethal,"Action, Comedy"
3,tt1734113,Heart and Yummie,"Animation, Action, Adventure"
4,tt1734433,Eden,"Crime, Drama, Thriller"
2,tt1734548,The Color Wheel,"Comedy, Romance"
1,tt1734582,Dawn of the Dragonslayer,"Action, Adventure, Fantasy"
0,tt1735898,Snow White and the Huntsman,"Action, Adventure, Drama"
2,tt17372462,The Aviary,Thriller
2,tt1740707,Trollhunter,"Drama, Fantasy, Horror"
1,tt1741669,Sarangi museoweo,"Comedy, Drama, Romance"
4,tt1742334,Sabotage,"Action, Crime, Drama"
0,tt1745686,The Wall,"Drama, Mystery, Sci-Fi"
4,tt1745787,The Tribe,"Crime, Drama"
0,tt1745960,Top Gun: Maverick,"Action, Drama"
2,tt1748051,Identical,Thriller
3,tt1748122,Moonrise Kingdom,"Comedy, Drama, Family"
2,tt1748179,Red Lights,"Drama, Fantasy, Mystery"
4,tt1748227,The Collection,"Action, Adventure, Horror"
1,tt1748280,Veer!,"Comedy, Drama, Romance"
2,tt17490924,Curiosity Kills,Mystery
2,tt17494686,Decibel,"Action, Drama, Horror"
2,tt17511968,Streetwalker,Horror
2,tt17527124,Collide,Thriller
3,tt1753383,A Dog's Purpose,"Adventure, Comedy, Drama"
1,tt1753460,August,"Drama, Romance"
2,tt1753767,El Sanatorio,"Comedy, Horror"
3,tt1754656,The Little Prince,"Animation, Adventure, Drama"
2,tt1757742,Apartment 143,"Horror, Thriller"
1,tt1758610,Unconditional,"Biography, Crime, Drama"
1,tt1758692,Like Crazy,"Drama, Romance"
4,tt1758810,The Snowman,"Crime, Drama, Thriller"
1,tt1758830,This Is 40,"Comedy, Drama, Romance"
1,tt1762246,Charge Over You,"Drama, Thriller"
1,tt1762308,Midway to Heaven,"Comedy, Family, Romance"
2,tt1762358,The Millennium Bug,"Fantasy, Horror, Sci-Fi"
1,tt1763303,The First Time,"Comedy, Drama, Romance"
4,tt1764234,Killing Them Softly,"Crime, Drama, Thriller"
4,tt1764551,Psycho Killer,"Crime, Horror, Thriller"
2,tt1764651,The Expendables 2,"Action, Adventure, Thriller"
1,tt1766094,So Undercover,"Action, Comedy, Crime"
2,tt1767354,Odd Thomas,"Comedy, Fantasy, Horror"
2,tt17677178,Who Invited Them,"Comedy, Horror"
2,tt1770650,BKO: Bangkok Knockout,Action
3,tt1772288,Danny Collins,"Biography, Comedy, Drama"
3,tt1772341,Wreck-It Ralph,"Animation, Adventure, Comedy"
4,tt1773753,Mara,"Crime, Horror, Mystery"
4,tt1778304,Paranormal Activity 3,"Horror, Mystery"
1,tt1778924,The Ultimate Life,"Drama, Romance"
1,tt1779814,I Want to Get Married,"Comedy, Romance"
0,tt1781769,Anna Karenina,"Drama, Romance"
0,tt1781922,No Escape,"Action, Thriller"
1,tt1783298,Free Man,"Action, Biography, Drama"
2,tt1787700,Five Pounds,"Crime, Drama, Thriller"
1,tt1787753,Long quan hu zhua dou diao shou,"Action, Adventure"
0,tt1790809,Pirates of the Caribbean: Dead Men Tell No Tales,"Action, Adventure, Fantasy"
0,tt1790864,The Maze Runner,"Action, Mystery, Sci-Fi"
4,tt1790885,Zero Dark Thirty,"Drama, History, Thriller"
1,tt1791441,A Lesson of Love,"Drama, Romance"
4,tt1791528,Inherent Vice,"Comedy, Crime, Drama"
1,tt1794943,Sal,"Biography, Drama"
1,tt1796564,My Friend Ganesha 3,"Animation, Action, Comedy"
0,tt1798684,Southpaw,"Action, Crime, Drama"
0,tt1798709,Her,"Drama, Romance, Sci-Fi"
0,tt1800241,American Hustle,"Crime, Drama"
1,tt1800246,That Awkward Moment,"Comedy, Romance"
4,tt1800302,Gold,"Crime, Drama"
2,tt18060740,Chee$e,"Comedy, Drama, Fantasy"
2,tt18071972,Organ Trail,"Horror, Western"
2,tt18076786,Dying to Sleep,"Drama, Mystery, Thriller"
1,tt18077924,Poolman,"Comedy, Mystery"
1,tt18080092,Dorothy's New Adventures in Oz,Family
1,tt18081000,The End of Sex,"Comedy, Romance"
0,tt1809398,Unbroken,"Action, Biography, Drama"
1,tt1811315,FDR: American Badass!,"Action, Comedy"
2,tt1813757,Who Killed Captain Alex?,"Action, Crime, Mystery"
1,tt1814621,Admission,"Comedy, Drama, Romance"
2,tt1814665,Countdown,"Action, Drama"
2,tt1815708,Freelancers,"Action, Crime, Drama"
0,tt1815862,After Earth,"Action, Adventure, Sci-Fi"
2,tt1816597,The Aggression Scale,"Action, Crime, Thriller"
0,tt1817273,The Place Beyond the Pines,"Crime, Drama, Thriller"
0,tt1820488,War Witch,"Drama, War"
4,tt1821480,Kahaani,"Mystery, Thriller"
1,tt1821694,RED 2,"Action, Comedy, Crime"
2,tt1821701,Wait Till Helen Comes,"Family, Fantasy, Horror"
2,tt1822203,After Death,"Comedy, Drama, Mystery"
2,tt1822237,Check Mate,"Drama, Thriller"
2,tt1822255,My Best Enemy,"Comedy, Drama, War"
2,tt18227236,Bad Girl Boogey,"Drama, Horror"
0,tt1823672,Chappie,"Action, Crime, Drama"
2,tt1823684,Eternity,"Mystery, Sci-Fi"
1,tt18239364,The Christmas Challenge,"Comedy, Romance"
2,tt18245954,No Such Thing as Loyalty,"Crime, Drama"
4,tt1825157,The Double,"Comedy, Drama, Mystery"
0,tt1825683,Black Panther,"Action, Adventure, Sci-Fi"
1,tt18264794,Sparkle: A Unicorn Tale,"Adventure, Family, Fantasy"
4,tt1827487,Once Upon a Time in Anatolia,"Crime, Drama, Thriller"
4,tt1829012,Passion,"Adventure, Drama, Mystery"
4,tt1833116,The Informer,"Action, Crime, Drama"
0,tt1833673,Dhoom 3,"Action, Crime, Drama"
1,tt1838571,Juan of the Dead,"Action, Comedy, Horror"
1,tt1839492,Ruby Sparks,"Comedy, Drama, Fantasy"
3,tt1839494,Children Who Chase Lost Voices,"Animation, Adventure, Drama"
2,tt18394986,Mr. Franklin,"Action, Drama, Sci-Fi"
2,tt1839591,Recoil,"Action, Crime, Drama"
4,tt1839642,The Face of Love,"Drama, Mystery, Romance"
0,tt1840309,Divergent,"Action, Adventure, Mystery"
2,tt1840417,The Words,"Drama, Mystery, Romance"
1,tt1843303,The VelociPastor,"Action, Adventure, Comedy"
0,tt1843866,Captain America: The Winter Soldier,"Action, Adventure, Sci-Fi"
2,tt1844635,The Bucks County Massacre,"Action, Horror, Thriller"
2,tt1844793,The Cemetery,Horror
4,tt18453866,Die Theorie von Allem,Thriller
0,tt1846589,Hunter Killer,"Action, Thriller"
2,tt1846600,The General's Mustache,"Drama, Mystery, Thriller"
2,tt1846803,Troubleshooter,"Action, Crime, Drama"
2,tt1848771,Aarakshan,"Drama, Thriller"
2,tt1848832,Crawl,"Crime, Thriller"
4,tt1849718,Agneepath,"Action, Crime, Drama"
2,tt1850397,The Loft,"Mystery, Romance, Thriller"
0,tt1851006,Goltzius and The Pelican Company,"Biography, Comedy, History"
2,tt1853739,You're Next,"Horror, Thriller"
3,tt1854564,Percy Jackson: Sea of Monsters,"Adventure, Family, Fantasy"
4,tt1855199,End of Watch,"Action, Adventure, Crime"
4,tt1855325,Resident Evil: Retribution,"Action, Horror, Sci-Fi"
0,tt1856101,Blade Runner 2049,"Action, Drama, Mystery"
1,tt18568902,Kaun Pravin Tambe?,"Biography, Drama, Sport"
2,tt1857842,Inhuman Resources,"Horror, Thriller"
1,tt1858773,Redneck Roots,"Comedy, Drama, Romance"
1,tt1859522,Kiss Me,"Drama, Romance"
1,tt1859603,The Guest House,Romance
1,tt1859650,To Rome with Love,"Comedy, Music, Romance"
2,tt1860242,The Highwaymen,"Biography, Crime, Drama"
3,tt1860353,Turbo,"Animation, Adventure, Comedy"
0,tt1860357,Deepwater Horizon,"Action, Drama, History"
1,tt1862079,Safety Not Guaranteed,"Adventure, Comedy, Drama"
2,tt1863203,The Employer,Thriller
1,tt1864455,Penny's Shadow,"Adventure, Drama, Family"
3,tt1865505,Song of the Sea,"Animation, Adventure, Drama"
2,tt1867093,The Samaritan,"Action, Crime, Drama"
1,tt1872160,Art College 1994,Animation
0,tt1872181,The Amazing Spider-Man 2,"Action, Adventure, Sci-Fi"
1,tt1872194,The Judge,"Crime, Drama"
4,tt1877830,The Batman,"Action, Crime, Drama"
0,tt1877832,X-Men: Days of Future Past,"Action, Adventure, Sci-Fi"
1,tt18815600,The Other Side,"Drama, Romance"
1,tt1885331,Paris-Manhattan,"Comedy, Romance"
4,tt1885372,Sindhooram,"Action, Drama, Romance"
2,tt1886649,Race War: The Remake,"Comedy, Horror"
2,tt1891747,Another,"Horror, Mystery"
4,tt1893256,Redemption,"Action, Crime, Drama"
1,tt18933046,VR Fighter,Action
1,tt18937582,Catfish Christmas,Romance
2,tt18952404,In Dreams,Thriller
2,tt1895466,Loverboy,"Drama, Thriller"
4,tt1895587,Spotlight,"Biography, Crime, Drama"
2,tt18973958,New Life,"Horror, Thriller"
4,tt1899353,The Raid: Redemption,"Action, Crime, Thriller"
2,tt1900854,Comes a Bright Day,"Drama, Romance, Thriller"
2,tt1904996,Parker,"Action, Crime, Thriller"
0,tt1905041,Furious 6,"Action, Crime, Thriller"
1,tt19072084,The Claus Family 3,"Comedy, Family, Fantasy"
4,tt1907668,Flight,"Drama, Thriller"
4,tt1911644,The Call,"Drama, Thriller"
3,tt1911658,Penguins of Madagascar,"Animation, Adventure, Comedy"
4,tt1912398,God Bless America,"Action, Comedy, Crime"
2,tt1914331,Reus,"Crime, Thriller"
2,tt1918806,Entrance,"Drama, Horror, Thriller"
4,tt1919137,The Last Supper,"Action, History"
1,tt1920849,Bachelorette,"Comedy, Romance"
0,tt1921064,Pompeii,"Action, Adventure, Drama"
2,tt19224314,Wild Eyed and Wicked,Horror
2,tt1922548,Apocrypha,"Drama, Horror, Mystery"
4,tt1922777,Sinister,"Horror, Mystery, Thriller"
4,tt1924396,The Best Offer,"Crime, Drama, Mystery"
4,tt1924429,Trance,"Crime, Drama, Mystery"
1,tt1924435,Let's Be Cops,"Action, Comedy, Crime"
2,tt19245296,Ouija Witch,Horror
2,tt1928330,Bad Ass,"Action, Comedy, Crime"
2,tt19284188,The Mount 2,Horror
2,tt1931533,Seven Psychopaths,"Comedy, Crime"
1,tt1932718,Thanks for Sharing,"Comedy, Drama, Romance"
1,tt1934335,A Beautiful Life,"Drama, Romance"
2,tt1935787,Zhan long,Action
0,tt1935859,Miss Peregrine's Home for Peculiar Children,"Adventure, Drama, Family"
2,tt19367194,Qorin,Horror
4,tt1937149,The Body,"Crime, Drama, Mystery"
4,tt19387240,An Asian Ghost Story,"Horror, Mystery, Sci-Fi"
4,tt1939659,Carrie,"Drama, Horror"
2,tt19399206,Three,Horror
0,tt19406606,The Shift,Sci-Fi
1,tt1941536,Romancing in Thin Air,"Drama, Romance"
1,tt1941705,Treasure Inn,"Action, Comedy"
2,tt19428542,Unfinished Business: Kingston High,Horror
2,tt1942899,Khlib i sil,"Drama, Romance"
1,tt19433106,Interface,Sci-Fi
2,tt19445266,Razzennest,"Comedy, Horror"
2,tt1949583,Bad Behavior,Thriller
0,tt1950186,Ford v Ferrari,"Action, Biography, Drama"
1,tt1951261,The Hangover Part III,"Comedy, Crime"
0,tt1951264,The Hunger Games: Catching Fire,"Action, Adventure, Sci-Fi"
0,tt1951265,The Hunger Games: Mockingjay - Part 1,"Action, Adventure, Sci-Fi"
0,tt1951266,The Hunger Games: Mockingjay - Part 2,"Action, Adventure, Sci-Fi"
4,tt1954470,Gangs of Wasseypur,"Action, Comedy, Crime"
2,tt1954886,The Basement,"Horror, Mystery, Thriller"
1,tt1956620,Sex Tape,"Comedy, Romance"
1,tt1958053,Changing Hearts,"Drama, Romance"
0,tt1959490,Noah,"Action, Adventure, Drama"
1,tt1959563,The Hitman's Bodyguard,"Action, Comedy, Crime"
4,tt1961175,American Assassin,"Action, Thriller"
2,tt19623240,Winnie the Pooh: Blood and Honey,Horror
0,tt1964418,Tomorrowland,"Action, Adventure, Family"
4,tt1964624,In the House,"Drama, Mystery, Thriller"
4,tt1971514,Salvo,"Crime, Drama, Romance"
1,tt19718006,Quest for Love,"Adventure, Drama, Romance"
4,tt1972571,A Most Wanted Man,"Crime, Drama, Thriller"
0,tt1972591,King Arthur: Legend of the Sword,"Action, Adventure, Drama"
1,tt1972779,The Best of Me,"Drama, Romance"
4,tt1974419,The Neon Demon,"Horror, Thriller"
0,tt19757204,New Gods: Yang Jian,"Animation, Action, Fantasy"
2,tt19773302,Jonah,Sci-Fi
4,tt1977895,Resolution,"Drama, Horror, Mystery"
0,tt1979320,Rush,"Action, Biography, Drama"
3,tt1979376,Toy Story 4,"Animation, Adventure, Comedy"
3,tt1979388,The Good Dinosaur,"Animation, Adventure, Comedy"
2,tt19799018,Wrong Journey,"Drama, Thriller"
4,tt1980209,Pain & Gain,"Action, Comedy, Crime"
1,tt1980929,Begin Again,"Comedy, Drama, Music"
0,tt1981115,Thor: The Dark World,"Action, Adventure, Fantasy"
0,tt1981128,Geostorm,"Action, Sci-Fi, Thriller"
3,tt1981677,Pitch Perfect,"Comedy, Music, Romance"
2,tt19838634,Ulajh,Thriller
3,tt1985949,Angry Birds,"Animation, Action, Adventure"
3,tt1985966,Cloudy with a Chance of Meatballs 2,"Animation, Adventure, Comedy"
1,tt19868164,Craft Me a Romance,Romance
2,tt1988621,Exists,"Horror, Thriller"
1,tt19890316,What Happens Later,"Comedy, Romance"
1,tt1989485,Dead Before Dawn 3D,"Adventure, Comedy, Horror"
2,tt1989486,Dead Money,Action
1,tt1990314,Robot & Frank,"Comedy, Crime, Drama"
2,tt1991245,Chernobyl Diaries,"Horror, Mystery, Thriller"
2,tt1992258,Tower Block,Thriller
1,tt1999159,Footprints,"Drama, Family"
4,tt1999995,Would You Rather,"Horror, Thriller"
2,tt2002718,Machete Kills,"Action, Crime, Thriller"
2,tt2005151,War Dogs,"Biography, Comedy, Crime"
4,tt2005374,The Frozen Ground,"Crime, Drama, Thriller"
2,tt2006040,A Fantastic Fear of Everything,"Comedy, Horror"
2,tt20112746,Sting,Horror
4,tt2011311,The Outsider,"Action, Crime, Drama"
0,tt20113412,The Convert,"Action, Drama"
0,tt2013293,The Wind Rises,"Animation, Biography, Drama"
3,tt2015381,Guardians of the Galaxy,"Action, Adventure, Comedy"
1,tt2015478,Lovemakers,"Comedy, Romance"
2,tt2017038,All Is Lost,"Action, Adventure, Drama"
2,tt20183562,Torment,"Horror, Thriller"
1,tt20199226,My Fairy Troublemaker,"Animation, Adventure, Comedy"
1,tt2020110,The Kick,"Action, Sport"
0,tt20221436,Emilia Perez,"Comedy, Crime, Musical"
2,tt20222202,You're Killing Me,"Horror, Thriller"
0,tt20225374,Vesper,"Adventure, Drama, Sci-Fi"
2,tt20227448,Invoking Yell,"Crime, Horror, Mystery"
2,tt20228124,Stay Out,Horror
4,tt2023587,Mama,"Fantasy, Horror, Thriller"
2,tt2023690,Sightseers,"Adventure, Comedy, Crime"
2,tt20244248,Deep in It,"Action, Crime, Thriller"
1,tt2024432,Identity Thief,"Comedy, Crime, Drama"
4,tt2024469,Non-Stop,"Action, Mystery, Thriller"
0,tt2024544,12 Years a Slave,"Biography, Drama, History"
0,tt2025690,The Finest Hours,"Action, Drama, History"
3,tt2034761,Journey to the Christmas Star,"Adventure, Family, Fantasy"
0,tt2034800,The Great Wall,"Action, Adventure, Fantasy"
2,tt20358284,The Tutor,Thriller
4,tt2039393,The Gambler,"Crime, Drama, Thriller"
2,tt2040454,Operation Terror,Thriller
4,tt20414642,A Day and a Half,"Action, Thriller"
2,tt20424130,American Metal,"Action, Thriller"
2,tt2048770,Continuum,"Drama, Mystery, Sci-Fi"
4,tt2050604,People Mountain People Sea,"Crime, Drama, Thriller"
4,tt2051879,Europa Report,"Adventure, Drama, Mystery"
0,tt2053425,Rust and Bone,"Drama, Romance"
4,tt2053463,Side Effects,"Crime, Drama, Mystery"
4,tt2057392,Eye in the Sky,"Action, Drama, Thriller"
0,tt2058673,Point Break,"Action, Adventure, Crime"
2,tt20603692,Bodyshop,"Drama, Fantasy"
2,tt2062661,Area 407,"Horror, Sci-Fi, Thriller"
3,tt2066051,Rocketman,"Biography, Drama, Musical"
1,tt2066133,The Wine of Summer,"Comedy, Drama, Romance"
2,tt2069948,24 Seven,"Crime, Drama, Mystery"
2,tt2071491,Jurassic Shark,"Action, Adventure, Comedy"
0,tt2072220,Saving General Yang,"Adventure, History, War"
4,tt2072233,Sleepless,"Action, Thriller"
2,tt2072933,Cottage Country,"Comedy, Crime, Horror"
2,tt2073661,Dawn Patrol,"Drama, Thriller"
0,tt2076822,Chaos Walking,"Action, Adventure, Fantasy"
0,tt2080374,Steve Jobs,"Biography, Drama"
3,tt2082197,Barfi!,"Comedy, Drama, Romance"
1,tt2083383,Trouble with the Curve,"Drama, Sport"
2,tt20836144,Zheng jiu xian yi ren,"Crime, Drama, Mystery"
0,tt2084970,The Imitation Game,"Biography, Drama, Thriller"
3,tt20857676,Akademia pana Kleksa,Fantasy
2,tt2086938,The War of 1812,"Drama, War"
1,tt20879602,Maybe I Do,"Comedy, Romance"
2,tt2089863,Zombie Dawn,"Horror, War"
4,tt2090465,Black Butterfly,Thriller
2,tt2090515,Gwaed ar y Ser,Horror
3,tt2091256,Captain Underpants: The First Epic Movie,"Animation, Action, Adventure"
1,tt2093991,Elvis & Nixon,"Comedy, History"
0,tt2094018,Hours,"Drama, Thriller"
3,tt2094064,Much Ado About Nothing,"Comedy, Drama, Romance"
0,tt2094766,Assassin's Creed,"Action, Adventure, Sci-Fi"
3,tt2096673,Inside Out,"Animation, Adventure, Comedy"
0,tt20969586,Thunderbolts,"Action, Adventure, Crime"
3,tt2097298,"McFarland, USA","Biography, Drama, Sport"
4,tt2101341,Dead Man Down,"Action, Crime, Drama"
2,tt2101441,Spring Breakers,"Crime, Drama, Thriller"
2,tt2102472,White Vengeance,"Action, Drama, History"
1,tt2103254,Tammy,"Comedy, Romance"
2,tt2103267,Adoration,"Drama, Romance"
0,tt2103281,Dawn of the Planet of the Apes,"Action, Adventure, Drama"
2,tt2105044,V/H/S,Horror
2,tt2106361,Into the Storm,"Action, Adventure, Drama"
1,tt2106739,Gayby,"Comedy, Drama, Romance"
2,tt21081126,Time Addicts,"Sci-Fi, Thriller"
2,tt2109184,Paranormal Activity 4,"Horror, Mystery"
0,tt2109248,Transformers: Age of Extinction,"Action, Adventure, Sci-Fi"
1,tt21097018,The Way of the Househusband,"Action, Comedy"
2,tt21100460,Party Bus,"Horror, Thriller"
1,tt2110388,All American Christmas Carol,"Comedy, Fantasy"
2,tt2111274,Bleed 4 Me,Horror
2,tt2112287,Thale,"Drama, Fantasy, Horror"
1,tt2112981,Julien & Claire,"Drama, Music, Romance"
1,tt2113681,The 100 Year-Old Man Who Climbed Out the Window and Disappeared,"Adventure, Comedy"
2,tt2113792,The Demented,"Horror, Sci-Fi"
2,tt2114358,Black Out,"Action, Comedy, Crime"
2,tt21157408,Street Cred,"Crime, Drama"
2,tt21158192,3 Days in Malay,"Action, History, War"
2,tt2116974,Vysotsky. Thank You for Being Alive,"Biography, Drama"
2,tt21187572,Don't Trick-Or-Treat Alone!,Horror
2,tt2118775,Special ID,"Action, Crime"
0,tt2119532,Hacksaw Ridge,"Biography, Drama, History"
3,tt2120120,Pixels,"Action, Comedy, Fantasy"
2,tt21222462,Mother's Milk,Thriller
1,tt21223048,Merry Kiss Cam,"Comedy, Romance"
4,tt21226152,Baliqlara xütbe,"Drama, War"
1,tt21226774,Don't Blame Karma!,"Comedy, Romance"
3,tt21235248,Untitled Ghostbusters Afterlife Sequel,"Adventure, Comedy, Fantasy"
2,tt2124926,The Aviation Cocktail,"Drama, Thriller"
0,tt2125435,Beasts of the Southern Wild,"Adventure, Drama, Fantasy"
1,tt21255308,A Royal in Paradise,"Comedy, Romance"
2,tt2125663,The Pineville Heist,"Action, Crime, Mystery"
1,tt21261712,Back to Black,Biography
2,tt21263500,Contorted,"Horror, Mystery"
0,tt2126355,San Andreas,"Action, Adventure, Thriller"
2,tt21267296,Hell of a Summer,"Comedy, Horror"
1,tt2128535,Santiago Violenta,"Action, Comedy, Crime"
2,tt2132285,The Bling Ring,"Biography, Crime, Drama"
2,tt2133239,I Declare War,"Action, Comedy, Drama"
1,tt21336626,Treasures of the Heart,Romance
2,tt21364552,The Roundup: No Way Out,"Action, Crime"
4,tt21372280,Autobiography,Thriller
2,tt21379060,Stalker,Thriller
2,tt21382296,Carry On,"Action, Thriller"
2,tt2139799,Desert Cathedral,"Drama, Mystery, Thriller"
1,tt2139881,Long Shot,"Comedy, Romance"
3,tt2140373,Saving Mr. Banks,"Biography, Comedy, Drama"
0,tt2140379,Self/less,"Action, Mystery, Sci-Fi"
2,tt2140479,The Accountant,"Action, Thriller"
1,tt2140619,Two Night Stand,"Comedy, Romance"
2,tt21426434,Shark Side of the Moon,"Action, Horror, Sci-Fi"
1,tt21426848,As We Know It,"Comedy, Horror, Romance"
2,tt2142987,Can't Take It Back,"Horror, Sci-Fi, Thriller"
2,tt21442114,Valiant One,Thriller
0,tt21454134,The Bikeriders,"Crime, Drama"
1,tt2147048,Red Flag,"Comedy, Drama, Romance"
1,tt2150332,Renoir,"Biography, Drama, History"
1,tt2150369,Love Me,Thriller
2,tt2150511,The List,Thriller
2,tt21602900,Stasis,Sci-Fi
1,tt21617996,Gatta Kusthi,"Comedy, Drama, Romance"
2,tt2165743,Eenie Meenie Miney Moe,"Crime, Drama, Thriller"
2,tt2166500,Self Storage,"Action, Crime, Horror"
2,tt2166616,Wrong Cops,"Comedy, Crime"
1,tt2169322,Finding Mr. Right,"Comedy, Romance"
1,tt2170439,Horrible Bosses 2,"Comedy, Crime"
2,tt2171867,Empire State,"Action, Crime, Thriller"
2,tt2172934,3 Days to Kill,"Action, Drama, Thriller"
1,tt2177575,Hanni and Nanni 2,"Adventure, Drama, Family"
1,tt2177771,The Monuments Men,"Comedy, Drama, History"
1,tt2179116,The Kings of Summer,"Adventure, Comedy, Drama"
0,tt2179136,American Sniper,"Action, Biography, Drama"
2,tt21799750,Yellow Dragon's Village,"Drama, Horror"
1,tt21801648,An Inconvenient Love,"Comedy, Romance"
0,tt2180411,Into the Woods,"Adventure, Comedy, Drama"
2,tt2180435,Kidnapped Souls,Horror
4,tt21807222,Saw 10,"Crime, Horror, Mystery"
2,tt2180994,A Good Marriage,"Crime, Drama, Thriller"
2,tt2182028,Bleeding Through,"Drama, Horror"
2,tt2182093,Final Move,Thriller
2,tt2182241,Sins,"Action, Thriller"
1,tt2183014,The Statistical Probability of Love at First Sight,"Drama, Romance"
1,tt21836576,Ivy + Bean: Doomed to Dance,"Comedy, Family"
1,tt2184095,3 Day Test,"Comedy, Family"
4,tt2184339,The Purge,"Horror, Sci-Fi, Thriller"
0,tt21848358,Jogi,"Drama, Thriller"
2,tt2186712,Long Nights Short Mornings,"Drama, Romance"
1,tt2186766,All Stars,"Comedy, Family"
4,tt2186848,Landmine Goes Click,"Action, Crime, Drama"
2,tt2187312,"Gallino, the Chicken System","Comedy, Fantasy, Romance"
4,tt21874760,La mesita del comedor,"Comedy, Drama, Horror"
2,tt21916206,The Perfumier,"Crime, Drama, Mystery"
1,tt21927594,Girl You Know It's True,"Biography, Drama, Music"
4,tt2193215,The Counselor,"Crime, Drama, Thriller"
2,tt2193418,Hammer of the Gods,"Action, Horror"
3,tt2194499,About Time,"Comedy, Drama, Fantasy"
2,tt21953278,Romeo + Isabella,"Drama, Romance"
1,tt21958986,Tom and Jerry: Snowman's Land,"Animation, Adventure, Comedy"
2,tt21959272,Earworm,"Horror, Thriller"
2,tt21962086,The Bridge Curse: Ritual,"Horror, Mystery, Thriller"
2,tt2196236,The Wicked Woods,"Drama, Fantasy, Horror"
2,tt21974366,Your Love Is Mine,"Drama, Horror"
2,tt21983758,The Teacher,"Drama, Thriller"
4,tt2199571,Run All Night,"Action, Crime, Thriller"
1,tt22006348,OMG! Oh My Girl,"Comedy, Drama, Romance"
2,tt2201548,A Teacher,"Drama, Romance"
2,tt22020050,The Things We Cannot Change,Thriller
1,tt2203939,The Other Woman,"Comedy, Romance"
2,tt22042742,Christmas Bloody Christmas,Horror
4,tt22048412,MaXXXine,Horror
1,tt2205697,Stuck in Love.,"Comedy, Drama, Romance"
4,tt2208216,Vanishing Waves,"Romance, Sci-Fi, Thriller"
1,tt2209418,Before Midnight,"Drama, Romance"
2,tt2209764,Transcendence,"Action, Drama, Sci-Fi"
2,tt2210479,Berserk: The Golden Age Arc I - The Egg of the King,"Animation, Action, Adventure"
0,tt2213054,Kai po che!,"Drama, Sport"
1,tt22170224,Labyu with an Accent,"Comedy, Romance"
1,tt22178922,Partners in Crime,"Action, Comedy"
2,tt2218003,Closed Circuit,"Crime, Drama, Mystery"
3,tt2222042,Love and Monsters,"Action, Adventure, Comedy"
2,tt2223990,Draft Day,"Drama, Sport"
3,tt2224026,Home,"Animation, Adventure, Comedy"
1,tt2224571,Perfect Partner,"Comedy, Drama, Romance"
4,tt2226162,Hunter Hunter,"Drama, Horror, Mystery"
4,tt2226417,Insidious: Chapter 2,"Horror, Mystery, Thriller"
2,tt2226440,Dead Men,"Action, Western"
1,tt2226597,The Mountain Between Us,"Drama, Thriller"
1,tt2229499,Don Jon,"Comedy, Drama, Romance"
2,tt2229511,Wer,"Action, Horror, Mystery"
1,tt2231461,Rampage,"Action, Adventure, Sci-Fi"
1,tt2234530,Bratz: Desert Jewelz,"Animation, Family"
2,tt2235108,Dear White People,"Comedy, Drama, Romance"
4,tt2235695,Rebecca,"Drama, Mystery, Romance"
1,tt2238032,Skiptrace,"Action, Adventure, Comedy"
2,tt2238050,White Bird in a Blizzard,"Drama, Mystery, Thriller"
1,tt2238140,Dace Decklan: Private Eye,"Animation, Action, Adventure"
2,tt22392974,Break In,Thriller
0,tt2239822,Valerian and the City of a Thousand Planets,"Action, Adventure, Fantasy"
1,tt2239832,Think Like a Man Too,"Comedy, Romance"
4,tt2241351,Money Monster,"Crime, Drama, Mystery"
1,tt2243260,Swung,"Comedy, Drama, Romance"
3,tt2245084,Big Hero 6,"Animation, Action, Adventure"
4,tt2245151,Supremacy,"Drama, Thriller"
2,tt22463382,Lukewarm,"Comedy, Horror, Musical"
1,tt2247476,When the Game Stands Tall,"Biography, Drama, Family"
2,tt22476934,Bad Education,"Action, Crime, Drama"
1,tt2247816,Doll Factory,"Comedy, Horror"
2,tt22489042,Hellhound,Action
2,tt22497768,Alkhallat+,"Comedy, Drama, Mystery"
4,tt22497824,The Matchmaker,"Drama, Mystery, Thriller"
2,tt22501842,New Fears Eve,Horror
0,tt22506970,Hero,"Biography, Drama, History"
3,tt2250912,Spider-Man: Homecoming,"Action, Adventure, Sci-Fi"
2,tt2252552,Gutshot Straight,"Action, Crime, Thriller"
1,tt2253939,Camille Rewinds,"Comedy, Drama, Romance"
2,tt2254790,Foresight Killer Instinct,"Action, Crime, Horror"
2,tt2257284,Line of Descent,"Crime, Drama"
0,tt2258337,Eega,"Action, Comedy, Drama"
1,tt2261976,My Dog the Champion,"Drama, Family"
3,tt2262227,The Book of Life,"Animation, Adventure, Comedy"
1,tt2265080,Red Wing,"Drama, Romance"
4,tt2265171,The Raid 2,"Action, Crime, Thriller"
1,tt2265555,Snuf de hond en de IJsvogel,"Adventure, Family"
2,tt2265609,The Shadow of Death,"Comedy, Horror"
3,tt2267968,Kung Fu Panda 3,"Animation, Action, Adventure"
4,tt2267998,Gone Girl,"Drama, Mystery, Thriller"
0,tt2268458,These Final Hours,"Drama, Sci-Fi, Thriller"
0,tt22688572,Boudica,Action
1,tt22695198,The Lost Lotteries,"Comedy, Crime"
1,tt2271412,President Wolfman,"Comedy, Horror"
1,tt2272336,Ghost Team One,"Comedy, Horror"
2,tt2273657,True Story,"Biography, Crime, Drama"
1,tt22741760,Your Monster,"Comedy, Horror, Romance"
2,tt22742012,Love Solutions,Romance
0,tt2274648,Hellboy,"Action, Adventure, Fantasy"
2,tt22767628,Blackwater Lane,Thriller
3,tt22769820,Legion of Super-Heroes,"Animation, Action, Sci-Fi"
1,tt22774688,The Soccer Football Movie,"Animation, Comedy, Family"
3,tt2277860,Finding Dory,"Animation, Adventure, Comedy"
0,tt2278388,The Grand Budapest Hotel,"Adventure, Comedy, Crime"
0,tt2278871,Blue Is the Warmest Colour,"Drama, Romance"
2,tt2279025,Beast Within,"Action, Adventure, Crime"
1,tt2279339,Love the Coopers,"Comedy, Fantasy, Romance"
4,tt22796890,Hell House LLC Origins: The Carmichael Manor,"Horror, Mystery"
2,tt2280358,Omnivores,"Horror, Thriller"
2,tt2280986,Shallow Creek Cult,"Action, Horror, Thriller"
2,tt2281159,Contracted,"Drama, Horror, Thriller"
1,tt2281309,The Liar and His Lover,Romance
3,tt2283336,Men in Black: International,"Action, Adventure, Comedy"
3,tt2283362,Jumanji: Welcome to the Jungle,"Action, Adventure, Comedy"
2,tt22873516,Séance Games - Metaxu,Horror
2,tt2290553,Northmen - A Viking Saga,"Action, Drama, History"
3,tt2293640,Minions,"Animation, Adventure, Comedy"
2,tt22939186,Sand and Stones,"Action, Horror, Thriller"
1,tt2294449,22 Jump Street,"Action, Comedy, Crime"
4,tt2294473,Lesson of the Evil,"Horror, Thriller"
3,tt2294629,Frozen,"Animation, Adventure, Comedy"
4,tt2294789,Remember,"Action, Family, Fantasy"
1,tt2301045,Otaku Vampires,"Action, Comedy, Horror"
2,tt2301155,Shootout at Wadala,"Action, Biography, Crime"
0,tt2302755,Olympus Has Fallen,"Action, Thriller"
2,tt23032692,Spring Lakes,Horror
0,tt2304933,The 5th Wave,"Action, Adventure, Sci-Fi"
0,tt2305051,Wild,"Adventure, Biography, Drama"
4,tt2309224,Big Bad Wolves,"Drama, Horror, Thriller"
0,tt2310332,The Hobbit: The Battle of the Five Armies,"Adventure, Fantasy"
1,tt2311526,Puppylove,"Drama, Romance"
2,tt2312718,Homefront,"Action, Crime, Thriller"
2,tt23131648,Bloat,Horror
0,tt23137904,Rebel Moon 2,"Action, Adventure, Drama"
2,tt23159982,Blue Hour: The Disappearance of Nick Brandreth,"Drama, Horror, Sci-Fi"
4,tt2316204,Alien: Covenant,"Horror, Sci-Fi, Thriller"
4,tt2316411,Enemy,"Drama, Mystery, Thriller"
1,tt2316479,Blue Iguana,"Action, Comedy, Crime"
1,tt2316548,Beautiful Disaster,"Drama, Romance"
1,tt2316756,Andala Rakshasi,Romance
0,tt2316868,The Better Angels,"Biography, Drama, History"
4,tt2321502,Uncanny,"Drama, Horror, Sci-Fi"
4,tt2321549,The Babadook,"Horror, Mystery"
1,tt2321663,Chong zhen jing wu men,Action
1,tt2322441,Fifty Shades of Grey,"Drama, Romance, Thriller"
1,tt2322457,Ivan the Incredible,"Animation, Comedy, Family"
1,tt2322932,The Hunted,"Action, Comedy, Horror"
2,tt2325517,Almost Human,"Horror, Sci-Fi, Thriller"
4,tt2328813,Hard to Be a God,"Drama, Sci-Fi"
4,tt23289160,Untitled Toho Godzilla film,"Action, Adventure, Sci-Fi"
2,tt2332623,Fateful Findings,"Drama, Fantasy, Mystery"
4,tt2333598,7 Boxes,"Adventure, Crime, Drama"
2,tt2333784,The Expendables 3,"Action, Adventure, Thriller"
0,tt2334649,Fruitvale Station,"Biography, Crime, Drama"
0,tt2334879,White House Down,"Action, Drama, Thriller"
1,tt2336284,Blitzpatrollie,"Action, Comedy, Crime"
3,tt2338151,PK,"Comedy, Drama, Sci-Fi"
1,tt2338454,Unicorn Store,"Comedy, Drama, Fantasy"
2,tt2342421,Wakey Wakey,"Drama, Mystery, Thriller"
2,tt2345613,Leprechaun: Origins,"Fantasy, Horror"
2,tt2345695,Roadside Massacre,Horror
4,tt2345737,The Rover,"Action, Crime, Drama"
0,tt2345759,The Mummy,"Action, Adventure, Fantasy"
1,tt2346198,Where the Road Runs Out,"Drama, Family, Romance"
1,tt2347569,Frances Ha,"Comedy, Drama, Romance"
2,tt2349142,Alien Showdown: The Day the Old West Stood Still,"Action, Adventure, Fantasy"
2,tt2349721,La Lectora,"Action, Drama, Thriller"
4,tt2351310,Flu,"Action, Drama, Sci-Fi"
2,tt2353755,12 12 12,Sci-Fi
2,tt23558280,Elevation,"Action, Thriller"
0,tt2356180,Bhaag Milkha Bhaag,"Biography, Drama, Sport"
1,tt2357129,Jobs,"Biography, Drama"
3,tt2357291,Rio 2,"Animation, Adventure, Comedy"
2,tt2357489,Zanjeer,"Action, Crime, Drama"
2,tt2357866,Axeman at Cutter's Creek,Horror
4,tt2359024,Blue Ruin,"Crime, Drama, Thriller"
0,tt2359810,Raanjhanaa,"Drama, Romance"
1,tt2362212,Where We Started,"Drama, Romance"
1,tt2362354,Spirit of Love: The Mike Glenn Story,"Family, Sport"
1,tt23623604,L.O.L. Surprise! Winter Fashion Show,Animation
1,tt2363213,Ragnarok,"Adventure, Fantasy"
2,tt2363461,The Pyramid,Horror
2,tt2364841,Runner Runner,"Crime, Thriller"
2,tt2364897,The Disappointments Room,"Drama, Horror, Thriller"
1,tt2368662,Shadows in the Distance,"Drama, Music, Romance"
2,tt2369135,Need for Speed,"Action, Thriller"
2,tt2369317,Space Station 76,"Comedy, Drama, Sci-Fi"
1,tt2369600,Muffin Top: A Love Story,"Comedy, Romance"
0,tt2371158,Secrets of War,"Drama, Family, History"
1,tt2372222,Kick,"Action, Comedy, Crime"
1,tt23722792,I Believe in Santa,"Comedy, Romance"
1,tt2372678,2 States,"Comedy, Drama, Romance"
2,tt2377322,Deliver Us from Evil,"Action, Adventure, Crime"
1,tt2377752,The Truth About Lies,"Comedy, Romance"
1,tt2378471,Southern Comfort,"Drama, Romance"
2,tt23790924,Vincent doit mourir,"Comedy, Drama, Fantasy"
2,tt23793170,Coup!,"Comedy, Thriller"
1,tt2379318,Bright Days Ahead,"Drama, Romance"
0,tt2379713,Spectre,"Action, Adventure, Thriller"
3,tt2380307,Coco,"Animation, Adventure, Comedy"
2,tt2380594,Winter of Discontent,"Drama, History"
3,tt2381111,Brooklyn,"Drama, Romance"
1,tt2381213,Sundown,"Action, Adventure, Comedy"
0,tt2381249,Mission: Impossible - Rogue Nation,"Action, Adventure, Thriller"
2,tt2381941,Focus,"Comedy, Crime, Drama"
0,tt2381991,The Huntsman: Winter's War,"Action, Adventure, Drama"
0,tt2382320,No Time to Die,"Action, Adventure, Thriller"
2,tt2386291,Deadly Revisions,"Horror, Mystery, Thriller"
3,tt2386490,How to Train Your Dragon: The Hidden World,"Animation, Action, Adventure"
2,tt2387433,Dark Skies,"Horror, Sci-Fi, Thriller"
1,tt2387499,Keeping Up with the Joneses,"Action, Comedy"
4,tt2388715,Oculus,"Horror, Mystery, Thriller"
0,tt2388771,Mowgli: Legend of the Jungle,"Adventure, Drama, Fantasy"
1,tt2390361,Enough Said,"Comedy, Drama, Romance"
0,tt2395427,Avengers: Age of Ultron,"Action, Adventure, Sci-Fi"
3,tt2397461,Clifford the Big Red Dog,"Animation, Adventure, Comedy"
4,tt2397535,Predestination,"Action, Drama, Sci-Fi"
1,tt2398249,They Came Together,"Comedy, Romance"
2,tt2400275,Goodbye to Language,"Drama, Fantasy"
1,tt2400321,Deer in the Headlight,"Adventure, Comedy, Drama"
4,tt2400463,The Invitation,"Drama, Horror, Mystery"
2,tt2400473,The Trouble with Barry,"Comedy, Horror, Thriller"
2,tt2401181,Der Samurai,"Fantasy, Horror, Thriller"
2,tt2401878,Anomalisa,"Animation, Comedy, Drama"
2,tt24020726,The Box,Horror
4,tt2402157,The November Man,"Action, Thriller"
0,tt2402927,Carol,"Drama, Romance"
0,tt2403867,Fusé: Memoirs of a Huntress,"Animation, Action, Drama"
0,tt2404233,Gods of Egypt,"Action, Adventure, Fantasy"
2,tt2404311,The Family,"Comedy, Crime, Thriller"
0,tt2404435,The Magnificent Seven,"Action, Adventure, Western"
4,tt2404461,The Past,"Drama, Mystery"
1,tt2404463,The Heat,"Action, Comedy, Crime"
4,tt2406566,Atomic Blonde,"Action, Thriller"
2,tt24067680,Run Baby Run,Thriller
1,tt24076146,The Persian Version,"Comedy, Drama, Romance"
2,tt2409302,Why Don't You Play in Hell?,"Action, Comedy"
2,tt2409904,Heavy Metal Horror,Thriller
2,tt2411024,Perfect Number,"Drama, Thriller"
2,tt2411112,Longwave,"Comedy, Drama, History"
1,tt24132988,Manny Pacquiao: Unstoppable Force,Sport
2,tt2414196,The Maid,"Drama, Romance"
4,tt24146896,Rotting in the Sun,"Comedy, Mystery"
1,tt2417650,30 Nights of Paranormal Activity with the Devil Inside the Girl with the Dragon Tattoo,"Comedy, Horror"
4,tt2422212,House of Cards,"Action, Drama"
4,tt2427892,Tom at the Farm,"Drama, Mystery, Thriller"
1,tt2429074,G.B.F.,"Comedy, Drama, Romance"
0,tt2431286,Philomena,"Biography, Comedy, Drama"
2,tt2431576,Animus,"Horror, Thriller"
1,tt2433542,Yamudiki Mogudu,"Comedy, Fantasy"
2,tt2436386,Project Almanac,"Drama, Mystery, Sci-Fi"
1,tt2441174,A Grim Becoming,"Action, Comedy, Horror"
4,tt2446042,Taken 3,"Action, Crime, Thriller"
2,tt2446746,Heretic,Horror
3,tt2446980,Joy,"Biography, Drama"
2,tt2447162,Game Camera,Horror
1,tt2447338,Faraway,"Adventure, Drama, Fantasy"
3,tt2452244,Isn't It Romantic,"Comedy, Fantasy, Musical"
1,tt2459160,Road to the Open,"Comedy, Drama, Sport"
3,tt2463208,The Adam Project,"Action, Adventure, Comedy"
1,tt2463512,Hateship Loveship,"Drama, Romance"
2,tt2463524,Dark Vision,"Horror, Mystery, Sci-Fi"
1,tt2470102,Young Hunters: The Beast of Bevendean,"Action, Adventure, Family"
2,tt2474958,Kill Your Friends,"Comedy, Crime, Music"
1,tt24785860,Love on a Budget,Romance
1,tt24786154,Someday or One Day,"Drama, Fantasy, Romance"
2,tt2481276,Thou Wast Mild and Lovely,"Comedy, Mystery, Romance"
4,tt2481498,"Extremely Wicked, Shockingly Evil and Vile","Biography, Crime, Drama"
1,tt2486678,5 to 7,"Comedy, Drama, Romance"
0,tt2488496,Star Wars: Episode VII - The Force Awakens,"Action, Adventure, Sci-Fi"
4,tt2493466,Kuroyuri danchi,"Drama, Fantasy, Horror"
4,tt2494362,Bone Tomahawk,"Drama, Horror, Western"
1,tt2494476,Capital Games,Romance
2,tt2497980,The Lookalike,"Crime, Thriller"
2,tt2503358,Speak No Evil,Horror
3,tt2510894,Hotel Transylvania 2,"Animation, Adventure, Comedy"
2,tt2512528,The Watchers: Revelation,"Action, Adventure, Sci-Fi"
1,tt2514646,Blood Brothers,Thriller
1,tt2516864,Smoorverliefd,"Comedy, Romance"
2,tt2516966,1974: La posesión de Altair,"Horror, Mystery, Sci-Fi"
4,tt2526138,Jiseul,"Drama, History, War"
1,tt2527256,My Cornerstone,"Comedy, Drama, Romance"
0,tt2527336,Star Wars: Episode VIII - The Last Jedi,"Action, Adventure, Fantasy"
0,tt2527338,Star Wars: The Rise Of Skywalker,"Action, Adventure, Fantasy"
1,tt2528814,God's Not Dead,"Adventure, Comedy, Drama"
0,tt2530392,The Little House,"Drama, Romance"
4,tt2535470,Wyrmwood: Road of the Dead,"Action, Comedy, Horror"
2,tt2536436,App,"Sci-Fi, Thriller"
2,tt25366998,Alhamour H.A.,"Biography, Comedy, Crime"
0,tt25406052,Kingdom: Unmei no Hono,"Action, History, War"
1,tt25406060,Thoe Kap Chan Kap Chan,"Drama, Romance"
4,tt25406500,Iratta,"Drama, Thriller"
0,tt2543164,Arrival,"Drama, Mystery, Sci-Fi"
3,tt2543472,Wonder,"Drama, Family"
2,tt2548208,Poker Night,"Crime, Mystery, Thriller"
4,tt2548396,The Cloverfield Paradox,"Action, Adventure, Horror"
0,tt25503544,Phantom,Action
1,tt2552498,Jack the Giant Killer,"Action, Fantasy"
2,tt2554042,Maazii,"Crime, Drama, Thriller"
4,tt2554274,Crimson Peak,"Drama, Horror, Mystery"
0,tt2557478,Pacific Rim: Uprising,"Action, Adventure, Fantasy"
2,tt2559214,Bordering on Bad Behavior,"Action, Comedy, Drama"
1,tt2560102,Lilting,"Drama, Romance"
2,tt2560792,Skybound,"Action, Thriller"
1,tt2561572,Get Hard,"Comedy, Crime"
3,tt2567026,Alice Through the Looking Glass,"Adventure, Family, Fantasy"
1,tt2568862,Going in Style,"Comedy, Crime"
2,tt2573372,Becoming,Thriller
2,tt2577652,The President's Staff,"Sci-Fi, Thriller"
3,tt2582496,Me and Earl and the Dying Girl,"Comedy, Drama, Romance"
2,tt2582498,Sweet Virginia,"Action, Drama, Thriller"
2,tt2582624,The Privileged,"Drama, Thriller"
4,tt2582782,Hell or High Water,"Crime, Drama, Thriller"
3,tt2582846,The Fault in Our Stars,"Drama, Romance"
2,tt25830860,A Sunday Affair,Romance
0,tt2584384,Jojo Rabbit,"Comedy, Drama, War"
2,tt2585562,Pizza,"Horror, Thriller"
2,tt25869142,Disquiet,Thriller
3,tt2591814,The Garden of Words,"Animation, Drama, Romance"
0,tt2592614,Resident Evil: The Final Chapter,"Action, Horror, Sci-Fi"
1,tt25981462,Boonie Bears: Guardian Code,Animation
2,tt2602338,Malady,"Drama, Horror, Mystery"
2,tt2603308,Countdown,"Horror, Mystery, Thriller"
1,tt2606826,Poraali,"Action, Drama, Thriller"
1,tt2609758,A Madea Christmas,"Comedy, Drama, Romance"
1,tt2614400,Casanova Variations,"Biography, Drama, Fantasy"
4,tt26160190,Unlocked,"Crime, Drama, Mystery"
2,tt2626460,Top Dog,"Crime, Drama"
0,tt2631186,Baahubali: The Beginning,"Action, Drama"
1,tt2637294,Hot Tub Time Machine 2,"Comedy, Mystery, Sci-Fi"
0,tt2638144,Ben-Hur,"Action, Drama, Romance"
2,tt2639976,Banking Hours 10 to 4,"Mystery, Thriller"
1,tt2642524,Mr. Kaplan,"Comedy, Drama, Thriller"
2,tt2645472,The Flame of Devotion,"Drama, Romance"
2,tt26475994,Ninja vs Shark,"Action, History, Horror"
0,tt2649554,Midnight Special,"Drama, Mystery, Sci-Fi"
0,tt2652118,"Crouching Tiger, Hidden Dragon: Sword of Destiny","Action, Adventure, Drama"
4,tt26584495,Companion,"Sci-Fi, Thriller"
0,tt2660888,Star Trek Beyond,"Action, Adventure, Sci-Fi"
2,tt26628641,The Jack in the Box Rises,Horror
2,tt26658104,Imaginary,Horror
4,tt26681671,Where the Devil Roams,Horror
3,tt26743210,How to Train Your Dragon Live-Action,Adventure
1,tt2674426,Me Before You,"Drama, Romance"
2,tt2679042,Hitman: Agent 47,"Action, Crime, Thriller"
2,tt2691734,October Gale,"Drama, Romance, Thriller"
3,tt2692250,Night at the Museum: Secret of the Tomb,"Adventure, Comedy, Family"
1,tt26926267,Mother of the Bride,"Comedy, Romance"
2,tt2697586,White Creek,"Drama, Horror, Thriller"
1,tt2704998,Game Night,"Action, Adventure, Comedy"
3,tt2709692,The Grinch,"Animation, Comedy, Family"
3,tt2709768,The Secret Life of Pets,"Animation, Adventure, Comedy"
4,tt2713180,Fury,"Action, Drama, War"
2,tt2713642,Jersey Shore Massacre,"Comedy, Horror"
2,tt2714380,The Remaining,"Drama, Horror, Mystery"
0,tt2719848,Everest,"Action, Adventure, Biography"
2,tt2720726,Darkside Witches,Horror
4,tt2726552,A Kind of Murder,"Crime, Drama, Thriller"
1,tt2726560,The Longest Ride,"Comedy, Drama, Romance"
1,tt2727028,Total Chaos,"Comedy, Drama, Romance"
2,tt2728784,After Darkness,"Drama, Sci-Fi, Thriller"
2,tt2736074,Of Good Report,"Drama, Thriller"
2,tt2736254,Absence,"Horror, Sci-Fi, Thriller"
4,tt2737304,Bird Box,"Horror, Mystery, Sci-Fi"
1,tt2738050,Will You Still Love Me Tomorrow?,"Comedy, Drama, Romance"
1,tt2752584,Pelle Politibil på sporet,"Animation, Adventure, Family"
2,tt2752758,Devil's Due,"Horror, Mystery"
2,tt2762772,Silent Screams,"Horror, Thriller"
2,tt2767440,Nocturne Six,"Horror, Sci-Fi, Thriller"
3,tt2771200,Beauty and the Beast,"Adventure, Family, Fantasy"
2,tt2780610,No Weapon Shall Prosper,"Action, Drama, Romance"
2,tt2782844,Billionaire Ransom,"Action, Adventure, Crime"
4,tt2784936,Backtrack,"Drama, Fantasy, Horror"
1,tt2788710,The Interview,"Action, Adventure, Comedy"
2,tt2797190,After Midnight,"Mystery, Thriller"
2,tt2797352,Hidden Agenda,"Action, Crime, Mystery"
4,tt2798920,Annihilation,"Adventure, Drama, Horror"
0,tt2802144,Kingsman: The Secret Service,"Action, Adventure, Comedy"
4,tt2802154,Leviathan,"Crime, Drama"
2,tt2806988,Shock: My Abstraction of Death,Thriller
0,tt2808986,Tokyo Tribe,"Action, Musical"
2,tt2814362,United Passions,"Drama, History, Sport"
0,tt2820852,Furious 7,"Action, Crime, Thriller"
1,tt2823054,Mike and Dave Need Wedding Dates,"Comedy, Romance"
4,tt2824852,Deadly Virtues: Love.Honour.Obey.,"Drama, Thriller"
1,tt2836166,Punk's Dead: SLC Punk 2,"Adventure, Comedy, Music"
2,tt2852070,Sunday Morning Rapture,"Drama, Family"
1,tt2854926,Tag,"Action, Comedy"
2,tt2856578,The Grotto,Horror
0,tt2859246,Rakuen Tsuiho: Expelled from Paradise,"Animation, Action, Adventure"
4,tt2866360,Coherence,"Drama, Mystery, Sci-Fi"
1,tt2866674,Thy Will Be Done,"Drama, Family, Musical"
2,tt2870612,"As Above, So Below","Horror, Mystery, Thriller"
3,tt2870756,Magic in the Moonlight,"Comedy, Drama, Romance"
4,tt2872718,Nightcrawler,"Crime, Drama, Thriller"
0,tt2872732,Lucy,"Action, Sci-Fi, Thriller"
3,tt2872750,Shaun the Sheep Movie,"Animation, Adventure, Comedy"
4,tt2873282,Red Sparrow,"Action, Drama, Thriller"
2,tt2883218,I Am the Keeper,"Drama, Romance"
3,tt2883512,Chef,"Adventure, Comedy, Drama"
2,tt2884206,I Origins,"Drama, Mystery, Romance"
2,tt2885628,Nina Forever,"Comedy, Drama, Horror"
0,tt2908446,The Divergent Series: Insurgent,"Action, Adventure, Sci-Fi"
1,tt2910274,Obvious Child,"Comedy, Drama, Romance"
4,tt2910814,The Signal,"Drama, Mystery, Sci-Fi"
4,tt2911666,John Wick,"Action, Crime, Thriller"
2,tt2917388,Kidnapping Mr. Heineken,"Action, Crime, Drama"
1,tt2917646,Nobeureshing,"Romance, Sport"
2,tt2923834,The Last Scout,"Action, Adventure, Drama"
2,tt2932536,47 Meters Down,"Adventure, Drama, Horror"
1,tt2934408,The Dog,"Action, Comedy"
0,tt2935510,Ad Astra,"Adventure, Drama, Mystery"
3,tt2935622,The School for Good and Evil,"Action, Comedy, Drama"
0,tt2936180,Far from Men,"Drama, War"
4,tt2937898,A Most Violent Year,"Action, Crime, Drama"
2,tt2938956,The Transporter Refueled,"Action, Thriller"
3,tt2948356,Zootopia,"Animation, Adventure, Comedy"
3,tt2948372,Soul,"Animation, Adventure, Comedy"
1,tt2950418,Greater,"Biography, Family, Sport"
3,tt2953050,Encanto,"Animation, Comedy, Family"
1,tt2960220,Arrobá,"Comedy, Sci-Fi"
3,tt2964120,Wood Job!,"Adventure, Comedy"
2,tt2967008,The Face of an Angel,"Crime, Drama"
0,tt2967578,Secretly Greatly,"Action, Comedy, Drama"
2,tt2969656,Cold Eyes,"Action, Crime, Thriller"
4,tt2975578,The Purge: Anarchy,"Action, Horror, Sci-Fi"
0,tt2975590,Batman v Superman: Dawn of Justice,"Action, Adventure, Sci-Fi"
0,tt2977364,Kyz-Zhibek,"Drama, History, Romance"
1,tt2978576,Bill,"Comedy, Family, History"
3,tt2980516,The Theory of Everything,"Biography, Drama, Romance"
4,tt2980592,The Guest,"Action, Mystery, Thriller"
0,tt2981768,Patema Inverted,"Animation, Adventure, Drama"
2,tt2983922,The Night Visitor 2: Heather's Story,Sci-Fi
1,tt2988272,Shuddh Desi Romance,"Comedy, Drama, Romance"
3,tt2990140,The Christmas Chronicles,"Adventure, Comedy, Family"
2,tt2991296,Beneath,"Adventure, Drama, Horror"
1,tt3000284,Honey Bee,"Comedy, Thriller"
1,tt3007240,Shaolin Warrior,Action
0,tt3007512,The Water Diviner,"Drama, History, War"
4,tt3011894,Wild Tales,"Comedy, Drama, Thriller"
2,tt3014866,Criminal,"Action, Sci-Fi, Thriller"
1,tt3014910,Finding Altamira,"Biography, Drama, History"
0,tt3017864,Ghost in the Shell Arise: Border 2 - Ghost Whisper,"Animation, Action, Sci-Fi"
2,tt3024324,Kill Game,Horror
0,tt3029556,Rurouni Kenshin: The Legend Ends,"Action, Adventure, Drama"
3,tt3040964,The Jungle Book,"Adventure, Drama, Family"
1,tt3045616,Mortdecai,"Action, Adventure, Comedy"
2,tt3058674,VANish,"Action, Crime, Horror"
0,tt3062096,Inferno,"Action, Adventure, Crime"
3,tt3064620,Isabelle Dances Into the Spotlight,"Drama, Family"
4,tt3065204,The Conjuring 2,"Horror, Mystery, Thriller"
0,tt3066630,The Forbidden Room,"Comedy, Mystery"
4,tt3072482,Hardcore Henry,"Action, Adventure, Sci-Fi"
2,tt3074952,Welcome to Willits,"Horror, Sci-Fi"
1,tt3076510,Henchmen,"Animation, Comedy, Family"
1,tt3076658,Creed,"Action, Drama, Sport"
3,tt3079380,Spy,"Action, Comedy"
2,tt3083008,The Program,"Biography, Drama, Sport"
2,tt3083932,Stolen Moments,"Drama, Music, Romance"
1,tt3086582,Tiny Times 2.0,"Comedy, Drama, Romance"
0,tt3090670,Advantageous,"Drama, Family, Sci-Fi"
2,tt3093522,Cymbeline,"Crime, Drama, Thriller"
1,tt3095734,Monster Trucks,"Action, Adventure, Comedy"
2,tt3104930,Da Sweet Blood of Jesus,"Comedy, Drama, Horror"
3,tt3104988,Crazy Rich Asians,"Comedy, Drama, Romance"
1,tt3107924,Meet the Small Potatoes,"Family, Musical"
4,tt3108158,The World of Kanako,"Drama, Mystery, Thriller"
0,tt3110958,Now You See Me 2,"Action, Adventure, Comedy"
4,tt3111426,Lost Girls,"Crime, Drama, Mystery"
1,tt3117302,Konfetti,"Comedy, Drama, Romance"
3,tt3120280,Sierra Burgess Is a Loser,"Comedy, Drama, Romance"
2,tt3120314,Shark Exorcist,"Action, Fantasy, Horror"
1,tt3121122,Let's Ruin It with Babies,"Comedy, Drama, Romance"
2,tt3124456,Memories,"Mystery, Thriller"
1,tt3138344,Baked in Brooklyn,"Comedy, Crime, Drama"
2,tt3148392,Shatru,"Action, Thriller"
1,tt3149360,Lucky Dog,Family
2,tt3149900,The Hunted,"Horror, Mystery, Thriller"
1,tt3152624,Trainwreck,"Comedy, Drama, Romance"
4,tt3155298,Luther: The Fallen Sun,"Crime, Drama, Mystery"
2,tt3155604,The Geographer Drank His Globe Away,"Adventure, Drama, Romance"
4,tt3155654,Hide and Seek,"Mystery, Thriller"
2,tt3157224,We Still Kill the Old Way,"Action, Comedy, Crime"
2,tt3161758,Malini 22,"Drama, Thriller"
2,tt3165264,Altered Perception,"Fantasy, Mystery, Sci-Fi"
1,tt3165612,Sleeping with Other People,"Comedy, Drama, Romance"
0,tt3168230,Mr. Holmes,"Drama, Mystery"
2,tt3168254,Noirland,Crime
0,tt3170832,Room,"Drama, Thriller"
1,tt3173910,Hasee Toh Phasee,"Comedy, Romance"
1,tt3176414,Let It Bleed,"Action, Comedy, Thriller"
2,tt3180548,The Belly of the Whale,"Crime, Drama"
0,tt3183660,Fantastic Beasts and Where to Find Them,"Adventure, Family, Fantasy"
2,tt3186318,Hellion,"Drama, Thriller"
2,tt3195644,Insidious: Chapter 3,"Horror, Mystery, Thriller"
1,tt3198698,Hunter x Hunter: The Last Mission,"Animation, Action, Adventure"
0,tt3201640,Extinction,"Action, Drama, Sci-Fi"
1,tt3201736,Run the Race,"Drama, Sport"
4,tt3203528,Bad Samaritan,"Crime, Horror, Thriller"
0,tt3203606,Trumbo,"Biography, Drama"
0,tt3210686,Son of God,"Biography, Drama, History"
2,tt3212776,The Seventh Heaven,"Drama, Romance"
2,tt3213512,Roseville,"Horror, Mystery, Thriller"
0,tt3215824,Those Who Wish Me Dead,"Action, Drama, Thriller"
1,tt3215826,Kids in Love,"Drama, Romance"
2,tt3223636,Frame Switch,"Crime, Mystery, Thriller"
3,tt3224458,A Beautiful Day in the Neighborhood,"Biography, Drama"
3,tt3228088,Spark: A Space Tail,"Animation, Action, Adventure"
0,tt3228774,Cruella,"Adventure, Comedy, Crime"
4,tt3235888,It Follows,"Horror, Mystery, Thriller"
1,tt3243664,You Are My Vampire,"Family, Fantasy, Musical"
1,tt3244786,The Music of Silence,"Biography, Drama, Music"
3,tt3246908,The Boxcar Children,"Animation, Adventure, Family"
2,tt3247714,Survivor,"Action, Crime, Thriller"
4,tt3254876,The Owners,"Crime, Drama"
2,tt3255590,El Camino Christmas,"Comedy, Crime, Western"
2,tt3256226,IO,"Adventure, Drama, Sci-Fi"
0,tt3262342,Loving Vincent,"Animation, Drama, Mystery"
0,tt3263904,Sully,"Biography, Drama"
2,tt3266724,Black Rose,"Action, Crime, Drama"
2,tt3268668,Captive,"Action, Biography, Crime"
0,tt3274484,Ekskursante,"Action, Drama"
4,tt3280262,Cult of Chucky,"Horror, Thriller"
3,tt3281548,Little Women,"Drama, Romance"
1,tt3289362,Hidden Away,"Drama, Romance"
4,tt3289956,The Autopsy of Jane Doe,"Horror, Mystery, Thriller"
1,tt3291632,After School Special,"Adventure, Comedy, Crime"
2,tt3293250,Flowerman,"Drama, Romance, Thriller"
2,tt3297382,The Crash,"Crime, Thriller"
1,tt3297804,Art Idol,"Comedy, Drama, Romance"
2,tt3300542,London Has Fallen,"Action, Thriller"
2,tt3300572,Stung,"Action, Adventure, Comedy"
0,tt3300980,The 12th Man,"Drama, History, Thriller"
2,tt3305308,Trespass Against Us,"Action, Crime, Drama"
4,tt3305844,Hellions,"Drama, Horror, Thriller"
4,tt3312762,In the Sands of Babylon,"Drama, History, War"
0,tt3312830,Youth,"Comedy, Drama, Music"
2,tt3312936,LA Apocalypse,"Action, Sci-Fi, Thriller"
0,tt3315342,Logan,"Action, Drama, Sci-Fi"
2,tt3316948,American Ultra,"Action, Comedy"
2,tt3320500,The Axe Murders of Villisca,Horror
0,tt3322364,Concussion,"Biography, Drama, Sport"
3,tt3322420,Queen,"Adventure, Comedy, Drama"
2,tt3322940,Annabelle,"Horror, Mystery, Thriller"
2,tt3327624,Infini,"Horror, Sci-Fi, Thriller"
3,tt3328716,Paper Planes,"Drama, Family"
1,tt3330948,For the Love of George,"Comedy, Drama, Romance"
3,tt3332064,Pan,"Action, Adventure, Comedy"
2,tt3333870,Antibirth,"Comedy, Horror, Mystery"
3,tt3336368,Maya the Bee Movie,"Animation, Adventure, Comedy"
1,tt3338106,Ru lai shen zhang si ji da jie ju,"Adventure, Fantasy"
4,tt3339680,Don't Go,Thriller
4,tt3344694,The Secret Scripture,"Drama, Romance"
4,tt3348730,Jigsaw,"Crime, Horror, Mystery"
2,tt3350436,Fire Twister,"Action, Adventure, Drama"
0,tt3361792,Tolkien,"Biography, Drama, Romance"
0,tt3371366,Transformers: The Last Knight,"Action, Adventure, Sci-Fi"
1,tt3381008,The Brothers Grimsby,"Action, Adventure, Comedy"
0,tt3385516,X-Men: Apocalypse,"Action, Adventure, Sci-Fi"
3,tt3385524,Stan & Ollie,"Biography, Comedy, Drama"
4,tt3387520,Scary Stories to Tell in the Dark,"Adventure, Horror, Mystery"
1,tt3393762,The Martial Arts Kid,"Action, Family"
2,tt3393786,Jack Reacher: Never Go Back,"Action, Crime, Drama"
2,tt3395184,Spring,"Horror, Romance, Sci-Fi"
4,tt3397884,Sicario,"Action, Crime, Drama"
3,tt3398268,When Marnie Was There,"Animation, Drama, Family"
2,tt3398738,Forgiven,"Drama, Family, Thriller"
2,tt3399484,The Sand,"Comedy, Horror, Sci-Fi"
2,tt3400626,Shadows,Thriller
0,tt3400872,Viktoria,"Drama, Family"
3,tt3401748,Oddball,"Adventure, Family"
4,tt3402236,Murder on the Orient Express,"Crime, Drama, Mystery"
0,tt3410834,Allegiant,"Action, Adventure, Mystery"
3,tt3413018,Tamako Love Story,"Animation, Comedy, Drama"
0,tt3416532,A Monster Calls,"Adventure, Drama, Family"
2,tt3416536,Hot Summer Nights,"Crime, Drama, Romance"
1,tt3416742,What We Do in the Shadows,"Comedy, Horror"
3,tt3416828,Ice Age: Collision Course,"Animation, Adventure, Comedy"
1,tt3417172,Masterless,"Drama, Fantasy"
3,tt3420504,Finch,"Adventure, Drama, Sci-Fi"
2,tt3420538,Stand,"Drama, Thriller"
2,tt3421318,30-Love,"Comedy, Drama, Romance"
0,tt3450958,War for the Planet of the Apes,"Action, Adventure, Drama"
4,tt3454574,Extraordinary Tales,"Animation, Horror, Mystery"
2,tt3455996,Pinwheel,Horror
4,tt3460252,The Hateful Eight,"Crime, Drama, Mystery"
1,tt3461828,Cat Run 2,"Action, Comedy"
2,tt3462710,Unforgettable,"Drama, Thriller"
4,tt3463106,The Cured,"Drama, Horror, Sci-Fi"
4,tt3464902,The Lobster,"Drama, Romance, Sci-Fi"
3,tt3469046,Despicable Me 3,"Animation, Adventure, Comedy"
2,tt3469592,Rise of the Legend,"Action, Biography, Drama"
3,tt3470600,Sing,"Animation, Comedy, Family"
2,tt3474438,Little Crusader,"Drama, History"
0,tt3480822,Black Widow,"Action, Adventure, Sci-Fi"
2,tt3483644,Slasher,"Horror, Mystery, Thriller"
1,tt3485192,Fashion King,"Drama, Romance"
1,tt3486626,The Nut Job 2: Nutty by Nature,"Animation, Adventure, Comedy"
0,tt3488710,The Walk,"Adventure, Biography, Drama"
2,tt3496048,Below Dreams,"Adventure, Drama, Music"
0,tt3498820,Captain America: Civil War,"Action, Sci-Fi"
1,tt3499424,Hercules Reborn,"Action, Adventure"
1,tt3499966,Prophecy of Eve,"Action, Thriller"
0,tt3501416,Assassination,"Action, Drama, Thriller"
3,tt3501632,Thor: Ragnarok,"Action, Adventure, Comedy"
2,tt3503840,Absolution,"Action, Adventure, Crime"
1,tt3505298,Hatched,Animation
3,tt3513498,The Lego Movie 2: The Second Part,"Animation, Action, Adventure"
0,tt3513548,Richard Jewell,"Biography, Crime, Drama"
1,tt3514116,Teenage Ghost Punk,"Comedy, Family, Music"
2,tt3519946,Hide and Go Seek,"Horror, Thriller"
1,tt3521126,The Disaster Artist,"Biography, Comedy, Drama"
3,tt3521164,Moana,"Animation, Adventure, Comedy"
2,tt3522422,Out of Time,"Horror, Mystery, Sci-Fi"
2,tt3522806,Mechanic: Resurrection,"Action, Adventure, Crime"
2,tt3529662,The Businessman,Thriller
1,tt3530002,The Night Before,"Comedy, Fantasy"
4,tt3531202,Pilgrimage,"Action, Drama, History"
0,tt3531824,Nerve,"Action, Adventure, Crime"
2,tt3532216,American Made,"Action, Comedy, Crime"
1,tt3532686,All About E,"Comedy, Drama, Romance"
1,tt3532976,The Current,"Drama, Family"
3,tt3544112,Sing Street,"Comedy, Drama, Music"
4,tt3547306,Cut Throat City,"Action, Crime, Drama"
2,tt3547682,What We Become,"Horror, Thriller"
2,tt3548862,Face Down,"Crime, Drama"
3,tt3554046,Space Jam: A New Legacy,"Animation, Adventure, Comedy"
2,tt3557946,Damaal Dumeel,"Comedy, Crime, Drama"
2,tt3561236,Containment,"Horror, Sci-Fi, Thriller"
4,tt3567288,The Visit,"Horror, Mystery, Thriller"
4,tt3569230,Legend,"Biography, Crime, Drama"
2,tt3573598,London Road,"Crime, Drama, Musical"
2,tt3577624,A Perfect Day,"Comedy, Drama, War"
4,tt3579524,Ghost in the Shell Arise: Border 3 - Ghost Tears,"Animation, Action, Sci-Fi"
0,tt3581652,West Side Story,"Crime, Drama, Musical"
1,tt3597448,Girl on the Edge,"Drama, Family"
2,tt3605266,Everything Beautiful Is Far Away,"Fantasy, Sci-Fi"
2,tt3605418,Knock Knock,"Crime, Drama, Horror"
3,tt3606752,Cars 3,"Animation, Adventure, Comedy"
3,tt3606756,Incredibles 2,"Animation, Action, Adventure"
2,tt3610576,Hope Lost,"Drama, Thriller"
2,tt3622332,Sword of Vengeance,"Action, Adventure, Drama"
1,tt3622592,Paper Towns,"Adventure, Comedy, Drama"
2,tt3625352,Summer of Blood,"Comedy, Horror"
1,tt3625930,Kiss & Cry,Fantasy
4,tt3631112,The Girl on the Train,"Crime, Drama, Mystery"
0,tt3640424,Allied,"Action, Drama, Romance"
2,tt3642672,Mississippi Shakedown,Action
2,tt3646836,Body of Deceit,"Mystery, Romance, Thriller"
2,tt3647498,Blood Father,"Action, Crime, Drama"
2,tt3652714,Guardian,"Action, Thriller"
1,tt3654972,Merry Ex Mas,"Comedy, Drama, Family"
3,tt3656810,Tian xian pei,"Musical, Romance"
0,tt3659388,The Martian,"Adventure, Drama, Sci-Fi"
0,tt3661210,The Dig,"Biography, Drama, History"
2,tt3663040,Heatstroke,"Action, Thriller"
2,tt3664992,MDMA,"Crime, Drama"
1,tt3668162,Bangalore Days,"Comedy, Drama, Romance"
1,tt3671542,Holding the Man,"Biography, Drama, Romance"
1,tt3678938,Humpty Sharma Ki Dulhania,"Comedy, Drama, Romance"
1,tt3679060,Dishoom,"Action, Adventure, Comedy"
1,tt3680410,Last Cab to Darwin,"Adventure, Comedy, Drama"
0,tt3682448,Bridge of Spies,"Drama, History, Thriller"
2,tt3683144,Axe Murdering with Hackley,"Comedy, Horror"
1,tt3685328,How to Beat a Bully,Family
1,tt3685702,London Bridge,"Drama, Romance"
4,tt3687186,Heaven Knows What,"Crime, Drama"
1,tt3689910,Miss Hokusai,"Animation, Biography, Drama"
3,tt3691740,The BFG,"Adventure, Family, Fantasy"
1,tt3691942,Dracula's Angel,"Animation, Horror, Romance"
0,tt3696086,The Golden Era,"Biography, Drama, Romance"
1,tt3700804,Already Tomorrow in Hong Kong,"Comedy, Romance"
4,tt3702652,The Other Side of the Door,"Horror, Thriller"
2,tt3702720,Full Contact,"Drama, Mystery, Thriller"
0,tt3704428,Elvis,"Biography, Drama, Music"
4,tt3706352,All the Old Knives,"Mystery, Thriller"
2,tt3713166,Unfriended,"Horror, Mystery, Thriller"
4,tt3715320,Irrational Man,"Comedy, Crime, Drama"
4,tt3716530,Elle,"Crime, Drama, Thriller"
2,tt3717252,Underworld: Blood Wars,"Action, Adventure, Fantasy"
3,tt3717490,Power Rangers,"Action, Adventure, Fantasy"
2,tt3720058,The Great Hypnotist,"Drama, Mystery, Thriller"
2,tt3720788,The Disappearance of Eleanor Rigby: Her,"Drama, Romance"
2,tt3721112,The Shadow People,"Drama, Horror, Mystery"
2,tt3722234,Gosnell: The Trial of America's Biggest Serial Killer,"Crime, Drama"
1,tt3722420,The Last Straw,Family
1,tt3727202,Life on the Line,"Action, Thriller"
2,tt3727690,Zero Tolerance,"Action, Crime, Thriller"
0,tt3731562,Kong: Skull Island,"Action, Adventure, Fantasy"
3,tt3733678,Grace Stirs Up Success,"Comedy, Family, Musical"
1,tt3741632,The Leisure Seeker,"Adventure, Comedy, Drama"
0,tt3741700,Godzilla: King of the Monsters,"Action, Adventure, Fantasy"
3,tt3741834,Lion,"Biography, Drama"
2,tt3744264,Pali Road,"Drama, Fantasy, Mystery"
3,tt3746824,Sheep & Wolves,"Animation, Comedy, Family"
4,tt3748172,Gerald's Game,"Drama, Horror, Thriller"
0,tt3748528,Rogue One: A Star Wars Story,"Action, Adventure, Sci-Fi"
2,tt3749338,Flocken,"Drama, Thriller"
0,tt3758542,Ferrari,"Action, Biography, Drama"
4,tt3766354,The Equalizer 2,"Action, Crime, Thriller"
2,tt3772918,The Cutting Room,Horror
4,tt3774114,Snowden,"Biography, Crime, Drama"
2,tt3774790,400 Days,"Mystery, Sci-Fi, Thriller"
0,tt3778644,Solo: A Star Wars Story,"Action, Adventure, Sci-Fi"
2,tt3779300,War Pigs,"Action, Drama, War"
3,tt3783958,La La Land,"Comedy, Drama, Music"
1,tt3786326,The Christmas Switch,"Family, Fantasy"
2,tt3787068,Psychos,"Crime, Drama, Horror"
2,tt3792330,Cherry Tree,"Horror, Mystery"
3,tt3794354,Sonic the Hedgehog,"Action, Adventure, Comedy"
2,tt3798718,Dombivli Return,"Drama, Thriller"
1,tt3799232,The Kissing Booth,"Comedy, Romance"
2,tt3799694,The Nice Guys,"Action, Comedy, Crime"
2,tt3804774,The Nurse,Thriller
2,tt3809696,Creature Feature,Horror
1,tt3811244,The Wedding Invitation,"Comedy, Romance"
4,tt3811906,Malignant,"Crime, Horror, Mystery"
1,tt3814486,"Bloed, zweet & tranen","Biography, Drama, Music"
1,tt3823672,A.R.C.H.I.E.,"Family, Sci-Fi"
2,tt3827540,Invasion Planet Earth,"Action, Adventure, Drama"
1,tt3828796,2 Nights Till Morning,"Drama, Romance"
2,tt3829266,The Predator,"Action, Adventure, Sci-Fi"
2,tt3829378,Stephanie,"Horror, Mystery"
0,tt3829920,Only the Brave,"Action, Biography, Drama"
2,tt3833480,The Outpost,"Action, Drama, History"
2,tt3836530,Counter Clockwise,"Sci-Fi, Thriller"
2,tt3837196,Man on High Heels,"Action, Drama"
2,tt3839906,Track 143,"Drama, War"
1,tt3846674,To All the Boys I've Loved Before,"Comedy, Drama, Romance"
0,tt3850214,Dope,"Adventure, Comedy, Crime"
2,tt3850590,Krampus,"Comedy, Drama, Fantasy"
0,tt3859980,Mohenjo Daro,"Action, Adventure, Drama"
2,tt3861144,Paranormal Evil,"Horror, Thriller"
3,tt3861390,Dumbo,"Adventure, Family, Fantasy"
3,tt3863552,Bajrangi Bhaijaan,"Action, Adventure, Comedy"
3,tt3874544,The Boss Baby,"Animation, Adventure, Comedy"
2,tt3877112,Nobody Looks Up,"Crime, Mystery, Thriller"
1,tt3877166,Treasure of the Ninja,Action
2,tt3877674,Men & Chicken,"Comedy, Drama, Mystery"
4,tt3882082,The Boy,"Horror, Mystery, Thriller"
0,tt3890160,Baby Driver,"Action, Crime, Drama"
2,tt3892306,The Witch Chronicles,Horror
3,tt3896198,Guardians of the Galaxy Vol. 2,"Action, Adventure, Comedy"
1,tt3901006,Drama Drama,"Comedy, Family, Musical"
1,tt3907584,All the Bright Places,"Drama, Romance"
3,tt3915174,Puss in Boots: The Last Wish,"Animation, Adventure, Comedy"
1,tt3916634,The Adventures of Paula Peril,Adventure
3,tt3921852,Barbie and the Secret Door,"Animation, Family"
2,tt3922350,Headless,Horror
0,tt3922798,The Siege of Jadotville,"Action, Drama, History"
2,tt3948764,Chicago Rot,"Drama, Horror, Sci-Fi"
3,tt3949660,Teenage Mutant Ninja Turtles: Out of the Shadows,"Action, Adventure, Comedy"
1,tt3950032,"Happy Birthday, Toby Simpson","Comedy, Drama, Romance"
1,tt3950488,Black Beauty,"Adventure, Family"
0,tt3967856,Okja,"Action, Adventure, Drama"
2,tt3970806,The Incident,"Drama, Thriller"
2,tt3973502,Infiltrant,"Crime, Drama, Thriller"
2,tt3975510,One and Two,"Drama, Fantasy, Thriller"
2,tt3977848,Sky Sharks,"Comedy, Horror, Sci-Fi"
3,tt3979300,Magic Camp,"Comedy, Family, Fantasy"
4,tt3982768,Revenge,"Action, Thriller"
2,tt3992368,Such a Funny Life,"Crime, Drama"
1,tt4002772,Once I Was a Beehive,"Comedy, Drama, Family"
4,tt4003440,The House That Jack Built,"Crime, Drama, Horror"
2,tt4005510,Terrortory,Horror
1,tt4008866,Bibi & Tina voll verhext!,"Adventure, Family"
4,tt4015500,The Tale,"Biography, Drama, Mystery"
0,tt4016934,The Handmaiden,"Drama, Romance, Thriller"
2,tt4019532,The Last Assignment,"Action, Thriller"
4,tt4022454,Taxi Driver (Citizen I),"Crime, Drama"
2,tt4022608,Johnny Ghoulash Escapes from Creightonville,Horror
2,tt4030442,From the Dark,"Horror, Thriller"
3,tt4034354,Swiss Army Man,"Comedy, Drama, Fantasy"
2,tt4034452,Hyena Road,"Action, Drama, War"
2,tt4044896,Ayla,"Drama, Fantasy, Horror"
0,tt4046784,Maze Runner: The Scorch Trials,"Action, Adventure, Sci-Fi"
0,tt4052882,The Shallows,"Action, Drama, Horror"
3,tt4061848,Alpha and Omega 4: The Legend of the Saw Toothed Cave,"Animation, Action, Adventure"
4,tt4062536,Green Room,"Crime, Drama, Horror"
1,tt4065340,Arthur & Merlin,"Adventure, Family, Fantasy"
0,tt4073790,The Darkest Minds,"Action, Adventure, Drama"
1,tt4074958,Somewhere Only We Know,"Drama, Romance"
1,tt4075802,Plain Devil,"Action, Comedy, Music"
0,tt4076934,My Beloved Bodyguard,"Action, Crime, Drama"
4,tt4079152,The Dead End,"Crime, Drama"
2,tt4085084,Maryland,"Drama, Thriller"
4,tt4094724,The Purge: Election Year,"Action, Horror, Sci-Fi"
1,tt4110568,Dil Dhadakne Do,"Comedy, Drama, Romance"
1,tt4111044,Show Business,"Comedy, Drama, Romance"
3,tt4116284,The Lego Batman Movie,"Animation, Action, Adventure"
0,tt4123430,Fantastic Beasts: The Crimes of Grindelwald,"Adventure, Family, Fantasy"
0,tt4123432,Fantastic Beasts: The Secrets of Dumbledore,"Adventure, Family, Fantasy"
1,tt4126694,1 Night,"Drama, Romance"
2,tt4139588,Polar,"Action, Thriller"
0,tt4139928,The Legend of Maula Jatt,"Action, Drama, Fantasy"
2,tt4145324,Bound,"Drama, Thriller"
2,tt4146622,Rampage: President Down,"Action, Crime, Thriller"
4,tt4149246,Violator,"Drama, Horror, Mystery"
0,tt4154664,Captain Marvel,"Action, Adventure, Sci-Fi"
0,tt4154756,Avengers: Infinity War,"Action, Adventure, Sci-Fi"
0,tt4154796,Avengers: Endgame,"Action, Adventure, Drama"
2,tt4154916,Replicas,"Drama, Sci-Fi, Thriller"
4,tt4160708,Don't Breathe,"Crime, Horror, Thriller"
2,tt4163224,Most Likely to Die,Horror
4,tt4172430,13 Hours,"Action, Drama, History"
1,tt4173494,Love & Peace,"Comedy, Drama, Musical"
1,tt4174526,Ana Maria in Novela Land,"Comedy, Drama, Fantasy"
4,tt4178092,The Gift,"Drama, Mystery, Thriller"
2,tt4180576,Bridgend,"Drama, Horror"
1,tt4183692,Woodlawn,"Biography, Drama, History"
4,tt4196776,Jason Bourne,"Action, Thriller"
0,tt4209788,Molly's Game,"Biography, Crime, Drama"
1,tt4210080,The Confirmation,"Adventure, Comedy, Drama"
1,tt4212580,JK's House,"Family, Music"
2,tt4215810,River,Thriller
3,tt4217392,Kung Fu Yoga,"Action, Adventure, Comedy"
0,tt4218572,Widows,"Crime, Drama, Thriller"
2,tt4225622,The Babysitter,"Comedy, Horror"
4,tt4226388,Victoria,"Crime, Drama, Romance"
2,tt4228746,Zid,"Crime, Romance, Thriller"
1,tt4228840,Dive Olly Dive and the Pirate Treasure,Animation
2,tt4239814,Before the Fall,"Thriller, War"
0,tt4244994,The Last Duel,"Action, Drama, History"
3,tt4244998,Alpha,"Action, Adventure, Drama"
1,tt4246814,No Hay Más Remedio,"Comedy, Crime"
2,tt4249580,Cannibals and Carpet Fitters,"Comedy, Horror"
4,tt4263482,The VVitch: A New-England Folktale,"Drama, Fantasy, Horror"
2,tt4266076,The Night Eats the World,"Drama, Horror, Thriller"
1,tt4269256,Love Me Anyway,"Drama, Romance"
2,tt4270254,Red Christmas,Horror
1,tt4270452,Seven Stages to Achieve Eternal Bliss,"Comedy, Horror, Thriller"
1,tt4273106,The Master,"Action, History"
4,tt4273800,The Good Nurse,"Biography, Crime, Drama"
2,tt4276820,The Founder,"Biography, Drama"
2,tt4276890,Colourful & Impossible,"Drama, Thriller"
2,tt4287320,The Circle,"Drama, Sci-Fi, Thriller"
4,tt4291590,Évolution,"Drama, Horror, Mystery"
4,tt4296556,Archivo 253,Horror
3,tt4302938,Kubo and the Two Strings,"Animation, Action, Adventure"
4,tt4303340,I Am Not a Serial Killer,"Drama, Horror, Thriller"
1,tt4305148,Lovesong,"Drama, Romance"
1,tt4307968,Fashion Chicks,"Comedy, Romance"
2,tt4324054,Ayyanar,"Action, Drama"
4,tt4332232,Fractured,Thriller
2,tt4332746,"Silent Night, Bloody Night 2: Revival","Drama, Horror, Mystery"
2,tt4359278,The Red Circle,War
4,tt4361050,Ouija: Origin of Evil,"Drama, Horror, Mystery"
3,tt4364194,The Peanut Butter Falcon,"Adventure, Comedy, Drama"
0,tt4370784,The Innocents,"Drama, History"
4,tt4392770,Always Shine,"Drama, Horror, Mystery"
0,tt4419684,In the Lost Lands,"Action, Adventure, Fantasy"
2,tt4424292,Crazy Lake,"Comedy, Horror"
0,tt4425200,John Wick: Chapter 2,"Action, Crime, Thriller"
2,tt4428762,Down by Love,"Biography, Drama, Romance"
4,tt4430212,Drishyam,"Crime, Drama, Mystery"
1,tt4435072,Liger,"Action, Drama, Romance"
2,tt4438594,Street Level,Action
2,tt4439620,Redemption Day,"Action, Drama, Thriller"
2,tt4441422,Hangman,"Horror, Thriller"
0,tt4451458,Endless Poetry,"Biography, Drama, Fantasy"
1,tt4457020,El Jeremías,"Comedy, Drama, Family"
1,tt4457344,Dave Made a Maze,"Adventure, Comedy, Fantasy"
1,tt4465564,Fifty Shades Darker,"Drama, Romance, Thriller"
3,tt4466894,Sahara,"Animation, Adventure, Comedy"
3,tt4468740,Paddington 2,"Adventure, Comedy, Family"
1,tt4470288,Abnormal Attraction,"Adventure, Comedy, Fantasy"
2,tt4474302,Perdidos,Horror
1,tt4475244,Pitching Love and Catching Faith,Romance
1,tt4477536,Fifty Shades Freed,"Drama, Romance, Thriller"
2,tt4488840,Top Coat Cash,"Action, Crime, Drama"
0,tt4500922,Maze Runner: The Death Cure,"Action, Adventure, Sci-Fi"
0,tt4501268,The Last Mutineer,"Action, Adventure, Drama"
1,tt4503906,Pokémon the Movie: Hoopa and the Clash of Ages,"Animation, Action, Adventure"
2,tt4504044,The Prodigy,"Fantasy, Horror, Mystery"
2,tt4510398,4Got10,"Action, Crime, Thriller"
1,tt4511460,Aadu,"Action, Comedy"
1,tt4513674,Café Society,"Comedy, Drama, Romance"
3,tt4513678,Ghostbusters: Afterlife,"Adventure, Comedy, Fantasy"
1,tt4515698,League of Superheroes,"Action, Comedy, Fantasy"
2,tt4519400,Check Point,"Action, Thriller, War"
4,tt4520364,Morgan,"Action, Horror, Sci-Fi"
3,tt4520988,Frozen II,"Animation, Adventure, Comedy"
4,tt4530422,Overlord,"Action, Horror, Sci-Fi"
1,tt4532038,The War with Grandpa,"Comedy, Drama, Family"
0,tt4532826,Robin Hood,"Action, Adventure, Drama"
1,tt4534886,Making Out,"Comedy, Romance"
2,tt4539898,Blame,"Action, Crime, Drama"
4,tt4550098,Nocturnal Animals,"Drama, Thriller"
1,tt4550420,My Blind Brother,"Comedy, Drama, Romance"
0,tt4555426,Darkest Hour,"Biography, Drama, War"
1,tt4556662,Further Ed,"Comedy, Romance"
1,tt4556848,Barkhaa,"Drama, Romance"
3,tt4560008,This Beautiful Fantastic,"Comedy, Drama, Romance"
4,tt4560436,Mile 22,"Action, Thriller"
0,tt4566758,Mulan,"Action, Adventure, Drama"
0,tt4572514,Patriots Day,"Action, Crime, Drama"
2,tt4572700,Mother Krampus 2: Slay Ride,Horror
2,tt4574654,Beneath the Leaves,Thriller
3,tt4575576,Christopher Robin,"Adventure, Comedy, Drama"
1,tt4580550,The Witch Files,"Horror, Thriller"
2,tt4588594,The Body Tree,"Horror, Thriller"
0,tt4594834,Chi-Raq,"Comedy, Crime, Drama"
4,tt4595186,Luckiest Girl Alive,"Drama, Mystery, Thriller"
1,tt4600952,The Guardians,"Action, Adventure, Comedy"
2,tt4606498,Deadman Apocalypse,"Action, Adventure"
0,tt4610378,The Resistance Banker,"Biography, Drama, War"
1,tt4616348,The Rush Call,"Action, Drama"
3,tt4624424,Storks,"Animation, Adventure, Comedy"
0,tt4630562,The Fate of the Furious,"Action, Crime, Thriller"
4,tt4633690,Shot Caller,"Crime, Drama, Thriller"
3,tt4633694,Spider-Man: Into the Spider-Verse,"Animation, Action, Adventure"
0,tt4649466,Kingsman: The Golden Circle,"Action, Adventure, Comedy"
3,tt4652532,Enter the Warriors Gate,"Action, Adventure, Comedy"
2,tt4653586,The Drowning,"Drama, Thriller"
1,tt4655294,Run for Love,"Drama, Romance"
2,tt4666726,Christine,"Biography, Drama"
2,tt4671002,American Fable,Thriller
2,tt4677924,Woodshock,"Drama, Fantasy, Horror"
2,tt4680182,Colossal,"Comedy, Drama, Fantasy"
2,tt4682266,The New Mutants,"Action, Horror, Mystery"
2,tt4682786,Collateral Beauty,"Drama, Romance"
2,tt4682804,Lucy in the Sky,"Drama, Romance, Sci-Fi"
1,tt4685762,The Craft: Legacy,"Drama, Fantasy, Horror"
2,tt4685806,The Con is On,"Comedy, Crime"
4,tt4686844,The Death of Stalin,"Comedy, Drama, History"
2,tt4687464,Transpecos,Thriller
1,tt4691334,Eneida,Animation
4,tt4695012,It Comes at Night,"Drama, Horror, Mystery"
3,tt4698684,Hunt for the Wilderpeople,"Adventure, Comedy, Drama"
3,tt4701182,Bumblebee,"Action, Adventure, Sci-Fi"
3,tt4701660,The Mermaid,"Comedy, Drama, Fantasy"
1,tt4702568,The Bicycle,"Comedy, Drama, Romance"
2,tt4704862,The Abstraction,"Drama, Horror, Romance"
2,tt4711924,Monolith,"Drama, Thriller"
1,tt4714568,The Young Offenders,"Adventure, Comedy, Crime"
2,tt4717208,Cops and Robbers,"Action, Thriller"
3,tt4729430,Klaus,"Animation, Adventure, Comedy"
1,tt4731008,The Wild Life,"Animation, Adventure, Comedy"
4,tt4731136,A Cure for Wellness,"Drama, Fantasy, Horror"
1,tt4742556,Accidentally Engaged,Romance
1,tt4744086,Ki & Ka,"Comedy, Romance"
2,tt4765862,Kept Boy,"Comedy, Drama, Romance"
2,tt4768764,Veteran,"Action, Comedy, Crime"
0,tt4776998,The Promise,"Action, Adventure, Drama"
3,tt4777008,Maleficent: Mistress of Evil,"Adventure, Family, Fantasy"
0,tt4779682,The Meg,"Action, Horror, Sci-Fi"
2,tt4786282,Lights Out,"Horror, Mystery"
2,tt4789618,Still Here,"Crime, Drama, Thriller"
2,tt4795624,Jackson Bolt,Action
4,tt4798836,Bad Hair,"Comedy, Horror, Music"
1,tt4799066,Midnight Sun,"Drama, Romance"
2,tt4801456,After the Outbreak,"Horror, Sci-Fi"
1,tt4806012,Heroes Wanted,"Action, Comedy"
1,tt4820278,Monkey Up,"Comedy, Family, Fantasy"
1,tt4827420,Human Affairs,"Drama, Romance"
4,tt4836580,The Dwarves of Demrel,Fantasy
1,tt4837328,Online Binline,"Comedy, Romance"
4,tt4846232,Good Time,"Crime, Drama, Thriller"
3,tt4846340,Hidden Figures,"Biography, Drama, History"
0,tt4849438,Baahubali 2: The Conclusion,"Action, Drama"
0,tt4851640,The Final Master,"Action, Drama"
2,tt4856996,"Do Something, Jake","Crime, Drama, Thriller"
4,tt4857264,The Invisible Guest,"Crime, Drama, Mystery"
2,tt4865436,Hate Story 3,"Drama, Thriller"
2,tt4875652,Money Back Guarantee,"Drama, Thriller"
1,tt4877122,The Emoji Movie,"Animation, Adventure, Comedy"
1,tt4877488,The Dunning Man,"Comedy, Crime, Drama"
2,tt4879798,The Tunnel,Horror
0,tt4881806,Jurassic World: Fallen Kingdom,"Action, Adventure, Sci-Fi"
2,tt4894198,Death Pool,Thriller
0,tt4895628,Joaquim,"Biography, Drama, History"
2,tt4907976,The Things We've Seen,"Crime, Drama, Thriller"
1,tt4908742,The Garden's Keeper,"Action, Comedy, Sci-Fi"
1,tt4909730,The 30 Day Rule,Romance
1,tt4911940,Goodbye Berlin,"Comedy, Drama, Family"
0,tt4912910,Mission: Impossible - Fallout,"Action, Adventure, Thriller"
2,tt4913966,The Curse of La Llorona,"Horror, Mystery, Thriller"
0,tt4916630,Just Mercy,"Biography, Crime, Drama"
2,tt4923002,Skeletons in the Closet,"Horror, Thriller"
4,tt4935334,Southbound,Horror
4,tt4935418,Baskin,"Crime, Drama, Fantasy"
4,tt4954522,Raw,"Drama, Horror"
1,tt4963830,Antboy 3,"Adventure, Comedy, Family"
2,tt4966046,Awaken the Shadowman,"Horror, Thriller"
1,tt4970880,Once Upon a Time: The Rock Opera,"Adventure, Comedy, Fantasy"
2,tt4971346,Axis,"Drama, Thriller"
4,tt4972582,Split,"Horror, Thriller"
1,tt4977524,Dead Fred,"Comedy, Crime"
1,tt4991512,Tramps,"Adventure, Romance"
2,tt4992060,Compulsion,"Drama, Fantasy, Horror"
1,tt4997398,Bibi & Tina: Mädchen gegen Jungs,"Adventure, Comedy, Family"
4,tt4998632,Ambulance,"Action, Crime, Drama"
0,tt5013056,Dunkirk,"Action, Drama, History"
4,tt5013688,Shelley,"Drama, Horror, Mystery"
2,tt5015218,The Quantum Terror,"Horror, Sci-Fi"
4,tt5022702,Hush,"Horror, Thriller"
2,tt5024728,Like Cattle Towards Glow,"Drama, Sci-Fi"
4,tt5027774,"Three Billboards Outside Ebbing, Missouri","Comedy, Crime, Drama"
3,tt5028340,Mary Poppins Returns,"Adventure, Comedy, Family"
1,tt5029668,Paula,"Biography, Drama, History"
3,tt5029776,Rabbit School: Guardians of the Golden Egg,"Animation, Adventure, Comedy"
0,tt5033998,Charlie's Angels,"Action, Adventure, Comedy"
0,tt5034838,Godzilla vs. Kong,"Action, Sci-Fi, Thriller"
1,tt5039578,The Year of Spectacular Men,"Comedy, Drama, Romance"
2,tt5039860,Dalida,"Biography, Drama, Music"
2,tt5039994,Dismissed,"Drama, Horror, Thriller"
4,tt5040012,Nosferatu,"Drama, Fantasy, History"
2,tt5052298,Fatal Intuition,Thriller
1,tt5052424,LIVELove,"Comedy, Drama, Romance"
4,tt5052448,Get Out,"Horror, Mystery, Thriller"
4,tt5052474,Sicario: Day of the Soldado,"Action, Crime, Drama"
3,tt5074352,Dangal,"Action, Biography, Drama"
2,tt5078330,Parents,"Drama, Mystery"
1,tt5078656,Champion,"Drama, Family, Sport"
2,tt5080908,The Mare,"Horror, Mystery, Thriller"
0,tt5083738,The Favourite,"Biography, Comedy, Drama"
2,tt5086770,A Quiet Storm,"Crime, Drama, Family"
1,tt5089786,100 Meters,"Biography, Comedy, Drama"
0,tt5091014,Jasper Jones,"Drama, Mystery, Thriller"
2,tt5091530,M.F.A.,"Drama, Horror, Thriller"
0,tt5092380,A Breath Away,"Drama, Mystery, Sci-Fi"
0,tt5093026,Papillon,"Adventure, Biography, Crime"
1,tt5093668,Glorious,"Biography, Crime, Drama"
3,tt5095030,Ant-Man and the Wasp,"Action, Adventure, Comedy"
1,tt5096628,Paris 05:59: Théo & Hugo,"Drama, Romance"
1,tt5096846,The Boy Downstairs,"Comedy, Drama, Romance"
3,tt5104604,Isle of Dogs,"Animation, Adventure, Comedy"
4,tt5108870,Morbius,"Action, Adventure, Horror"
3,tt5109280,Raya and the Last Dragon,"Animation, Action, Adventure"
4,tt5109784,Mother!,"Drama, Horror, Mystery"
3,tt5113040,The Secret Life of Pets 2,"Animation, Adventure, Comedy"
3,tt5113044,Minions: The Rise of Gru,"Animation, Adventure, Comedy"
2,tt5113250,Warning Shot,Thriller
2,tt5116504,True to the Game,"Crime, Thriller"
2,tt5117372,Coyote Lake,"Crime, Drama, Thriller"
4,tt5140878,Annabelle: Creation,"Horror, Mystery, Thriller"
4,tt5144174,The Dry,"Crime, Drama, Mystery"
2,tt5147214,Headshot,"Action, Drama, Thriller"
1,tt5153236,Hampstead,"Comedy, Drama, Romance"
0,tt5157456,Viking,"Action, Drama, History"
2,tt5160954,The 5th Kind,"Horror, Mystery, Sci-Fi"
1,tt5164214,Ocean's Eight,"Action, Comedy, Crime"
3,tt5164432,"Love, Simon","Comedy, Drama, Romance"
2,tt5165344,Rustom,"Crime, Drama, Thriller"
1,tt5167966,One Week Friends,"Comedy, Drama, Romance"
4,tt5173032,Buster's Mal Heart,"Crime, Drama, Mystery"
4,tt5177088,The Girl in the Spider's Web,"Action, Crime, Drama"
0,tt5177120,The Ministry of Ungentlemanly Warfare,"Drama, War"
4,tt5186236,Afterimage,"Biography, Drama, History"
4,tt5186714,The Salesman,"Drama, Thriller"
2,tt5192674,Beach House,Thriller
1,tt5193790,Another Mother's Son,"Biography, Drama, War"
2,tt5195828,Dry Blood,Horror
3,tt5198068,Wolfwalkers,"Animation, Action, Adventure"
3,tt5206260,The Willoughbys,"Animation, Adventure, Comedy"
4,tt5215952,The Wailing,"Drama, Horror, Mystery"
1,tt5218346,Vampire Sisters 3: Journey to Transylvania,"Adventure, Family"
3,tt5220122,Hotel Transylvania 3: Summer Vacation,"Animation, Adventure, Comedy"
1,tt5227660,Utopians,"Comedy, Drama, Romance"
2,tt5227746,The Unthinkable,"Action, Romance, Sci-Fi"
2,tt5246700,How It Ends,"Action, Drama, Horror"
1,tt5247022,Paterson,"Comedy, Drama, Romance"
2,tt5247776,Return to Montauk,"Drama, Romance"
1,tt5252606,Badass Monster Killer,"Action, Comedy, Horror"
0,tt5254610,Final Score,"Action, Drama, Thriller"
2,tt5254886,uk18,"Drama, Horror, Thriller"
2,tt5255524,Traded,"Action, Western"
1,tt5259966,No manches Frida,"Comedy, Romance"
1,tt5261644,Aozora êru,"Drama, Family, Romance"
4,tt5265960,The Untamed,"Drama, Horror, Mystery"
0,tt5287168,Sami Blood,"Drama, History"
0,tt5294550,All the Money in the World,"Biography, Crime, Drama"
1,tt5302918,Nyad,"Biography, Drama, Sport"
2,tt5308322,Happy Death Day,"Comedy, Horror, Mystery"
3,tt5311514,Your Name.,"Animation, Drama, Fantasy"
1,tt5314190,Sgt. Stubby: An American Hero,"Animation, Adventure, Family"
0,tt5323662,A Silent Voice: The Movie,"Animation, Drama"
1,tt5336112,Kopy Kings,"Comedy, Romance"
2,tt5338852,More Strange Than True,"Comedy, Fantasy"
0,tt5340300,Lean on Pete,"Adventure, Drama, Sport"
1,tt5340626,The Trade,"Action, Biography, Drama"
4,tt5343008,Amandla,"Crime, Drama"
2,tt5344794,Sniper: Special Ops,"Action, Drama, War"
1,tt5351044,Offline: Are You Ready for the Next Level?,"Adventure, Comedy"
0,tt5360996,Mary Magdalene,"Biography, Drama, History"
2,tt5362940,Eternal Beauty,"Comedy, Drama, Romance"
4,tt5362988,Wind River,"Crime, Drama, Mystery"
3,tt5378092,The Stolen Princess,"Animation, Comedy, Family"
4,tt5390504,Detroit,"Crime, Drama, History"
2,tt5402714,Here After,Horror
1,tt5420210,The Comeback Trail,"Comedy, Crime"
0,tt5431284,Saint Judy,"Biography, Drama"
4,tt5432712,Cinderella the Cat,"Animation, Crime, Drama"
0,tt5433138,F9: The Fast Saga,"Action, Crime, Thriller"
1,tt5439796,Logan Lucky,"Action, Comedy, Crime"
4,tt5442430,Life,"Horror, Sci-Fi, Thriller"
0,tt5448246,The Flower of Aleppo,"Action, Drama, War"
2,tt5451244,The Motive,"Comedy, Crime, Drama"
1,tt5456546,Judwaa 2,"Action, Comedy"
1,tt5460114,Love Isn't Enough,"Drama, Fantasy, Romance"
4,tt5461944,Hotel Mumbai,"Action, Drama, History"
3,tt5462602,The Big Sick,"Comedy, Drama, Romance"
0,tt5463162,Deadpool 2,"Action, Adventure, Comedy"
4,tt5466186,7 Days in Entebbe,"Action, Drama, History"
1,tt5471472,The Brawler,"Biography, Crime, Drama"
1,tt5474042,Half Girlfriend,"Drama, Romance"
2,tt5478746,7 Deadly Sins,Horror
2,tt5480782,Good Manners,"Fantasy, Horror"
1,tt5483634,Girls' Generation,"Comedy, Romance"
2,tt5488974,Spree,"Crime, Horror"
4,tt5495040,Don't Tell,"Biography, Crime, Drama"
0,tt5503686,Hustlers,"Comedy, Crime, Drama"
0,tt5519340,Bright,"Action, Fantasy, Thriller"
2,tt5533938,Cult Girls,Horror
2,tt5539054,You Get Me,"Crime, Drama, Romance"
3,tt5541002,Pachamama,"Animation, Adventure, Family"
0,tt5544384,Sword Art Online the Movie: Ordinal Scale,"Animation, Action, Adventure"
2,tt5554998,Egomaniac,"Comedy, Horror"
1,tt5556054,Four Kids and It,"Family, Fantasy"
1,tt5564932,Moss,"Adventure, Drama, Romance"
1,tt5578150,Amanda & Jack Go Glamping,"Comedy, Drama, Romance"
2,tt5579356,Dogged,Horror
0,tt5580036,"I, Tonya","Biography, Comedy, Drama"
0,tt5580390,The Shape of Water,"Drama, Fantasy, Romance"
1,tt5580392,Amateur,"Drama, Sport"
4,tt5584732,Cold Hell,"Action, Crime, Thriller"
1,tt5592228,Northern Lights,"Drama, Romance"
2,tt5592796,Driven,"Biography, Comedy, Crime"
2,tt5606268,Mimosas,"Adventure, Drama, Western"
4,tt5606664,Doctor Sleep,"Drama, Fantasy, Horror"
4,tt5618752,A Gentle Creature,"Drama, Mystery"
2,tt5622770,Blessed Are the Children,"Drama, Horror, Thriller"
4,tt5628302,Beast,"Crime, Drama, Mystery"
2,tt5629524,Beyond the Edge,"Action, Adventure, Fantasy"
2,tt5629964,The Midnight Man,"Fantasy, Horror, Mystery"
2,tt5632272,Unfallen,"Action, Adventure, War"
2,tt5633396,4 Deung,"Drama, Sport"
4,tt5638642,The Ritual,"Horror, Mystery, Thriller"
1,tt5639720,Preobrazhenie,"Drama, Fantasy"
2,tt5640126,Transhuman,Horror
4,tt5640450,ARQ,"Action, Sci-Fi, Thriller"
4,tt5657856,Brawl in Cell Block 99,"Action, Crime, Drama"
1,tt5658296,Sperm Whale 2,"Comedy, Drama, Music"
2,tt5659250,Arvand,"Action, Drama, War"
2,tt5667516,Black Site Delta,"Action, Thriller"
2,tt5670152,Traffik,"Action, Thriller"
0,tt5671298,Asura,"Action, Fantasy, Romance"
3,tt5672048,Your Lie in April,"Drama, Music, Romance"
2,tt5679554,Coffin 2,"Crime, Horror, Thriller"
4,tt5687236,Blood Will Tell,"Drama, Mystery, Thriller"
2,tt5688068,Above Suspicion,"Action, Biography, Crime"
2,tt5688868,Primal Rage,"Action, Adventure, Horror"
0,tt5688932,Sorry to Bother You,"Comedy, Drama, Fantasy"
1,tt5691024,Show Dogs,"Adventure, Comedy, Crime"
0,tt5693136,The Giant,"Drama, History"
1,tt5699154,C'est la vie!,"Comedy, Drama, Romance"
4,tt5700672,Train to Busan,"Action, Horror, Thriller"
2,tt5708420,Breaking Spirits,"Horror, Thriller"
2,tt5710514,I Don't Feel at Home in This World Anymore,"Comedy, Crime, Drama"
1,tt5711148,Film Stars Don't Die in Liverpool,"Biography, Drama, Romance"
1,tt5713498,The Gangster's Daughter,"Crime, Drama"
3,tt5714470,Come Away,"Adventure, Drama, Fantasy"
3,tt5715410,Son of Bigfoot,"Animation, Adventure, Comedy"
4,tt5715874,The Killing of a Sacred Deer,"Drama, Horror, Mystery"
4,tt5719748,Cold Pursuit,"Action, Comedy, Crime"
4,tt5723286,Wheelman,"Action, Crime, Thriller"
2,tt5726086,Insidious: The Last Key,"Horror, Mystery, Thriller"
3,tt5726616,Call Me by Your Name,"Drama, Romance"
4,tt5727208,Uncut Gems,"Crime, Drama, Thriller"
2,tt5736592,Sam Was Here,"Horror, Mystery, Thriller"
2,tt5737582,Midnighters,"Drama, Thriller"
1,tt5739478,Heritage Falls,"Comedy, Drama, Family"
4,tt5742374,You Were Never Really Here,"Crime, Drama"
4,tt5742712,Sunset on the River Styx,"Horror, Sci-Fi, Thriller"
1,tt5749956,Voor elkaar gemaakt,"Comedy, Romance"
1,tt5757556,A Unicorn for Christmas,"Drama, Family, Fantasy"
0,tt5758778,Skyscraper,"Action, Adventure, Thriller"
2,tt5768458,The Watchers: The Beginning of Sorrows,"Drama, Horror"
4,tt5774060,Underwater,"Action, Horror, Sci-Fi"
1,tt5774062,Spontaneous,"Comedy, Drama, Horror"
2,tt5776736,Loki 7,"Action, Comedy, Crime"
0,tt5776858,Phantom Thread,"Drama, Romance"
2,tt5776928,Seaside,"Drama, Thriller"
4,tt5795086,Gemini,"Crime, Drama, Mystery"
0,tt5796838,Roxanne Roxanne,"Biography, Drama, Music"
2,tt5801522,Into the Outbreak,"Horror, Sci-Fi"
3,tt5805470,Gintama Live Action the Movie,"Action, Adventure, Comedy"
2,tt5813916,The Mountain II,"Action, Drama, War"
4,tt5814060,The Nun,"Horror, Mystery, Thriller"
3,tt5814534,Spies in Disguise,"Animation, Action, Adventure"
3,tt5822536,Paddington 3,"Animation, Adventure, Comedy"
0,tt5822564,The Kitchen,"Action, Crime, Drama"
0,tt5827916,A Hidden Life,"Biography, Drama, Romance"
0,tt5832544,Gautamiputra Satakarni,"Action, History"
0,tt5834426,Moonfall,"Action, Adventure, Sci-Fi"
2,tt5834854,Mary,"Horror, Mystery"
2,tt5839426,Plank Face,Horror
3,tt5848272,Ralph Breaks the Internet,"Animation, Adventure, Comedy"
2,tt5869224,The White Devil,"Drama, Horror, Thriller"
2,tt5873100,Created Equal,"Drama, Thriller"
4,tt5874116,Limbo,Horror
3,tt5882416,Kartini: Princess of Java,"Biography, Drama, Family"
1,tt5883632,Esteros,"Drama, Romance"
3,tt5884052,Pokémon: Detective Pikachu,"Action, Adventure, Comedy"
4,tt5886046,Escape Room,"Action, Adventure, Horror"
3,tt5889372,Odd Squad: The Movie,"Action, Adventure, Comedy"
2,tt5891062,The Brain That Wouldn't Die,"Comedy, Horror, Sci-Fi"
1,tt5894778,Louise by the Shore,"Animation, Drama"
2,tt5904182,Ana by Day,"Comedy, Drama, Thriller"
4,tt5913798,Wounds,"Drama, Horror, Mystery"
1,tt5915304,How to Be Yours,Romance
4,tt5918074,A Death in the Gunj,"Drama, Thriller"
2,tt5929810,Rivershine,Horror
2,tt5932800,Broken,"Crime, Drama"
4,tt5941692,Miss Bala,"Action, Crime, Drama"
1,tt5946852,Janatha Garage,"Action, Crime, Drama"
1,tt5950044,Superman: Legacy,"Action, Adventure, Fantasy"
1,tt5954304,The Dragon Spell,"Animation, Adventure, Comedy"
1,tt5955112,Okafor's Law,"Comedy, Drama, Romance"
0,tt5956100,Tiger Lives,"Action, Adventure, Thriller"
4,tt5957584,Girl in the Box,"Crime, Drama"
2,tt5959698,La tutora,"Drama, Fantasy, Mystery"
4,tt5969696,The Battleship Island,"Action, Drama, History"
1,tt5974030,The Jesus Rolls,"Comedy, Crime, Drama"
1,tt5980232,Kaashmora,"Action, Comedy, Fantasy"
1,tt5991206,The Wedding Plan,"Comedy, Romance"
2,tt5992138,The Game Changer,Action
2,tt5994166,At First Light,"Drama, Sci-Fi, Thriller"
1,tt5997666,Jab Harry Met Sejal,"Comedy, Drama, Romance"
2,tt6013886,Rare Blood,"Drama, Thriller"
2,tt6013892,I Am Truly a Drop of Sun on Earth,"Drama, Romance"
4,tt6015328,Chasing the Dragon,"Action, Biography, Crime"
2,tt6020800,Gold,"Action, Adventure, Thriller"
2,tt6023386,All Light Will End,"Horror, Mystery"
2,tt6027478,Dhruva,"Action, Crime, Thriller"
2,tt6046314,Bel Canto,"Drama, Music, Romance"
2,tt6047974,Lupin the Third: Goemon's Blood Spray,"Animation, Action, Adventure"
1,tt6048582,The Falls: Covenant of Grace,"Drama, Romance"
0,tt6048922,Greyhound,"Action, Drama, History"
1,tt6051394,Bitch Lover,"Drama, Romance"
4,tt6053438,First Reformed,"Drama, Mystery, Thriller"
1,tt6053440,Princess Cyd,"Drama, Romance"
1,tt6055082,My Pet Dinosaur,"Action, Adventure, Family"
4,tt6062774,Monos,"Adventure, Drama, Thriller"
2,tt6074542,Friend of the World,"Comedy, Horror, Sci-Fi"
2,tt6079652,Brides of Satan,Horror
2,tt6079772,The Protégé,"Action, Thriller"
1,tt6085676,The Spirits,"Drama, Fantasy, Mystery"
4,tt6087226,Coma,"Action, Adventure, Mystery"
2,tt6087426,Still/Born,"Horror, Thriller"
3,tt6105098,The Lion King,"Animation, Adventure, Drama"
4,tt6111574,The Woman in the Window,"Crime, Drama, Mystery"
2,tt6112836,Have You Seen My Movie?,"Adventure, Comedy, Romance"
1,tt6119504,#Realityhigh,"Comedy, Drama, Romance"
2,tt6121444,"Mektoub, My Love: Canto Uno","Comedy, Romance"
2,tt6126492,Mother Krampus,Horror
1,tt6129730,Our Love Story,"Drama, Romance"
4,tt6133466,The First Purge,"Action, Horror, Sci-Fi"
2,tt6137494,Girl Followed,Thriller
4,tt6138228,Downrange,"Action, Horror, Thriller"
3,tt6139732,Aladdin,"Adventure, Comedy, Family"
0,tt6141246,The Aeronauts,"Action, Adventure, Drama"
0,tt6146586,John Wick: Chapter 3 - Parabellum,"Action, Crime, Thriller"
4,tt6148156,Vikram Vedha,"Action, Crime, Drama"
1,tt6150962,Song of Back and Neck,"Comedy, Romance"
2,tt6156656,Astro,"Action, Mystery, Sci-Fi"
0,tt6157294,Between Two Waters,"Adventure, Drama"
1,tt6159660,Travels with a Donkey in the Cevennes,"Adventure, Biography"
3,tt6173990,Gold,"Drama, History, Sport"
1,tt6175078,Luck-Key,"Action, Comedy, Crime"
2,tt6179746,The Gateway,Sci-Fi
2,tt6182054,House of Evil,Horror
2,tt6183834,Carbon,"Crime, Thriller"
0,tt6189022,Angel Has Fallen,"Action, Thriller"
1,tt6201302,Santa Fake,"Adventure, Family, Romance"
2,tt6203324,Killing Diaz,"Comedy, Crime, Sci-Fi"
4,tt6214468,The Russian Bride,"Horror, Thriller"
4,tt6214928,1922,"Crime, Drama, Horror"
2,tt6215044,Oceans Rising,"Action, Adventure, Drama"
2,tt6215446,Ghost Light,"Comedy, Horror"
1,tt6218548,Happy Dorm,"Comedy, Romance"
2,tt6222286,Perfect,"Horror, Mystery, Sci-Fi"
2,tt6228672,Immortality,"Drama, Family"
2,tt6231824,Devil's Cove,Thriller
2,tt6236762,Anonymous Zombie,"Comedy, Horror"
2,tt6237268,Ride,Thriller
2,tt6243370,The Demented,"Horror, Mystery, Thriller"
4,tt6246322,Don't Breathe 2,"Action, Crime, Horror"
2,tt6247936,Django,"Biography, Drama, Music"
1,tt6251390,Under the Eiffel Tower,"Comedy, Romance"
2,tt6255230,Clown Motel: Spirits Arise,Horror
3,tt6264654,Free Guy,"Action, Adventure, Comedy"
2,tt6265828,A Ghost Story,"Drama, Fantasy, Romance"
0,tt6266538,Vice,"Biography, Comedy, Drama"
2,tt6268812,In My Room,"Drama, Sci-Fi"
0,tt6277462,Brahmastra Part One: Shiva,"Action, Adventure, Fantasy"
4,tt6292852,I Am Mother,"Drama, Mystery, Sci-Fi"
0,tt6294822,The Post,"Biography, Drama, History"
1,tt6296236,Running Shaadi,"Comedy, Romance"
2,tt6302006,Misbehavior,"Drama, Romance, Thriller"
2,tt6304610,Long Night in a Dead City,"Horror, Mystery"
3,tt6314690,Les as de la jungle,"Animation, Adventure, Comedy"
3,tt6317656,Penguin Bloom,"Biography, Drama"
0,tt6320628,Spider-Man: Far from Home,"Action, Adventure, Comedy"
2,tt6322902,Haunted,"Crime, Drama, Horror"
2,tt6323264,Psychotic!,"Horror, Mystery"
0,tt6334354,The Suicide Squad,"Action, Adventure, Comedy"
1,tt6338856,R.A.D.A.R,"Adventure, Family"
2,tt6341108,Intrigo: Samaria,"Crime, Drama, Mystery"
3,tt6343314,Creed II,"Action, Drama, Sport"
2,tt6353716,The Frozen Front,War
2,tt6359082,Werewolves of the Third Reich,"Action, Adventure, Horror"
3,tt6365796,The Grizzlies,"Biography, Drama, Sport"
4,tt6367558,Double Lover,"Drama, Romance, Thriller"
2,tt6385680,I Am Mortal,"Drama, Sci-Fi"
1,tt6385860,Space People 2,"Comedy, Sci-Fi"
0,tt6394270,Bombshell,"Biography, Drama"
2,tt6395680,Covenant,"Horror, Thriller"
1,tt6401004,Dead Shack,"Action, Comedy, Horror"
0,tt6409416,The Elder One,"Action, Crime, Drama"
2,tt6409762,Big Legend,"Action, Adventure, Horror"
2,tt6412452,The Ballad of Buster Scruggs,"Comedy, Drama, Musical"
1,tt6417984,Chhota Bheem Krishna vs Zimbara,Animation
0,tt6418778,Fast Color,"Drama, Sci-Fi, Thriller"
1,tt6424768,Lino,"Animation, Adventure, Comedy"
2,tt6425474,Paris Window,"Comedy, Thriller"
3,tt6435164,My Love Affair with Marriage,"Animation, Comedy, Drama"
4,tt6436726,7500,"Action, Drama, Thriller"
3,tt6442766,Chhota Bheem the Crown of Valhalla,Animation
1,tt6443294,Blaze,"Biography, Drama, Music"
0,tt6443346,Black Adam,"Action, Adventure, Fantasy"
0,tt6450804,Terminator: Dark Fate,"Action, Adventure, Sci-Fi"
2,tt6456326,Monsters of Man,"Action, Sci-Fi, Thriller"
2,tt6456384,Messenger of Wrath,"Horror, Thriller"
1,tt6460276,My Daddy's in Heaven,"Comedy, Drama, Family"
2,tt6464678,Housewife,"Horror, Thriller"
3,tt6467266,Sing 2,"Animation, Adventure, Comedy"
1,tt6472976,Five Feet Apart,"Drama, Romance"
0,tt6475714,Monster Hunter,"Action, Adventure, Fantasy"
3,tt6489160,Harvie and the Magic Museum,"Animation, Adventure, Comedy"
3,tt6494344,A Wizard's Tale,"Animation, Adventure, Comedy"
3,tt6495056,Migration,"Animation, Adventure, Comedy"
1,tt6495094,Little Women,"Drama, Family"
4,tt6499752,Upgrade,"Action, Sci-Fi, Thriller"
1,tt6502956,Yucatán,"Adventure, Comedy, Romance"
1,tt6512428,Indivisible,"Drama, War"
3,tt6513120,Fighting with My Family,"Biography, Comedy, Drama"
0,tt6515470,Rey,"Biography, Drama, Fantasy"
2,tt6522546,Spyder,"Action, Crime, Thriller"
1,tt6529772,Never Heard,"Drama, Family"
4,tt6533240,Night Hunter,"Action, Thriller"
1,tt6542108,Patrick the Pug,"Comedy, Family, Romance"
1,tt6543070,The Rise of Kirmada,Animation
2,tt6554976,Montrak,"Action, Fantasy, Horror"
2,tt6559408,Tracks in the Snowy Forest,"Action, Adventure, Drama"
0,tt6565702,X-Men: Dark Phoenix,"Action, Adventure, Sci-Fi"
2,tt6566576,Fear Street: Part One - 1994,"Drama, Horror, Mystery"
4,tt6571548,The White Tiger,"Crime, Drama"
2,tt6576144,Mask of Thorn,Horror
3,tt6587046,How Do You Live?,"Animation, Adventure, Drama"
3,tt6587640,Trolls World Tour,"Animation, Adventure, Comedy"
2,tt6599340,Bluebeard,Thriller
0,tt6604188,Tron: Ares,"Action, Adventure, Sci-Fi"
2,tt6613958,The Bygone,"Crime, Drama, Mystery"
2,tt6621768,9 Ways to Hell,"Comedy, Drama, Horror"
4,tt6622902,The Blood of Wolves,"Crime, Drama"
4,tt6628394,Bad Times at the El Royale,"Crime, Drama, Mystery"
2,tt6628462,Wintertide,Horror
2,tt6643972,Triple Threat,"Action, Thriller"
0,tt6644200,A Quiet Place,"Drama, Horror, Sci-Fi"
4,tt6648404,Mon Mon Mon Monsters,"Comedy, Drama, Horror"
1,tt6663582,The Spy Who Dumped Me,"Action, Adventure, Comedy"
4,tt6671772,Run,"Crime, Thriller"
1,tt6672584,Christmas in July,Family
3,tt6673612,Dolittle,"Adventure, Comedy, Family"
4,tt6675244,Transit,"Drama, Sci-Fi"
2,tt6678124,Vandits,"Comedy, Crime, Thriller"
0,tt6679794,Outlaw King,"Action, Biography, Drama"
2,tt6680730,Street Lights,"Crime, Thriller"
2,tt6684714,Acts of Violence,"Action, Crime, Thriller"
1,tt6688022,After Everything,"Comedy, Drama, Romance"
2,tt6688304,Killer Night Shift,"Horror, Thriller"
3,tt6688324,Benjamin the Elephant (2020),"Comedy, Family"
2,tt6696280,Evil Under the Skin,Horror
2,tt6699860,Solo,"Adventure, Biography, Drama"
2,tt6703652,Demoniac,"Comedy, Horror"
0,tt6704880,Girls of the Sun,"Drama, War"
0,tt6710474,Everything Everywhere All at Once,"Action, Adventure, Comedy"
1,tt6712330,My Fairy Tail Love Story,"Fantasy, Romance"
1,tt6714544,Luc Van Tien: Tuyet Dinh Kungfu,"Action, Comedy"
1,tt6720438,Emerson Heights,"Drama, Romance"
0,tt6723592,Tenet,"Action, Sci-Fi, Thriller"
3,tt6741368,"Remi, Nobody's Boy","Adventure, Drama, Family"
2,tt6749318,Speed Kills,"Action, Crime, Drama"
4,tt6751668,Parasite,"Drama, Thriller"
4,tt6754750,The Sleep Curse,Horror
1,tt6771444,Peppa Pig: My First Cinema Experience,"Animation, Action, Adventure"
2,tt6772804,Escape Plan: The Extractors,"Action, Crime, Thriller"
4,tt6776572,Beauty and the Dogs,"Crime, Drama, Thriller"
0,tt6785292,Marona's Fantastic Tale,"Animation, Drama, Family"
4,tt6792282,A Twelve-Year Night,"Adventure, Biography, Crime"
2,tt6792478,The Baby Stealer,Thriller
4,tt6793280,The Devil's Doorway,Horror
0,tt6802896,A Ciambra,"Crime, Drama"
3,tt6806448,Fast & Furious Presents: Hobbs & Shaw,"Action, Adventure, Thriller"
2,tt6816652,Kontakti,"Crime, Drama"
0,tt6820256,Arctic,"Adventure, Drama"
4,tt6823368,Glass,"Drama, Horror, Sci-Fi"
0,tt6836936,Saaho,"Action, Thriller"
4,tt6850820,Peppermint,"Action, Thriller"
0,tt6856242,The King's Man,"Action, Adventure, Thriller"
4,tt6857112,Us,"Horror, Mystery, Thriller"
0,tt6869538,Detective Dee: The Four Heavenly Kings,"Action, Adventure, Drama"
2,tt6874488,A Heart of Love,"Biography, Drama, Romance"
0,tt6878306,News of the World,"Action, Adventure, Drama"
1,tt6893370,My Little Monster,"Comedy, Drama, Romance"
2,tt6895284,Itsy Bitsy,"Fantasy, Horror, Mystery"
2,tt6902676,Guns Akimbo,"Action, Comedy, Crime"
2,tt6906214,Zombie Wars,Horror
4,tt6908274,Mirage,"Drama, Fantasy, Mystery"
3,tt6911608,Mamma Mia! Here We Go Again,"Comedy, Musical, Romance"
2,tt6921496,A Bluebird in My Heart,"Drama, Thriller"
1,tt6921996,Johnny English Strikes Again,"Action, Adventure, Comedy"
0,tt6924650,Midway,"Action, Drama, History"
0,tt6929642,Kaala,"Action, Drama"
3,tt6941654,Hanuman Da' Damdaar,"Animation, Family"
3,tt6966692,Green Book,"Biography, Comedy, Drama"
1,tt6977338,Good Boys,"Adventure, Comedy"
4,tt6998518,Mandy,"Action, Fantasy, Horror"
2,tt7014234,The Iron Orchard,"Drama, History, Romance"
1,tt7014356,Anastasia: Once Upon a Time,"Adventure, Family, Fantasy"
2,tt7034992,I Want to Know Your Parents,"Drama, Mystery"
1,tt7038762,Best. Christmas. Ever.,"Comedy, Romance"
2,tt7039000,American Nightmares,"Comedy, Horror"
4,tt7040874,A Simple Favor,"Comedy, Crime, Mystery"
4,tt7043012,Velvet Buzzsaw,"Horror, Mystery, Thriller"
2,tt7044076,The Cleaning Lady,"Horror, Thriller"
4,tt7058612,Kasane,"Action, Drama, Fantasy"
3,tt7058854,Haikara-San: Here Comes Miss Modern,"Animation, Comedy, Drama"
4,tt7069210,The Conjuring: The Devil Made Me Do It,"Horror, Mystery, Thriller"
2,tt7087210,Donnybrook,"Action, Drama, Thriller"
3,tt7089878,Liz and the Blue Bird,"Animation, Drama, Fantasy"
2,tt7097896,Venom: Let There Be Carnage,"Action, Sci-Fi, Thriller"
0,tt7098658,Raazi,"Action, Drama, Thriller"
2,tt7098662,Stranger in the Night,Thriller
1,tt7105944,There's No Place Like Home,"Comedy, Drama, Romance"
2,tt7106686,Forgotten Experiment,"Adventure, Sci-Fi, Thriller"
1,tt7117870,Love Action Drama,"Comedy, Romance"
1,tt7120532,Il colore nascosto delle cose,"Drama, Romance"
4,tt7121252,On My Skin: The Last Seven Days of Stefano Cucchi,"Biography, Drama"
0,tt7125774,Balloon,"Drama, History, Thriller"
3,tt7126948,Wonder Woman 1984,"Action, Adventure, Fantasy"
4,tt7134096,The Rhythm Section,"Action, Drama, Mystery"
4,tt7137380,Destroyer,"Action, Crime, Drama"
2,tt7138894,Against the Night,"Horror, Mystery, Thriller"
1,tt7142506,Sir,"Drama, Romance"
4,tt7144666,The Black Phone,"Horror, Thriller"
3,tt7146812,Onward,"Animation, Adventure, Comedy"
2,tt7155170,Liverleaf,Horror
2,tt7164422,The Espadrillo Fortune,Adventure
1,tt7171442,Evacuate from the 21st Century,"Action, Adventure"
0,tt7185492,The Founding of an Army,"Action, Drama, History"
2,tt7186092,"Nico, 1988","Biography, Drama, Music"
1,tt7188014,PawParazzi,Family
1,tt7200946,"Oh, Ramona!","Comedy, Romance"
1,tt7207726,Kayak to Klemtu,"Adventure, Family"
4,tt7210252,"Last Winter, We Parted","Crime, Drama, Mystery"
2,tt7214470,Haunted Hospital,"Horror, Mystery, Thriller"
2,tt7224520,Ever After,"Fantasy, Horror, Romance"
1,tt7236034,I Want to Eat Your Pancreas,"Animation, Drama, Family"
1,tt7255568,Student of the Year 2,"Action, Comedy, Drama"
1,tt7278838,Inner Beauty,Romance
2,tt7280218,Carmilla,"Drama, Fantasy, Romance"
2,tt7280786,Tik Tik Tik,"Action, Adventure, Sci-Fi"
4,tt7282468,Burning,"Drama, Mystery, Thriller"
4,tt7286456,Joker,"Crime, Drama, Thriller"
2,tt7295450,Between Worlds,"Fantasy, Thriller"
1,tt7317310,Juice,"Biography, Drama, Music"
4,tt7329656,47 Meters Down: Uncaged,"Adventure, Drama, Horror"
0,tt7349662,BlacKkKlansman,"Biography, Comedy, Crime"
4,tt7349950,It Chapter Two,"Drama, Fantasy, Horror"
2,tt7358598,Let Me Fall,"Biography, Crime, Drama"
2,tt7362370,Blood Bags,Horror
1,tt7367960,Checkered Ninja,"Animation, Action, Adventure"
2,tt7368668,Eter,"Drama, History, Thriller"
0,tt7388562,"Paul, Apostle of Christ","Adventure, Biography, Drama"
2,tt7391958,The Lost Footage of Leah Sullivan,"Crime, Horror, Mystery"
4,tt7394674,Blood Quantum,"Drama, Horror"
4,tt7395114,The Devil All the Time,"Crime, Drama, Thriller"
1,tt7398642,Sonja: The White Swan,"Biography, Drama, History"
1,tt7424930,The Adventures of Jurassic Pet,"Adventure, Family"
2,tt7449376,One Remains,Horror
0,tt7451284,Batman Ninja,"Animation, Action, Sci-Fi"
4,tt7456310,Anna,"Action, Thriller"
1,tt7460806,The Festival,"Comedy, Music, Romance"
4,tt7464188,In Fabric,"Comedy, Drama, Fantasy"
3,tt7466442,The Bob's Burgers Movie,"Animation, Adventure, Comedy"
2,tt7468056,Beomjoidosi,"Action, Crime, Thriller"
1,tt7476116,Le grand bain,"Comedy, Drama, Sport"
4,tt7476946,River's Edge,"Crime, Drama"
2,tt7477126,Darwins Law,Action
2,tt7478674,Borderline,"Biography, Drama, Romance"
3,tt7485048,Super 30,"Biography, Drama"
3,tt7493184,New Money,"Drama, Fantasy"
1,tt7493806,Lenses on Her Heart,"Comedy, Drama, Romance"
3,tt7510222,Despicable Me 4,"Animation, Adventure, Comedy"
2,tt7521772,24 Hour Psycho,Horror
2,tt7522868,Shatter,Thriller
1,tt7524414,Beats,"Comedy, Crime, Drama"
1,tt7525778,The Package,"Comedy, Thriller"
1,tt7531096,StarDog and TurboCat,"Animation, Comedy, Family"
2,tt7534068,The Trouble with You,"Comedy, Crime, Drama"
2,tt7538958,Animal,"Drama, Thriller"
1,tt7547158,Ghost Squad,"Action, Horror"
2,tt7549644,Maniac Farmer,"Comedy, Horror, Thriller"
2,tt7549892,Terrified,Horror
1,tt7549996,Judy,"Biography, Drama, Music"
0,tt7550000,Project Power,"Action, Crime, Sci-Fi"
0,tt7556122,The Old Guard,"Action, Thriller"
2,tt7556502,A Brixton Tale,"Drama, Romance, Thriller"
4,tt7557108,Saint Maud,"Drama, Horror, Mystery"
2,tt7558302,Lying and Stealing,"Crime, Drama, Thriller"
1,tt7575660,Fishtales 3,Animation
2,tt7587876,Hope Gap,"Drama, Romance"
2,tt7608380,Straight Edge Kegger,"Horror, Thriller"
2,tt7611352,Alive,"Horror, Thriller"
2,tt7615052,Daughter of the Wolf,"Action, Thriller"
2,tt7631786,Charlotte,Horror
0,tt7638348,Boss Level,"Action, Adventure, Comedy"
1,tt7639502,Relish,"Adventure, Comedy, Drama"
0,tt7653254,Marriage Story,"Drama, Romance"
4,tt7657566,Death on the Nile,"Crime, Drama, Mystery"
4,tt7668870,Searching,"Drama, Horror, Mystery"
4,tt7672068,Why Don't You Just Die!,"Comedy, Drama, Thriller"
0,tt7693316,Devotion,"Action, Drama, War"
2,tt7709804,A Child's Voice,"Drama, Horror, Mystery"
0,tt7713068,Birds of Prey,"Action, Comedy, Crime"
2,tt7715202,Sarkar,"Action, Drama"
2,tt7715270,Adoration,"Drama, Thriller"
2,tt7720142,Assassin Club,"Action, Thriller"
1,tt7726074,Ambi Ning Vysaitho,"Action, Drama, Romance"
4,tt7736478,The Traitor,"Biography, Crime, Drama"
4,tt7737528,Kate,"Action, Adventure, Crime"
2,tt7737656,Blood Craft,"Horror, Thriller"
2,tt7737786,Greenland,"Action, Thriller"
4,tt7740496,Nightmare Alley,"Crime, Drama, Thriller"
3,tt7745068,My Hero Academia: Two Heroes,"Animation, Action, Adventure"
4,tt7752126,Brightburn,"Drama, Horror, Mystery"
1,tt7756084,The Farmer and the Belle: Saving Santaland,"Comedy, Family, Romance"
2,tt7757688,Tall Tales,"Drama, Romance, Thriller"
2,tt7765778,American Wisper,"Crime, Thriller"
4,tt7784604,Hereditary,"Drama, Horror, Mystery"
1,tt7787524,Henry Danger: The Movie,"Action, Adventure, Comedy"
4,tt7798634,Ready or Not,"Action, Comedy, Horror"
2,tt7801350,Clover,"Comedy, Crime, Thriller"
1,tt7806572,Jugando a Bailar,"Comedy, Sport"
2,tt7817234,The Stream,Horror
1,tt7820614,A Christmas Carol,Fantasy
2,tt7831530,Christmas at the Royal Hotel,"Drama, History, War"
0,tt7838252,K.G.F: Chapter 1,"Action, Crime, Drama"
1,tt7843946,Dilan 1990,"Drama, Romance"
2,tt7844166,The Scythian,"Action, Drama, Fantasy"
3,tt7846844,Enola Holmes,"Action, Adventure, Crime"
1,tt7853242,Love Per Square Foot,"Comedy, Romance"
1,tt7863198,I Am Losing Weight,"Comedy, Drama, Romance"
2,tt7867076,Aapla Manus,"Drama, Thriller"
2,tt7867360,Abduction,"Action, Horror, Sci-Fi"
2,tt7884368,Destroy All Neighbors,"Comedy, Horror"
1,tt7885874,Cemara's Family,"Drama, Family"
1,tt7886936,Dating Amber,"Comedy, Drama, Romance"
0,tt7888964,Nobody,"Action, Crime, Drama"
3,tt7892450,Magic Arch 3D,"Animation, Family, Fantasy"
2,tt7935892,The Oscar Nominated Short Films 2018: Live Action,"Action, Drama"
2,tt7937254,Silk Road,"Crime, Drama, Thriller"
2,tt7937262,One Last Chance,Thriller
4,tt7939766,I'm Thinking of Ending Things,"Drama, Thriller"
2,tt7941194,The Marshal,"Drama, History, Western"
2,tt7947624,Here Comes Hell,"Comedy, Horror"
1,tt7950388,Jibril,"Drama, Romance"
2,tt7954694,Char Man,"Comedy, Drama, Horror"
1,tt7957694,The Last Summer,"Comedy, Romance"
2,tt7959026,The Mule,"Crime, Drama, Thriller"
4,tt7959216,Utøya: July 22,"Drama, Thriller"
3,tt7967302,The Life of our Lord,Animation
1,tt7973568,Amazing Trains,Animation
3,tt7975244,Jumanji: The Next Level,"Action, Adventure, Comedy"
3,tt7979580,The Mitchells vs the Machines,"Animation, Adventure, Comedy"
4,tt7984734,The Lighthouse,"Drama, Fantasy, Mystery"
0,tt7984766,The King,"Biography, Drama, History"
0,tt7985648,The Legend of Tomiris,"Action, Drama, History"
0,tt7991608,Red Notice,"Action, Comedy, Thriller"
2,tt8000096,The Man on the Other Side,"Drama, Thriller"
1,tt8009428,Hustle,"Comedy, Drama, Sport"
1,tt8020856,The Loser Hero,"Action, Comedy, Fantasy"
1,tt8027910,Support Group Olympus,"Comedy, Drama, Fantasy"
1,tt8028526,Boonie Bears: The Big Shrink,Animation
1,tt8033592,Us and Them,"Drama, Romance"
0,tt8041270,Jurassic World: Dominion,"Action, Adventure, Sci-Fi"
1,tt8042260,Kanne Kalaimane,"Drama, Romance"
2,tt8050724,Fear,"Drama, Horror"
0,tt8060328,Invasion,"Action, Sci-Fi"
2,tt8072078,Luciferina,"Horror, Mystery"
0,tt8075192,Shoplifters,"Crime, Drama, Thriller"
3,tt8079248,Yesterday,"Comedy, Fantasy, Music"
2,tt8090624,Millennial Killer,Horror
3,tt8097030,Turning Red,"Animation, Adventure, Comedy"
1,tt8097306,Nobody's Fool,"Comedy, Drama, Romance"
0,tt8106534,6 Underground,"Action, Thriller"
4,tt8108198,Andhadhun,"Crime, Mystery, Thriller"
2,tt8114980,Willy's Wonderland,"Action, Comedy, Horror"
2,tt8119844,Hit-and-Run Squad,"Action, Crime"
4,tt8132778,Night of the Kings,"Drama, Fantasy"
1,tt8140564,My Perfect You,"Drama, Romance"
2,tt8155182,Leprechaun Returns,"Comedy, Fantasy, Horror"
0,tt8155288,Happy Death Day 2U,"Comedy, Horror, Mystery"
4,tt8165192,Raging Fire,"Action, Adventure, Crime"
0,tt8178634,RRR,"Action, Adventure, Drama"
1,tt8179470,Looks That Kill,"Comedy, Drama, Romance"
2,tt8193978,Queen Dracula,Horror
3,tt8206398,The Magic Flute,"Adventure, Fantasy, Musical"
4,tt8206668,Bad Education,"Biography, Comedy, Crime"
3,tt8223844,Modest Heroes,"Animation, Adventure, Family"
4,tt8228172,The Furies,"Action, Horror, Thriller"
4,tt8228288,The Platform,"Horror, Sci-Fi, Thriller"
1,tt8233874,Extra Ordinary,"Comedy, Fantasy, Horror"
2,tt8237272,Marionette,"Mystery, Thriller"
2,tt8243160,Hacker,"Action, Family"
2,tt8243286,Goalie,"Biography, Drama, Sport"
4,tt8244784,The Hunt,"Action, Horror, Thriller"
2,tt8262226,Polterheist,"Comedy, Crime, Horror"
1,tt8263682,White Blessing,"Biography, Sport"
1,tt8269566,A Piece of My Heart,"Comedy, Musical, Romance"
2,tt8275670,Th'dread Rattlin',"Drama, Horror"
1,tt8291224,Uri: The Surgical Strike,"Action, Drama, History"
3,tt8302986,Motorcycle Girl,Biography
1,tt8310924,"Faith, Hope & Love","Comedy, Romance"
2,tt8318284,The Legion,"Action, Adventure, History"
1,tt8318348,The Last Whistle,"Drama, Sport"
2,tt8328612,Seder-Masochism,"Animation, Comedy, Fantasy"
3,tt8328740,Okko's Inn,"Animation, Adventure, Drama"
0,tt8332922,A Quiet Place Part II,"Drama, Horror, Sci-Fi"
2,tt8333418,The Last Laugh,Horror
3,tt8337264,Chicken Run: Dawn of the Nugget,"Animation, Adventure, Comedy"
4,tt8338762,The Nest,"Drama, Romance"
2,tt8350100,The Last Frankenstein,Horror
2,tt8350360,Annabelle Comes Home,"Horror, Mystery, Thriller"
2,tt8354344,Witches in the Woods,"Horror, Mystery, Thriller"
2,tt8354582,Deadly Switch,"Mystery, Thriller"
4,tt8359840,Oh Mercy!,"Crime, Drama, Thriller"
4,tt8359848,Climax,"Drama, Horror, Music"
2,tt8364368,Crawl,"Action, Adventure, Horror"
4,tt8367814,The Gentlemen,"Action, Comedy, Crime"
4,tt8368368,The Apprentice,"Biography, Drama"
4,tt8368406,Vivarium,"Horror, Mystery, Sci-Fi"
0,tt8368512,The Courier,"Drama, History, Thriller"
1,tt8382922,The Big Day,"Comedy, Romance"
2,tt8383538,Good Gals,"Comedy, Crime"
1,tt8385148,Hitman's Wife's Bodyguard,"Action, Comedy, Crime"
1,tt8388508,Dear Comrade,"Action, Drama, Romance"
2,tt8391200,Mud Flat Murders,Thriller
2,tt8398928,The Heiress,Horror
2,tt8399288,Memoria,"Drama, Mystery, Sci-Fi"
0,tt8404614,The Two Popes,"Biography, Comedy, Drama"
4,tt8413040,Tin Can,Sci-Fi
1,tt8417168,The Silk Road Rally,"Animation, Comedy, Family"
1,tt8426838,Jurassic Bark,Animation
0,tt8434152,The Garden of Evening Mists,"Drama, Romance"
1,tt8443704,Dear Ex,"Comedy, Drama, Romance"
1,tt8467658,One of the Family,"Comedy, Crime"
2,tt8470448,Coming from Insanity,"Biography, Comedy, Crime"
4,tt8478602,Godzilla: The Planet Eater,"Animation, Action, Adventure"
3,tt8480678,Pinocchio: A True Story,"Animation, Family, Fantasy"
2,tt8484370,Apocalyptic 2077,"Action, Sci-Fi"
2,tt8485772,Porno,"Comedy, Horror"
0,tt8503618,Hamilton,"Biography, Drama, History"
4,tt8508734,His House,"Drama, Horror, Thriller"
2,tt8510350,Satanic Panic,"Comedy, Horror"
1,tt8510488,Holiday in the Wild,"Comedy, Drama, Romance"
2,tt8526576,My Mother's Stalker,Thriller
3,tt8526872,Dolemite Is My Name,"Biography, Comedy, Drama"
1,tt8544498,The Way Back,"Drama, Sport"
2,tt8555778,Teacher Shortage,Horror
0,tt8579674,1917,"Action, Drama, War"
1,tt8595708,Pulang,"Adventure, Drama, Romance"
0,tt8613070,Portrait of a Lady on Fire,"Drama, Romance"
4,tt8618118,The Plagues of Breslau,"Action, Crime, Mystery"
3,tt8623904,Last Christmas,"Comedy, Drama, Fantasy"
0,tt8629748,Spenser Confidential,"Action, Comedy, Drama"
4,tt8633478,Run,"Mystery, Thriller"
3,tt8635092,Everybody's Talking About Jamie,"Biography, Comedy, Drama"
1,tt8638640,June,"Drama, Family, Musical"
1,tt8647400,De De Pyaar De,"Comedy, Drama, Romance"
1,tt8652636,A Second Chance,Romance
2,tt8663516,Child's Play,"Drama, Horror, Sci-Fi"
4,tt8664988,The Blackout,"Action, Sci-Fi, Thriller"
4,tt8688634,21 Bridges,"Action, Crime, Drama"
2,tt8695030,The Dead Don't Die,"Comedy, Fantasy, Horror"
1,tt8696440,Sibel,"Drama, Thriller"
2,tt8708174,Abortifacient,"Drama, Fantasy, Horror"
2,tt8717296,Incident at Montauk,"Horror, Mystery, Sci-Fi"
1,tt8718158,The Hating Game,"Comedy, Romance"
3,tt8721424,"tick, tick... BOOM!","Biography, Comedy, Drama"
4,tt8721556,Jallikattu,"Action, Crime, Thriller"
2,tt8727708,Dark Justice,Crime
0,tt8752474,Justice League vs the Fatal Five,"Animation, Action, Fantasy"
2,tt8760708,M3GAN,"Horror, Sci-Fi, Thriller"
2,tt8764056,Adam & Evelyn,"Drama, Romance"
4,tt8772262,Midsommar,"Drama, Horror, Mystery"
2,tt8774100,My Stretch of Texas Ground,"Action, Drama, Thriller"
1,tt8787116,The Unity of Heroes,Action
2,tt8803724,The Fearless Two,"Action, Thriller"
2,tt8804688,Connect,"Drama, Romance"
1,tt8820590,T-34,"Action, War"
2,tt8821182,Aurora,"Horror, Thriller"
2,tt8829830,Fatale,Thriller
2,tt8844888,Exposure,Horror
1,tt8845432,Fat Buddies,"Action, Comedy"
0,tt8847712,The French Dispatch,"Comedy, Drama, Romance"
1,tt8851148,The In Between,"Drama, Romance, Sci-Fi"
0,tt8858104,Guava Island,"Comedy, Drama, Music"
1,tt8861786,Puppy Star Christmas,"Comedy, Family, Musical"
1,tt8866450,Snow Flower,"Drama, Romance"
2,tt8883524,Bloodline,"Crime, Horror, Thriller"
1,tt8884906,Monday,"Drama, Romance"
2,tt8902980,Widow's Point,"Drama, Horror, Mystery"
2,tt8906844,One and the Same,Mystery
3,tt8912936,DC League of Super-Pets,"Animation, Action, Adventure"
2,tt8918392,American Hunt,"Horror, Thriller"
1,tt8925540,Racetime,"Animation, Adventure, Musical"
2,tt8931870,Unleashing the Demons,"Comedy, Horror, Thriller"
4,tt8936646,Extraction,"Action, Thriller"
2,tt8945942,Centigrade,"Drama, Thriller"
0,tt8946378,Knives Out,"Comedy, Crime, Drama"
0,tt8948132,Into the Darkness,"Drama, History, War"
4,tt8956390,Rojo,"Drama, Mystery, Thriller"
2,tt8971216,The Focusing Effect,"Comedy, Drama, Horror"
2,tt8971476,The Whistleblower,"Action, Drama, Mystery"
2,tt8972556,I Am Vengeance: Retaliation,Action
1,tt8974368,Promise of Pisa,"Drama, Music, Romance"
1,tt8974576,Kings of Mulberry Street,"Comedy, Family"
1,tt8982672,Resilience and the Lost Gems,Adventure
3,tt8983166,Panga,"Drama, Sport"
2,tt8983294,Wicked Witches,Horror
2,tt8995218,Z,"Horror, Mystery, Thriller"
2,tt8997712,Broil,"Fantasy, Horror, Thriller"
1,tt9000000,King's Feast,"Action, Comedy, Drama"
1,tt9009826,Send It!,"Action, Adventure, Comedy"
2,tt9012672,Flesh Is Heir To,"Drama, Thriller"
2,tt9024942,Callous,Horror
0,tt9032400,Eternals,"Action, Adventure, Fantasy"
1,tt9032888,Good Sam,"Comedy, Drama, Romance"
1,tt9035000,Notzilla,"Comedy, Sci-Fi"
3,tt9037650,A Piece of Cake,"Animation, Comedy, Family"
1,tt9038270,Funke!,"Comedy, Drama, Family"
1,tt9042304,Ghabe,"Drama, Romance, Thriller"
2,tt9044418,MR-9,"Action, Drama, Thriller"
2,tt9048026,The King,"Biography, Comedy"
3,tt9052870,Chhichhore,"Comedy, Drama, Romance"
1,tt9062342,"El Potro, lo mejor del amor","Biography, Drama, Music"
2,tt9063106,Paskal,"Action, Adventure, Drama"
2,tt9065812,Guilt,Thriller
4,tt9071322,Dark Waters,"Biography, Drama, History"
1,tt9075778,The Fighting Preacher,"Comedy, Drama, History"
3,tt9089294,The Seven Deadly Sins: Prisoners of the Sky,"Animation, Action, Adventure"
2,tt9093094,Pseudo,Thriller
2,tt9099242,Dark Harbor,Thriller
3,tt9106672,When Hitler Stole Pink Rabbit,"Biography, Drama, Family"
2,tt9112182,The Unheard,"Drama, Mystery, Thriller"
2,tt9113332,Revenge of the Pontianak,"Horror, Romance"
0,tt9114286,Black Panther: Wakanda Forever,"Action, Adventure, Drama"
2,tt9120416,Alice,"Comedy, Drama, Romance"
4,tt9128686,The Pool,"Action, Drama, Horror"
4,tt9139586,Arkansas,"Crime, Thriller"
1,tt9154602,Iddari Lokam Okate,"Drama, Romance"
4,tt9165824,The Show,"Drama, Fantasy, Mystery"
1,tt9172840,Motichoor Chaknachoor,"Comedy, Romance"
2,tt9176260,Bypass Road,"Drama, Mystery, Thriller"
1,tt9182412,Character Builders,Animation
1,tt9204760,The Way to Paradise,"Drama, Thriller"
0,tt9206798,All Is True,"Biography, Drama, History"
1,tt9214310,Head Over Heels 3,"Comedy, Romance"
2,tt9239888,The Ruthless,"Crime, Drama"
0,tt9243804,The Green Knight,"Adventure, Drama, Fantasy"
4,tt9243946,El Camino: A Breaking Bad Movie,"Action, Crime, Drama"
2,tt9250156,In a Stranger's House,Horror
1,tt9252508,Tall Girl,"Comedy, Drama, Family"
2,tt9290986,The Infinity Project,"Action, Sci-Fi, Thriller"
1,tt9303120,Until I Meet September's Love,"Fantasy, Romance"
0,tt9308390,Margrete: Queen of the North,"Biography, Drama, History"
2,tt9331416,Dear Frank,"Comedy, Drama, Thriller"
2,tt9346816,Scorpion,"Action, Drama, Thriller"
4,tt9347730,Candyman,"Horror, Thriller"
1,tt9348566,Strong Hawk: My Sister's Keeper,"Action, Adventure, Sci-Fi"
3,tt9354842,To All the Boys: P.S. I Still Love You,"Comedy, Drama, Romance"
2,tt9356952,The Death of Dick Long,"Comedy, Crime, Drama"
2,tt9365800,Slayers,"Comedy, Fantasy, Horror"
2,tt9371362,The Truth Will Out,Horror
2,tt9373688,Settlers,"Drama, Sci-Fi, Thriller"
0,tt9376612,Shang-Chi and the Legend of the Ten Rings,"Action, Adventure, Fantasy"
1,tt9390222,72 Hours: Martyr Who Never Died,"Action, Biography, Drama"
4,tt9392374,Girl,Thriller
0,tt9411972,Where the Crawdads Sing,"Drama, Mystery, Romance"
0,tt9419884,Doctor Strange in the Multiverse of Madness,"Action, Adventure, Fantasy"
4,tt9421570,The Guilty,"Crime, Drama, Thriller"
2,tt9426186,Revenger,"Action, Crime, Thriller"
2,tt9456222,The Very Last Day,Thriller
1,tt9484998,Palm Springs,"Comedy, Fantasy, Mystery"
4,tt9495224,Black Mirror: Bandersnatch,"Drama, Fantasy, Mystery"
2,tt9497120,Semiconductor,Horror
1,tt9526152,Is It Wrong to Try to Pick Up Girls in a Dungeon - Arrow of the Orion,"Animation, Action, Adventure"
1,tt9526822,Alone/Together,"Drama, Romance"
2,tt9531772,Sooryavanshi,"Action, Crime, Thriller"
1,tt9541602,Extreme Job,"Action, Comedy, Crime"
2,tt9542116,A Feral World,"Drama, Sci-Fi"
2,tt9562694,Alien Warfare,"Action, Mystery, Sci-Fi"
0,tt9568230,Night Raiders,"Action, Sci-Fi, Thriller"
4,tt9575160,Integrity,"Crime, Drama, Mystery"
0,tt9586294,Better Days,"Crime, Drama, Romance"
2,tt9592522,Knucks,"Crime, Fantasy, Mystery"
0,tt9602258,The Secret Mission,"Comedy, Drama, History"
0,tt9603212,Mission: Impossible - Dead Reckoning - Part One,"Action, Adventure, Thriller"
3,tt9620288,King Richard,"Biography, Drama, Sport"
4,tt9620292,Promising Young Woman,"Crime, Drama, Mystery"
4,tt9639470,Last Night in Soho,"Drama, Horror, Mystery"
1,tt9640414,Lost Heart,"Comedy, Drama, Mystery"
2,tt9657076,Keeping Company,"Comedy, Crime, Horror"
4,tt9664108,Voyagers,"Adventure, Sci-Fi, Thriller"
2,tt9669176,Accident Man: Hitman's Holiday,"Action, Comedy, Crime"
2,tt9670282,Zoombies 2,"Action, Adventure, Comedy"
1,tt9676318,Deery: Off the Wall,"Action, Comedy, Romance"
2,tt9676614,Xolo,Crime
0,tt9685342,A Writer's Odyssey,"Action, Adventure, Fantasy"
1,tt9694312,Stardust,"Biography, Drama, Music"
2,tt9695308,The Columnist,"Comedy, Crime, Drama"
1,tt9695404,The Club of Ugly Children,"Action, Adventure, Family"
2,tt9697340,Rogue Cell,"Action, Drama, Sci-Fi"
4,tt9701940,Fear Street: Part Two - 1978,"Drama, Horror, Mystery"
1,tt9731360,I Met a Girl,"Drama, Romance"
2,tt9731436,L'Atlantide,"Adventure, Drama"
2,tt9738400,Bone Breaker,"Drama, Thriller"
4,tt9747594,Beasts Clawing at Straws,"Crime, Drama, Thriller"
2,tt9760852,Baby,"Drama, Horror, Thriller"
4,tt9764362,The Menu,"Horror, Thriller"
4,tt9772374,Bloody Hell,"Action, Comedy, Horror"
4,tt9777462,Two Sisters,"Drama, Horror, Mystery"
0,tt9777666,The Tomorrow War,"Action, Adventure, Drama"
4,tt9783600,Spiderhead,"Action, Crime, Drama"
4,tt9784798,Judas and the Black Messiah,"Biography, Drama, History"
0,tt9806192,I Lost My Body,"Animation, Drama, Fantasy"
4,tt9806370,The Owners,"Comedy, Crime, Horror"
1,tt9809140,Todas las pecas del mundo,"Comedy, Romance, Sport"
4,tt9834506,Post Mortem,"Horror, Mystery, Thriller"
1,tt9837502,Merry Men: The Real Yoruba Demons,"Action, Comedy"
1,tt9840958,Love Struck Sick,Romance
4,tt9844522,Escape Room: Tournament of Champions,"Action, Adventure, Horror"
0,tt9844938,"Onoda: 10,000 Nights in the Jungle","Adventure, Drama, War"
4,tt9845564,Below Zero,"Action, Adventure, Crime"
2,tt9849004,Happily,"Comedy, Crime, Romance"
0,tt9851854,Major,"Action, Biography, Drama"
3,tt9855978,Dreambuilders,"Animation, Adventure, Comedy"
3,tt9860350,The Asadas,"Comedy, Drama, Family"
1,tt9860728,Falling Inn Love,"Comedy, Romance"
1,tt9866072,Holidate,"Comedy, Romance"
2,tt9868158,The Strings,"Horror, Music, Thriller"
2,tt9877170,Malang,"Action, Crime, Drama"
4,tt9893250,I Care a Lot,"Comedy, Crime, Drama"
2,tt9894470,VFW,"Action, Crime, Horror"
1,tt9898858,Coffee & Kareem,"Action, Comedy, Crime"
2,tt9916362,Coven,"Drama, History"
