imdb_id,year,rating,language,content_category,decade,label_lang_rating,label_lang_rating_decade
tt0000679,1908,Unknown,None,Unknown,1900,None - Unknown,None - Unknown - 1900s
tt0003740,1914,Not Rated,Italian,Unknown,1910,Italian - Unknown,Italian - Unknown - 1910s
tt0005059,1915,Unknown,None,Unknown,1910,None - Unknown,None - Unknown - 1910s
tt0005078,1915,Not Rated,English,Unknown,1910,English - Unknown,English - Unknown - 1910s
tt0005808,1915,Unknown,None,Unknown,1910,None - Unknown,None - Unknown - 1910s
tt0006517,1915,Unknown,None,Unknown,1910,None - Unknown,None - Unknown - 1910s
tt0006736,1916,Unknown,None,Unknown,1910,None - Unknown,None - Unknown - 1910s
tt0006886,1916,Not Rated,None,Unknown,1910,None - Unknown,None - Unknown - 1910s
tt0008735,1917,Not Rated,None,Unknown,1910,None - Unknown,None - Unknown - 1910s
tt0008807,1917,Unknown,None,Unknown,1910,None - Unknown,None - Unknown - 1910s
tt0008854,1918,Approved,None,Unknown,1910,None - Unknown,None - Unknown - 1910s
tt0009677,1918,Unknown,None,Unknown,1910,None - Unknown,None - Unknown - 1910s
tt0009900,1919,Unrated,None,Unknown,1910,None - Unknown,None - Unknown - 1910s
tt0010281,1918,Not Rated,None,Unknown,1910,None - Unknown,None - Unknown - 1910s
tt0010323,1920,Not Rated,None,Unknown,1920,None - Unknown,None - Unknown - 1920s
tt0010849,1919,Unknown,None,Unknown,1910,None - Unknown,None - Unknown - 1910s
tt0011157,1920,Not Rated,None,Unknown,1920,None - Unknown,None - Unknown - 1920s
tt0011387,1920,Not Rated,None,Unknown,1920,None - Unknown,None - Unknown - 1920s
tt0011565,1920,Passed,English,Unknown,1920,English - Unknown,English - Unknown - 1920s
tt0012349,1921,Passed,None,Unknown,1920,None - Unknown,None - Unknown - 1920s
tt0013075,1922,Passed,English,Unknown,1920,English - Unknown,English - Unknown - 1920s
tt0013140,1922,Not Rated,English,Unknown,1920,English - Unknown,English - Unknown - 1920s
tt0013201,1922,Passed,None,Unknown,1920,None - Unknown,None - Unknown - 1920s
tt0013442,1922,Not Rated,German,Unknown,1920,German - Unknown,German - Unknown - 1920s
tt0013572,1922,Unknown,None,Unknown,1920,None - Unknown,None - Unknown - 1920s
tt0014142,1923,Passed,English,Unknown,1920,English - Unknown,English - Unknown - 1920s
tt0014532,1923,Passed,None,Unknown,1920,None - Unknown,None - Unknown - 1920s
tt0014586,1924,Not Rated,None,Unknown,1920,None - Unknown,None - Unknown - 1920s
tt0014646,1924,Not Rated,None,Unknown,1920,None - Unknown,None - Unknown - 1920s
tt0014770,1923,Unrated,None,Unknown,1920,None - Unknown,None - Unknown - 1920s
tt0015163,1924,Unrated,English,Unknown,1920,English - Unknown,English - Unknown - 1920s
tt0015167,1924,Not Rated,None,Unknown,1920,None - Unknown,None - Unknown - 1920s
tt0015175,1924,Not Rated,German,Unknown,1920,German - Unknown,German - Unknown - 1920s
tt0015324,1924,Passed,None,Unknown,1920,None - Unknown,None - Unknown - 1920s
tt0015624,1925,Not Rated,None,Unknown,1920,None - Unknown,None - Unknown - 1920s
tt0015864,1925,Approved,None,Unknown,1920,None - Unknown,None - Unknown - 1920s
tt0016185,1925,Unknown,None,Unknown,1920,None - Unknown,None - Unknown - 1920s
tt0016361,1925,Unknown,None,Unknown,1920,None - Unknown,None - Unknown - 1920s
tt0016473,1925,Passed,None,Unknown,1920,None - Unknown,None - Unknown - 1920s
tt0016481,1925,Passed,German,Unknown,1920,German - Unknown,German - Unknown - 1920s
tt0016629,1926,Unknown,English,Unknown,1920,English - Unknown,English - Unknown - 1920s
tt0016832,1926,Passed,None,Unknown,1920,None - Unknown,None - Unknown - 1920s
tt0017075,1927,Not Rated,None,Unknown,1920,None - Unknown,None - Unknown - 1920s
tt0017120,1926,Passed,None,Unknown,1920,None - Unknown,None - Unknown - 1920s
tt0017132,1926,Passed,None,Unknown,1920,None - Unknown,None - Unknown - 1920s
tt0017136,1927,Passed,German,Unknown,1920,German - Unknown,German - Unknown - 1920s
tt0017374,1926,Passed,None,Unknown,1920,None - Unknown,None - Unknown - 1920s
tt0017567,1926,Passed,None,Unknown,1920,None - Unknown,None - Unknown - 1920s
tt0017621,1928,Unknown,None,Unknown,1920,None - Unknown,None - Unknown - 1920s
tt0017623,1927,Unknown,None,Unknown,1920,None - Unknown,None - Unknown - 1920s
tt0017632,1927,Unknown,None,Unknown,1920,None - Unknown,None - Unknown - 1920s
tt0017736,1927,Unknown,None,Unknown,1920,None - Unknown,None - Unknown - 1920s
tt0017825,1927,Not Rated,English,Unknown,1920,English - Unknown,English - Unknown - 1920s
tt0017925,1926,Passed,None,Unknown,1920,None - Unknown,None - Unknown - 1920s
tt0017938,1927,Unknown,None,Unknown,1920,None - Unknown,None - Unknown - 1920s
tt0017998,1927,Unknown,None,Unknown,1920,None - Unknown,None - Unknown - 1920s
tt0018051,1927,Passed,English,Unknown,1920,English - Unknown,English - Unknown - 1920s
tt0018054,1927,Not Rated,English,Unknown,1920,English - Unknown,English - Unknown - 1920s
tt0018087,1927,Not Rated,None,Unknown,1920,None - Unknown,None - Unknown - 1920s
tt0018217,1928,Unknown,None,Unknown,1920,None - Unknown,None - Unknown - 1920s
tt0018451,1927,Passed,None,Unknown,1920,None - Unknown,None - Unknown - 1920s
tt0018455,1927,Passed,None,Unknown,1920,None - Unknown,None - Unknown - 1920s
tt0018742,1928,Passed,None,Unknown,1920,None - Unknown,None - Unknown - 1920s
tt0019195,1928,Passed,None,Unknown,1920,None - Unknown,None - Unknown - 1920s
tt0019412,1928,Passed,None,Unknown,1920,None - Unknown,None - Unknown - 1920s
tt0019563,1928,TV-G,English,Family,1920,English - Family,English - Family - 1920s
tt0019777,1929,Approved,English,Unknown,1920,English - Unknown,English - Unknown - 1920s
tt0019889,1929,Not Rated,English,Unknown,1920,English - Unknown,English - Unknown - 1920s
tt0019901,1929,Not Rated,German,Unknown,1920,German - Unknown,German - Unknown - 1920s
tt0020230,1929,Unknown,None,Unknown,1920,None - Unknown,None - Unknown - 1920s
tt0020269,1929,Passed,English,Unknown,1920,English - Unknown,English - Unknown - 1920s
tt0020590,1929,Passed,English,Unknown,1920,English - Unknown,English - Unknown - 1920s
tt0020620,1930,Approved,English,Unknown,1930,English - Unknown,English - Unknown - 1930s
tt0020629,1930,Approved,English,Unknown,1930,English - Unknown,English - Unknown - 1930s
tt0020641,1930,Passed,English,Unknown,1930,English - Unknown,English - Unknown - 1930s
tt0020668,1930,Passed,English,Unknown,1930,English - Unknown,English - Unknown - 1930s
tt0020691,1930,Passed,English,Unknown,1930,English - Unknown,English - Unknown - 1930s
tt0020842,1930,Unknown,German,Unknown,1930,German - Unknown,German - Unknown - 1930s
tt0020876,1930,Passed,English,Unknown,1930,English - Unknown,English - Unknown - 1930s
tt0021016,1930,Passed,English,Unknown,1930,English - Unknown,English - Unknown - 1930s
tt0021030,1930,Unknown,English,Unknown,1930,English - Unknown,English - Unknown - 1930s
tt0021165,1930,TV-PG,English,Teen,1930,English - Teen,English - Teen - 1930s
tt0021192,1930,TV-PG,English,Teen,1930,English - Teen,English - Teen - 1930s
tt0021309,1937,Unknown,French,Unknown,1930,French - Unknown,French - Unknown - 1930s
tt0021310,1930,Approved,English,Unknown,1930,English - Unknown,English - Unknown - 1930s
tt0021505,1930,Passed,English,Unknown,1930,English - Unknown,English - Unknown - 1930s
tt0021616,1931,Unknown,German,Unknown,1930,German - Unknown,German - Unknown - 1930s
tt0021749,1931,G,None,Family,1930,None - Family,None - Family - 1930s
tt0021815,1931,Unrated,Spanish,Unknown,1930,Spanish - Unknown,Spanish - Unknown - 1930s
tt0021818,1931,Not Rated,German,Unknown,1930,German - Unknown,German - Unknown - 1930s
tt0021884,1931,Approved,English,Unknown,1930,English - Unknown,English - Unknown - 1930s
tt0021890,1931,Approved,English,Unknown,1930,English - Unknown,English - Unknown - 1930s
tt0022034,1931,Unknown,German,Unknown,1930,German - Unknown,German - Unknown - 1930s
tt0022100,1931,Passed,German,Unknown,1930,German - Unknown,German - Unknown - 1930s
tt0022149,1931,Passed,English,Unknown,1930,English - Unknown,English - Unknown - 1930s
tt0022290,1931,Unknown,English,Unknown,1930,English - Unknown,English - Unknown - 1930s
tt0022578,1931,Unknown,English,Unknown,1930,English - Unknown,English - Unknown - 1930s
tt0022615,1932,Approved,English,Unknown,1930,English - Unknown,English - Unknown - 1930s
tt0022645,1932,Unknown,French,Unknown,1930,French - Unknown,French - Unknown - 1930s
tt0022689,1932,Passed,English,Unknown,1930,English - Unknown,English - Unknown - 1930s
tt0022699,1932,Unknown,German,Unknown,1930,German - Unknown,German - Unknown - 1930s
tt0022835,1931,Approved,English,Unknown,1930,English - Unknown,English - Unknown - 1930s
tt0022867,1933,TV-MA,Czech,Mature,1930,Czech - Mature,Czech - Mature - 1930s
tt0022879,1932,Approved,English,Unknown,1930,English - Unknown,English - Unknown - 1930s
tt0022913,1932,Not Rated,English,Unknown,1930,English - Unknown,English - Unknown - 1930s
tt0023194,1932,G,English,Family,1930,English - Family,English - Family - 1930s
tt0023284,1932,Unknown,French,Unknown,1930,French - Unknown,French - Unknown - 1930s
tt0023382,1932,Passed,English,Unknown,1930,English - Unknown,English - Unknown - 1930s
tt0023395,1931,Not Rated,English,Unknown,1930,English - Unknown,English - Unknown - 1930s
tt0023525,1932,Not Rated,English,Unknown,1930,English - Unknown,English - Unknown - 1930s
tt0023589,1931,Passed,English,Unknown,1930,English - Unknown,English - Unknown - 1930s
tt0023616,1932,Approved,English,Unknown,1930,English - Unknown,English - Unknown - 1930s
tt0023622,1932,Approved,English,Unknown,1930,English - Unknown,English - Unknown - 1930s
tt0023649,1932,Approved,German,Unknown,1930,German - Unknown,German - Unknown - 1930s
tt0023694,1932,Passed,English,Unknown,1930,English - Unknown,English - Unknown - 1930s
tt0023731,1932,Approved,English,Unknown,1930,English - Unknown,English - Unknown - 1930s
tt0023808,1933,Passed,English,Unknown,1930,English - Unknown,English - Unknown - 1930s
tt0023902,1934,Unknown,Spanish,Unknown,1930,Spanish - Unknown,Spanish - Unknown - 1930s
tt0023973,1933,TV-PG,English,Teen,1930,English - Teen,English - Teen - 1930s
tt0024044,1933,Passed,Italian,Unknown,1930,Italian - Unknown,Italian - Unknown - 1930s
tt0024055,1933,Approved,English,Unknown,1930,English - Unknown,English - Unknown - 1930s
tt0024083,1933,Passed,English,Unknown,1930,English - Unknown,English - Unknown - 1930s
tt0024151,1933,Approved,English,Unknown,1930,English - Unknown,English - Unknown - 1930s
tt0024184,1933,Approved,English,Unknown,1930,English - Unknown,English - Unknown - 1930s
tt0024188,1932,Passed,English,Unknown,1930,English - Unknown,English - Unknown - 1930s
tt0024216,1933,Approved,English,Unknown,1930,English - Unknown,English - Unknown - 1930s
tt0024262,1933,Approved,English,Unknown,1930,English - Unknown,English - Unknown - 1930s
tt0024264,1933,Passed,English,Unknown,1930,English - Unknown,English - Unknown - 1930s
tt0024302,1933,Approved,English,Unknown,1930,English - Unknown,English - Unknown - 1930s
tt0024480,1933,Unknown,French,Unknown,1930,French - Unknown,French - Unknown - 1930s
tt0024500,1933,Passed,English,Unknown,1930,English - Unknown,English - Unknown - 1930s
tt0024548,1933,Passed,English,Unknown,1930,English - Unknown,English - Unknown - 1930s
tt0024645,1933,Passed,English,Unknown,1930,English - Unknown,English - Unknown - 1930s
tt0024647,1933,Passed,English,Unknown,1930,English - Unknown,English - Unknown - 1930s
tt0024894,1934,Not Rated,English,Unknown,1930,English - Unknown,English - Unknown - 1930s
tt0025028,1934,Approved,English,Unknown,1930,English - Unknown,English - Unknown - 1930s
tt0025062,1934,Not Rated,Spanish,Unknown,1930,Spanish - Unknown,Spanish - Unknown - 1930s
tt0025134,1934,Approved,English,Unknown,1930,English - Unknown,English - Unknown - 1930s
tt0025204,1934,Passed,English,Unknown,1930,English - Unknown,English - Unknown - 1930s
tt0025248,1934,Approved,Czech,Unknown,1930,Czech - Unknown,Czech - Unknown - 1930s
tt0025271,1934,Passed,English,Unknown,1930,English - Unknown,English - Unknown - 1930s
tt0025316,1934,Approved,English,Unknown,1930,English - Unknown,English - Unknown - 1930s
tt0025335,1934,Approved,English,Unknown,1930,English - Unknown,English - Unknown - 1930s
tt0025480,1934,Unknown,French,Unknown,1930,French - Unknown,French - Unknown - 1930s
tt0025543,1934,Passed,English,Unknown,1930,English - Unknown,English - Unknown - 1930s
tt0025610,1934,Approved,English,Unknown,1930,English - Unknown,English - Unknown - 1930s
tt0025681,1934,Unrated,English,Unknown,1930,English - Unknown,English - Unknown - 1930s
tt0025740,1934,Approved,English,Unknown,1930,English - Unknown,English - Unknown - 1930s
tt0025896,1934,Passed,English,Unknown,1930,English - Unknown,English - Unknown - 1930s
tt0025898,1935,Unknown,French,Unknown,1930,French - Unknown,French - Unknown - 1930s
tt0025907,1934,Approved,English,Unknown,1930,English - Unknown,English - Unknown - 1930s
tt0025919,1934,Approved,English,Unknown,1930,English - Unknown,English - Unknown - 1930s
tt0026023,1934,Not Rated,English,Unknown,1930,English - Unknown,English - Unknown - 1930s
tt0026185,1935,Approved,English,Unknown,1930,English - Unknown,English - Unknown - 1930s
tt0026276,1935,Approved,English,Unknown,1930,English - Unknown,English - Unknown - 1930s
tt0026556,1935,Unknown,Chinese,Unknown,1930,Chinese - Unknown,Chinese - Unknown - 1930s
tt0026606,1935,Approved,English,Unknown,1930,English - Unknown,English - Unknown - 1930s
tt0026661,1935,Unknown,Spanish,Unknown,1930,Spanish - Unknown,Spanish - Unknown - 1930s
tt0026663,1935,Approved,English,Unknown,1930,English - Unknown,English - Unknown - 1930s
tt0026667,1935,Approved,English,Unknown,1930,English - Unknown,English - Unknown - 1930s
tt0026673,1935,Approved,English,Unknown,1930,English - Unknown,English - Unknown - 1930s
tt0026752,1935,Approved,English,Unknown,1930,English - Unknown,English - Unknown - 1930s
tt0027042,1935,Approved,English,Unknown,1930,English - Unknown,English - Unknown - 1930s
tt0027125,1935,Approved,English,Unknown,1930,English - Unknown,English - Unknown - 1930s
tt0027146,1935,Passed,English,Unknown,1930,English - Unknown,English - Unknown - 1930s
tt0027189,1935,Approved,English,Unknown,1930,English - Unknown,English - Unknown - 1930s
tt0027231,1936,Unknown,Yiddish,Unknown,1930,Yiddish - Unknown,Yiddish - Unknown - 1930s
tt0027240,1936,PG-13,Spanish,Teen,1930,Spanish - Teen,Spanish - Teen - 1930s
tt0027407,1936,Approved,English,Unknown,1930,English - Unknown,English - Unknown - 1930s
tt0027652,1936,Approved,English,Unknown,1930,English - Unknown,English - Unknown - 1930s
tt0027764,1936,Approved,English,Unknown,1930,English - Unknown,English - Unknown - 1930s
tt0027877,1936,Approved,English,Unknown,1930,English - Unknown,English - Unknown - 1930s
tt0027977,1936,G,English,Family,1930,English - Family,English - Family - 1930s
tt0027996,1936,Approved,English,Unknown,1930,English - Unknown,English - Unknown - 1930s
tt0028167,1936,Not Rated,English,Unknown,1930,English - Unknown,English - Unknown - 1930s
tt0028203,1936,Approved,English,Unknown,1930,English - Unknown,English - Unknown - 1930s
tt0028212,1936,Approved,English,Unknown,1930,English - Unknown,English - Unknown - 1930s
tt0028216,1936,Approved,English,Unknown,1930,English - Unknown,English - Unknown - 1930s
tt0028346,1936,PG,English,Family,1930,English - Family,English - Family - 1930s
tt0028511,1936,Approved,Italian,Unknown,1930,Italian - Unknown,Italian - Unknown - 1930s
tt0028622,1937,Approved,Russian,Unknown,1930,Russian - Unknown,Russian - Unknown - 1930s
tt0028663,1937,Unknown,English,Unknown,1930,English - Unknown,English - Unknown - 1930s
tt0028714,1937,Unknown,Japanese,Unknown,1930,Japanese - Unknown,Japanese - Unknown - 1930s
tt0028767,1937,Not Rated,English,Unknown,1930,English - Unknown,English - Unknown - 1930s
tt0028953,1937,Approved,English,Unknown,1930,English - Unknown,English - Unknown - 1930s
tt0029054,1937,Approved,English,Unknown,1930,English - Unknown,English - Unknown - 1930s
tt0029080,1937,Approved,English,Unknown,1930,English - Unknown,English - Unknown - 1930s
tt0029207,1936,Approved,English,Unknown,1930,English - Unknown,English - Unknown - 1930s
tt0029209,1937,Passed,English,Unknown,1930,English - Unknown,English - Unknown - 1930s
tt0029272,1937,Unknown,Spanish,Unknown,1930,Spanish - Unknown,Spanish - Unknown - 1930s
tt0029433,1937,Approved,English,Unknown,1930,English - Unknown,English - Unknown - 1930s
tt0029583,1937,Approved,English,Unknown,1930,English - Unknown,English - Unknown - 1930s
tt0029604,1937,Approved,English,Unknown,1930,English - Unknown,English - Unknown - 1930s
tt0029712,1937,Approved,English,Unknown,1930,English - Unknown,English - Unknown - 1930s
tt0029826,1938,Unknown,French,Unknown,1930,French - Unknown,French - Unknown - 1930s
tt0029850,1938,Not Rated,Russian,Unknown,1930,Russian - Unknown,Russian - Unknown - 1930s
tt0029929,1938,Approved,English,Unknown,1930,English - Unknown,English - Unknown - 1930s
tt0029939,1938,Approved,English,Unknown,1930,English - Unknown,English - Unknown - 1930s
tt0029950,1938,Approved,English,Unknown,1930,English - Unknown,English - Unknown - 1930s
tt0030082,1938,Approved,English,Unknown,1930,English - Unknown,English - Unknown - 1930s
tt0030341,1938,Approved,English,Unknown,1930,English - Unknown,English - Unknown - 1930s
tt0030409,1938,Passed,English,Unknown,1930,English - Unknown,English - Unknown - 1930s
tt0030418,1938,Approved,English,Unknown,1930,English - Unknown,English - Unknown - 1930s
tt0030637,1938,Approved,English,Unknown,1930,English - Unknown,English - Unknown - 1930s
tt0030743,1938,Approved,English,Unknown,1930,English - Unknown,English - Unknown - 1930s
tt0030798,1938,Passed,English,Unknown,1930,English - Unknown,English - Unknown - 1930s
tt0030845,1938,Approved,English,Unknown,1930,English - Unknown,English - Unknown - 1930s
tt0030996,1938,Approved,English,Unknown,1930,English - Unknown,English - Unknown - 1930s
tt0031055,1939,Unknown,English,Unknown,1930,English - Unknown,English - Unknown - 1930s
tt0031058,1939,Not Rated,English,Unknown,1930,English - Unknown,English - Unknown - 1930s
tt0031067,1939,Approved,English,Unknown,1930,English - Unknown,English - Unknown - 1930s
tt0031068,1939,Approved,English,Unknown,1930,English - Unknown,English - Unknown - 1930s
tt0031252,1939,Approved,English,Unknown,1930,English - Unknown,English - Unknown - 1930s
tt0031259,1939,Approved,English,Unknown,1930,English - Unknown,English - Unknown - 1930s
tt0031305,1939,Approved,English,Unknown,1930,English - Unknown,English - Unknown - 1930s
tt0031320,1939,Approved,English,Unknown,1930,English - Unknown,English - Unknown - 1930s
tt0031381,1939,G,English,Family,1930,English - Family,English - Family - 1930s
tt0031387,1939,Approved,English,Unknown,1930,English - Unknown,English - Unknown - 1930s
tt0031397,1939,Approved,English,Unknown,1930,English - Unknown,English - Unknown - 1930s
tt0031580,1939,G,English,Family,1930,English - Family,English - Family - 1930s
tt0031614,1939,Approved,English,Unknown,1930,English - Unknown,English - Unknown - 1930s
tt0031762,1939,Approved,English,Unknown,1930,English - Unknown,English - Unknown - 1930s
tt0031835,1939,Approved,English,Unknown,1930,English - Unknown,English - Unknown - 1930s
tt0031951,1939,Approved,English,Unknown,1930,English - Unknown,English - Unknown - 1930s
tt0032138,1939,G,English,Family,1930,English - Family,English - Family - 1930s
tt0032152,1939,Approved,English,Unknown,1930,English - Unknown,English - Unknown - 1930s
tt0032155,1939,Approved,English,Unknown,1930,English - Unknown,English - Unknown - 1930s
tt0032194,1940,Approved,English,Unknown,1940,English - Unknown,English - Unknown - 1940s
tt0032220,1940,Approved,English,Unknown,1940,English - Unknown,English - Unknown - 1940s
tt0032342,1940,Approved,English,Unknown,1940,English - Unknown,English - Unknown - 1940s
tt0032410,1940,Approved,English,Unknown,1940,English - Unknown,English - Unknown - 1940s
tt0032455,1940,G,English,Family,1940,English - Family,English - Family - 1940s
tt0032467,1940,Approved,English,Unknown,1940,English - Unknown,English - Unknown - 1940s
tt0032553,1940,G,English,Family,1940,English - Family,English - Family - 1940s
tt0032602,1940,Not Rated,English,Unknown,1940,English - Unknown,English - Unknown - 1940s
tt0032629,1940,Approved,English,Unknown,1940,English - Unknown,English - Unknown - 1940s
tt0032642,1940,Approved,English,Unknown,1940,English - Unknown,English - Unknown - 1940s
tt0032802,1940,Unknown,Russian,Unknown,1940,Russian - Unknown,Russian - Unknown - 1940s
tt0032904,1940,Approved,English,Unknown,1940,English - Unknown,English - Unknown - 1940s
tt0032910,1940,Approved,English,Unknown,1940,English - Unknown,English - Unknown - 1940s
tt0032976,1940,Approved,English,Unknown,1940,English - Unknown,English - Unknown - 1940s
tt0033028,1940,Approved,English,Unknown,1940,English - Unknown,English - Unknown - 1940s
tt0033045,1940,Approved,English,Unknown,1940,English - Unknown,English - Unknown - 1940s
tt0033110,1940,Approved,English,Unknown,1940,English - Unknown,English - Unknown - 1940s
tt0033149,1940,Approved,English,Unknown,1940,English - Unknown,English - Unknown - 1940s
tt0033244,1940,Approved,English,Unknown,1940,English - Unknown,English - Unknown - 1940s
tt0033337,1941,Approved,English,Unknown,1940,English - Unknown,English - Unknown - 1940s
tt0033429,1940,Approved,English,Unknown,1940,English - Unknown,English - Unknown - 1940s
tt0033459,1941,Approved,English,Unknown,1940,English - Unknown,English - Unknown - 1940s
tt0033467,1941,PG,English,Family,1940,English - Family,English - Family - 1940s
tt0033563,1941,G,English,Family,1940,English - Family,English - Family - 1940s
tt0033747,1941,Approved,English,Unknown,1940,English - Unknown,English - Unknown - 1940s
tt0033760,1941,Approved,English,Unknown,1940,English - Unknown,English - Unknown - 1940s
tt0033803,1941,Passed,English,Unknown,1940,English - Unknown,English - Unknown - 1940s
tt0033804,1941,Approved,English,Unknown,1940,English - Unknown,English - Unknown - 1940s
tt0033870,1941,Approved,English,Unknown,1940,English - Unknown,English - Unknown - 1940s
tt0034126,1941,Unknown,Swiss German,Unknown,1940,Swiss German - Unknown,Swiss German - Unknown - 1940s
tt0034266,1941,Approved,English,Unknown,1940,English - Unknown,English - Unknown - 1940s
tt0034268,1941,Unknown,Italian,Unknown,1940,Italian - Unknown,Italian - Unknown - 1940s
tt0034370,1941,Approved,English,Unknown,1940,English - Unknown,English - Unknown - 1940s
tt0034384,1941,Approved,English,Unknown,1940,English - Unknown,English - Unknown - 1940s
tt0034405,1941,Approved,English,Unknown,1940,English - Unknown,English - Unknown - 1940s
tt0034439,1942,Unknown,Portuguese,Unknown,1940,Portuguese - Unknown,Portuguese - Unknown - 1940s
tt0034492,1942,Approved,English,Unknown,1940,English - Unknown,English - Unknown - 1940s
tt0034521,1942,Approved,English,Unknown,1940,English - Unknown,English - Unknown - 1940s
tt0034551,1942,Passed,English,Unknown,1940,English - Unknown,English - Unknown - 1940s
tt0034583,1942,PG,English,Family,1940,English - Family,English - Family - 1940s
tt0034637,1942,Passed,German,Unknown,1940,German - Unknown,German - Unknown - 1940s
tt0034646,1942,Approved,English,Unknown,1940,English - Unknown,English - Unknown - 1940s
tt0034734,1942,Approved,English,Unknown,1940,English - Unknown,English - Unknown - 1940s
tt0034862,1942,Approved,English,Unknown,1940,English - Unknown,English - Unknown - 1940s
tt0034885,1942,Approved,English,Unknown,1940,English - Unknown,English - Unknown - 1940s
tt0034891,1942,Not Rated,English,Unknown,1940,English - Unknown,English - Unknown - 1940s
tt0035019,1942,Approved,English,Unknown,1940,English - Unknown,English - Unknown - 1940s
tt0035078,1942,Approved,English,Unknown,1940,English - Unknown,English - Unknown - 1940s
tt0035093,1942,Approved,English,Unknown,1940,English - Unknown,English - Unknown - 1940s
tt0035121,1942,Approved,English,Unknown,1940,English - Unknown,English - Unknown - 1940s
tt0035211,1942,Approved,English,Unknown,1940,English - Unknown,English - Unknown - 1940s
tt0035244,1942,Approved,English,Unknown,1940,English - Unknown,English - Unknown - 1940s
tt0035360,1942,Approved,English,Unknown,1940,English - Unknown,English - Unknown - 1940s
tt0035423,2001,PG-13,English,Teen,2000,English - Teen,English - Teen - 2000s
tt0035446,1942,Approved,English,Unknown,1940,English - Unknown,English - Unknown - 1940s
tt0035583,1942,Approved,English,Unknown,1940,English - Unknown,English - Unknown - 1940s
tt0035640,1943,Approved,English,Unknown,1940,English - Unknown,English - Unknown - 1940s
tt0035727,1943,Approved,English,Unknown,1940,English - Unknown,English - Unknown - 1940s
tt0035751,1943,Approved,English,Unknown,1940,English - Unknown,English - Unknown - 1940s
tt0035807,1943,Unknown,Spanish,Unknown,1940,Spanish - Unknown,Spanish - Unknown - 1940s
tt0035884,1943,Approved,English,Unknown,1940,English - Unknown,English - Unknown - 1940s
tt0035896,1943,Approved,English,Unknown,1940,English - Unknown,English - Unknown - 1940s
tt0035937,1943,Approved,English,Unknown,1940,English - Unknown,English - Unknown - 1940s
tt0035938,1943,Approved,English,Unknown,1940,English - Unknown,English - Unknown - 1940s
tt0035979,1943,Approved,English,Unknown,1940,English - Unknown,English - Unknown - 1940s
tt0036092,1943,Approved,English,Unknown,1940,English - Unknown,English - Unknown - 1940s
tt0036208,1943,Approved,English,Unknown,1940,English - Unknown,English - Unknown - 1940s
tt0036341,1943,Approved,English,Unknown,1940,English - Unknown,English - Unknown - 1940s
tt0036342,1943,PG,English,Family,1940,English - Family,English - Family - 1940s
tt0036432,1943,Approved,English,Unknown,1940,English - Unknown,English - Unknown - 1940s
tt0036443,1943,TV-PG,German,Teen,1940,German - Teen,German - Teen - 1940s
tt0036515,1943,Approved,English,Unknown,1940,English - Unknown,English - Unknown - 1940s
tt0036575,1939,Unknown,French,Unknown,1930,French - Unknown,French - Unknown - 1930s
tt0036613,1944,Approved,English,Unknown,1940,English - Unknown,English - Unknown - 1940s
tt0036619,1944,Approved,English,Unknown,1940,English - Unknown,English - Unknown - 1940s
tt0036736,1944,Unknown,French,Unknown,1940,French - Unknown,French - Unknown - 1940s
tt0036775,1944,Approved,English,Unknown,1940,English - Unknown,English - Unknown - 1940s
tt0036838,1944,Unknown,German,Unknown,1940,German - Unknown,German - Unknown - 1940s
tt0036868,1946,Approved,English,Unknown,1940,English - Unknown,English - Unknown - 1940s
tt0036880,1944,Approved,English,Unknown,1940,English - Unknown,English - Unknown - 1940s
tt0036886,1944,Approved,English,Unknown,1940,English - Unknown,English - Unknown - 1940s
tt0036931,1944,Approved,English,Unknown,1940,English - Unknown,English - Unknown - 1940s
tt0036941,1944,Approved,English,Unknown,1940,English - Unknown,English - Unknown - 1940s
tt0036977,1944,Not Rated,Japanese,Unknown,1940,Japanese - Unknown,Japanese - Unknown - 1940s
tt0036989,1945,Unknown,German,Unknown,1940,German - Unknown,German - Unknown - 1940s
tt0037045,1944,Approved,English,Unknown,1940,English - Unknown,English - Unknown - 1940s
tt0037077,1943,Approved,English,Unknown,1940,English - Unknown,English - Unknown - 1940s
tt0037101,1944,Approved,English,Unknown,1940,English - Unknown,English - Unknown - 1940s
tt0037166,1944,Approved,English,Unknown,1940,English - Unknown,English - Unknown - 1940s
tt0037193,1944,Approved,English,Unknown,1940,English - Unknown,English - Unknown - 1940s
tt0037323,1944,Approved,English,Unknown,1940,English - Unknown,English - Unknown - 1940s
tt0037387,1944,Unknown,Spanish,Unknown,1940,Spanish - Unknown,Spanish - Unknown - 1940s
tt0037441,1944,Approved,English,Unknown,1940,English - Unknown,English - Unknown - 1940s
tt0037455,1944,Unknown,German,Unknown,1940,German - Unknown,German - Unknown - 1940s
tt0037458,1944,Passed,English,Unknown,1940,English - Unknown,English - Unknown - 1940s
tt0037461,1944,Approved,English,Unknown,1940,English - Unknown,English - Unknown - 1940s
tt0037469,1944,Approved,English,Unknown,1940,English - Unknown,English - Unknown - 1940s
tt0037549,1945,Approved,English,Unknown,1940,English - Unknown,English - Unknown - 1940s
tt0037557,1945,Approved,English,Unknown,1940,English - Unknown,English - Unknown - 1940s
tt0037630,1945,Not Rated,French,Unknown,1940,French - Unknown,French - Unknown - 1940s
tt0037671,1945,Approved,English,Unknown,1940,English - Unknown,English - Unknown - 1940s
tt0037680,1940,Unknown,Spanish,Unknown,1940,Spanish - Unknown,Spanish - Unknown - 1940s
tt0037793,1945,Approved,English,Unknown,1940,English - Unknown,English - Unknown - 1940s
tt0037811,1945,Approved,English,Unknown,1940,English - Unknown,English - Unknown - 1940s
tt0037824,1944,Not Rated,Russian,Unknown,1940,Russian - Unknown,Russian - Unknown - 1940s
tt0037909,1945,Approved,English,Unknown,1940,English - Unknown,English - Unknown - 1940s
tt0037950,1945,Passed,English,Unknown,1940,English - Unknown,English - Unknown - 1940s
tt0038007,1945,Passed,English,Unknown,1940,English - Unknown,English - Unknown - 1940s
tt0038031,1945,Approved,English,Unknown,1940,English - Unknown,English - Unknown - 1940s
tt0038046,1945,Approved,English,Unknown,1940,English - Unknown,English - Unknown - 1940s
tt0038169,1945,Approved,English,Unknown,1940,English - Unknown,English - Unknown - 1940s
tt0038182,1945,Not Rated,Japanese,Unknown,1940,Japanese - Unknown,Japanese - Unknown - 1940s
tt0038256,1945,Approved,English,Unknown,1940,English - Unknown,English - Unknown - 1940s
tt0038259,1945,Approved,English,Unknown,1940,English - Unknown,English - Unknown - 1940s
tt0038262,1945,Approved,English,Unknown,1940,English - Unknown,English - Unknown - 1940s
tt0038263,1945,Approved,English,Unknown,1940,English - Unknown,English - Unknown - 1940s
tt0038302,1946,Unknown,Hindi,Unknown,1940,Hindi - Unknown,Hindi - Unknown - 1940s
tt0038326,1946,Approved,English,Unknown,1940,English - Unknown,English - Unknown - 1940s
tt0038340,1946,Approved,English,Unknown,1940,English - Unknown,English - Unknown - 1940s
tt0038342,1946,Approved,English,Unknown,1940,English - Unknown,English - Unknown - 1940s
tt0038353,1946,Approved,English,Unknown,1940,English - Unknown,English - Unknown - 1940s
tt0038355,1946,Approved,English,Unknown,1940,English - Unknown,English - Unknown - 1940s
tt0038361,1946,Passed,English,Unknown,1940,English - Unknown,English - Unknown - 1940s
tt0038366,1946,Approved,English,Unknown,1940,English - Unknown,English - Unknown - 1940s
tt0038369,1946,Approved,English,Unknown,1940,English - Unknown,English - Unknown - 1940s
tt0038390,1945,Approved,English,Unknown,1940,English - Unknown,English - Unknown - 1940s
tt0038409,1946,Approved,English,Unknown,1940,English - Unknown,English - Unknown - 1940s
tt0038418,1946,Approved,English,Unknown,1940,English - Unknown,English - Unknown - 1940s
tt0038476,1947,Not Rated,French,Unknown,1940,French - Unknown,French - Unknown - 1940s
tt0038477,1946,Approved,English,Unknown,1940,English - Unknown,English - Unknown - 1940s
tt0038504,1946,Approved,English,Unknown,1940,English - Unknown,English - Unknown - 1940s
tt0038650,1946,PG,English,Family,1940,English - Family,English - Family - 1940s
tt0038704,1946,Passed,English,Unknown,1940,English - Unknown,English - Unknown - 1940s
tt0038716,1946,Approved,English,Unknown,1940,English - Unknown,English - Unknown - 1940s
tt0038769,1946,Not Rated,German,Unknown,1940,German - Unknown,German - Unknown - 1940s
tt0038776,1946,Approved,English,Unknown,1940,English - Unknown,English - Unknown - 1940s
tt0038782,1946,Approved,English,Unknown,1940,English - Unknown,English - Unknown - 1940s
tt0038787,1946,Approved,English,Unknown,1940,English - Unknown,English - Unknown - 1940s
tt0038794,1946,Approved,English,Unknown,1940,English - Unknown,English - Unknown - 1940s
tt0038801,1946,Approved,English,Unknown,1940,English - Unknown,English - Unknown - 1940s
tt0038918,1945,Approved,English,Unknown,1940,English - Unknown,English - Unknown - 1940s
tt0038990,1946,Approved,English,Unknown,1940,English - Unknown,English - Unknown - 1940s
tt0039037,1946,Approved,English,Unknown,1940,English - Unknown,English - Unknown - 1940s
tt0039040,1946,Approved,English,Unknown,1940,English - Unknown,English - Unknown - 1940s
tt0039042,1946,Approved,English,Unknown,1940,English - Unknown,English - Unknown - 1940s
tt0039066,1946,Approved,English,Unknown,1940,English - Unknown,English - Unknown - 1940s
tt0039158,1946,Unrated,English,Unknown,1940,English - Unknown,English - Unknown - 1940s
tt0039169,1947,Approved,English,Unknown,1940,English - Unknown,English - Unknown - 1940s
tt0039190,1947,Approved,English,Unknown,1940,English - Unknown,English - Unknown - 1940s
tt0039208,1947,Approved,English,Unknown,1940,English - Unknown,English - Unknown - 1940s
tt0039286,1947,Approved,English,Unknown,1940,English - Unknown,English - Unknown - 1940s
tt0039310,1948,Unknown,French,Unknown,1940,French - Unknown,French - Unknown - 1940s
tt0039314,1947,Unknown,Swedish,Unknown,1940,Swedish - Unknown,Swedish - Unknown - 1940s
tt0039323,1947,PG,Spanish,Family,1940,Spanish - Family,Spanish - Family - 1940s
tt0039340,1947,Approved,English,Unknown,1940,English - Unknown,English - Unknown - 1940s
tt0039416,1947,Approved,English,Unknown,1940,English - Unknown,English - Unknown - 1940s
tt0039431,1947,Approved,English,Unknown,1940,English - Unknown,English - Unknown - 1940s
tt0039438,1947,Approved,English,Unknown,1940,English - Unknown,English - Unknown - 1940s
tt0039482,1947,Approved,English,Unknown,1940,English - Unknown,English - Unknown - 1940s
tt0039501,1947,Approved,English,Unknown,1940,English - Unknown,English - Unknown - 1940s
tt0039567,1947,Approved,English,Unknown,1940,English - Unknown,English - Unknown - 1940s
tt0039591,1947,Approved,English,Unknown,1940,English - Unknown,English - Unknown - 1940s
tt0039628,1947,Approved,English,Unknown,1940,English - Unknown,English - Unknown - 1940s
tt0039632,1947,Not Rated,French,Unknown,1940,French - Unknown,French - Unknown - 1940s
tt0039739,1947,Not Rated,French,Unknown,1940,French - Unknown,French - Unknown - 1940s
tt0039894,1947,Approved,English,Unknown,1940,English - Unknown,English - Unknown - 1940s
tt0040098,1948,Approved,English,Unknown,1940,English - Unknown,English - Unknown - 1940s
tt0040271,1948,Approved,English,Unknown,1940,English - Unknown,English - Unknown - 1940s
tt0040336,1947,Unknown,Portuguese,Unknown,1940,Portuguese - Unknown,Portuguese - Unknown - 1940s
tt0040539,1948,Approved,English,Unknown,1940,English - Unknown,English - Unknown - 1940s
tt0040695,1948,Approved,English,Unknown,1940,English - Unknown,English - Unknown - 1940s
tt0040737,1949,Not Rated,Italian,Unknown,1940,Italian - Unknown,Italian - Unknown - 1940s
tt0040746,1948,Approved,English,Unknown,1940,English - Unknown,English - Unknown - 1940s
tt0040768,1948,Passed,English,Unknown,1940,English - Unknown,English - Unknown - 1940s
tt0040829,1948,Approved,English,Unknown,1940,English - Unknown,English - Unknown - 1940s
tt0040895,1948,Approved,English,Unknown,1940,English - Unknown,English - Unknown - 1940s
tt0040897,1948,Approved,English,Unknown,1940,English - Unknown,English - Unknown - 1940s
tt0040946,1948,Approved,English,Unknown,1940,English - Unknown,English - Unknown - 1940s
tt0040976,1948,Approved,English,Unknown,1940,English - Unknown,English - Unknown - 1940s
tt0040979,1948,Not Rated,Japanese,Unknown,1940,Japanese - Unknown,Japanese - Unknown - 1940s
tt0041113,1949,Approved,English,Unknown,1940,English - Unknown,English - Unknown - 1940s
tt0041281,1949,Approved,English,Unknown,1940,English - Unknown,English - Unknown - 1940s
tt0041340,1949,Approved,English,Unknown,1940,English - Unknown,English - Unknown - 1940s
tt0041372,1949,Approved,English,Unknown,1940,English - Unknown,English - Unknown - 1940s
tt0041437,1950,Not Rated,English,Unknown,1950,English - Unknown,English - Unknown - 1950s
tt0041460,1949,Approved,English,Unknown,1940,English - Unknown,English - Unknown - 1940s
tt0041461,1949,Approved,English,Unknown,1940,English - Unknown,English - Unknown - 1940s
tt0041509,1949,Approved,English,Unknown,1940,English - Unknown,English - Unknown - 1940s
tt0041513,1949,Approved,English,Unknown,1940,English - Unknown,English - Unknown - 1940s
tt0041545,1949,Approved,English,Unknown,1940,English - Unknown,English - Unknown - 1940s
tt0041607,1949,Approved,English,Unknown,1940,English - Unknown,English - Unknown - 1940s
tt0041615,1949,Approved,English,Unknown,1940,English - Unknown,English - Unknown - 1940s
tt0041628,1949,Unrated,English,Unknown,1940,English - Unknown,English - Unknown - 1940s
tt0041640,1950,Unknown,French,Unknown,1950,French - Unknown,French - Unknown - 1950s
tt0041650,1949,Approved,English,Unknown,1940,English - Unknown,English - Unknown - 1940s
tt0041705,1942,Unknown,French,Unknown,1940,French - Unknown,French - Unknown - 1940s
tt0041788,1949,Passed,English,Unknown,1940,English - Unknown,English - Unknown - 1940s
tt0041822,1949,Approved,English,Unknown,1940,English - Unknown,English - Unknown - 1940s
tt0041838,1949,Approved,English,Unknown,1940,English - Unknown,English - Unknown - 1940s
tt0041841,1949,Approved,English,Unknown,1940,English - Unknown,English - Unknown - 1940s
tt0041890,1948,G,English,Family,1940,English - Family,English - Family - 1940s
tt0041911,1949,Not Rated,English,Unknown,1940,English - Unknown,English - Unknown - 1940s
tt0041959,1949,Approved,English,Unknown,1940,English - Unknown,English - Unknown - 1940s
tt0041999,1948,Unknown,Polish,Unknown,1940,Polish - Unknown,Polish - Unknown - 1940s
tt0042040,1949,Approved,English,Unknown,1940,English - Unknown,English - Unknown - 1940s
tt0042261,1949,Passed,Italian,Unknown,1940,Italian - Unknown,Italian - Unknown - 1940s
tt0042313,1950,Approved,English,Unknown,1950,English - Unknown,English - Unknown - 1950s
tt0042332,1950,G,English,Family,1950,English - Family,English - Family - 1950s
tt0042395,1950,Approved,English,Unknown,1950,English - Unknown,English - Unknown - 1950s
tt0042511,1950,Passed,English,Unknown,1950,English - Unknown,English - Unknown - 1950s
tt0042522,1950,Approved,English,Unknown,1950,English - Unknown,English - Unknown - 1950s
tt0042643,1950,Approved,English,Unknown,1950,English - Unknown,English - Unknown - 1950s
tt0042648,1950,Approved,English,Unknown,1950,English - Unknown,English - Unknown - 1950s
tt0042781,1951,PG-13,English,Teen,1950,English - Teen,English - Teen - 1950s
tt0042809,1950,Approved,English,Unknown,1950,English - Unknown,English - Unknown - 1950s
tt0042830,1950,Passed,Spanish,Unknown,1950,Spanish - Unknown,Spanish - Unknown - 1950s
tt0042876,1950,Not Rated,Japanese,Unknown,1950,Japanese - Unknown,Japanese - Unknown - 1950s
tt0042952,1950,Approved,English,Unknown,1950,English - Unknown,English - Unknown - 1950s
tt0042980,1950,Approved,English,Unknown,1950,English - Unknown,English - Unknown - 1950s
tt0043014,1950,Approved,English,Unknown,1950,English - Unknown,English - Unknown - 1950s
tt0043017,1950,Passed,English,Unknown,1950,English - Unknown,English - Unknown - 1950s
tt0043024,1950,Approved,English,Unknown,1950,English - Unknown,English - Unknown - 1950s
tt0043067,1950,Approved,English,Unknown,1950,English - Unknown,English - Unknown - 1950s
tt0043137,1950,Approved,English,Unknown,1950,English - Unknown,English - Unknown - 1950s
tt0043265,1951,PG,English,Family,1950,English - Family,English - Family - 1950s
tt0043274,1951,Approved,English,Unknown,1950,English - Unknown,English - Unknown - 1950s
tt0043292,1950,Approved,English,Unknown,1950,English - Unknown,English - Unknown - 1950s
tt0043320,1951,Approved,English,Unknown,1950,English - Unknown,English - Unknown - 1950s
tt0043360,1951,Approved,English,Unknown,1950,English - Unknown,English - Unknown - 1950s
tt0043379,1951,Not Rated,English,Unknown,1950,English - Unknown,English - Unknown - 1950s
tt0043456,1951,G,English,Family,1950,English - Family,English - Family - 1950s
tt0043469,1951,Approved,English,Unknown,1950,English - Unknown,English - Unknown - 1950s
tt0043547,1951,Approved,English,Unknown,1950,English - Unknown,English - Unknown - 1950s
tt0043560,1951,Approved,English,Unknown,1950,English - Unknown,English - Unknown - 1950s
tt0043621,1951,Approved,English,Unknown,1950,English - Unknown,English - Unknown - 1950s
tt0043638,1951,Unknown,English,Unknown,1950,English - Unknown,English - Unknown - 1950s
tt0043652,1951,Unknown,Swedish,Unknown,1950,Swedish - Unknown,Swedish - Unknown - 1950s
tt0043686,1952,Not Rated,French,Unknown,1950,French - Unknown,French - Unknown - 1950s
tt0043687,1951,Approved,English,Unknown,1950,English - Unknown,English - Unknown - 1950s
tt0043758,1951,Approved,English,Unknown,1950,English - Unknown,English - Unknown - 1950s
tt0043812,1951,Approved,English,Unknown,1950,English - Unknown,English - Unknown - 1950s
tt0043822,1951,Not Rated,English,Unknown,1950,English - Unknown,English - Unknown - 1950s
tt0043871,1950,Unknown,English,Unknown,1950,English - Unknown,English - Unknown - 1950s
tt0043924,1951,Approved,English,Unknown,1950,English - Unknown,English - Unknown - 1950s
tt0043949,1951,Approved,English,Unknown,1950,English - Unknown,English - Unknown - 1950s
tt0043967,1951,Approved,English,Unknown,1950,English - Unknown,English - Unknown - 1950s
tt0044010,1951,Passed,English,Unknown,1950,English - Unknown,English - Unknown - 1950s
tt0044036,1951,Approved,English,Unknown,1950,English - Unknown,English - Unknown - 1950s
tt0044079,1951,PG,English,Family,1950,English - Family,English - Family - 1950s
tt0044085,1951,Approved,English,Unknown,1950,English - Unknown,English - Unknown - 1950s
tt0044091,1951,Approved,English,Unknown,1950,English - Unknown,English - Unknown - 1950s
tt0044202,1951,Approved,English,Unknown,1950,English - Unknown,English - Unknown - 1950s
tt0044357,1952,Approved,English,Unknown,1950,English - Unknown,English - Unknown - 1950s
tt0044364,1951,Approved,English,Unknown,1950,English - Unknown,English - Unknown - 1950s
tt0044419,1952,Approved,Algonquin,Unknown,1950,Algonquin - Unknown,Algonquin - Unknown - 1950s
tt0044446,1952,Approved,English,Unknown,1950,English - Unknown,English - Unknown - 1950s
tt0044460,1951,Approved,English,Unknown,1950,English - Unknown,English - Unknown - 1950s
tt0044486,1952,Approved,English,Unknown,1950,English - Unknown,English - Unknown - 1950s
tt0044517,1952,Approved,English,Unknown,1950,English - Unknown,English - Unknown - 1950s
tt0044621,1952,Approved,English,Unknown,1950,English - Unknown,English - Unknown - 1950s
tt0044706,1952,PG,English,Family,1950,English - Family,English - Family - 1950s
tt0044762,1952,Approved,English,Unknown,1950,English - Unknown,English - Unknown - 1950s
tt0044849,1953,Approved,English,Unknown,1950,English - Unknown,English - Unknown - 1950s
tt0044926,1952,Approved,English,Unknown,1950,English - Unknown,English - Unknown - 1950s
tt0044977,1952,Unknown,French,Unknown,1950,French - Unknown,French - Unknown - 1950s
tt0045053,1952,Approved,English,Unknown,1950,English - Unknown,English - Unknown - 1950s
tt0045072,1952,Approved,English,Unknown,1950,English - Unknown,English - Unknown - 1950s
tt0045094,1952,Approved,English,Unknown,1950,English - Unknown,English - Unknown - 1950s
tt0045124,1952,Approved,English,Unknown,1950,English - Unknown,English - Unknown - 1950s
tt0045129,1952,Approved,English,Unknown,1950,English - Unknown,English - Unknown - 1950s
tt0045152,1952,G,English,Family,1950,English - Family,English - Family - 1950s
tt0045162,1952,Approved,English,Unknown,1950,English - Unknown,English - Unknown - 1950s
tt0045316,1952,Approved,English,Unknown,1950,English - Unknown,English - Unknown - 1950s
tt0045361,1953,Approved,Spanish,Unknown,1950,Spanish - Unknown,Spanish - Unknown - 1950s
tt0045469,1953,Approved,English,Unknown,1950,English - Unknown,English - Unknown - 1950s
tt0045471,1953,Passed,English,Unknown,1950,English - Unknown,English - Unknown - 1950s
tt0045492,1953,Approved,English,Unknown,1950,English - Unknown,English - Unknown - 1950s
tt0045574,1952,Approved,English,Unknown,1950,English - Unknown,English - Unknown - 1950s
tt0045592,1953,Approved,English,Unknown,1950,English - Unknown,English - Unknown - 1950s
tt0045595,1953,Approved,Portuguese,Unknown,1950,Portuguese - Unknown,Portuguese - Unknown - 1950s
tt0045609,1953,Approved,English,Unknown,1950,English - Unknown,English - Unknown - 1950s
tt0045630,1953,Approved,English,Unknown,1950,English - Unknown,English - Unknown - 1950s
tt0045659,1953,Approved,English,Unknown,1950,English - Unknown,English - Unknown - 1950s
tt0045670,1953,Approved,English,Unknown,1950,English - Unknown,English - Unknown - 1950s
tt0045769,1953,Approved,English,Unknown,1950,English - Unknown,English - Unknown - 1950s
tt0045787,1953,Approved,English,Unknown,1950,English - Unknown,English - Unknown - 1950s
tt0045793,1953,Approved,English,Unknown,1950,English - Unknown,English - Unknown - 1950s
tt0045877,1953,Approved,English,Unknown,1950,English - Unknown,English - Unknown - 1950s
tt0045899,1953,Approved,English,Unknown,1950,English - Unknown,English - Unknown - 1950s
tt0045911,1953,Approved,English,Unknown,1950,English - Unknown,English - Unknown - 1950s
tt0046183,1953,G,English,Family,1950,English - Family,English - Family - 1950s
tt0046187,1953,Approved,English,Unknown,1950,English - Unknown,English - Unknown - 1950s
tt0046229,1948,Approved,English,Unknown,1940,English - Unknown,English - Unknown - 1940s
tt0046247,1953,Approved,English,Unknown,1950,English - Unknown,English - Unknown - 1950s
tt0046250,1953,Approved,English,Unknown,1950,English - Unknown,English - Unknown - 1950s
tt0046268,1953,Not Rated,French,Unknown,1950,French - Unknown,French - Unknown - 1950s
tt0046345,1953,R,Swedish,Mature,1950,Swedish - Mature,Swedish - Mature - 1950s
tt0046397,1953,Approved,English,Unknown,1950,English - Unknown,English - Unknown - 1950s
tt0046785,1954,Approved,English,Unknown,1950,English - Unknown,English - Unknown - 1950s
tt0046792,1954,Not Rated,English,Unknown,1950,English - Unknown,English - Unknown - 1950s
tt0046806,1954,Approved,English,Unknown,1950,English - Unknown,English - Unknown - 1950s
tt0046839,1954,Passed,English,Unknown,1950,English - Unknown,English - Unknown - 1950s
tt0046878,1953,Approved,English,Unknown,1950,English - Unknown,English - Unknown - 1950s
tt0046911,1955,Not Rated,French,Unknown,1950,French - Unknown,French - Unknown - 1950s
tt0046912,1954,PG,English,Family,1950,English - Family,English - Family - 1950s
tt0046963,1954,Approved,English,Unknown,1950,English - Unknown,English - Unknown - 1950s
tt0047030,1954,Approved,English,Unknown,1950,English - Unknown,English - Unknown - 1950s
tt0047087,1954,Approved,English,Unknown,1950,English - Unknown,English - Unknown - 1950s
tt0047101,1954,Approved,English,Unknown,1950,English - Unknown,English - Unknown - 1950s
tt0047102,1954,Approved,English,Unknown,1950,English - Unknown,English - Unknown - 1950s
tt0047127,1954,Approved,English,Unknown,1950,English - Unknown,English - Unknown - 1950s
tt0047167,1954,Not Rated,Swedish,Unknown,1950,Swedish - Unknown,Swedish - Unknown - 1950s
tt0047194,1954,Approved,English,Unknown,1950,English - Unknown,English - Unknown - 1950s
tt0047217,1955,Unknown,French,Unknown,1950,French - Unknown,French - Unknown - 1950s
tt0047259,1954,Unknown,German,Unknown,1950,German - Unknown,German - Unknown - 1950s
tt0047272,1953,Unknown,Italian,Unknown,1950,Italian - Unknown,Italian - Unknown - 1950s
tt0047296,1954,Approved,English,Unknown,1950,English - Unknown,English - Unknown - 1950s
tt0047376,1954,Approved,English,Unknown,1950,English - Unknown,English - Unknown - 1950s
tt0047388,1954,Approved,English,Unknown,1950,English - Unknown,English - Unknown - 1950s
tt0047396,1954,PG,English,Family,1950,English - Family,English - Family - 1950s
tt0047437,1954,Approved,English,Unknown,1950,English - Unknown,English - Unknown - 1950s
tt0047469,1954,Not Rated,Italian,Unknown,1950,Italian - Unknown,Italian - Unknown - 1950s
tt0047478,1954,Not Rated,Japanese,Unknown,1950,Japanese - Unknown,Japanese - Unknown - 1950s
tt0047484,1954,Unknown,French,Unknown,1950,French - Unknown,French - Unknown - 1950s
tt0047542,1954,Approved,English,Unknown,1950,English - Unknown,English - Unknown - 1950s
tt0047562,1954,Approved,English,Unknown,1950,English - Unknown,English - Unknown - 1950s
tt0047574,1954,Approved,English,Unknown,1950,English - Unknown,English - Unknown - 1950s
tt0047580,1954,Approved,English,Unknown,1950,English - Unknown,English - Unknown - 1950s
tt0047604,1955,Unknown,English,Unknown,1950,English - Unknown,English - Unknown - 1950s
tt0047688,1954,Approved,English,Unknown,1950,English - Unknown,English - Unknown - 1950s
tt0047797,1955,Approved,English,Unknown,1950,English - Unknown,English - Unknown - 1950s
tt0047821,1955,Not Rated,Italian,Unknown,1950,Italian - Unknown,Italian - Unknown - 1950s
tt0047878,1955,Approved,English,Unknown,1950,English - Unknown,English - Unknown - 1950s
tt0047892,1956,PG,French,Family,1950,French - Family,French - Family - 1950s
tt0047898,1955,Approved,English,Unknown,1950,English - Unknown,English - Unknown - 1950s
tt0047930,1955,Not Rated,Czech,Unknown,1950,Czech - Unknown,Czech - Unknown - 1950s
tt0047956,1955,Approved,English,Unknown,1950,English - Unknown,English - Unknown - 1950s
tt0047960,1955,Approved,English,Unknown,1950,English - Unknown,English - Unknown - 1950s
tt0048140,1955,Approved,English,Unknown,1950,English - Unknown,English - Unknown - 1950s
tt0048191,1955,Approved,English,Unknown,1950,English - Unknown,English - Unknown - 1950s
tt0048227,1955,Unknown,English,Unknown,1950,English - Unknown,English - Unknown - 1950s
tt0048254,1955,Approved,English,Unknown,1950,English - Unknown,English - Unknown - 1950s
tt0048280,1955,G,English,Family,1950,English - Family,English - Family - 1950s
tt0048312,1955,Approved,English,Unknown,1950,English - Unknown,English - Unknown - 1950s
tt0048393,1955,Not Rated,English,Unknown,1950,English - Unknown,English - Unknown - 1950s
tt0048424,1955,Approved,English,Unknown,1950,English - Unknown,English - Unknown - 1950s
tt0048535,1955,Approved,English,Unknown,1950,English - Unknown,English - Unknown - 1950s
tt0048573,1954,Approved,English,Unknown,1950,English - Unknown,English - Unknown - 1950s
tt0048605,1955,Approved,English,Unknown,1950,English - Unknown,English - Unknown - 1950s
tt0048673,1955,Approved,English,Unknown,1950,English - Unknown,English - Unknown - 1950s
tt0048696,1955,Approved,English,Unknown,1950,English - Unknown,English - Unknown - 1950s
tt0048705,1955,Approved,English,Unknown,1950,English - Unknown,English - Unknown - 1950s
tt0048728,1955,PG,English,Family,1950,English - Family,English - Family - 1950s
tt0048729,1955,Approved,English,Unknown,1950,English - Unknown,English - Unknown - 1950s
tt0048752,1955,Unknown,Finnish,Unknown,1950,Finnish - Unknown,Finnish - Unknown - 1950s
tt0048801,1955,Not Rated,English,Unknown,1950,English - Unknown,English - Unknown - 1950s
tt0048925,1957,Unknown,French,Unknown,1950,French - Unknown,French - Unknown - 1950s
tt0048976,1956,Approved,English,Unknown,1950,English - Unknown,English - Unknown - 1950s
tt0048993,1956,Unknown,Italian,Unknown,1950,Italian - Unknown,Italian - Unknown - 1950s
tt0049035,1957,Approved,English,Unknown,1950,English - Unknown,English - Unknown - 1950s
tt0049092,1956,Approved,English,Unknown,1950,English - Unknown,English - Unknown - 1950s
tt0049140,1956,Approved,English,Unknown,1950,English - Unknown,English - Unknown - 1950s
tt0049314,1956,Approved,English,Unknown,1950,English - Unknown,English - Unknown - 1950s
tt0049357,1957,Unrated,English,Unknown,1950,English - Unknown,English - Unknown - 1950s
tt0049406,1956,Approved,English,Unknown,1950,English - Unknown,English - Unknown - 1950s
tt0049428,1957,Unknown,Spanish,Unknown,1950,Spanish - Unknown,Spanish - Unknown - 1950s
tt0049468,1956,Approved,English,Unknown,1950,English - Unknown,English - Unknown - 1950s
tt0049470,1956,PG,English,Family,1950,English - Family,English - Family - 1950s
tt0049515,1956,Approved,English,Unknown,1950,English - Unknown,English - Unknown - 1950s
tt0049553,1956,Approved,English,Unknown,1950,English - Unknown,English - Unknown - 1950s
tt0049646,1955,Approved,English,Unknown,1950,English - Unknown,English - Unknown - 1950s
tt0049656,1956,Approved,English,Unknown,1950,English - Unknown,English - Unknown - 1950s
tt0049697,1956,Approved,English,Unknown,1950,English - Unknown,English - Unknown - 1950s
tt0049730,1956,Approved,English,Unknown,1950,English - Unknown,English - Unknown - 1950s
tt0049737,1956,Approved,English,Unknown,1950,English - Unknown,English - Unknown - 1950s
tt0049782,1956,Approved,Japanese,Unknown,1950,Japanese - Unknown,Japanese - Unknown - 1950s
tt0049833,1956,G,English,Family,1950,English - Family,English - Family - 1950s
tt0049900,1956,Unrated,Japanese,Unknown,1950,Japanese - Unknown,Japanese - Unknown - 1950s
tt0049961,1956,Approved,English,Unknown,1950,English - Unknown,English - Unknown - 1950s
tt0049968,1957,Not Rated,Spanish,Unknown,1950,Spanish - Unknown,Spanish - Unknown - 1950s
tt0050083,1957,Approved,English,Unknown,1950,English - Unknown,English - Unknown - 1950s
tt0050086,1957,Approved,English,Unknown,1950,English - Unknown,English - Unknown - 1950s
tt0050104,1957,Approved,English,Unknown,1950,English - Unknown,English - Unknown - 1950s
tt0050105,1957,Approved,English,Unknown,1950,English - Unknown,English - Unknown - 1950s
tt0050155,1957,Approved,English,Unknown,1950,English - Unknown,English - Unknown - 1950s
tt0050210,1957,Approved,English,Unknown,1950,English - Unknown,English - Unknown - 1950s
tt0050212,1957,PG,English,Family,1950,English - Family,English - Family - 1950s
tt0050356,1957,Approved,English,Unknown,1950,English - Unknown,English - Unknown - 1950s
tt0050432,1957,Approved,English,Unknown,1950,English - Unknown,English - Unknown - 1950s
tt0050468,1957,Approved,English,Unknown,1950,English - Unknown,English - Unknown - 1950s
tt0050669,1958,Unknown,French,Unknown,1950,French - Unknown,French - Unknown - 1950s
tt0050720,1957,Approved,English,Unknown,1950,English - Unknown,English - Unknown - 1950s
tt0050752,1956,Unknown,Georgian,Unknown,1950,Georgian - Unknown,Georgian - Unknown - 1950s
tt0050758,1957,Unknown,Hindi,Unknown,1950,Hindi - Unknown,Hindi - Unknown - 1950s
tt0050798,1957,Approved,English,Unknown,1950,English - Unknown,English - Unknown - 1950s
tt0050815,1957,Approved,English,Unknown,1950,English - Unknown,English - Unknown - 1950s
tt0050825,1957,Approved,English,Unknown,1950,English - Unknown,English - Unknown - 1950s
tt0050879,1957,Approved,English,Unknown,1950,English - Unknown,English - Unknown - 1950s
tt0050976,1957,Not Rated,Swedish,Unknown,1950,Swedish - Unknown,Swedish - Unknown - 1950s
tt0050986,1957,Not Rated,Swedish,Unknown,1950,Swedish - Unknown,Swedish - Unknown - 1950s
tt0051077,1957,Approved,English,Unknown,1950,English - Unknown,English - Unknown - 1950s
tt0051109,1957,Unknown,French,Unknown,1950,French - Unknown,French - Unknown - 1950s
tt0051201,1957,Approved,English,Unknown,1950,English - Unknown,English - Unknown - 1950s
tt0051337,1958,G,English,Family,1950,English - Family,English - Family - 1950s
tt0051364,1958,Approved,English,Unknown,1950,English - Unknown,English - Unknown - 1950s
tt0051390,1958,Not Rated,Arabic,Unknown,1950,Arabic - Unknown,Arabic - Unknown - 1950s
tt0051406,1958,Approved,English,Unknown,1950,English - Unknown,English - Unknown - 1950s
tt0051484,1958,Approved,English,Unknown,1950,English - Unknown,English - Unknown - 1950s
tt0051504,1959,Not Rated,Spanish,Unknown,1950,Spanish - Unknown,Spanish - Unknown - 1950s
tt0051539,1958,Unknown,Arabic,Unknown,1950,Arabic - Unknown,Arabic - Unknown - 1950s
tt0051631,1958,Approved,English,Unknown,1950,English - Unknown,English - Unknown - 1950s
tt0051756,1958,Approved,English,Unknown,1950,English - Unknown,English - Unknown - 1950s
tt0051786,1958,Approved,English,Unknown,1950,English - Unknown,English - Unknown - 1950s
tt0051959,1958,Approved,English,Unknown,1950,English - Unknown,English - Unknown - 1950s
tt0051978,1958,Approved,English,Unknown,1950,English - Unknown,English - Unknown - 1950s
tt0052126,1958,Approved,English,Unknown,1950,English - Unknown,English - Unknown - 1950s
tt0052130,1957,Not Rated,French,Unknown,1950,French - Unknown,French - Unknown - 1950s
tt0052257,1958,Approved,English,Unknown,1950,English - Unknown,English - Unknown - 1950s
tt0052311,1958,PG-13,English,Teen,1950,English - Teen,English - Teen - 1950s
tt0052357,1958,PG,English,Family,1950,English - Family,English - Family - 1950s
tt0052379,1958,Approved,English,Unknown,1950,English - Unknown,English - Unknown - 1950s
tt0052534,1959,Unknown,Italian,Unknown,1950,Italian - Unknown,Italian - Unknown - 1950s
tt0052561,1959,Approved,English,Unknown,1950,English - Unknown,English - Unknown - 1950s
tt0052589,1959,Unknown,Italian,Unknown,1950,Italian - Unknown,Italian - Unknown - 1950s
tt0052618,1959,G,English,Family,1950,English - Family,English - Family - 1950s
tt0052634,1959,Unknown,English,Unknown,1950,English - Unknown,English - Unknown - 1950s
tt0052646,1962,Approved,English,Unknown,1960,English - Unknown,English - Unknown - 1960s
tt0052700,1959,Approved,English,Unknown,1950,English - Unknown,English - Unknown - 1950s
tt0052713,1959,Approved,English,Unknown,1950,English - Unknown,English - Unknown - 1950s
tt0052717,1959,Not Rated,English,Unknown,1950,English - Unknown,English - Unknown - 1950s
tt0052784,1960,Unknown,Spanish,Unknown,1960,Spanish - Unknown,Spanish - Unknown - 1960s
tt0052805,1959,Approved,English,Unknown,1950,English - Unknown,English - Unknown - 1950s
tt0052809,1959,Approved,English,Unknown,1950,English - Unknown,English - Unknown - 1950s
tt0052846,1959,Approved,English,Unknown,1950,English - Unknown,English - Unknown - 1950s
tt0052847,1959,Approved,English,Unknown,1950,English - Unknown,English - Unknown - 1950s
tt0052891,1959,TV-PG,English,Teen,1950,English - Teen,English - Teen - 1950s
tt0052893,1959,Not Rated,French,Unknown,1950,French - Unknown,French - Unknown - 1950s
tt0053002,1959,Unknown,French,Unknown,1950,French - Unknown,French - Unknown - 1950s
tt0053010,1959,Unknown,Mandarin,Unknown,1950,Mandarin - Unknown,Mandarin - Unknown - 1950s
tt0053103,1959,Unknown,Russian,Unknown,1950,Russian - Unknown,Russian - Unknown - 1950s
tt0053114,1959,Not Rated,Japanese,Unknown,1950,Japanese - Unknown,Japanese - Unknown - 1950s
tt0053125,1959,Approved,English,Unknown,1950,English - Unknown,English - Unknown - 1950s
tt0053135,1959,Approved,English,Unknown,1950,English - Unknown,English - Unknown - 1950s
tt0053137,1959,Approved,English,Unknown,1950,English - Unknown,English - Unknown - 1950s
tt0053143,1959,Approved,English,Unknown,1950,English - Unknown,English - Unknown - 1950s
tt0053198,1959,Not Rated,French,Unknown,1950,French - Unknown,French - Unknown - 1950s
tt0053213,1959,Unknown,English,Unknown,1950,English - Unknown,English - Unknown - 1950s
tt0053226,1958,Not Rated,English,Unknown,1950,English - Unknown,English - Unknown - 1950s
tt0053285,1959,G,English,Family,1950,English - Family,English - Family - 1950s
tt0053291,1959,Approved,English,Unknown,1950,English - Unknown,English - Unknown - 1950s
tt0053374,1959,Not Rated,English,Unknown,1950,English - Unknown,English - Unknown - 1950s
tt0053472,1960,Not Rated,French,Unknown,1960,French - Unknown,French - Unknown - 1960s
tt0053604,1960,Approved,English,Unknown,1960,English - Unknown,English - Unknown - 1960s
tt0053804,1960,Approved,English,Unknown,1960,English - Unknown,English - Unknown - 1960s
tt0053890,1960,Not Rated,English,Unknown,1960,English - Unknown,English - Unknown - 1960s
tt0053925,1960,Approved,English,Unknown,1960,English - Unknown,English - Unknown - 1960s
tt0054004,1960,Unknown,Polish,Unknown,1960,Polish - Unknown,Polish - Unknown - 1960s
tt0054022,1960,Approved,English,Unknown,1960,English - Unknown,English - Unknown - 1960s
tt0054047,1960,Approved,English,Unknown,1960,English - Unknown,English - Unknown - 1960s
tt0054115,1960,Not Rated,English,Unknown,1960,English - Unknown,English - Unknown - 1960s
tt0054177,1963,Not Rated,French,Unknown,1960,French - Unknown,French - Unknown - 1960s
tt0054215,1960,R,English,Mature,1960,English - Mature,English - Mature - 1960s
tt0054254,1961,Unknown,Spanish,Unknown,1960,Spanish - Unknown,Spanish - Unknown - 1960s
tt0054321,1960,Unknown,Spanish,Unknown,1960,Spanish - Unknown,Spanish - Unknown - 1960s
tt0054331,1960,PG-13,English,Teen,1960,English - Teen,English - Teen - 1960s
tt0054333,1960,Unrated,German,Unknown,1960,German - Unknown,German - Unknown - 1960s
tt0054345,1960,Approved,English,Unknown,1960,English - Unknown,English - Unknown - 1960s
tt0054415,1960,Unknown,English,Unknown,1960,English - Unknown,English - Unknown - 1960s
tt0054447,1961,Not Rated,Italian,Unknown,1960,Italian - Unknown,Italian - Unknown - 1960s
tt0054462,1959,Approved,English,Unknown,1950,English - Unknown,English - Unknown - 1950s
tt0054476,1960,Approved,English,Unknown,1960,English - Unknown,English - Unknown - 1960s
tt0054698,1961,Approved,English,Unknown,1960,English - Unknown,English - Unknown - 1960s
tt0054749,1960,Not Rated,Italian,Unknown,1960,Italian - Unknown,Italian - Unknown - 1960s
tt0054777,1961,Approved,English,Unknown,1960,English - Unknown,English - Unknown - 1960s
tt0054795,1961,Approved,English,Unknown,1960,English - Unknown,English - Unknown - 1960s
tt0054866,1961,Approved,English,Unknown,1960,English - Unknown,English - Unknown - 1960s
tt0054880,1963,Unknown,English,Unknown,1960,English - Unknown,English - Unknown - 1960s
tt0054890,1962,Approved,English,Unknown,1960,English - Unknown,English - Unknown - 1960s
tt0054910,1961,Unknown,Hindi,Unknown,1960,Hindi - Unknown,Hindi - Unknown - 1960s
tt0054950,1961,Approved,Italian,Unknown,1960,Italian - Unknown,Italian - Unknown - 1960s
tt0054953,1961,Not Rated,English,Unknown,1960,English - Unknown,English - Unknown - 1960s
tt0054997,1961,Approved,English,Unknown,1960,English - Unknown,English - Unknown - 1960s
tt0055031,1961,Approved,English,Unknown,1960,English - Unknown,English - Unknown - 1960s
tt0055035,1961,Unknown,Hindi,Unknown,1960,Hindi - Unknown,Hindi - Unknown - 1960s
tt0055134,1961,Unrated,English,Unknown,1960,English - Unknown,English - Unknown - 1960s
tt0055184,1961,Approved,English,Unknown,1960,English - Unknown,English - Unknown - 1960s
tt0055253,1961,Approved,English,Unknown,1960,English - Unknown,English - Unknown - 1960s
tt0055254,1961,G,English,Family,1960,English - Family,English - Family - 1960s
tt0055304,1961,Approved,English,Unknown,1960,English - Unknown,English - Unknown - 1960s
tt0055336,1961,Unknown,French,Unknown,1960,French - Unknown,French - Unknown - 1960s
tt0055408,1962,Not Rated,Spanish,Unknown,1960,Spanish - Unknown,Spanish - Unknown - 1960s
tt0055508,1961,Passed,Bengali,Unknown,1960,Bengali - Unknown,Bengali - Unknown - 1960s
tt0055614,1961,Approved,English,Unknown,1960,English - Unknown,English - Unknown - 1960s
tt0055630,1961,Not Rated,Japanese,Unknown,1960,Japanese - Unknown,Japanese - Unknown - 1960s
tt0055805,1962,Unrated,Italian,Unknown,1960,Italian - Unknown,Italian - Unknown - 1960s
tt0055830,1962,PG,English,Family,1960,English - Family,English - Family - 1960s
tt0055844,1961,Not Rated,Russian,Unknown,1960,Russian - Unknown,Russian - Unknown - 1960s
tt0055850,1962,Unknown,Japanese,Unknown,1960,Japanese - Unknown,Japanese - Unknown - 1960s
tt0055864,1962,Not Rated,English,Unknown,1960,English - Unknown,English - Unknown - 1960s
tt0055871,1962,Approved,English,Unknown,1960,English - Unknown,English - Unknown - 1960s
tt0055928,1962,PG,English,Family,1960,English - Family,English - Family - 1960s
tt0055994,1962,Unknown,German,Unknown,1960,German - Unknown,German - Unknown - 1960s
tt0056062,1962,Approved,English,Unknown,1960,English - Unknown,English - Unknown - 1960s
tt0056112,1962,Approved,English,Unknown,1960,English - Unknown,English - Unknown - 1960s
tt0056121,1962,Not Rated,English,Unknown,1960,English - Unknown,English - Unknown - 1960s
tt0056142,1963,Approved,English,Unknown,1960,English - Unknown,English - Unknown - 1960s
tt0056172,1962,PG,English,Family,1960,English - Family,English - Family - 1960s
tt0056193,1962,Approved,English,Unknown,1960,English - Unknown,English - Unknown - 1960s
tt0056194,1962,Not Rated,English,Unknown,1960,English - Unknown,English - Unknown - 1960s
tt0056218,1962,PG-13,English,Teen,1960,English - Teen,English - Teen - 1960s
tt0056288,1962,Not Rated,Italian,Unknown,1960,Italian - Unknown,Italian - Unknown - 1960s
tt0056331,1962,Approved,English,Unknown,1960,English - Unknown,English - Unknown - 1960s
tt0056528,1962,G,Italian,Family,1960,Italian - Family,Italian - Family - 1960s
tt0056552,1962,Approved,English,Unknown,1960,English - Unknown,English - Unknown - 1960s
tt0056576,1962,Approved,English,Unknown,1960,English - Unknown,English - Unknown - 1960s
tt0056582,1962,Unknown,Portuguese,Unknown,1960,Portuguese - Unknown,Portuguese - Unknown - 1960s
tt0056592,1962,Approved,English,Unknown,1960,English - Unknown,English - Unknown - 1960s
tt0056609,1963,Unknown,Czech,Unknown,1960,Czech - Unknown,Czech - Unknown - 1960s
tt0056626,1962,Approved,English,Unknown,1960,English - Unknown,English - Unknown - 1960s
tt0056667,1960,Not Rated,French,Unknown,1960,French - Unknown,French - Unknown - 1960s
tt0056676,1962,Approved,English,Unknown,1960,English - Unknown,English - Unknown - 1960s
tt0056693,1962,Not Rated,English,Unknown,1960,English - Unknown,English - Unknown - 1960s
tt0056694,1962,Unknown,English,Unknown,1960,English - Unknown,English - Unknown - 1960s
tt0056850,1963,Unknown,Hindi,Unknown,1960,Hindi - Unknown,Hindi - Unknown - 1960s
tt0056860,1963,Approved,English,Unknown,1960,English - Unknown,English - Unknown - 1960s
tt0056868,1963,Not Rated,English,Unknown,1960,English - Unknown,English - Unknown - 1960s
tt0056869,1963,PG-13,English,Teen,1960,English - Teen,English - Teen - 1960s
tt0056886,1963,G,English,Family,1960,English - Family,English - Family - 1960s
tt0056923,1963,Approved,English,Unknown,1960,English - Unknown,English - Unknown - 1960s
tt0056931,1964,Approved,English,Unknown,1960,English - Unknown,English - Unknown - 1960s
tt0056952,1963,Unknown,English,Unknown,1960,English - Unknown,English - Unknown - 1960s
tt0056967,1963,Approved,English,Unknown,1960,English - Unknown,English - Unknown - 1960s
tt0057012,1964,PG,English,Family,1960,English - Family,English - Family - 1960s
tt0057051,1964,Unknown,French,Unknown,1960,French - Unknown,French - Unknown - 1960s
tt0057076,1963,PG,English,Family,1960,English - Family,English - Family - 1960s
tt0057078,1963,Not Rated,Italian,Unknown,1960,Italian - Unknown,Italian - Unknown - 1960s
tt0057115,1963,Approved,English,Unknown,1960,English - Unknown,English - Unknown - 1960s
tt0057191,1963,Approved,English,Unknown,1960,English - Unknown,English - Unknown - 1960s
tt0057193,1963,Approved,English,Unknown,1960,English - Unknown,English - Unknown - 1960s
tt0057197,1963,G,English,Family,1960,English - Family,English - Family - 1960s
tt0057200,1963,Approved,English,Unknown,1960,English - Unknown,English - Unknown - 1960s
tt0057212,1963,Not Rated,Japanese,Unknown,1960,Japanese - Unknown,Japanese - Unknown - 1960s
tt0057238,1960,Not Rated,Japanese,Unknown,1960,Japanese - Unknown,Japanese - Unknown - 1960s
tt0057239,1962,Unknown,English,Unknown,1960,English - Unknown,English - Unknown - 1960s
tt0057329,1963,Approved,English,Unknown,1960,English - Unknown,English - Unknown - 1960s
tt0057344,1963,Unknown,French,Unknown,1960,French - Unknown,French - Unknown - 1960s
tt0057413,1963,Approved,English,Unknown,1960,English - Unknown,English - Unknown - 1960s
tt0057434,1963,Not Rated,English,Unknown,1960,English - Unknown,English - Unknown - 1960s
tt0057468,1963,Unknown,English,Unknown,1960,English - Unknown,English - Unknown - 1960s
tt0057518,1962,G,English,Family,1960,English - Family,English - Family - 1960s
tt0057546,1963,G,English,Family,1960,English - Family,English - Family - 1960s
tt0057568,1963,Unknown,Hindi,Unknown,1960,Hindi - Unknown,Hindi - Unknown - 1960s
tt0057628,1963,Unknown,Italian,Unknown,1960,Italian - Unknown,Italian - Unknown - 1960s
tt0057637,1961,Unknown,Russian,Unknown,1960,Russian - Unknown,Russian - Unknown - 1960s
tt0057677,1963,Unknown,English,Unknown,1960,English - Unknown,English - Unknown - 1960s
tt0057704,1963,Unknown,Japanese,Unknown,1960,Japanese - Unknown,Japanese - Unknown - 1960s
tt0057715,1963,Not Rated,Japanese,Unknown,1960,Japanese - Unknown,Japanese - Unknown - 1960s
tt0057840,1964,Approved,English,Unknown,1960,English - Unknown,English - Unknown - 1960s
tt0057917,1964,PG,English,Family,1960,English - Family,English - Family - 1960s
tt0057984,1965,Not Rated,English,Unknown,1960,English - Unknown,English - Unknown - 1960s
tt0058006,1964,Not Rated,Portuguese,Unknown,1960,Portuguese - Unknown,Portuguese - Unknown - 1960s
tt0058018,1964,Approved,English,Unknown,1960,English - Unknown,English - Unknown - 1960s
tt0058092,1964,Approved,English,Unknown,1960,English - Unknown,English - Unknown - 1960s
tt0058150,1964,Approved,English,Unknown,1960,English - Unknown,English - Unknown - 1960s
tt0058154,1964,Approved,English,Unknown,1960,English - Unknown,English - Unknown - 1960s
tt0058166,1964,Approved,English,Unknown,1960,English - Unknown,English - Unknown - 1960s
tt0058213,1964,Approved,English,Unknown,1960,English - Unknown,English - Unknown - 1960s
tt0058247,1965,Unknown,Spanish,Unknown,1960,Spanish - Unknown,Spanish - Unknown - 1960s
tt0058263,1964,Not Rated,English,Unknown,1960,English - Unknown,English - Unknown - 1960s
tt0058281,1964,Unknown,Swedish,Unknown,1960,Swedish - Unknown,Swedish - Unknown - 1960s
tt0058311,1964,Unrated,Italian,Unknown,1960,Italian - Unknown,Italian - Unknown - 1960s
tt0058331,1964,G,English,Family,1960,English - Family,English - Family - 1960s
tt0058333,1964,Not Rated,English,Unknown,1960,English - Unknown,English - Unknown - 1960s
tt0058335,1964,Not Rated,Italian,Unknown,1960,Italian - Unknown,Italian - Unknown - 1960s
tt0058385,1964,G,English,Family,1960,English - Family,English - Family - 1960s
tt0058430,1964,Not Rated,Japanese,Unknown,1960,Japanese - Unknown,Japanese - Unknown - 1960s
tt0058461,1964,R,English,Mature,1960,English - Mature,English - Mature - 1960s
tt0058534,1964,PG,English,Family,1960,English - Family,English - Family - 1960s
tt0058557,1964,Unknown,English,Unknown,1960,English - Unknown,English - Unknown - 1960s
tt0058586,1964,Approved,English,Unknown,1960,English - Unknown,English - Unknown - 1960s
tt0058715,1964,Not Rated,Italian,Unknown,1960,Italian - Unknown,Italian - Unknown - 1960s
tt0058869,1965,Unknown,Japanese,Unknown,1960,Japanese - Unknown,Japanese - Unknown - 1960s
tt0058947,1965,Approved,English,Unknown,1960,English - Unknown,English - Unknown - 1960s
tt0058977,1966,Approved,English,Unknown,1960,English - Unknown,English - Unknown - 1960s
tt0058985,1965,Not Rated,French,Unknown,1960,French - Unknown,French - Unknown - 1960s
tt0058990,1965,Approved,English,Unknown,1960,English - Unknown,English - Unknown - 1960s
tt0059028,1965,Not Rated,Malayalam,Unknown,1960,Malayalam - Unknown,Malayalam - Unknown - 1960s
tt0059029,1960,Unknown,Mandarin,Unknown,1960,Mandarin - Unknown,Mandarin - Unknown - 1960s
tt0059050,1965,Unknown,French,Unknown,1960,French - Unknown,French - Unknown - 1960s
tt0059063,1965,Unknown,Serbo-Croatian,Unknown,1960,Serbo-Croatian - Unknown,Serbo-Croatian - Unknown - 1960s
tt0059084,1965,TV-MA,English,Mature,1960,English - Mature,English - Mature - 1960s
tt0059112,1965,Not Rated,English,Unknown,1960,English - Unknown,English - Unknown - 1960s
tt0059113,1965,Approved,English,Unknown,1960,English - Unknown,English - Unknown - 1960s
tt0059205,1965,Unrated,Japanese,Unknown,1960,Japanese - Unknown,Japanese - Unknown - 1960s
tt0059219,1965,Approved,English,Unknown,1960,English - Unknown,English - Unknown - 1960s
tt0059232,1965,Approved,English,Unknown,1960,English - Unknown,English - Unknown - 1960s
tt0059245,1965,G,English,Family,1960,English - Family,English - Family - 1960s
tt0059290,1964,Unknown,English,Unknown,1960,English - Unknown,English - Unknown - 1960s
tt0059320,1965,Unknown,Japanese,Unknown,1960,Japanese - Unknown,Japanese - Unknown - 1960s
tt0059325,1990,Unknown,German,Unknown,1990,German - Unknown,German - Unknown - 1990s
tt0059382,1968,G,English,Family,1960,English - Family,English - Family - 1960s
tt0059399,1965,Not Rated,English,Unknown,1960,English - Unknown,English - Unknown - 1960s
tt0059418,1965,Approved,English,Unknown,1960,English - Unknown,English - Unknown - 1960s
tt0059496,1965,Approved,English,Unknown,1960,English - Unknown,English - Unknown - 1960s
tt0059527,1965,Not Rated,Slovak,Unknown,1960,Slovak - Unknown,Slovak - Unknown - 1960s
tt0059539,1966,Not Rated,English,Unknown,1960,English - Unknown,English - Unknown - 1960s
tt0059550,1965,TV-G,Russian,Family,1960,Russian - Family,Russian - Family - 1960s
tt0059573,1965,Approved,English,Unknown,1960,English - Unknown,English - Unknown - 1960s
tt0059588,1966,G,Italian,Family,1960,Italian - Family,Italian - Family - 1960s
tt0059677,1965,Unknown,Japanese,Unknown,1960,Japanese - Unknown,Japanese - Unknown - 1960s
tt0059714,1965,Unknown,Japanese,Unknown,1960,Japanese - Unknown,Japanese - Unknown - 1960s
tt0059724,1965,Not Rated,English,Unknown,1960,English - Unknown,English - Unknown - 1960s
tt0059727,1965,Approved,English,Unknown,1960,English - Unknown,English - Unknown - 1960s
tt0059742,1965,G,English,Family,1960,English - Family,English - Family - 1960s
tt0059798,1965,Approved,English,Unknown,1960,English - Unknown,English - Unknown - 1960s
tt0059800,1965,Approved,English,Unknown,1960,English - Unknown,English - Unknown - 1960s
tt0059856,1965,Unknown,Italian,Unknown,1960,Italian - Unknown,Italian - Unknown - 1960s
tt0059880,1965,Unknown,English,Unknown,1960,English - Unknown,English - Unknown - 1960s
tt0059884,1965,Not Rated,Russian,Unknown,1960,Russian - Unknown,Russian - Unknown - 1960s
tt0060097,1965,Unrated,Italian,Unknown,1960,Italian - Unknown,Italian - Unknown - 1960s
tt0060107,1966,R,Russian,Mature,1960,Russian - Mature,Russian - Mature - 1960s
tt0060176,1966,Not Rated,English,Unknown,1960,English - Unknown,English - Unknown - 1960s
tt0060196,1966,R,English,Mature,1960,English - Mature,English - Mature - 1960s
tt0060200,1966,Approved,English,Unknown,1960,English - Unknown,English - Unknown - 1960s
tt0060277,1966,Not Rated,Japanese,Unknown,1960,Japanese - Unknown,Japanese - Unknown - 1960s
tt0060318,1966,Unknown,Russian,Unknown,1960,Russian - Unknown,Russian - Unknown - 1960s
tt0060380,1967,Unknown,Portuguese,Unknown,1960,Portuguese - Unknown,Portuguese - Unknown - 1960s
tt0060420,1966,Approved,English,Unknown,1960,English - Unknown,English - Unknown - 1960s
tt0060424,1966,Approved,English,Unknown,1960,English - Unknown,English - Unknown - 1960s
tt0060486,1966,Unknown,Japanese,Unknown,1960,Japanese - Unknown,Japanese - Unknown - 1960s
tt0060558,1966,Approved,English,Unknown,1960,English - Unknown,English - Unknown - 1960s
tt0060579,1966,Not Rated,Japanese,Unknown,1960,Japanese - Unknown,Japanese - Unknown - 1960s
tt0060666,1966,Not Rated,English,Unknown,1960,English - Unknown,English - Unknown - 1960s
tt0060668,1967,Approved,English,Unknown,1960,English - Unknown,English - Unknown - 1960s
tt0060675,1966,Not Rated,French,Unknown,1960,French - Unknown,French - Unknown - 1960s
tt0060728,1966,Approved,English,Unknown,1960,English - Unknown,English - Unknown - 1960s
tt0060749,1966,Unknown,German,Unknown,1960,German - Unknown,German - Unknown - 1960s
tt0060754,1966,G,English,Family,1960,English - Family,English - Family - 1960s
tt0060818,1966,Approved,English,Unknown,1960,English - Unknown,English - Unknown - 1960s
tt0060820,1966,Unknown,Italian,Unknown,1960,Italian - Unknown,Italian - Unknown - 1960s
tt0060827,1966,Not Rated,Swedish,Unknown,1960,Swedish - Unknown,Swedish - Unknown - 1960s
tt0060880,1966,Approved,English,Unknown,1960,English - Unknown,English - Unknown - 1960s
tt0060908,1966,Not Rated,French,Unknown,1960,French - Unknown,French - Unknown - 1960s
tt0060921,1966,Approved,English,Unknown,1960,English - Unknown,English - Unknown - 1960s
tt0060965,1966,Unknown,Italian,Unknown,1960,Italian - Unknown,Italian - Unknown - 1960s
tt0061069,1979,Unknown,Japanese,Unknown,1970,Japanese - Unknown,Japanese - Unknown - 1970s
tt0061093,1966,Approved,English,Unknown,1960,English - Unknown,English - Unknown - 1960s
tt0061177,1966,PG,English,Family,1960,English - Family,English - Family - 1960s
tt0061391,1967,Approved,English,Unknown,1960,English - Unknown,English - Unknown - 1960s
tt0061405,1967,Approved,English,Unknown,1960,English - Unknown,English - Unknown - 1960s
tt0061418,1967,R,English,Mature,1960,English - Mature,English - Mature - 1960s
tt0061512,1967,Approved,English,Unknown,1960,English - Unknown,English - Unknown - 1960s
tt0061529,1968,Unrated,English,Unknown,1960,English - Unknown,English - Unknown - 1960s
tt0061556,1967,Approved,English,Unknown,1960,English - Unknown,English - Unknown - 1960s
tt0061578,1967,Approved,English,Unknown,1960,English - Unknown,English - Unknown - 1960s
tt0061582,1966,Unknown,Italian,Unknown,1960,Italian - Unknown,Italian - Unknown - 1960s
tt0061626,1967,Approved,English,Unknown,1960,English - Unknown,English - Unknown - 1960s
tt0061722,1967,PG,English,Family,1960,English - Family,English - Family - 1960s
tt0061810,1967,Approved,English,Unknown,1960,English - Unknown,English - Unknown - 1960s
tt0061811,1967,Approved,English,Unknown,1960,English - Unknown,English - Unknown - 1960s
tt0061832,1967,Approved,English,Unknown,1960,English - Unknown,English - Unknown - 1960s
tt0061839,1968,18,German,Unknown,1960,German - Unknown,German - Unknown - 1960s
tt0061841,1967,Unknown,French,Unknown,1960,French - Unknown,French - Unknown - 1960s
tt0061852,1967,Approved,English,Unknown,1960,English - Unknown,English - Unknown - 1960s
tt0061868,1967,G,Japanese,Family,1960,Japanese - Family,Japanese - Family - 1960s
tt0061876,1967,Unknown,Russian,Unknown,1960,Russian - Unknown,Russian - Unknown - 1960s
tt0061879,1967,Unknown,Czech,Unknown,1960,Czech - Unknown,Czech - Unknown - 1960s
tt0062009,1967,Unknown,Japanese,Unknown,1960,Japanese - Unknown,Japanese - Unknown - 1960s
tt0062155,1967,Unknown,English,Unknown,1960,English - Unknown,English - Unknown - 1960s
tt0062207,1967,Unknown,English,Unknown,1960,English - Unknown,English - Unknown - 1960s
tt0062229,1967,GP,French,Unknown,1960,French - Unknown,French - Unknown - 1960s
tt0062260,1967,Not Rated,Japanese,Unknown,1960,Japanese - Unknown,Japanese - Unknown - 1960s
tt0062301,1967,Approved,English,Unknown,1960,English - Unknown,English - Unknown - 1960s
tt0062366,1967,Not Rated,French,Unknown,1960,French - Unknown,French - Unknown - 1960s
tt0062430,1967,PG-13,English,Teen,1960,English - Teen,English - Teen - 1960s
tt0062457,1967,Not Rated,French,Unknown,1960,French - Unknown,French - Unknown - 1960s
tt0062473,1966,Not Rated,English,Unknown,1960,English - Unknown,English - Unknown - 1960s
tt0062479,1967,Approved,English,Unknown,1960,English - Unknown,English - Unknown - 1960s
tt0062485,1967,TV-14,Polish,Teen,1960,Polish - Teen,Polish - Teen - 1960s
tt0062492,1968,Unknown,English,Unknown,1960,English - Unknown,English - Unknown - 1960s
tt0062512,1967,PG,English,Family,1960,English - Family,English - Family - 1960s
tt0062622,1968,G,English,Family,1960,English - Family,English - Family - 1960s
tt0062742,1968,TV-14,English,Teen,1960,English - Teen,English - Teen - 1960s
tt0062765,1968,M/PG,English,Unknown,1960,English - Unknown,English - Unknown - 1960s
tt0062782,1968,Not Rated,English,Unknown,1960,English - Unknown,English - Unknown - 1960s
tt0062790,1968,PG-13,English,Teen,1960,English - Teen,English - Teen - 1960s
tt0062803,1968,G,English,Family,1960,English - Family,English - Family - 1960s
tt0062804,1968,Unknown,German,Unknown,1960,German - Unknown,German - Unknown - 1960s
tt0062936,1978,Not Rated,Cantonese,Unknown,1970,Cantonese - Unknown,Cantonese - Unknown - 1970s
tt0062974,1968,G,English,Family,1960,English - Family,English - Family - 1960s
tt0063013,1968,R,English,Mature,1960,English - Mature,English - Mature - 1960s
tt0063023,1969,Unknown,Bengali,Unknown,1960,Bengali - Unknown,Bengali - Unknown - 1960s
tt0063171,1968,Unknown,Japanese,Unknown,1960,Japanese - Unknown,Japanese - Unknown - 1960s
tt0063198,1968,Not Rated,Japanese,Unknown,1960,Japanese - Unknown,Japanese - Unknown - 1960s
tt0063350,1968,R,English,Mature,1960,English - Mature,English - Mature - 1960s
tt0063356,1968,Approved,English,Unknown,1960,English - Unknown,English - Unknown - 1960s
tt0063370,1968,Unknown,Italian,Unknown,1960,Italian - Unknown,Italian - Unknown - 1960s
tt0063442,1968,G,English,Family,1960,English - Family,English - Family - 1960s
tt0063443,1969,R,English,Mature,1960,English - Mature,English - Mature - 1960s
tt0063483,1968,R,English,Mature,1960,English - Mature,English - Mature - 1960s
tt0063518,1968,PG,English,Family,1960,English - Family,English - Family - 1960s
tt0063522,1968,R,English,Mature,1960,English - Mature,English - Mature - 1960s
tt0063595,1968,Not Rated,English,Unknown,1960,English - Unknown,English - Unknown - 1960s
tt0063647,1968,R,English,Mature,1960,English - Mature,English - Mature - 1960s
tt0063678,1968,Not Rated,Italian,Unknown,1960,Italian - Unknown,Italian - Unknown - 1960s
tt0063679,1969,R,Italian,Mature,1960,Italian - Mature,Italian - Mature - 1960s
tt0063688,1968,R,English,Mature,1960,English - Mature,English - Mature - 1960s
tt0063737,1968,Unknown,Dutch,Unknown,1960,Dutch - Unknown,Dutch - Unknown - 1960s
tt0063821,1968,G,English,Family,1960,English - Family,English - Family - 1960s
tt0063835,1968,Not Rated,Japanese,Unknown,1960,Japanese - Unknown,Japanese - Unknown - 1960s
tt0063850,1968,R,English,Mature,1960,English - Mature,English - Mature - 1960s
tt0064041,1969,R,English,Mature,1960,English - Mature,English - Mature - 1960s
tt0064100,1969,R,English,Mature,1960,English - Mature,English - Mature - 1960s
tt0064115,1969,PG,English,Family,1960,English - Family,English - Family - 1960s
tt0064160,1969,R,English,Mature,1960,English - Mature,English - Mature - 1960s
tt0064186,1969,Unknown,Italian,Unknown,1960,Italian - Unknown,Italian - Unknown - 1960s
tt0064276,1969,R,English,Mature,1960,English - Mature,English - Mature - 1960s
tt0064300,1969,M/PG,Italian,Unknown,1960,Italian - Unknown,Italian - Unknown - 1960s
tt0064387,1969,PG,Japanese,Family,1960,Japanese - Family,Japanese - Family - 1960s
tt0064397,1969,R,English,Mature,1960,English - Mature,English - Mature - 1960s
tt0064403,1969,PG-13,English,Teen,1960,English - Teen,English - Teen - 1960s
tt0064415,1969,M,English,Unknown,1960,English - Unknown,English - Unknown - 1960s
tt0064417,1969,G,English,Family,1960,English - Family,English - Family - 1960s
tt0064418,1969,G,English,Family,1960,English - Family,English - Family - 1960s
tt0064426,1969,Not Rated,Japanese,Unknown,1960,Japanese - Unknown,Japanese - Unknown - 1960s
tt0064465,1970,Not Rated,English,Unknown,1970,English - Unknown,English - Unknown - 1970s
tt0064485,1969,Unknown,Italian,Unknown,1960,Italian - Unknown,Italian - Unknown - 1960s
tt0064531,1967,Unknown,Serbo-Croatian,Unknown,1960,Serbo-Croatian - Unknown,Serbo-Croatian - Unknown - 1960s
tt0064714,1969,TV-Y7-FV,Japanese,Teen,1960,Japanese - Teen,Japanese - Teen - 1960s
tt0064729,1969,PG,English,Family,1960,English - Family,English - Family - 1960s
tt0064757,1969,PG,English,Family,1960,English - Family,English - Family - 1960s
tt0064842,1969,Unknown,Hindi,Unknown,1960,Hindi - Unknown,Hindi - Unknown - 1960s
tt0064843,1970,Unknown,Czech,Unknown,1970,Czech - Unknown,Czech - Unknown - 1970s
tt0064905,1970,Unknown,German,Unknown,1970,German - Unknown,German - Unknown - 1970s
tt0065023,1969,Not Rated,Italian,Unknown,1960,Italian - Unknown,Italian - Unknown - 1960s
tt0065051,1969,G,English,Family,1960,English - Family,English - Family - 1960s
tt0065214,1969,R,English,Mature,1960,English - Mature,English - Mature - 1960s
tt0065421,1970,G,English,Family,1970,English - Family,English - Family - 1970s
tt0065486,1970,R,French,Mature,1970,French - Mature,French - Mature - 1970s
tt0065569,1970,PG,English,Family,1970,English - Family,English - Family - 1970s
tt0065737,1970,GP,English,Unknown,1970,English - Unknown,English - Unknown - 1970s
tt0065744,1971,R,French,Mature,1970,French - Mature,French - Mature - 1970s
tt0065856,1970,PG,English,Family,1970,English - Family,English - Family - 1970s
tt0065889,1970,R,Italian,Mature,1970,Italian - Mature,Italian - Mature - 1970s
tt0065950,1970,M/PG,Finnish,Unknown,1970,Finnish - Unknown,Finnish - Unknown - 1970s
tt0065963,1970,PG,English,Family,1970,English - Family,English - Family - 1970s
tt0066026,1970,R,English,Mature,1970,English - Mature,English - Mature - 1970s
tt0066109,1971,R,English,Mature,1970,English - Mature,English - Mature - 1970s
tt0066121,1970,Unknown,Czech,Unknown,1970,Czech - Unknown,Czech - Unknown - 1970s
tt0066126,1970,R,English,Mature,1970,English - Mature,English - Mature - 1970s
tt0066192,1972,Unknown,French,Unknown,1970,French - Unknown,French - Unknown - 1970s
tt0066206,1970,PG,English,Family,1970,English - Family,English - Family - 1970s
tt0066214,1970,R,English,Mature,1970,English - Mature,English - Mature - 1970s
tt0066296,1970,R,English,Mature,1970,English - Mature,English - Mature - 1970s
tt0066318,1970,Unknown,French,Unknown,1970,French - Unknown,French - Unknown - 1970s
tt0066364,1970,Not Rated,Italian,Unknown,1970,Italian - Unknown,Italian - Unknown - 1970s
tt0066380,1971,Unrated,German,Unknown,1970,German - Unknown,German - Unknown - 1970s
tt0066392,1970,R,English,Mature,1970,English - Mature,English - Mature - 1970s
tt0066415,1970,R,English,Mature,1970,English - Mature,English - Mature - 1970s
tt0066475,1969,R,English,Mature,1960,English - Mature,English - Mature - 1960s
tt0066516,1970,Not Rated,Czech,Unknown,1970,Czech - Unknown,Czech - Unknown - 1970s
tt0066533,1970,Unknown,Russian,Unknown,1970,Russian - Unknown,Russian - Unknown - 1970s
tt0066540,1970,PG-13,English,Teen,1970,English - Teen,English - Teen - 1970s
tt0066612,1970,R,French,Mature,1970,French - Mature,French - Mature - 1970s
tt0066735,1971,PG,Italian,Family,1970,Italian - Family,Italian - Family - 1970s
tt0066740,1971,PG-13,English,Teen,1970,English - Teen,English - Teen - 1970s
tt0066767,1971,GP,English,Unknown,1970,English - Unknown,English - Unknown - 1970s
tt0066769,1971,G,English,Family,1970,English - Family,English - Family - 1970s
tt0066832,1971,GP,English,Unknown,1970,English - Unknown,English - Unknown - 1970s
tt0066835,1971,Unknown,Italian,Unknown,1970,Italian - Unknown,Italian - Unknown - 1970s
tt0066863,1971,PG,English,Family,1970,English - Family,English - Family - 1970s
tt0066914,1973,Not Rated,French,Unknown,1970,French - Unknown,French - Unknown - 1970s
tt0066921,1971,R,English,Mature,1970,English - Mature,English - Mature - 1970s
tt0066952,1970,PG-13,English,Teen,1970,English - Teen,English - Teen - 1970s
tt0066995,1971,PG,English,Family,1970,English - Family,English - Family - 1970s
tt0066999,1971,R,English,Mature,1970,English - Mature,English - Mature - 1970s
tt0067065,1971,G,English,Family,1970,English - Family,English - Family - 1970s
tt0067116,1971,R,English,Mature,1970,English - Mature,English - Mature - 1970s
tt0067176,1971,R,English,Mature,1970,English - Mature,English - Mature - 1970s
tt0067185,1971,PG,English,Family,1970,English - Family,English - Family - 1970s
tt0067206,1972,R,English,Mature,1970,English - Mature,English - Mature - 1970s
tt0067277,1971,PG,English,Family,1970,English - Family,English - Family - 1970s
tt0067341,1971,PG-13,English,Teen,1970,English - Teen,English - Teen - 1970s
tt0067388,1971,PG,English,Family,1970,English - Family,English - Family - 1970s
tt0067433,1971,GP,English,Unknown,1970,English - Unknown,English - Unknown - 1970s
tt0067517,1971,G,Russian,Family,1970,Russian - Family,Russian - Family - 1970s
tt0067595,1971,Not Rated,English,Unknown,1970,English - Unknown,English - Unknown - 1970s
tt0067641,1971,Not Rated,French,Unknown,1970,French - Unknown,French - Unknown - 1970s
tt0067667,1971,Unknown,French,Unknown,1970,French - Unknown,French - Unknown - 1970s
tt0067698,1971,GP,Italian,Unknown,1970,Italian - Unknown,Italian - Unknown - 1970s
tt0067708,1973,TV-14,Spanish,Teen,1970,Spanish - Teen,Spanish - Teen - 1970s
tt0067714,1969,R,English,Mature,1960,English - Mature,English - Mature - 1960s
tt0067741,1971,R,English,Mature,1970,English - Mature,English - Mature - 1970s
tt0067770,1971,PG,English,Family,1970,English - Family,English - Family - 1970s
tt0067800,1971,R,English,Mature,1970,English - Mature,English - Mature - 1970s
tt0067810,1971,R,English,Mature,1970,English - Mature,English - Mature - 1970s
tt0067840,1971,Unknown,Hindi,Unknown,1970,Hindi - Unknown,Hindi - Unknown - 1970s
tt0067848,1971,G,English,Family,1970,English - Family,English - Family - 1970s
tt0067870,1971,R,English,Mature,1970,English - Mature,English - Mature - 1970s
tt0067958,1971,Not Rated,Serbo-Croatian,Unknown,1970,Serbo-Croatian - Unknown,Serbo-Croatian - Unknown - 1970s
tt0067959,1971,GP,English,Unknown,1970,English - Unknown,English - Unknown - 1970s
tt0067983,1972,PG-13,English,Teen,1970,English - Teen,English - Teen - 1970s
tt0067992,1971,G,English,Family,1970,English - Family,English - Family - 1970s
tt0068161,1972,PG-13,Russian,Teen,1970,Russian - Teen,Russian - Teen - 1970s
tt0068190,1972,G,English,Family,1970,English - Family,English - Family - 1970s
tt0068264,1972,PG,English,Family,1970,English - Family,English - Family - 1970s
tt0068278,1972,Not Rated,German,Unknown,1970,German - Unknown,German - Unknown - 1970s
tt0068281,1972,R,English,Mature,1970,English - Mature,English - Mature - 1970s
tt0068327,1972,PG,English,Family,1970,English - Family,English - Family - 1970s
tt0068341,1972,PG,English,Family,1970,English - Family,English - Family - 1970s
tt0068371,1972,PG,Japanese,Family,1970,Japanese - Family,Japanese - Family - 1970s
tt0068473,1972,R,English,Mature,1970,English - Mature,English - Mature - 1970s
tt0068505,1972,PG,English,Family,1970,English - Family,English - Family - 1970s
tt0068506,1972,Unknown,English,Unknown,1970,English - Unknown,English - Unknown - 1970s
tt0068638,1972,PG,English,Family,1970,English - Family,English - Family - 1970s
tt0068646,1972,R,English,Mature,1970,English - Mature,English - Mature - 1970s
tt0068675,1971,R,English,Mature,1970,English - Mature,English - Mature - 1970s
tt0068687,1972,PG,English,Family,1970,English - Family,English - Family - 1970s
tt0068705,1972,Unknown,Japanese,Unknown,1970,Japanese - Unknown,Japanese - Unknown - 1970s
tt0068716,1972,R,English,Mature,1970,English - Mature,English - Mature - 1970s
tt0068718,1972,PG,English,Family,1970,English - Family,English - Family - 1970s
tt0068746,1972,GP,English,Unknown,1970,English - Unknown,English - Unknown - 1970s
tt0068815,1972,Not Rated,Japanese,Unknown,1970,Japanese - Unknown,Japanese - Unknown - 1970s
tt0068833,1972,R,English,Mature,1970,English - Mature,English - Mature - 1970s
tt0068971,1972,Not Rated,English,Unknown,1970,English - Unknown,English - Unknown - 1970s
tt0068979,1972,Unknown,Italian,Unknown,1970,Italian - Unknown,Italian - Unknown - 1970s
tt0068997,1972,R,English,Mature,1970,English - Mature,English - Mature - 1970s
tt0069007,1971,R,English,Mature,1970,English - Mature,English - Mature - 1970s
tt0069080,1972,PG,English,Family,1970,English - Family,English - Family - 1970s
tt0069120,1972,Unknown,French,Unknown,1970,French - Unknown,French - Unknown - 1970s
tt0069146,1973,Unknown,French,Unknown,1970,French - Unknown,French - Unknown - 1970s
tt0069280,1972,R,English,Mature,1970,English - Mature,English - Mature - 1970s
tt0069293,1972,PG,Russian,Family,1970,Russian - Family,Russian - Family - 1970s
tt0069341,1972,PG,English,Family,1970,English - Family,English - Family - 1970s
tt0069689,1973,R,English,Mature,1970,English - Mature,English - Mature - 1970s
tt0069747,1973,G,French,Family,1970,French - Family,French - Family - 1970s
tt0069754,1973,PG,English,Family,1970,English - Family,English - Family - 1970s
tt0069761,1973,R,English,Mature,1970,English - Mature,English - Mature - 1970s
tt0069762,1973,PG,English,Family,1970,English - Family,English - Family - 1970s
tt0069818,1973,R,Italian,Mature,1970,Italian - Mature,Italian - Mature - 1970s
tt0069833,1973,PG,Italian,Family,1970,Italian - Family,Italian - Family - 1970s
tt0069865,1973,PG,English,Family,1970,English - Family,English - Family - 1970s
tt0069995,1973,R,English,Mature,1970,English - Mature,English - Mature - 1970s
tt0069996,1972,Not Rated,English,Unknown,1970,English - Unknown,English - Unknown - 1970s
tt0070034,1973,R,English,Mature,1970,English - Mature,English - Mature - 1970s
tt0070039,1973,R,Spanish,Mature,1970,Spanish - Mature,Spanish - Mature - 1970s
tt0070047,1973,R,English,Mature,1970,English - Mature,English - Mature - 1970s
tt0070061,1973,R,Italian,Mature,1970,Italian - Mature,Italian - Mature - 1970s
tt0070091,1971,PG,English,Family,1970,English - Family,English - Family - 1970s
tt0070119,1973,Not Rated,English,Unknown,1970,English - Unknown,English - Unknown - 1970s
tt0070155,1972,R,English,Mature,1970,English - Mature,English - Mature - 1970s
tt0070170,1972,PG,English,Family,1970,English - Family,English - Family - 1970s
tt0070328,1973,PG,English,Family,1970,English - Family,English - Family - 1970s
tt0070350,1973,R,English,Mature,1970,English - Mature,English - Mature - 1970s
tt0070355,1973,R,English,Mature,1970,English - Mature,English - Mature - 1970s
tt0070379,1973,R,English,Mature,1970,English - Mature,English - Mature - 1970s
tt0070424,1973,Not Rated,English,Unknown,1970,English - Unknown,English - Unknown - 1970s
tt0070464,1973,R,English,Mature,1970,English - Mature,English - Mature - 1970s
tt0070511,1973,R,English,Mature,1970,English - Mature,English - Mature - 1970s
tt0070608,1973,G,English,Family,1970,English - Family,English - Family - 1970s
tt0070634,1973,R,English,Mature,1970,English - Mature,English - Mature - 1970s
tt0070656,1973,PG,English,Family,1970,English - Family,English - Family - 1970s
tt0070666,1973,R,English,Mature,1970,English - Mature,English - Mature - 1970s
tt0070723,1973,PG,English,Family,1970,English - Family,English - Family - 1970s
tt0070735,1973,PG,English,Family,1970,English - Family,English - Family - 1970s
tt0070782,1973,R,English,Mature,1970,English - Mature,English - Mature - 1970s
tt0070787,1973,R,English,Mature,1970,English - Mature,English - Mature - 1970s
tt0070861,1974,Unknown,Russian,Unknown,1970,Russian - Unknown,Russian - Unknown - 1970s
tt0070903,1973,PG,English,Family,1970,English - Family,English - Family - 1970s
tt0070917,1973,R,English,Mature,1970,English - Mature,English - Mature - 1970s
tt0070947,1973,Not Rated,Hindi,Unknown,1970,Hindi - Unknown,Hindi - Unknown - 1970s
tt0071089,1974,PG,English,Family,1970,English - Family,English - Family - 1970s
tt0071093,1975,R,English,Mature,1970,English - Mature,English - Mature - 1970s
tt0071095,1974,R,English,Mature,1970,English - Mature,English - Mature - 1970s
tt0071194,1974,PG,English,Family,1970,English - Family,English - Family - 1970s
tt0071203,1973,Unrated,Japanese,Unknown,1970,Japanese - Unknown,Japanese - Unknown - 1970s
tt0071221,1974,R,English,Mature,1970,English - Mature,English - Mature - 1970s
tt0071315,1974,R,English,Mature,1970,English - Mature,English - Mature - 1970s
tt0071360,1974,PG,English,Family,1970,English - Family,English - Family - 1970s
tt0071381,1974,Unrated,French,Unknown,1970,French - Unknown,French - Unknown - 1970s
tt0071408,1974,R,English,Mature,1970,English - Mature,English - Mature - 1970s
tt0071437,1974,R,English,Mature,1970,English - Mature,English - Mature - 1970s
tt0071455,1974,PG,English,Family,1970,English - Family,English - Family - 1970s
tt0071502,1974,NC-17,Italian,Mature,1970,Italian - Mature,Italian - Mature - 1970s
tt0071532,1974,R,English,Mature,1970,English - Mature,English - Mature - 1970s
tt0071562,1974,R,English,Mature,1970,English - Mature,English - Mature - 1970s
tt0071569,1973,G,English,Family,1970,English - Family,English - Family - 1970s
tt0071577,1974,PG,English,Family,1970,English - Family,English - Family - 1970s
tt0071591,1976,Unknown,Spanish,Unknown,1970,Spanish - Unknown,Spanish - Unknown - 1970s
tt0071661,1975,R,English,Mature,1970,English - Mature,English - Mature - 1970s
tt0071691,1974,Not Rated,German,Unknown,1970,German - Unknown,German - Unknown - 1970s
tt0071737,1974,Unknown,French,Unknown,1970,French - Unknown,French - Unknown - 1970s
tt0071771,1974,R,English,Mature,1970,English - Mature,English - Mature - 1970s
tt0071807,1974,PG,English,Family,1970,English - Family,English - Family - 1970s
tt0071853,1975,PG,English,Family,1970,English - Family,English - Family - 1970s
tt0071877,1974,PG,English,Family,1970,English - Family,English - Family - 1970s
tt0071938,1974,PG,English,Family,1970,English - Family,English - Family - 1970s
tt0071994,1974,PG,English,Family,1970,English - Family,English - Family - 1970s
tt0072067,1974,R,English,Mature,1970,English - Mature,English - Mature - 1970s
tt0072096,1974,Unknown,Russian,Unknown,1970,Russian - Unknown,Russian - Unknown - 1970s
tt0072145,1974,Unknown,Mandarin,Unknown,1970,Mandarin - Unknown,Mandarin - Unknown - 1970s
tt0072187,1974,R,English,Mature,1970,English - Mature,English - Mature - 1970s
tt0072231,1974,Unknown,Russian,Unknown,1970,Russian - Unknown,Russian - Unknown - 1970s
tt0072239,1974,R,English,Mature,1970,English - Mature,English - Mature - 1970s
tt0072253,1974,PG,English,Family,1970,English - Family,English - Family - 1970s
tt0072271,1974,R,English,Mature,1970,English - Mature,English - Mature - 1970s
tt0072274,1974,R,English,Mature,1970,English - Mature,English - Mature - 1970s
tt0072288,1974,R,English,Mature,1970,English - Mature,English - Mature - 1970s
tt0072290,1972,R,Mandarin,Mature,1970,Mandarin - Mature,Mandarin - Mature - 1970s
tt0072324,1974,R,English,Mature,1970,English - Mature,English - Mature - 1970s
tt0072386,1974,PG,English,Family,1970,English - Family,English - Family - 1970s
tt0072402,1974,G,English,Family,1970,English - Family,English - Family - 1970s
tt0072403,1974,PG,English,Family,1970,English - Family,English - Family - 1970s
tt0072684,1975,PG,English,Family,1970,English - Family,English - Family - 1970s
tt0072791,1975,R,English,Mature,1970,English - Mature,English - Mature - 1970s
tt0072820,1975,PG,English,Family,1970,English - Family,English - Family - 1970s
tt0072826,1975,R,French,Mature,1970,French - Mature,French - Mature - 1970s
tt0072844,1975,PG,English,Family,1970,English - Family,English - Family - 1970s
tt0072848,1975,R,English,Mature,1970,English - Mature,English - Mature - 1970s
tt0072890,1975,R,English,Mature,1970,English - Mature,English - Mature - 1970s
tt0073012,1974,PG,English,Family,1970,English - Family,English - Family - 1970s
tt0073045,1975,Unknown,Swedish,Unknown,1970,Swedish - Unknown,Swedish - Unknown - 1970s
tt0073092,1975,PG,English,Family,1970,English - Family,English - Family - 1970s
tt0073113,1975,PG,English,Family,1970,English - Family,English - Family - 1970s
tt0073195,1975,PG,English,Family,1970,English - Family,English - Family - 1970s
tt0073219,1976,Unknown,French,Unknown,1970,French - Unknown,French - Unknown - 1970s
tt0073343,1975,R,English,Mature,1970,English - Mature,English - Mature - 1970s
tt0073451,1974,PG,English,Family,1970,English - Family,English - Family - 1970s
tt0073453,1975,R,English,Mature,1970,English - Mature,English - Mature - 1970s
tt0073460,1975,Unknown,Polish,Unknown,1970,Polish - Unknown,Polish - Unknown - 1970s
tt0073537,1982,R,English,Mature,1980,English - Mature,English - Mature - 1980s
tt0073629,1975,R,English,Mature,1970,English - Mature,English - Mature - 1970s
tt0073631,1975,R,English,Mature,1970,English - Mature,English - Mature - 1970s
tt0073654,1974,Unknown,Japanese,Unknown,1970,Japanese - Unknown,Japanese - Unknown - 1970s
tt0073663,1975,PG,French,Family,1970,French - Family,French - Family - 1970s
tt0073694,1976,R,Mandarin,Mature,1970,Mandarin - Mature,Mandarin - Mature - 1970s
tt0073707,1975,Not Rated,Hindi,Unknown,1970,Hindi - Unknown,Hindi - Unknown - 1970s
tt0074119,1976,PG,English,Family,1970,English - Family,English - Family - 1970s
tt0074121,1976,PG,Italian,Family,1970,Italian - Family,Italian - Family - 1970s
tt0074219,1976,Unknown,Danish,Unknown,1970,Danish - Unknown,Danish - Unknown - 1970s
tt0074224,1972,Not Rated,Mandarin,Unknown,1970,Mandarin - Unknown,Mandarin - Unknown - 1970s
tt0074225,1976,G,English,Family,1970,English - Family,English - Family - 1970s
tt0074235,1976,PG,English,Family,1970,English - Family,English - Family - 1970s
tt0074256,1976,G,English,Family,1970,English - Family,English - Family - 1970s
tt0074285,1976,R,English,Mature,1970,English - Mature,English - Mature - 1970s
tt0074412,1979,R,English,Mature,1970,English - Mature,English - Mature - 1970s
tt0074452,1976,PG,English,Family,1970,English - Family,English - Family - 1970s
tt0074486,1977,Not Rated,English,Unknown,1970,English - Unknown,English - Unknown - 1970s
tt0074611,1977,R,English,Mature,1970,English - Mature,English - Mature - 1970s
tt0074634,1976,Unknown,English,Unknown,1970,English - Unknown,English - Unknown - 1970s
tt0074746,1976,R,English,Mature,1970,English - Mature,English - Mature - 1970s
tt0074781,1976,PG,English,Family,1970,English - Family,English - Family - 1970s
tt0074860,1976,R,English,Mature,1970,English - Mature,English - Mature - 1970s
tt0074885,1975,R,English,Mature,1970,English - Mature,English - Mature - 1970s
tt0074937,1976,PG,English,Family,1970,English - Family,English - Family - 1970s
tt0074972,1976,PG,French,Family,1970,French - Family,French - Family - 1970s
tt0074974,1976,Not Rated,French,Unknown,1970,French - Unknown,French - Unknown - 1970s
tt0075001,1976,Unknown,Mandarin,Unknown,1970,Mandarin - Unknown,Mandarin - Unknown - 1970s
tt0075005,1976,R,English,Mature,1970,English - Mature,English - Mature - 1970s
tt0075068,1976,PG,English,Family,1970,English - Family,English - Family - 1970s
tt0075119,1976,Not Rated,Russian,Unknown,1970,Russian - Unknown,Russian - Unknown - 1970s
tt0075147,1976,PG,English,Family,1970,English - Family,English - Family - 1970s
tt0075148,1976,PG,English,Family,1970,English - Family,English - Family - 1970s
tt0075152,1976,R,Italian,Mature,1970,Italian - Mature,Italian - Mature - 1970s
tt0075164,1976,R,English,Mature,1970,English - Mature,English - Mature - 1970s
tt0075165,1976,Unknown,German,Unknown,1970,German - Unknown,German - Unknown - 1970s
tt0075228,1977,PG,English,Family,1970,English - Family,English - Family - 1970s
tt0075314,1976,R,English,Mature,1970,English - Mature,English - Mature - 1970s
tt0075344,1976,R,English,Mature,1970,English - Mature,English - Mature - 1970s
tt0075467,1976,Unknown,Hungarian,Unknown,1970,Hungarian - Unknown,Hungarian - Unknown - 1970s
tt0075612,1977,PG,English,Family,1970,English - Family,English - Family - 1970s
tt0075669,1977,Not Rated,Hindi,Unknown,1970,Hindi - Unknown,Hindi - Unknown - 1970s
tt0075686,1977,PG,English,Family,1970,English - Family,English - Family - 1970s
tt0075716,1977,Unknown,English,Unknown,1970,English - Unknown,English - Unknown - 1970s
tt0075744,1977,R,English,Mature,1970,English - Mature,English - Mature - 1970s
tt0075764,1977,R,English,Mature,1970,English - Mature,English - Mature - 1970s
tt0075774,1977,PG,English,Family,1970,English - Family,English - Family - 1970s
tt0075778,1977,Unknown,Japanese,Unknown,1970,Japanese - Unknown,Japanese - Unknown - 1970s
tt0075807,1977,G,English,Family,1970,English - Family,English - Family - 1970s
tt0075859,1980,R,Mandarin,Mature,1980,Mandarin - Mature,Mandarin - Mature - 1980s
tt0075860,1977,PG,English,Family,1970,English - Family,English - Family - 1970s
tt0075888,1977,PG,English,Family,1970,English - Family,English - Family - 1970s
tt0075909,1977,PG,English,Family,1970,English - Family,English - Family - 1970s
tt0075930,1976,R,English,Mature,1970,English - Mature,English - Mature - 1970s
tt0075932,1977,R,French,Mature,1970,French - Mature,French - Mature - 1970s
tt0075936,1977,X,English,Mature,1970,English - Mature,English - Mature - 1970s
tt0075956,1977,PG,English,Family,1970,English - Family,English - Family - 1970s
tt0075967,1977,Not Rated,Mandarin,Unknown,1970,Mandarin - Unknown,Mandarin - Unknown - 1970s
tt0076028,1977,R,English,Mature,1970,English - Mature,English - Mature - 1970s
tt0076054,1976,G,English,Family,1970,English - Family,English - Family - 1970s
tt0076109,1976,R,English,Mature,1970,English - Mature,English - Mature - 1970s
tt0076137,1977,G,English,Family,1970,English - Family,English - Family - 1970s
tt0076240,1978,Not Rated,English,Unknown,1970,English - Unknown,English - Unknown - 1970s
tt0076276,1980,Unknown,Serbo-Croatian,Unknown,1980,Serbo-Croatian - Unknown,Serbo-Croatian - Unknown - 1980s
tt0076294,1977,Not Rated,English,Unknown,1970,English - Unknown,English - Unknown - 1970s
tt0076374,1977,Unknown,Spanish,Unknown,1970,Spanish - Unknown,Spanish - Unknown - 1970s
tt0076380,1976,R,English,Mature,1970,English - Mature,English - Mature - 1970s
tt0076504,1977,PG,English,Family,1970,English - Family,English - Family - 1970s
tt0076507,1977,R,English,Mature,1970,English - Mature,English - Mature - 1970s
tt0076575,1976,Unknown,Polish,Unknown,1970,Polish - Unknown,Polish - Unknown - 1970s
tt0076584,1978,R,English,Mature,1970,English - Mature,English - Mature - 1970s
tt0076618,1977,G,English,Family,1970,English - Family,English - Family - 1970s
tt0076699,1977,Unknown,Mandarin,Unknown,1970,Mandarin - Unknown,Mandarin - Unknown - 1970s
tt0076752,1977,PG,English,Family,1970,English - Family,English - Family - 1970s
tt0076759,1977,PG,English,Family,1970,English - Family,English - Family - 1970s
tt0076786,1977,R,Italian,Mature,1970,Italian - Mature,Italian - Mature - 1970s
tt0076843,1977,PG,English,Family,1970,English - Family,English - Family - 1970s
tt0076847,1977,PG,English,Family,1970,English - Family,English - Family - 1970s
tt0076884,1978,Unknown,Italian,Unknown,1970,Italian - Unknown,Italian - Unknown - 1970s
tt0076931,1977,Not Rated,English,Unknown,1970,English - Unknown,English - Unknown - 1970s
tt0077149,1979,Unknown,Hungarian,Unknown,1970,Hungarian - Unknown,Hungarian - Unknown - 1970s
tt0077202,1979,Unknown,German,Unknown,1970,German - Unknown,German - Unknown - 1970s
tt0077248,1978,R,English,Mature,1970,English - Mature,English - Mature - 1970s
tt0077262,1978,Not Rated,Mandarin,Unknown,1970,Mandarin - Unknown,Mandarin - Unknown - 1970s
tt0077275,1978,PG,English,Family,1970,English - Family,English - Family - 1970s
tt0077290,1974,R,Mandarin,Mature,1970,Mandarin - Mature,Mandarin - Mature - 1970s
tt0077355,1978,PG,English,Family,1970,English - Family,English - Family - 1970s
tt0077395,1978,Unknown,Mandarin,Unknown,1970,Mandarin - Unknown,Mandarin - Unknown - 1970s
tt0077402,1978,Unrated,English,Unknown,1970,English - Unknown,English - Unknown - 1970s
tt0077416,1978,R,English,Mature,1970,English - Mature,English - Mature - 1970s
tt0077452,1976,R,Portuguese,Mature,1970,Portuguese - Mature,Portuguese - Mature - 1970s
tt0077463,1978,Unknown,Japanese,Unknown,1970,Japanese - Unknown,Japanese - Unknown - 1970s
tt0077512,1979,Unknown,Spanish,Unknown,1970,Spanish - Unknown,Spanish - Unknown - 1970s
tt0077524,1978,R,English,Mature,1970,English - Mature,English - Mature - 1970s
tt0077530,1978,R,English,Mature,1970,English - Mature,English - Mature - 1970s
tt0077539,1978,PG,English,Family,1970,English - Family,English - Family - 1970s
tt0077549,1978,R,English,Mature,1970,English - Mature,English - Mature - 1970s
tt0077594,1978,R,English,Mature,1970,English - Mature,English - Mature - 1970s
tt0077631,1978,PG,English,Family,1970,English - Family,English - Family - 1970s
tt0077651,1978,R,English,Mature,1970,English - Mature,English - Mature - 1970s
tt0077714,1978,PG,English,Family,1970,English - Family,English - Family - 1970s
tt0077722,1982,Unknown,Portuguese,Unknown,1980,Portuguese - Unknown,Portuguese - Unknown - 1980s
tt0077745,1978,PG,English,Family,1970,English - Family,English - Family - 1970s
tt0077766,1978,PG,English,Family,1970,English - Family,English - Family - 1970s
tt0077888,1978,R,English,Mature,1970,English - Mature,English - Mature - 1970s
tt0077928,1978,R,English,Mature,1970,English - Mature,English - Mature - 1970s
tt0077952,1978,PG,English,Family,1970,English - Family,English - Family - 1970s
tt0078054,1978,Unknown,Czech,Unknown,1970,Czech - Unknown,Czech - Unknown - 1970s
tt0078058,1978,PG,Italian,Family,1970,Italian - Family,Italian - Family - 1970s
tt0078087,1978,R,English,Mature,1970,English - Mature,English - Mature - 1970s
tt0078159,1977,G,English,Family,1970,English - Family,English - Family - 1970s
tt0078199,1978,PG,English,Family,1970,English - Family,English - Family - 1970s
tt0078256,1978,R,Italian,Mature,1970,Italian - Mature,Italian - Mature - 1970s
tt0078335,1978,PG,English,Family,1970,English - Family,English - Family - 1970s
tt0078346,1978,PG,English,Family,1970,English - Family,English - Family - 1970s
tt0078405,1978,R,English,Mature,1970,English - Mature,English - Mature - 1970s
tt0078417,1978,G,English,Family,1970,English - Family,English - Family - 1970s
tt0078513,1978,Unknown,Japanese,Unknown,1970,Japanese - Unknown,Japanese - Unknown - 1970s
tt0078721,1979,R,English,Mature,1970,English - Mature,English - Mature - 1970s
tt0078748,1979,R,English,Mature,1970,English - Mature,English - Mature - 1970s
tt0078771,1979,PG,French,Family,1970,French - Family,French - Family - 1970s
tt0078788,1979,R,English,Mature,1970,English - Mature,English - Mature - 1970s
tt0078872,1979,G,English,Family,1970,English - Family,English - Family - 1970s
tt0078879,1979,R,English,Mature,1970,English - Mature,English - Mature - 1970s
tt0078892,1980,Unknown,Spanish,Unknown,1980,Spanish - Unknown,Spanish - Unknown - 1980s
tt0078915,1979,G,English,Family,1970,English - Family,English - Family - 1970s
tt0078916,1979,Unrated,Italian,Unknown,1970,Italian - Unknown,Italian - Unknown - 1970s
tt0078934,1979,Unknown,Spanish,Unknown,1970,Spanish - Unknown,Spanish - Unknown - 1970s
tt0079041,1979,Not Rated,Japanese,Unknown,1970,Japanese - Unknown,Japanese - Unknown - 1970s
tt0079048,1979,Unknown,Cantonese,Unknown,1970,Cantonese - Unknown,Cantonese - Unknown - 1970s
tt0079116,1979,PG,English,Family,1970,English - Family,English - Family - 1970s
tt0079147,1979,R,Cantonese,Mature,1970,Cantonese - Mature,Cantonese - Mature - 1970s
tt0079154,1979,PG,English,Family,1970,English - Family,English - Family - 1970s
tt0079219,1979,PG,English,Family,1970,English - Family,English - Family - 1970s
tt0079277,1979,Unknown,Mandarin,Unknown,1970,Mandarin - Unknown,Mandarin - Unknown - 1970s
tt0079278,1979,PG,English,Family,1970,English - Family,English - Family - 1970s
tt0079292,1977,Not Rated,Mandarin,Unknown,1970,Mandarin - Unknown,Mandarin - Unknown - 1970s
tt0079351,1979,Unknown,Italian,Unknown,1970,Italian - Unknown,Italian - Unknown - 1970s
tt0079358,1982,Not Rated,Mandarin,Unknown,1980,Mandarin - Unknown,Mandarin - Unknown - 1980s
tt0079437,1979,R,English,Mature,1970,English - Mature,English - Mature - 1970s
tt0079472,1979,PG-13,Cantonese,Teen,1970,Cantonese - Teen,Cantonese - Teen - 1970s
tt0079501,1979,R,English,Mature,1970,English - Mature,English - Mature - 1970s
tt0079510,1979,PG,English,Family,1970,English - Family,English - Family - 1970s
tt0079522,1979,R,English,Mature,1970,English - Mature,English - Mature - 1970s
tt0079537,1981,Unknown,Spanish,Unknown,1980,Spanish - Unknown,Spanish - Unknown - 1980s
tt0079574,1979,PG,English,Family,1970,English - Family,English - Family - 1970s
tt0079710,1979,PG,English,Family,1970,English - Family,English - Family - 1970s
tt0079764,1979,Unknown,Russian,Unknown,1970,Russian - Unknown,Russian - Unknown - 1970s
tt0079788,1980,R,Italian,Mature,1980,Italian - Mature,Italian - Mature - 1980s
tt0079801,1979,Unknown,Mandarin,Unknown,1970,Mandarin - Unknown,Mandarin - Unknown - 1970s
tt0079808,1979,PG,English,Family,1970,English - Family,English - Family - 1970s
tt0079817,1979,PG,English,Family,1970,English - Family,English - Family - 1970s
tt0079826,1979,R,English,Mature,1970,English - Mature,English - Mature - 1970s
tt0079907,1979,Unknown,Russian,Unknown,1970,Russian - Unknown,Russian - Unknown - 1970s
tt0079944,1979,Not Rated,Russian,Unknown,1970,Russian - Unknown,Russian - Unknown - 1970s
tt0079945,1979,G,English,Family,1970,English - Family,English - Family - 1970s
tt0080040,1979,PG,English,Family,1970,English - Family,English - Family - 1970s
tt0080051,1979,R,English,Mature,1970,English - Mature,English - Mature - 1970s
tt0080057,1979,R,Italian,Mature,1970,Italian - Mature,Italian - Mature - 1970s
tt0080062,1979,G,English,Family,1970,English - Family,English - Family - 1970s
tt0080120,1979,R,English,Mature,1970,English - Mature,English - Mature - 1970s
tt0080377,1980,PG,English,Family,1980,English - Family,English - Family - 1980s
tt0080419,1980,Not Rated,Swedish,Unknown,1980,Swedish - Unknown,Swedish - Unknown - 1980s
tt0080421,1980,PG,English,Family,1980,English - Family,English - Family - 1980s
tt0080430,1980,Unknown,German,Unknown,1980,German - Unknown,German - Unknown - 1980s
tt0080440,1981,R,Italian,Mature,1980,Italian - Mature,Italian - Mature - 1980s
tt0080453,1980,R,English,Mature,1980,English - Mature,English - Mature - 1980s
tt0080455,1980,R,English,Mature,1980,English - Mature,English - Mature - 1980s
tt0080487,1980,R,English,Mature,1980,English - Mature,English - Mature - 1980s
tt0080653,1980,Not Rated,Hindi,Unknown,1980,Hindi - Unknown,Hindi - Unknown - 1980s
tt0080678,1980,PG,English,Family,1980,English - Family,English - Family - 1980s
tt0080684,1980,PG,English,Family,1980,English - Family,English - Family - 1980s
tt0080715,1980,Not Rated,English,Unknown,1980,English - Unknown,English - Unknown - 1980s
tt0080717,1981,Not Rated,Cantonese,Unknown,1980,Cantonese - Unknown,Cantonese - Unknown - 1980s
tt0080749,1980,R,English,Mature,1980,English - Mature,English - Mature - 1980s
tt0080752,1980,R,English,Mature,1980,English - Mature,English - Mature - 1980s
tt0080761,1980,R,English,Mature,1980,English - Mature,English - Mature - 1980s
tt0080772,1979,PG,Japanese,Family,1970,Japanese - Family,Japanese - Family - 1970s
tt0080798,1980,PG,English,Family,1980,English - Family,English - Family - 1980s
tt0080801,1980,PG,English,Family,1980,English - Family,English - Family - 1980s
tt0080833,1979,R,English,Mature,1970,English - Mature,English - Mature - 1970s
tt0080850,1980,R,English,Mature,1980,English - Mature,English - Mature - 1980s
tt0080855,1980,R,English,Mature,1980,English - Mature,English - Mature - 1980s
tt0080903,1979,R,English,Mature,1970,English - Mature,English - Mature - 1970s
tt0080979,1980,PG,Japanese,Family,1980,Japanese - Family,Japanese - Family - 1980s
tt0080997,1980,R,English,Mature,1980,English - Mature,English - Mature - 1980s
tt0081063,1980,PG,English,Family,1980,English - Family,English - Family - 1980s
tt0081070,1980,R,English,Mature,1980,English - Mature,English - Mature - 1980s
tt0081163,1980,PG,English,Family,1980,English - Family,English - Family - 1980s
tt0081165,1980,Unknown,Italian,Unknown,1980,Italian - Unknown,Italian - Unknown - 1980s
tt0081235,1980,R,English,Mature,1980,English - Mature,English - Mature - 1980s
tt0081259,1980,R,English,Mature,1980,English - Mature,English - Mature - 1980s
tt0081280,1980,R,English,Mature,1980,English - Mature,English - Mature - 1980s
tt0081286,1981,Not Rated,Italian,Unknown,1980,Italian - Unknown,Italian - Unknown - 1980s
tt0081288,1980,Unknown,Japanese,Unknown,1980,Japanese - Unknown,Japanese - Unknown - 1980s
tt0081375,1980,R,English,Mature,1980,English - Mature,English - Mature - 1980s
tt0081398,1980,R,English,Mature,1980,English - Mature,English - Mature - 1980s
tt0081505,1980,R,English,Mature,1980,English - Mature,English - Mature - 1980s
tt0081573,1980,PG,English,Family,1980,English - Family,English - Family - 1980s
tt0081633,1981,PG,English,Family,1980,English - Family,English - Family - 1980s
tt0081672,1980,Unknown,Finnish,Unknown,1980,Finnish - Unknown,Finnish - Unknown - 1980s
tt0081777,1980,PG,English,Family,1980,English - Family,English - Family - 1980s
tt0081784,1980,Unknown,Cantonese,Unknown,1980,Cantonese - Unknown,Cantonese - Unknown - 1980s
tt0081803,1980,Unknown,Cantonese,Unknown,1980,Cantonese - Unknown,Cantonese - Unknown - 1980s
tt0081809,1980,PG,English,Family,1980,English - Family,English - Family - 1980s
tt0081992,1981,Unknown,Cantonese,Unknown,1980,Cantonese - Unknown,Cantonese - Unknown - 1980s
tt0082010,1981,R,English,Mature,1980,English - Mature,English - Mature - 1980s
tt0082085,1981,R,English,Mature,1980,English - Mature,English - Mature - 1980s
tt0082088,1981,Not Rated,Spanish,Unknown,1980,Spanish - Unknown,Spanish - Unknown - 1980s
tt0082089,1981,R,English,Mature,1980,English - Mature,English - Mature - 1980s
tt0082095,1981,PG,German,Family,1980,German - Family,German - Family - 1980s
tt0082096,1981,R,German,Mature,1980,German - Mature,German - Mature - 1980s
tt0082158,1981,PG,English,Family,1980,English - Family,English - Family - 1980s
tt0082176,1981,R,German,Mature,1980,German - Mature,German - Mature - 1980s
tt0082198,1982,R,English,Mature,1980,English - Mature,English - Mature - 1980s
tt0082259,1981,Unknown,Spanish,Unknown,1980,Spanish - Unknown,Spanish - Unknown - 1980s
tt0082294,1981,Unknown,Polish,Unknown,1980,Polish - Unknown,Polish - Unknown - 1980s
tt0082309,1981,Not Rated,French,Unknown,1980,French - Unknown,French - Unknown - 1980s
tt0082329,1981,R,English,Mature,1980,English - Mature,English - Mature - 1980s
tt0082340,1981,R,English,Mature,1980,English - Mature,English - Mature - 1980s
tt0082348,1981,PG,English,Family,1980,English - Family,English - Family - 1980s
tt0082398,1981,PG,English,Family,1980,English - Family,English - Family - 1980s
tt0082406,1981,G,English,Family,1980,English - Family,English - Family - 1980s
tt0082414,1981,Unknown,German,Unknown,1980,German - Unknown,German - Unknown - 1980s
tt0082418,1981,R,English,Mature,1980,English - Mature,English - Mature - 1980s
tt0082427,1981,R,English,Mature,1980,English - Mature,English - Mature - 1980s
tt0082484,1981,R,None,Mature,1980,None - Mature,None - Mature - 1980s
tt0082495,1981,R,English,Mature,1980,English - Mature,English - Mature - 1980s
tt0082509,1981,R,English,Mature,1980,English - Mature,English - Mature - 1980s
tt0082694,1981,R,English,Mature,1980,English - Mature,English - Mature - 1980s
tt0082699,1981,Unknown,Japanese,Unknown,1980,Japanese - Unknown,Japanese - Unknown - 1980s
tt0082763,1981,PG,English,Family,1980,English - Family,English - Family - 1980s
tt0082817,1981,R,English,Mature,1980,English - Mature,English - Mature - 1980s
tt0082927,1981,Not Rated,French,Unknown,1980,French - Unknown,French - Unknown - 1980s
tt0082934,1981,R,English,Mature,1980,English - Mature,English - Mature - 1980s
tt0082958,1981,PG,English,Family,1980,English - Family,English - Family - 1980s
tt0082971,1981,PG,English,Family,1980,English - Family,English - Family - 1980s
tt0083064,1981,R,English,Mature,1980,English - Mature,English - Mature - 1980s
tt0083131,1981,R,English,Mature,1980,English - Mature,English - Mature - 1980s
tt0083189,1981,PG,English,Family,1980,English - Family,English - Family - 1980s
tt0083248,1981,Unknown,Urdu,Unknown,1980,Urdu - Unknown,Urdu - Unknown - 1980s
tt0083352,1981,Unknown,Cantonese,Unknown,1980,Cantonese - Unknown,Cantonese - Unknown - 1980s
tt0083511,1982,R,English,Mature,1980,English - Mature,English - Mature - 1980s
tt0083517,1983,Not Rated,English,Unknown,1980,English - Unknown,English - Unknown - 1980s
tt0083547,1983,R,English,Mature,1980,English - Mature,English - Mature - 1980s
tt0083550,1982,R,English,Mature,1980,English - Mature,English - Mature - 1980s
tt0083558,1983,Unknown,Korean,Unknown,1980,Korean - Unknown,Korean - Unknown - 1980s
tt0083578,1982,Unknown,Hindi,Unknown,1980,Hindi - Unknown,Hindi - Unknown - 1980s
tt0083629,1982,R,English,Mature,1980,English - Mature,English - Mature - 1980s
tt0083658,1982,R,English,Mature,1980,English - Mature,English - Mature - 1980s
tt0083670,1982,R,English,Mature,1980,English - Mature,English - Mature - 1980s
tt0083728,1982,Not Rated,English,Unknown,1980,English - Unknown,English - Unknown - 1980s
tt0083791,1982,PG,English,Family,1980,English - Family,English - Family - 1980s
tt0083804,1982,R,German,Mature,1980,German - Mature,German - Mature - 1980s
tt0083806,1982,PG,English,Family,1980,English - Family,English - Family - 1980s
tt0083851,1982,R,English,Mature,1980,English - Mature,English - Mature - 1980s
tt0083866,1982,PG,English,Family,1980,English - Family,English - Family - 1980s
tt0083872,1982,Unknown,Hungarian,Unknown,1980,Hungarian - Unknown,Hungarian - Unknown - 1980s
tt0083907,1981,NC-17,English,Mature,1980,English - Mature,English - Mature - 1980s
tt0083934,1982,R,Indonesian,Mature,1980,Indonesian - Mature,Indonesian - Mature - 1980s
tt0083944,1982,R,English,Mature,1980,English - Mature,English - Mature - 1980s
tt0083987,1982,PG,English,Family,1980,English - Family,English - Family - 1980s
tt0084049,1982,PG,English,Family,1980,English - Family,English - Family - 1980s
tt0084060,1982,G,English,Family,1980,English - Family,English - Family - 1980s
tt0084090,1981,R,English,Mature,1980,English - Mature,English - Mature - 1980s
tt0084116,1982,Not Rated,Italian,Unknown,1980,Italian - Unknown,Italian - Unknown - 1980s
tt0084117,1982,PG,English,Family,1980,English - Family,English - Family - 1980s
tt0084119,1982,Unknown,English,Unknown,1980,English - Unknown,English - Unknown - 1980s
tt0084133,1981,R,English,Mature,1980,English - Mature,English - Mature - 1980s
tt0084153,1982,Unknown,Japanese,Unknown,1980,Japanese - Unknown,Japanese - Unknown - 1980s
tt0084357,1982,Not Rated,French,Unknown,1980,French - Unknown,French - Unknown - 1980s
tt0084408,1982,Not Rated,English,Unknown,1980,English - Unknown,English - Unknown - 1980s
tt0084422,1982,R,Italian,Mature,1980,Italian - Mature,Italian - Mature - 1980s
tt0084434,1982,R,English,Mature,1980,English - Mature,English - Mature - 1980s
tt0084503,1982,R,English,Mature,1980,English - Mature,English - Mature - 1980s
tt0084516,1982,PG,English,Family,1980,English - Family,English - Family - 1980s
tt0084602,1982,PG,English,Family,1980,English - Family,English - Family - 1980s
tt0084671,1982,R,Cantonese,Mature,1980,Cantonese - Mature,Cantonese - Mature - 1980s
tt0084714,1982,R,English,Mature,1980,English - Mature,English - Mature - 1980s
tt0084726,1982,PG,English,Family,1980,English - Family,English - Family - 1980s
tt0084732,1982,PG,English,Family,1980,English - Family,English - Family - 1980s
tt0084737,1982,R,English,Mature,1980,English - Mature,English - Mature - 1980s
tt0084787,1982,R,English,Mature,1980,English - Mature,English - Mature - 1980s
tt0084796,1982,PG,English,Family,1980,English - Family,English - Family - 1980s
tt0084805,1982,PG,English,Family,1980,English - Family,English - Family - 1980s
tt0084827,1982,PG,English,Family,1980,English - Family,English - Family - 1980s
tt0084829,1982,R,French,Mature,1980,French - Mature,French - Mature - 1980s
tt0084854,1981,R,English,Mature,1980,English - Mature,English - Mature - 1980s
tt0084899,1982,PG,English,Family,1980,English - Family,English - Family - 1980s
tt0084921,1982,R,Mandarin,Mature,1980,Mandarin - Mature,Mandarin - Mature - 1980s
tt0085127,1983,PG-13,Cantonese,Teen,1980,Cantonese - Teen,Cantonese - Teen - 1980s
tt0085179,1983,Unknown,Spanish,Unknown,1980,Spanish - Unknown,Spanish - Unknown - 1980s
tt0085213,1983,Unknown,None,Unknown,1980,None - Unknown,None - Unknown - 1980s
tt0085279,1983,PG,English,Family,1980,English - Family,English - Family - 1980s
tt0085303,1983,Unrated,English,Unknown,1980,English - Unknown,English - Unknown - 1980s
tt0085333,1983,R,English,Mature,1980,English - Mature,English - Mature - 1980s
tt0085334,1983,PG,English,Family,1980,English - Family,English - Family - 1980s
tt0085382,1983,R,English,Mature,1980,English - Mature,English - Mature - 1980s
tt0085407,1983,R,English,Mature,1980,English - Mature,English - Mature - 1980s
tt0085599,1983,Unknown,Greek,Unknown,1980,Greek - Unknown,Greek - Unknown - 1980s
tt0085601,1983,TV-PG,Italian,Teen,1980,Italian - Teen,Italian - Teen - 1980s
tt0085656,1983,PG,English,Family,1980,English - Family,English - Family - 1980s
tt0085672,1983,PG,Italian,Family,1980,Italian - Family,Italian - Family - 1980s
tt0085693,1983,PG,English,Family,1980,English - Family,English - Family - 1980s
tt0085743,1983,Not Rated,Hindi,Unknown,1980,Hindi - Unknown,Hindi - Unknown - 1980s
tt0085794,1982,PG,English,Family,1980,English - Family,English - Family - 1980s
tt0085951,1983,Not Rated,Mandarin,Unknown,1980,Mandarin - Unknown,Mandarin - Unknown - 1980s
tt0085995,1983,R,English,Mature,1980,English - Mature,English - Mature - 1980s
tt0086006,1983,PG,English,Family,1980,English - Family,English - Family - 1980s
tt0086014,1983,R,English,Mature,1980,English - Mature,English - Mature - 1980s
tt0086019,1984,Unknown,Spanish,Unknown,1980,Spanish - Unknown,Spanish - Unknown - 1980s
tt0086034,1983,PG,English,Family,1980,English - Family,English - Family - 1980s
tt0086066,1983,PG,English,Family,1980,English - Family,English - Family - 1980s
tt0086135,1983,Unrated,English,Unknown,1980,English - Unknown,English - Unknown - 1980s
tt0086137,1983,R,English,Mature,1980,English - Mature,English - Mature - 1980s
tt0086154,1983,R,English,Mature,1980,English - Mature,English - Mature - 1980s
tt0086190,1983,PG,English,Family,1980,English - Family,English - Family - 1980s
tt0086197,1983,PG,English,Family,1980,English - Family,English - Family - 1980s
tt0086200,1983,R,English,Mature,1980,English - Mature,English - Mature - 1980s
tt0086232,1983,PG,English,Family,1980,English - Family,English - Family - 1980s
tt0086242,1983,Not Rated,Japanese,Unknown,1980,Japanese - Unknown,Japanese - Unknown - 1980s
tt0086250,1983,R,English,Mature,1980,English - Mature,English - Mature - 1980s
tt0086312,1983,R,English,Mature,1980,English - Mature,English - Mature - 1980s
tt0086320,1983,R,English,Mature,1980,English - Mature,English - Mature - 1980s
tt0086355,1983,R,English,Mature,1980,English - Mature,English - Mature - 1980s
tt0086370,1983,PG,English,Family,1980,English - Family,English - Family - 1980s
tt0086393,1983,PG,English,Family,1980,English - Family,English - Family - 1980s
tt0086405,1983,PG,English,Family,1980,English - Family,English - Family - 1980s
tt0086429,1983,PG,English,Family,1980,English - Family,English - Family - 1980s
tt0086443,1982,PG,English,Family,1980,English - Family,English - Family - 1980s
tt0086461,1983,PG,English,Family,1980,English - Family,English - Family - 1980s
tt0086476,1983,PG,English,Family,1980,English - Family,English - Family - 1980s
tt0086497,1983,Unrated,English,Unknown,1980,English - Unknown,English - Unknown - 1980s
tt0086510,1983,R,English,Mature,1980,English - Mature,English - Mature - 1980s
tt0086541,1983,R,English,Mature,1980,English - Mature,English - Mature - 1980s
tt0086542,1983,PG,French,Family,1980,French - Family,French - Family - 1980s
tt0086567,1983,PG,English,Family,1980,English - Family,English - Family - 1980s
tt0086589,1983,R,English,Mature,1980,English - Mature,English - Mature - 1980s
tt0086619,1983,PG,English,Family,1980,English - Family,English - Family - 1980s
tt0086856,1984,PG,English,Family,1980,English - Family,English - Family - 1980s
tt0086879,1984,PG,English,Family,1980,English - Family,English - Family - 1980s
tt0086960,1984,R,English,Mature,1980,English - Mature,English - Mature - 1980s
tt0086979,1984,R,English,Mature,1980,English - Mature,English - Mature - 1980s
tt0086980,1984,Unrated,English,Unknown,1980,English - Unknown,English - Unknown - 1980s
tt0086984,1984,R,English,Mature,1980,English - Mature,English - Mature - 1980s
tt0087034,1984,PG,French,Family,1980,French - Family,French - Family - 1980s
tt0087050,1984,R,English,Mature,1980,English - Mature,English - Mature - 1980s
tt0087078,1984,PG,English,Family,1980,English - Family,English - Family - 1980s
tt0087089,1984,R,English,Mature,1980,English - Mature,English - Mature - 1980s
tt0087100,1984,R,English,Mature,1980,English - Mature,English - Mature - 1980s
tt0087110,1983,Unknown,Mandarin,Unknown,1980,Mandarin - Unknown,Mandarin - Unknown - 1980s
tt0087130,1985,R,English,Mature,1980,English - Mature,English - Mature - 1980s
tt0087144,1984,Unknown,French,Unknown,1980,French - Unknown,French - Unknown - 1980s
tt0087182,1984,PG-13,English,Teen,1980,English - Teen,English - Teen - 1980s
tt0087263,1984,PG-13,English,Teen,1980,English - Teen,English - Teen - 1980s
tt0087277,1984,PG,English,Family,1980,English - Family,English - Family - 1980s
tt0087332,1984,PG,English,Family,1980,English - Family,English - Family - 1980s
tt0087343,1984,Unknown,None,Unknown,1980,None - Unknown,None - Unknown - 1980s
tt0087363,1984,PG,English,Family,1980,English - Family,English - Family - 1980s
tt0087464,1984,R,English,Mature,1980,English - Mature,English - Mature - 1980s
tt0087469,1984,PG,English,Family,1980,English - Family,English - Family - 1980s
tt0087507,1984,PG-13,English,Teen,1980,English - Teen,English - Teen - 1980s
tt0087513,1984,R,English,Mature,1980,English - Mature,English - Mature - 1980s
tt0087538,1984,PG,English,Family,1980,English - Family,English - Family - 1980s
tt0087544,1984,PG,Japanese,Family,1980,Japanese - Family,Japanese - Family - 1980s
tt0087660,1984,Not Rated,English,Unknown,1980,English - Unknown,English - Unknown - 1980s
tt0087666,1984,R,English,Mature,1980,English - Mature,English - Mature - 1980s
tt0087747,1984,R,English,Mature,1980,English - Mature,English - Mature - 1980s
tt0087755,1984,G,English,Family,1980,English - Family,English - Family - 1980s
tt0087781,1984,PG,English,Family,1980,English - Family,English - Family - 1980s
tt0087800,1984,R,English,Mature,1980,English - Mature,English - Mature - 1980s
tt0087803,1984,R,English,Mature,1980,English - Mature,English - Mature - 1980s
tt0087810,1984,R,English,Mature,1980,English - Mature,English - Mature - 1980s
tt0087843,1984,R,English,Mature,1980,English - Mature,English - Mature - 1980s
tt0087901,1984,R,English,Mature,1980,English - Mature,English - Mature - 1980s
tt0087918,1984,Unknown,French,Unknown,1980,French - Unknown,French - Unknown - 1980s
tt0087932,1984,R,English,Mature,1980,English - Mature,English - Mature - 1980s
tt0087981,1984,R,English,Mature,1980,English - Mature,English - Mature - 1980s
tt0088011,1984,PG,English,Family,1980,English - Family,English - Family - 1980s
tt0088015,1984,Not Rated,Swedish,Unknown,1980,Swedish - Unknown,Swedish - Unknown - 1980s
tt0088041,1984,Unknown,Japanese,Unknown,1980,Japanese - Unknown,Japanese - Unknown - 1980s
tt0088067,1984,R,English,Mature,1980,English - Mature,English - Mature - 1980s
tt0088092,1986,Unknown,Portuguese,Unknown,1980,Portuguese - Unknown,Portuguese - Unknown - 1980s
tt0088103,1984,PG,English,Family,1980,English - Family,English - Family - 1980s
tt0088111,1985,APPROVED,English,Unknown,1980,English - Unknown,English - Unknown - 1980s
tt0088128,1984,PG,English,Family,1980,English - Family,English - Family - 1980s
tt0088133,1984,Not Rated,English,Unknown,1980,English - Unknown,English - Unknown - 1980s
tt0088161,1984,PG,English,Family,1980,English - Family,English - Family - 1980s
tt0088170,1984,PG,English,Family,1980,English - Family,English - Family - 1980s
tt0088206,1984,PG,English,Family,1980,English - Family,English - Family - 1980s
tt0088224,1984,PG,English,Family,1980,English - Family,English - Family - 1980s
tt0088247,1984,R,English,Mature,1980,English - Mature,English - Mature - 1980s
tt0088255,1984,R,English,Mature,1980,English - Mature,English - Mature - 1980s
tt0088286,1984,PG,English,Family,1980,English - Family,English - Family - 1980s
tt0088323,1984,PG,English,Family,1980,English - Family,English - Family - 1980s
tt0088326,1984,PG,English,Family,1980,English - Family,English - Family - 1980s
tt0088359,1984,R,French,Mature,1980,French - Mature,French - Mature - 1980s
tt0088393,1985,R,English,Mature,1980,English - Mature,English - Mature - 1980s
tt0088462,1984,Unknown,French,Unknown,1980,French - Unknown,French - Unknown - 1980s
tt0088680,1985,R,English,Mature,1980,English - Mature,English - Mature - 1980s
tt0088714,1985,Unrated,French,Unknown,1980,French - Unknown,French - Unknown - 1980s
tt0088760,1985,PG,English,Family,1980,English - Family,English - Family - 1980s
tt0088763,1985,PG,English,Family,1980,English - Family,English - Family - 1980s
tt0088830,1985,R,English,Mature,1980,English - Mature,English - Mature - 1980s
tt0088846,1985,R,English,Mature,1980,English - Mature,English - Mature - 1980s
tt0088864,1985,Not Rated,English,Unknown,1980,English - Unknown,English - Unknown - 1980s
tt0088876,1985,PG,English,Family,1980,English - Family,English - Family - 1980s
tt0088895,1985,R,English,Mature,1980,English - Mature,English - Mature - 1980s
tt0088896,1979,Unrated,English,Unknown,1970,English - Unknown,English - Unknown - 1970s
tt0088930,1985,PG,English,Family,1980,English - Family,English - Family - 1980s
tt0088933,1985,PG-13,English,Teen,1980,English - Teen,English - Teen - 1980s
tt0088934,1985,PG,English,Family,1980,English - Family,English - Family - 1980s
tt0088944,1985,R,English,Mature,1980,English - Mature,English - Mature - 1980s
tt0088967,1985,PG-13,English,Teen,1980,English - Teen,English - Teen - 1980s
tt0088993,1985,Not Rated,English,Unknown,1980,English - Unknown,English - Unknown - 1980s
tt0089015,1985,R,English,Mature,1980,English - Mature,English - Mature - 1980s
tt0089072,1985,Unknown,French,Unknown,1980,French - Unknown,French - Unknown - 1980s
tt0089087,1985,R,English,Mature,1980,English - Mature,English - Mature - 1980s
tt0089091,1983,TV-14,Italian,Teen,1980,Italian - Teen,Italian - Teen - 1980s
tt0089175,1985,R,English,Mature,1980,English - Mature,English - Mature - 1980s
tt0089218,1985,PG,English,Family,1980,English - Family,English - Family - 1980s
tt0089265,1985,PG-13,English,Teen,1980,English - Teen,English - Teen - 1980s
tt0089274,1984,R,English,Mature,1980,English - Mature,English - Mature - 1980s
tt0089283,1985,R,English,Mature,1980,English - Mature,English - Mature - 1980s
tt0089393,1985,PG-13,English,Teen,1980,English - Teen,English - Teen - 1980s
tt0089457,1985,PG-13,English,Teen,1980,English - Teen,English - Teen - 1980s
tt0089458,1985,Unknown,English,Unknown,1980,English - Unknown,English - Unknown - 1980s
tt0089469,1985,PG,English,Family,1980,English - Family,English - Family - 1980s
tt0089470,1985,PG-13,English,Teen,1980,English - Teen,English - Teen - 1980s
tt0089530,1985,PG-13,English,Teen,1980,English - Teen,English - Teen - 1980s
tt0089569,1985,PG,English,Family,1980,English - Family,English - Family - 1980s
tt0089572,1985,R,English,Mature,1980,English - Mature,English - Mature - 1980s
tt0089591,1985,PG,Italian,Family,1980,Italian - Family,Italian - Family - 1980s
tt0089601,1985,R,English,Mature,1980,English - Mature,English - Mature - 1980s
tt0089622,1985,PG-13,English,Teen,1980,English - Teen,English - Teen - 1980s
tt0089670,1985,PG-13,English,Teen,1980,English - Teen,English - Teen - 1980s
tt0089678,1986,Unknown,Hindi,Unknown,1980,Hindi - Unknown,Hindi - Unknown - 1980s
tt0089686,1985,R,English,Mature,1980,English - Mature,English - Mature - 1980s
tt0089716,1985,R,German,Mature,1980,German - Mature,German - Mature - 1980s
tt0089755,1985,PG,English,Family,1980,English - Family,English - Family - 1980s
tt0089798,1985,Approved,English,Unknown,1980,English - Unknown,English - Unknown - 1980s
tt0089841,1985,R,English,Mature,1980,English - Mature,English - Mature - 1980s
tt0089853,1985,PG,English,Family,1980,English - Family,English - Family - 1980s
tt0089880,1985,R,English,Mature,1980,English - Mature,English - Mature - 1980s
tt0089881,1985,R,Japanese,Mature,1980,Japanese - Mature,Japanese - Mature - 1980s
tt0089885,1985,R,English,Mature,1980,English - Mature,English - Mature - 1980s
tt0089893,1985,PG-13,English,Teen,1980,English - Teen,English - Teen - 1980s
tt0089907,1985,R,English,Mature,1980,English - Mature,English - Mature - 1980s
tt0089927,1985,PG,English,Family,1980,English - Family,English - Family - 1980s
tt0089997,1986,PG-13,English,Teen,1980,English - Teen,English - Teen - 1980s
tt0090022,1985,PG-13,English,Teen,1980,English - Teen,English - Teen - 1980s
tt0090110,1985,PG-13,English,Teen,1980,English - Teen,English - Teen - 1980s
tt0090244,1985,Unknown,Japanese,Unknown,1980,Japanese - Unknown,Japanese - Unknown - 1980s
tt0090264,1985,PG,English,Family,1980,English - Family,English - Family - 1980s
tt0090280,1985,Unknown,N/A,Unknown,1980,N/A - Unknown,N/A - Unknown - 1980s
tt0090305,1985,PG-13,English,Teen,1980,English - Teen,English - Teen - 1980s
tt0090329,1985,R,English,Mature,1980,English - Mature,English - Mature - 1980s
tt0090340,1984,Unknown,Mandarin,Unknown,1980,Mandarin - Unknown,Mandarin - Unknown - 1980s
tt0090349,1985,Unknown,Japanese,Unknown,1980,Japanese - Unknown,Japanese - Unknown - 1980s
tt0090368,1984,Unknown,Russian,Unknown,1980,Russian - Unknown,Russian - Unknown - 1980s
tt0090555,1986,PG-13,English,Teen,1980,English - Teen,English - Teen - 1980s
tt0090605,1986,R,English,Mature,1980,English - Mature,English - Mature - 1980s
tt0090631,1986,PG-13,English,Teen,1980,English - Teen,English - Teen - 1980s
tt0090633,1986,G,English,Family,1980,English - Family,English - Family - 1980s
tt0090678,1986,R,English,Mature,1980,English - Mature,English - Mature - 1980s
tt0090713,1986,PG-13,English,Teen,1980,English - Teen,English - Teen - 1980s
tt0090728,1986,PG-13,English,Teen,1980,English - Teen,English - Teen - 1980s
tt0090750,1986,R,English,Mature,1980,English - Mature,English - Mature - 1980s
tt0090756,1986,R,English,Mature,1980,English - Mature,English - Mature - 1980s
tt0090769,1986,R,English,Mature,1980,English - Mature,English - Mature - 1980s
tt0090788,1986,R,Italian,Mature,1980,Italian - Mature,Italian - Mature - 1980s
tt0090798,1986,Unknown,English,Unknown,1980,English - Unknown,English - Unknown - 1980s
tt0090848,1986,R,English,Mature,1980,English - Mature,English - Mature - 1980s
tt0090859,1986,R,English,Mature,1980,English - Mature,English - Mature - 1980s
tt0090863,1986,R,English,Mature,1980,English - Mature,English - Mature - 1980s
tt0090866,1984,R,English,Mature,1980,English - Mature,English - Mature - 1980s
tt0090888,1986,R,English,Mature,1980,English - Mature,English - Mature - 1980s
tt0090903,1986,R,Italian,Mature,1980,Italian - Mature,Italian - Mature - 1980s
tt0090915,1986,R,English,Mature,1980,English - Mature,English - Mature - 1980s
tt0090930,1986,R,Italian,Mature,1980,Italian - Mature,Italian - Mature - 1980s
tt0091064,1986,R,English,Mature,1980,English - Mature,English - Mature - 1980s
tt0091083,1986,R,English,Mature,1980,English - Mature,English - Mature - 1980s
tt0091129,1986,PG-13,English,Teen,1980,English - Teen,English - Teen - 1980s
tt0091142,1986,R,English,Mature,1980,English - Mature,English - Mature - 1980s
tt0091200,1985,R,Serbo-Croatian,Mature,1980,Serbo-Croatian - Mature,Serbo-Croatian - Mature - 1980s
tt0091203,1986,R,English,Mature,1980,English - Mature,English - Mature - 1980s
tt0091251,1985,Not Rated,Russian,Unknown,1980,Russian - Unknown,Russian - Unknown - 1980s
tt0091278,1986,PG-13,English,Teen,1980,English - Teen,English - Teen - 1980s
tt0091313,1986,R,English,Mature,1980,English - Mature,English - Mature - 1980s
tt0091326,1986,PG,English,Family,1980,English - Family,English - Family - 1980s
tt0091369,1986,PG,English,Family,1980,English - Family,English - Family - 1980s
tt0091377,1987,Unknown,Mandarin,Unknown,1980,Mandarin - Unknown,Mandarin - Unknown - 1980s
tt0091396,1986,PG,English,Family,1980,English - Family,English - Family - 1980s
tt0091419,1986,PG-13,English,Teen,1980,English - Teen,English - Teen - 1980s
tt0091447,1986,R,Cantonese,Mature,1980,Cantonese - Mature,Cantonese - Mature - 1980s
tt0091464,1986,PG-13,English,Teen,1980,English - Teen,English - Teen - 1980s
tt0091474,1986,R,English,Mature,1980,English - Mature,English - Mature - 1980s
tt0091497,1986,Unrated,French,Unknown,1980,French - Unknown,French - Unknown - 1980s
tt0091507,1986,Not Rated,French,Unknown,1980,French - Unknown,French - Unknown - 1980s
tt0091530,1986,PG,English,Family,1980,English - Family,English - Family - 1980s
tt0091535,1987,Unknown,French,Unknown,1980,French - Unknown,French - Unknown - 1980s
tt0091603,1986,R,English,Mature,1980,English - Mature,English - Mature - 1980s
tt0091605,1986,R,English,Mature,1980,English - Mature,English - Mature - 1980s
tt0091631,1986,R,English,Mature,1980,English - Mature,English - Mature - 1980s
tt0091763,1986,R,English,Mature,1980,English - Mature,English - Mature - 1980s
tt0091790,1986,PG-13,English,Teen,1980,English - Teen,English - Teen - 1980s
tt0091814,1986,PG,English,Family,1980,English - Family,English - Family - 1980s
tt0091829,1986,R,English,Mature,1980,English - Mature,English - Mature - 1980s
tt0091949,1986,PG,English,Family,1980,English - Family,English - Family - 1980s
tt0092005,1986,R,English,Mature,1980,English - Mature,English - Mature - 1980s
tt0092007,1986,PG,English,Family,1980,English - Family,English - Family - 1980s
tt0092067,1986,PG,Japanese,Family,1980,Japanese - Family,Japanese - Family - 1980s
tt0092074,1986,R,English,Mature,1980,English - Mature,English - Mature - 1980s
tt0092099,1986,PG,English,Family,1980,English - Family,English - Family - 1980s
tt0092225,1986,R,English,Mature,1980,English - Mature,English - Mature - 1980s
tt0092534,1986,PG,English,Family,1980,English - Family,English - Family - 1980s
tt0092546,1987,R,English,Mature,1980,English - Mature,English - Mature - 1980s
tt0092563,1987,R,English,Mature,1980,English - Mature,English - Mature - 1980s
tt0092593,1987,PG,French,Family,1980,French - Family,French - Family - 1980s
tt0092627,1987,R,English,Mature,1980,English - Mature,English - Mature - 1980s
tt0092641,1987,R,English,Mature,1980,English - Mature,English - Mature - 1980s
tt0092644,1987,R,English,Mature,1980,English - Mature,English - Mature - 1980s
tt0092666,1987,PG-13,English,Teen,1980,English - Teen,English - Teen - 1980s
tt0092669,1987,Unrated,English,Unknown,1980,English - Unknown,English - Unknown - 1980s
tt0092675,1988,R,English,Mature,1980,English - Mature,English - Mature - 1980s
tt0092783,1988,R,English,Mature,1980,English - Mature,English - Mature - 1980s
tt0092802,1987,R,English,Mature,1980,English - Mature,English - Mature - 1980s
tt0092809,1987,R,English,Mature,1980,English - Mature,English - Mature - 1980s
tt0092847,1987,R,English,Mature,1980,English - Mature,English - Mature - 1980s
tt0092850,1986,R,English,Mature,1980,English - Mature,English - Mature - 1980s
tt0092890,1987,PG-13,English,Teen,1980,English - Teen,English - Teen - 1980s
tt0092892,1987,PG-13,English,Teen,1980,English - Teen,English - Teen - 1980s
tt0092925,1987,PG-13,English,Teen,1980,English - Teen,English - Teen - 1980s
tt0092965,1987,PG,English,Family,1980,English - Family,English - Family - 1980s
tt0092991,1987,R,English,Mature,1980,English - Mature,English - Mature - 1980s
tt0093010,1987,R,English,Mature,1980,English - Mature,English - Mature - 1980s
tt0093050,1987,Unknown,English,Unknown,1980,English - Unknown,English - Unknown - 1980s
tt0093058,1987,R,English,Mature,1980,English - Mature,English - Mature - 1980s
tt0093101,1987,Not Rated,Japanese,Unknown,1980,Japanese - Unknown,Japanese - Unknown - 1980s
tt0093105,1987,R,English,Mature,1980,English - Mature,English - Mature - 1980s
tt0093139,1987,Unknown,Finnish,Unknown,1980,Finnish - Unknown,Finnish - Unknown - 1980s
tt0093143,1987,R,English,Mature,1980,English - Mature,English - Mature - 1980s
tt0093176,1987,R,English,Mature,1980,English - Mature,English - Mature - 1980s
tt0093177,1987,R,English,Mature,1980,English - Mature,English - Mature - 1980s
tt0093191,1987,PG-13,German,Teen,1980,German - Teen,German - Teen - 1980s
tt0093207,1987,Unrated,Japanese,Unknown,1980,Japanese - Unknown,Japanese - Unknown - 1980s
tt0093223,1987,R,English,Mature,1980,English - Mature,English - Mature - 1980s
tt0093253,1987,PG-13,English,Teen,1980,English - Teen,English - Teen - 1980s
tt0093286,1987,R,English,Mature,1980,English - Mature,English - Mature - 1980s
tt0093349,1987,PG,French,Family,1980,French - Family,French - Family - 1980s
tt0093378,1987,PG-13,English,Teen,1980,English - Teen,English - Teen - 1980s
tt0093389,1987,PG-13,English,Teen,1980,English - Teen,English - Teen - 1980s
tt0093409,1987,R,English,Mature,1980,English - Mature,English - Mature - 1980s
tt0093422,1987,Unknown,Cantonese,Unknown,1980,Cantonese - Unknown,Cantonese - Unknown - 1980s
tt0093428,1987,PG,English,Family,1980,English - Family,English - Family - 1980s
tt0093435,1987,R,Cantonese,Mature,1980,Cantonese - Mature,Cantonese - Mature - 1980s
tt0093437,1987,R,English,Mature,1980,English - Mature,English - Mature - 1980s
tt0093456,1987,R,English,Mature,1980,English - Mature,English - Mature - 1980s
tt0093467,1987,PG,English,Family,1980,English - Family,English - Family - 1980s
tt0093489,1987,R,French,Mature,1980,French - Mature,French - Mature - 1980s
tt0093505,1987,Unknown,French,Unknown,1980,French - Unknown,French - Unknown - 1980s
tt0093565,1987,PG,English,Family,1980,English - Family,English - Family - 1980s
tt0093578,1987,Unknown,Hindi,Unknown,1980,Hindi - Unknown,Hindi - Unknown - 1980s
tt0093582,1987,PG,English,Family,1980,English - Family,English - Family - 1980s
tt0093621,1986,R,English,Mature,1980,English - Mature,English - Mature - 1980s
tt0093629,1987,R,English,Mature,1980,English - Mature,English - Mature - 1980s
tt0093640,1987,R,English,Mature,1980,English - Mature,English - Mature - 1980s
tt0093693,1987,PG,English,Family,1980,English - Family,English - Family - 1980s
tt0093771,1987,R,English,Mature,1980,English - Mature,English - Mature - 1980s
tt0093773,1987,R,English,Mature,1980,English - Mature,English - Mature - 1980s
tt0093776,1987,R,English,Mature,1980,English - Mature,English - Mature - 1980s
tt0093779,1987,PG,English,Family,1980,English - Family,English - Family - 1980s
tt0093793,1987,PG,English,Family,1980,English - Family,English - Family - 1980s
tt0093822,1987,PG-13,English,Teen,1980,English - Teen,English - Teen - 1980s
tt0093828,1987,PG-13,English,Teen,1980,English - Teen,English - Teen - 1980s
tt0093870,1987,R,English,Mature,1980,English - Mature,English - Mature - 1980s
tt0093894,1987,R,English,Mature,1980,English - Mature,English - Mature - 1980s
tt0093913,1987,Unknown,English,Unknown,1980,English - Unknown,English - Unknown - 1980s
tt0093995,1988,R,English,Mature,1980,English - Mature,English - Mature - 1980s
tt0094008,1987,R,English,Mature,1980,English - Mature,English - Mature - 1980s
tt0094012,1987,PG,English,Family,1980,English - Family,English - Family - 1980s
tt0094033,1987,R,English,Mature,1980,English - Mature,English - Mature - 1980s
tt0094074,1987,PG,English,Family,1980,English - Family,English - Family - 1980s
tt0094205,1979,Unknown,French,Unknown,1970,French - Unknown,French - Unknown - 1970s
tt0094208,1987,R,Italian,Mature,1980,Italian - Mature,Italian - Mature - 1980s
tt0094210,1987,Unknown,French,Unknown,1980,French - Unknown,French - Unknown - 1980s
tt0094226,1987,R,English,Mature,1980,English - Mature,English - Mature - 1980s
tt0094291,1987,R,English,Mature,1980,English - Mature,English - Mature - 1980s
tt0094320,1987,R,English,Mature,1980,English - Mature,English - Mature - 1980s
tt0094332,1987,R,English,Mature,1980,English - Mature,English - Mature - 1980s
tt0094383,1987,R,English,Mature,1980,English - Mature,English - Mature - 1980s
tt0094387,1987,Unknown,Cantonese,Unknown,1980,Cantonese - Unknown,Cantonese - Unknown - 1980s
tt0094597,1988,R,English,Mature,1980,English - Mature,English - Mature - 1980s
tt0094606,1988,PG,English,Family,1980,English - Family,English - Family - 1980s
tt0094625,1988,R,Japanese,Mature,1980,Japanese - Mature,Japanese - Mature - 1980s
tt0094642,1987,R,English,Mature,1980,English - Mature,English - Mature - 1980s
tt0094669,1988,PG,English,Family,1980,English - Family,English - Family - 1980s
tt0094709,1989,Unknown,French,Unknown,1980,French - Unknown,French - Unknown - 1980s
tt0094711,1989,Unknown,French,Unknown,1980,French - Unknown,French - Unknown - 1980s
tt0094712,1988,R,English,Mature,1980,English - Mature,English - Mature - 1980s
tt0094721,1988,PG,English,Family,1980,English - Family,English - Family - 1980s
tt0094731,1988,R,English,Mature,1980,English - Mature,English - Mature - 1980s
tt0094737,1988,PG,English,Family,1980,English - Family,English - Family - 1980s
tt0094761,1988,R,English,Mature,1980,English - Mature,English - Mature - 1980s
tt0094862,1988,R,English,Mature,1980,English - Mature,English - Mature - 1980s
tt0094889,1988,R,English,Mature,1980,English - Mature,English - Mature - 1980s
tt0094890,1988,PG,English,Family,1980,English - Family,English - Family - 1980s
tt0094898,1988,R,English,Mature,1980,English - Mature,English - Mature - 1980s
tt0094921,1988,PG,English,Family,1980,English - Family,English - Family - 1980s
tt0094933,1988,R,English,Mature,1980,English - Mature,English - Mature - 1980s
tt0094947,1988,R,English,Mature,1980,English - Mature,English - Mature - 1980s
tt0095016,1988,R,English,Mature,1980,English - Mature,English - Mature - 1980s
tt0095031,1988,PG,English,Family,1980,English - Family,English - Family - 1980s
tt0095159,1988,R,English,Mature,1980,English - Mature,English - Mature - 1980s
tt0095217,1988,Unknown,English,Unknown,1980,English - Unknown,English - Unknown - 1980s
tt0095288,1988,PG-13,English,Teen,1980,English - Teen,English - Teen - 1980s
tt0095327,1988,Not Rated,Japanese,Unknown,1980,Japanese - Unknown,Japanese - Unknown - 1980s
tt0095337,1988,Unknown,Cantonese,Unknown,1980,Cantonese - Unknown,Cantonese - Unknown - 1980s
tt0095348,1988,R,English,Mature,1980,English - Mature,English - Mature - 1980s
tt0095386,1988,Unknown,German,Unknown,1980,German - Unknown,German - Unknown - 1980s
tt0095389,1988,R,English,Mature,1980,English - Mature,English - Mature - 1980s
tt0095394,1991,Unknown,Spanish,Unknown,1990,Spanish - Unknown,Spanish - Unknown - 1990s
tt0095409,1988,R,English,Mature,1980,English - Mature,English - Mature - 1980s
tt0095483,1989,R,Indonesian,Mature,1980,Indonesian - Mature,Indonesian - Mature - 1980s
tt0095484,1988,PG-13,English,Teen,1980,English - Teen,English - Teen - 1980s
tt0095489,1988,G,English,Family,1980,English - Family,English - Family - 1980s
tt0095530,1987,G,English,Family,1980,English - Family,English - Family - 1980s
tt0095593,1988,R,English,Mature,1980,English - Mature,English - Mature - 1980s
tt0095631,1988,R,English,Mature,1980,English - Mature,English - Mature - 1980s
tt0095647,1988,R,English,Mature,1980,English - Mature,English - Mature - 1980s
tt0095649,1988,R,English,Mature,1980,English - Mature,English - Mature - 1980s
tt0095687,1988,PG-13,English,Teen,1980,English - Teen,English - Teen - 1980s
tt0095705,1988,PG-13,English,Teen,1980,English - Teen,English - Teen - 1980s
tt0095709,1988,PG,English,Family,1980,English - Family,English - Family - 1980s
tt0095765,1988,PG,Italian,Family,1980,Italian - Family,Italian - Family - 1980s
tt0095774,1988,R,English,Mature,1980,English - Mature,English - Mature - 1980s
tt0095863,1988,R,English,Mature,1980,English - Mature,English - Mature - 1980s
tt0095869,1988,Unknown,Italian,Unknown,1980,Italian - Unknown,Italian - Unknown - 1980s
tt0095956,1988,R,English,Mature,1980,English - Mature,English - Mature - 1980s
tt0095963,1988,R,English,Mature,1980,English - Mature,English - Mature - 1980s
tt0096061,1988,PG-13,English,Teen,1980,English - Teen,English - Teen - 1980s
tt0096142,1988,R,English,Mature,1980,English - Mature,English - Mature - 1980s
tt0096161,1988,R,English,Mature,1980,English - Mature,English - Mature - 1980s
tt0096219,1988,R,English,Mature,1980,English - Mature,English - Mature - 1980s
tt0096251,1989,Not Rated,Japanese,Unknown,1980,Japanese - Unknown,Japanese - Unknown - 1980s
tt0096256,1988,R,English,Mature,1980,English - Mature,English - Mature - 1980s
tt0096283,1988,G,Japanese,Family,1980,Japanese - Family,Japanese - Family - 1980s
tt0096320,1988,PG,English,Family,1980,English - Family,English - Family - 1980s
tt0096332,1988,R,English,Mature,1980,English - Mature,English - Mature - 1980s
tt0096420,1987,R,English,Mature,1980,English - Mature,English - Mature - 1980s
tt0096438,1988,PG,English,Family,1980,English - Family,English - Family - 1980s
tt0096446,1988,PG,English,Family,1980,English - Family,English - Family - 1980s
tt0096453,1989,R,English,Mature,1980,English - Mature,English - Mature - 1980s
tt0096454,1988,PG,English,Family,1980,English - Family,English - Family - 1980s
tt0096472,1988,Unknown,Cantonese,Unknown,1980,Cantonese - Unknown,Cantonese - Unknown - 1980s
tt0096477,1988,Unknown,Hindi,Unknown,1980,Hindi - Unknown,Hindi - Unknown - 1980s
tt0096487,1988,R,English,Mature,1980,English - Mature,English - Mature - 1980s
tt0096734,1989,PG,English,Family,1980,English - Family,English - Family - 1980s
tt0096754,1989,PG-13,English,Teen,1980,English - Teen,English - Teen - 1980s
tt0096794,1989,PG,English,Family,1980,English - Family,English - Family - 1980s
tt0096842,1989,Unknown,French,Unknown,1980,French - Unknown,French - Unknown - 1980s
tt0096863,1989,Unknown,Hungarian,Unknown,1980,Hungarian - Unknown,Hungarian - Unknown - 1980s
tt0096874,1989,PG,English,Family,1980,English - Family,English - Family - 1980s
tt0096885,1989,Unknown,Japanese,Unknown,1980,Japanese - Unknown,Japanese - Unknown - 1980s
tt0096895,1989,PG-13,English,Teen,1980,English - Teen,English - Teen - 1980s
tt0096913,1989,PG-13,English,Teen,1980,English - Teen,English - Teen - 1980s
tt0096928,1989,PG,English,Family,1980,English - Family,English - Family - 1980s
tt0096933,1989,R,English,Mature,1980,English - Mature,English - Mature - 1980s
tt0096943,1989,R,English,Mature,1980,English - Mature,English - Mature - 1980s
tt0096945,1989,R,English,Mature,1980,English - Mature,English - Mature - 1980s
tt0096969,1989,R,English,Mature,1980,English - Mature,English - Mature - 1980s
tt0096976,1989,R,English,Mature,1980,English - Mature,English - Mature - 1980s
tt0097037,1988,R,English,Mature,1980,English - Mature,English - Mature - 1980s
tt0097062,1990,Unknown,Russian,Unknown,1990,Russian - Unknown,Russian - Unknown - 1990s
tt0097076,1989,R,English,Mature,1980,English - Mature,English - Mature - 1980s
tt0097230,1988,R,English,Mature,1980,English - Mature,English - Mature - 1980s
tt0097239,1989,PG,English,Family,1980,English - Family,English - Family - 1980s
tt0097328,1989,R,English,Mature,1980,English - Mature,English - Mature - 1980s
tt0097334,1989,PG-13,English,Teen,1980,English - Teen,English - Teen - 1980s
tt0097351,1989,PG,English,Family,1980,English - Family,English - Family - 1980s
tt0097428,1989,PG,English,Family,1980,English - Family,English - Family - 1980s
tt0097438,1989,PG-13,English,Teen,1980,English - Teen,English - Teen - 1980s
tt0097441,1989,R,English,Mature,1980,English - Mature,English - Mature - 1980s
tt0097493,1989,R,English,Mature,1980,English - Mature,English - Mature - 1980s
tt0097523,1989,PG,English,Family,1980,English - Family,English - Family - 1980s
tt0097576,1989,PG-13,English,Teen,1980,English - Teen,English - Teen - 1980s
tt0097579,1989,R,English,Mature,1980,English - Mature,English - Mature - 1980s
tt0097647,1989,PG,English,Family,1980,English - Family,English - Family - 1980s
tt0097733,1989,R,English,Mature,1980,English - Mature,English - Mature - 1980s
tt0097742,1989,PG-13,English,Teen,1980,English - Teen,English - Teen - 1980s
tt0097757,1989,G,English,Family,1980,English - Family,English - Family - 1980s
tt0097814,1989,G,Japanese,Family,1980,Japanese - Family,Japanese - Family - 1980s
tt0097815,1989,R,English,Mature,1980,English - Mature,English - Mature - 1980s
tt0097937,1989,R,English,Mature,1980,English - Mature,English - Mature - 1980s
tt0097987,1989,PG-13,English,Teen,1980,English - Teen,English - Teen - 1980s
tt0098084,1989,R,English,Mature,1980,English - Mature,English - Mature - 1980s
tt0098105,1989,PG,English,Family,1980,English - Family,English - Family - 1980s
tt0098155,1989,Not Rated,Cantonese,Unknown,1980,Cantonese - Unknown,Cantonese - Unknown - 1980s
tt0098184,1989,R,English,Mature,1980,English - Mature,English - Mature - 1980s
tt0098197,1989,PG-13,English,Teen,1980,English - Teen,English - Teen - 1980s
tt0098206,1989,R,English,Mature,1980,English - Mature,English - Mature - 1980s
tt0098209,1989,Unknown,English,Unknown,1980,English - Unknown,English - Unknown - 1980s
tt0098240,1989,Unknown,Russian,Unknown,1980,Russian - Unknown,Russian - Unknown - 1980s
tt0098258,1989,PG-13,English,Teen,1980,English - Teen,English - Teen - 1980s
tt0098282,1989,R,English,Mature,1980,English - Mature,English - Mature - 1980s
tt0098321,1989,Unknown,English,Unknown,1980,English - Unknown,English - Unknown - 1980s
tt0098343,1989,R,English,Mature,1980,English - Mature,English - Mature - 1980s
tt0098412,1989,R,English,Mature,1980,English - Mature,English - Mature - 1980s
tt0098439,1989,R,English,Mature,1980,English - Mature,English - Mature - 1980s
tt0098454,1989,PG,English,Family,1980,English - Family,English - Family - 1980s
tt0098471,1989,PG-13,English,Teen,1980,English - Teen,English - Teen - 1980s
tt0098521,1988,R,English,Mature,1980,English - Mature,English - Mature - 1980s
tt0098531,1990,Not Rated,French,Unknown,1990,French - Unknown,French - Unknown - 1990s
tt0098536,1989,PG,English,Family,1980,English - Family,English - Family - 1980s
tt0098635,1989,R,English,Mature,1980,English - Mature,English - Mature - 1980s
tt0098645,1989,PG-13,English,Teen,1980,English - Teen,English - Teen - 1980s
tt0098662,1989,R,English,Mature,1980,English - Mature,English - Mature - 1980s
tt0098663,1989,PG,English,Family,1980,English - Family,English - Family - 1980s
tt0098678,1989,PG-13,English,Teen,1980,English - Teen,English - Teen - 1980s
tt0098692,1987,Not Rated,Japanese,Unknown,1980,Japanese - Unknown,Japanese - Unknown - 1980s
tt0098999,1990,Not Rated,Hindi,Unknown,1990,Hindi - Unknown,Hindi - Unknown - 1990s
tt0099014,1990,Unknown,English,Unknown,1990,English - Unknown,English - Unknown - 1990s
tt0099052,1990,PG-13,English,Teen,1990,English - Teen,English - Teen - 1990s
tt0099077,1990,PG-13,English,Teen,1990,English - Teen,English - Teen - 1990s
tt0099088,1990,PG,English,Family,1990,English - Family,English - Family - 1990s
tt0099128,1990,R,English,Mature,1990,English - Mature,English - Mature - 1990s
tt0099348,1990,PG-13,English,Teen,1990,English - Teen,English - Teen - 1990s
tt0099352,1990,Unknown,Persian,Unknown,1990,Persian - Unknown,Persian - Unknown - 1990s
tt0099364,1990,R,English,Mature,1990,English - Mature,English - Mature - 1990s
tt0099365,1990,R,English,Mature,1990,English - Mature,English - Mature - 1990s
tt0099371,1990,PG-13,English,Teen,1990,English - Teen,English - Teen - 1990s
tt0099385,1990,R,English,Mature,1990,English - Mature,English - Mature - 1990s
tt0099422,1990,PG,English,Family,1990,English - Family,English - Family - 1990s
tt0099423,1990,R,English,Mature,1990,English - Mature,English - Mature - 1990s
tt0099474,1991,R,English,Mature,1990,English - Mature,English - Mature - 1990s
tt0099487,1990,PG-13,English,Teen,1990,English - Teen,English - Teen - 1990s
tt0099496,1989,PG-13,English,Teen,1980,English - Teen,English - Teen - 1980s
tt0099558,1991,PG-13,Cantonese,Teen,1990,Cantonese - Teen,Cantonese - Teen - 1990s
tt0099582,1990,R,English,Mature,1990,English - Mature,English - Mature - 1990s
tt0099587,1991,PG-13,English,Teen,1990,English - Teen,English - Teen - 1990s
tt0099611,1990,R,English,Mature,1990,English - Mature,English - Mature - 1990s
tt0099623,1990,PG-13,English,Teen,1990,English - Teen,English - Teen - 1990s
tt0099637,1990,R,Italian,Mature,1990,Italian - Mature,Italian - Mature - 1990s
tt0099652,1990,Not Rated,Hindi,Unknown,1990,Hindi - Unknown,Hindi - Unknown - 1990s
tt0099653,1990,PG-13,English,Teen,1990,English - Teen,English - Teen - 1990s
tt0099674,1990,R,English,Mature,1990,English - Mature,English - Mature - 1990s
tt0099685,1990,R,English,Mature,1990,English - Mature,English - Mature - 1990s
tt0099700,1990,PG-13,English,Teen,1990,English - Teen,English - Teen - 1990s
tt0099731,1990,R,English,Mature,1990,English - Mature,English - Mature - 1990s
tt0099733,1989,G,English,Family,1980,English - Family,English - Family - 1980s
tt0099743,1990,R,English,Mature,1990,English - Mature,English - Mature - 1990s
tt0099785,1990,PG,English,Family,1990,English - Family,English - Family - 1990s
tt0099810,1990,PG,English,Family,1990,English - Family,English - Family - 1990s
tt0099818,1990,Not Rated,English,Unknown,1990,English - Unknown,English - Unknown - 1990s
tt0099871,1990,R,English,Mature,1990,English - Mature,English - Mature - 1990s
tt0099938,1990,PG-13,English,Teen,1990,English - Teen,English - Teen - 1990s
tt0099991,1990,R,English,Mature,1990,English - Mature,English - Mature - 1990s
tt0100029,1990,R,English,Mature,1990,English - Mature,English - Mature - 1990s
tt0100054,1990,R,English,Mature,1990,English - Mature,English - Mature - 1990s
tt0100079,1989,Not Rated,English,Unknown,1980,English - Unknown,English - Unknown - 1980s
tt0100107,1990,R,English,Mature,1990,English - Mature,English - Mature - 1990s
tt0100129,1990,R,English,Mature,1990,English - Mature,English - Mature - 1990s
tt0100142,1989,PG-13,English,Teen,1980,English - Teen,English - Teen - 1980s
tt0100150,1990,R,English,Mature,1990,English - Mature,English - Mature - 1990s
tt0100152,1991,R,English,Mature,1990,English - Mature,English - Mature - 1990s
tt0100157,1990,R,English,Mature,1990,English - Mature,English - Mature - 1990s
tt0100196,1990,R,English,Mature,1990,English - Mature,English - Mature - 1990s
tt0100223,1990,Unknown,Hungarian,Unknown,1990,Hungarian - Unknown,Hungarian - Unknown - 1990s
tt0100240,1990,PG,English,Family,1990,English - Family,English - Family - 1990s
tt0100263,1990,R,French,Mature,1990,French - Mature,French - Mature - 1990s
tt0100269,1990,Unknown,Portuguese,Unknown,1990,Portuguese - Unknown,Portuguese - Unknown - 1990s
tt0100403,1990,R,English,Mature,1990,English - Mature,English - Mature - 1990s
tt0100405,1990,R,English,Mature,1990,English - Mature,English - Mature - 1990s
tt0100502,1990,R,English,Mature,1990,English - Mature,English - Mature - 1990s
tt0100503,1989,R,English,Mature,1980,English - Mature,English - Mature - 1980s
tt0100507,1990,PG-13,English,Teen,1990,English - Teen,English - Teen - 1990s
tt0100596,1990,R,English,Mature,1990,English - Mature,English - Mature - 1990s
tt0100625,1990,Unrated,Cantonese,Unknown,1990,Cantonese - Unknown,Cantonese - Unknown - 1990s
tt0100631,1990,PG,English,Family,1990,English - Family,English - Family - 1990s
tt0100685,1990,R,English,Mature,1990,English - Mature,English - Mature - 1990s
tt0100691,1990,PG-13,English,Teen,1990,English - Teen,English - Teen - 1990s
tt0100707,1990,R,English,Mature,1990,English - Mature,English - Mature - 1990s
tt0100758,1990,PG,English,Family,1990,English - Family,English - Family - 1990s
tt0100784,1990,Unknown,More,Unknown,1990,More - Unknown,More - Unknown - 1990s
tt0100802,1990,R,English,Mature,1990,English - Mature,English - Mature - 1990s
tt0100814,1990,PG-13,English,Teen,1990,English - Teen,English - Teen - 1990s
tt0100826,1990,R,English,Mature,1990,English - Mature,English - Mature - 1990s
tt0100873,1990,PG-13,English,Teen,1990,English - Teen,English - Teen - 1990s
tt0100935,1990,R,English,Mature,1990,English - Mature,English - Mature - 1990s
tt0100991,1991,Unknown,Japanese,Unknown,1990,Japanese - Unknown,Japanese - Unknown - 1990s
tt0101026,1989,NC-17,Spanish,Mature,1980,Spanish - Mature,Spanish - Mature - 1980s
tt0101258,1990,Not Rated,Cantonese,Unknown,1990,Cantonese - Unknown,Cantonese - Unknown - 1990s
tt0101272,1991,PG-13,English,Teen,1990,English - Teen,English - Teen - 1990s
tt0101316,1992,R,Cantonese,Mature,1990,Cantonese - Mature,Cantonese - Mature - 1990s
tt0101329,1991,G,English,Family,1990,English - Family,English - Family - 1990s
tt0101343,1991,PG,English,Family,1990,English - Family,English - Family - 1990s
tt0101393,1991,R,English,Mature,1990,English - Mature,English - Mature - 1990s
tt0101410,1991,R,English,Mature,1990,English - Mature,English - Mature - 1990s
tt0101414,1991,G,English,Family,1990,English - Family,English - Family - 1990s
tt0101452,1991,PG,English,Family,1990,English - Family,English - Family - 1990s
tt0101453,1991,R,English,Mature,1990,English - Mature,English - Mature - 1990s
tt0101507,1991,R,English,Mature,1990,English - Mature,English - Mature - 1990s
tt0101523,1991,PG-13,English,Teen,1990,English - Teen,English - Teen - 1990s
tt0101526,1991,Unknown,Icelandic,Unknown,1990,Icelandic - Unknown,Icelandic - Unknown - 1990s
tt0101529,1991,R,Spanish,Mature,1990,Spanish - Mature,Spanish - Mature - 1990s
tt0101540,1991,R,English,Mature,1990,English - Mature,English - Mature - 1990s
tt0101694,1991,PG-13,English,Teen,1990,English - Teen,English - Teen - 1990s
tt0101698,1991,PG,English,Family,1990,English - Family,English - Family - 1990s
tt0101700,1991,R,French,Mature,1990,French - Mature,French - Mature - 1990s
tt0101761,1991,R,English,Mature,1990,English - Mature,English - Mature - 1990s
tt0101765,1991,R,French,Mature,1990,French - Mature,French - Mature - 1990s
tt0101846,1991,PG-13,English,Teen,1990,English - Teen,English - Teen - 1990s
tt0101862,1991,PG,English,Family,1990,English - Family,English - Family - 1990s
tt0101866,1991,R,English,Mature,1990,English - Mature,English - Mature - 1990s
tt0101889,1991,R,English,Mature,1990,English - Mature,English - Mature - 1990s
tt0101912,1991,R,English,Mature,1990,English - Mature,English - Mature - 1990s
tt0102004,1991,R,English,Mature,1990,English - Mature,English - Mature - 1990s
tt0102011,1991,PG-13,English,Teen,1990,English - Teen,English - Teen - 1990s
tt0102057,1991,PG,English,Family,1990,English - Family,English - Family - 1990s
tt0102059,1991,PG-13,English,Teen,1990,English - Teen,English - Teen - 1990s
tt0102095,1991,PG-13,English,Teen,1990,English - Teen,English - Teen - 1990s
tt0102138,1991,R,English,Mature,1990,English - Mature,English - Mature - 1990s
tt0102164,1991,R,Italian,Mature,1990,Italian - Mature,Italian - Mature - 1990s
tt0102178,1991,R,English,Mature,1990,English - Mature,English - Mature - 1990s
tt0102266,1991,R,English,Mature,1990,English - Mature,English - Mature - 1990s
tt0102286,1991,Unknown,Cantonese,Unknown,1990,Cantonese - Unknown,Cantonese - Unknown - 1990s
tt0102293,1991,R,Cantonese,Mature,1990,Cantonese - Mature,Cantonese - Mature - 1990s
tt0102307,1992,R,English,Mature,1990,English - Mature,English - Mature - 1990s
tt0102395,1991,PG,English,Family,1990,English - Family,English - Family - 1990s
tt0102439,1991,Unknown,French,Unknown,1990,French - Unknown,French - Unknown - 1990s
tt0102488,1991,Unknown,Japanese,Unknown,1990,Japanese - Unknown,Japanese - Unknown - 1990s
tt0102492,1991,PG,English,Family,1990,English - Family,English - Family - 1990s
tt0102510,1991,PG-13,English,Teen,1990,English - Teen,English - Teen - 1990s
tt0102526,1991,R,English,Mature,1990,English - Mature,English - Mature - 1990s
tt0102590,1991,R,English,Mature,1990,English - Mature,English - Mature - 1990s
tt0102614,1991,R,English,Mature,1990,English - Mature,English - Mature - 1990s
tt0102685,1991,R,English,Mature,1990,English - Mature,English - Mature - 1990s
tt0102709,1988,R,English,Mature,1980,English - Mature,English - Mature - 1980s
tt0102722,1991,R,English,Mature,1990,English - Mature,English - Mature - 1990s
tt0102729,1991,PG,English,Family,1990,English - Family,English - Family - 1990s
tt0102768,1991,PG-13,English,Teen,1990,English - Teen,English - Teen - 1990s
tt0102798,1991,PG-13,English,Teen,1990,English - Teen,English - Teen - 1990s
tt0102812,1991,PG-13,Japanese,Teen,1990,Japanese - Teen,Japanese - Teen - 1990s
tt0102915,1991,R,English,Mature,1990,English - Mature,English - Mature - 1990s
tt0102926,1991,R,English,Mature,1990,English - Mature,English - Mature - 1990s
tt0102945,1991,R,English,Mature,1990,English - Mature,English - Mature - 1990s
tt0102975,1991,PG,English,Family,1990,English - Family,English - Family - 1990s
tt0102989,1991,R,English,Mature,1990,English - Mature,English - Mature - 1990s
tt0102996,1991,PG-13,English,Teen,1990,English - Teen,English - Teen - 1990s
tt0103044,1991,TV-MA,Cantonese,Mature,1990,Cantonese - Mature,Cantonese - Mature - 1990s
tt0103064,1991,R,English,Mature,1990,English - Mature,English - Mature - 1990s
tt0103074,1991,R,English,Mature,1990,English - Mature,English - Mature - 1990s
tt0103083,1991,Unknown,Cantonese,Unknown,1990,Cantonese - Unknown,Cantonese - Unknown - 1990s
tt0103110,1991,Not Rated,French,Unknown,1990,French - Unknown,French - Unknown - 1990s
tt0103176,1991,PG,Mongolian,Family,1990,Mongolian - Family,Mongolian - Family - 1990s
tt0103223,1991,R,Italian,Mature,1990,Italian - Mature,Italian - Mature - 1990s
tt0103617,1992,R,English,Mature,1990,English - Mature,English - Mature - 1990s
tt0103639,1992,G,English,Family,1990,English - Family,English - Family - 1990s
tt0103644,1992,R,English,Mature,1990,English - Mature,English - Mature - 1990s
tt0103743,1993,Unrated,English,Unknown,1990,English - Unknown,English - Unknown - 1990s
tt0103752,1992,R,English,Mature,1990,English - Mature,English - Mature - 1990s
tt0103759,1992,NC-17,English,Mature,1990,English - Mature,English - Mature - 1990s
tt0103772,1992,R,English,Mature,1990,English - Mature,English - Mature - 1990s
tt0103776,1992,PG-13,English,Teen,1990,English - Teen,English - Teen - 1990s
tt0103786,1992,PG,English,Family,1990,English - Family,English - Family - 1990s
tt0103855,1992,R,English,Mature,1990,English - Mature,English - Mature - 1990s
tt0103873,1992,R,English,Mature,1990,English - Mature,English - Mature - 1990s
tt0103874,1992,R,English,Mature,1990,English - Mature,English - Mature - 1990s
tt0103919,1992,R,English,Mature,1990,English - Mature,English - Mature - 1990s
tt0103924,1992,PG-13,English,Teen,1990,English - Teen,English - Teen - 1990s
tt0103935,1992,Not Rated,Mandarin,Unknown,1990,Mandarin - Unknown,Mandarin - Unknown - 1990s
tt0104008,1992,Not Rated,French,Unknown,1990,French - Unknown,French - Unknown - 1990s
tt0104029,1992,R,Spanish,Mature,1990,Spanish - Mature,Spanish - Mature - 1990s
tt0104070,1992,PG-13,English,Teen,1990,English - Teen,English - Teen - 1990s
tt0104181,1992,PG,English,Family,1990,English - Family,English - Family - 1990s
tt0104231,1992,PG-13,English,Teen,1990,English - Teen,English - Teen - 1990s
tt0104257,1992,R,English,Mature,1990,English - Mature,English - Mature - 1990s
tt0104278,1992,Unrated,German,Unknown,1990,German - Unknown,German - Unknown - 1990s
tt0104299,1992,R,English,Mature,1990,English - Mature,English - Mature - 1990s
tt0104348,1992,R,English,Mature,1990,English - Mature,English - Mature - 1990s
tt0104377,1992,R,English,Mature,1990,English - Mature,English - Mature - 1990s
tt0104391,1992,R,English,Mature,1990,English - Mature,English - Mature - 1990s
tt0104418,1991,R,English,Mature,1990,English - Mature,English - Mature - 1990s
tt0104431,1992,PG,English,Family,1990,English - Family,English - Family - 1990s
tt0104438,1992,PG-13,English,Teen,1990,English - Teen,English - Teen - 1990s
tt0104466,1992,R,English,Mature,1990,English - Mature,English - Mature - 1990s
tt0104473,1992,Unknown,French,Unknown,1990,French - Unknown,French - Unknown - 1990s
tt0104545,1992,R,Spanish,Mature,1990,Spanish - Mature,Spanish - Mature - 1990s
tt0104553,1992,Not Rated,Cantonese,Unknown,1990,Cantonese - Unknown,Cantonese - Unknown - 1990s
tt0104573,1992,R,English,Mature,1990,English - Mature,English - Mature - 1990s
tt0104617,1992,Unknown,Russian,Unknown,1990,Russian - Unknown,Russian - Unknown - 1990s
tt0104652,1992,PG,Japanese,Family,1990,Japanese - Family,Japanese - Family - 1990s
tt0104672,1992,Unknown,Arabic,Unknown,1990,Arabic - Unknown,Arabic - Unknown - 1990s
tt0104691,1992,R,English,Mature,1990,English - Mature,English - Mature - 1990s
tt0104694,1992,PG,English,Family,1990,English - Family,English - Family - 1990s
tt0104714,1992,R,English,Mature,1990,English - Mature,English - Mature - 1990s
tt0104745,1992,Unrated,English,Unknown,1990,English - Unknown,English - Unknown - 1990s
tt0104756,1992,PG-13,English,Teen,1990,English - Teen,English - Teen - 1990s
tt0104779,1992,R,English,Mature,1990,English - Mature,English - Mature - 1990s
tt0104797,1992,PG-13,English,Teen,1990,English - Teen,English - Teen - 1990s
tt0104815,1992,R,Spanish,Mature,1990,Spanish - Mature,Spanish - Mature - 1990s
tt0104868,1992,PG,English,Family,1990,English - Family,English - Family - 1990s
tt0104940,1992,G,English,Family,1990,English - Family,English - Family - 1990s
tt0104952,1992,R,English,Mature,1990,English - Mature,English - Mature - 1990s
tt0105032,1992,Unknown,French,Unknown,1990,French - Unknown,French - Unknown - 1990s
tt0105108,1991,R,English,Mature,1990,English - Mature,English - Mature - 1990s
tt0105112,1992,R,English,Mature,1990,English - Mature,English - Mature - 1990s
tt0105128,1992,R,English,Mature,1990,English - Mature,English - Mature - 1990s
tt0105151,1992,R,English,Mature,1990,English - Mature,English - Mature - 1990s
tt0105236,1992,R,English,Mature,1990,English - Mature,English - Mature - 1990s
tt0105328,1992,Unknown,German,Unknown,1990,German - Unknown,German - Unknown - 1990s
tt0105417,1992,PG,English,Family,1990,English - Family,English - Family - 1990s
tt0105459,1992,R,English,Mature,1990,English - Mature,English - Mature - 1990s
tt0105466,1992,PG,English,Family,1990,English - Family,English - Family - 1990s
tt0105476,1992,Not Rated,Russian,Unknown,1990,Russian - Unknown,Russian - Unknown - 1990s
tt0105500,1992,Unknown,Hindi,Unknown,1990,Hindi - Unknown,Hindi - Unknown - 1990s
tt0105526,1991,R,English,Mature,1990,English - Mature,English - Mature - 1990s
tt0105665,1992,R,English,Mature,1990,English - Mature,English - Mature - 1990s
tt0105690,1992,R,English,Mature,1990,English - Mature,English - Mature - 1990s
tt0105698,1992,R,English,Mature,1990,English - Mature,English - Mature - 1990s
tt0105750,1992,Not Rated,French,Unknown,1990,French - Unknown,French - Unknown - 1990s
tt0105810,1992,R,English,Mature,1990,English - Mature,English - Mature - 1990s
tt0105812,1992,R,English,Mature,1990,English - Mature,English - Mature - 1990s
tt0106220,1993,PG-13,English,Teen,1990,English - Teen,English - Teen - 1990s
tt0106226,1993,PG,English,Family,1990,English - Family,English - Family - 1990s
tt0106279,1990,R,Thai,Mature,1990,Thai - Mature,Thai - Mature - 1990s
tt0106292,1993,PG-13,English,Teen,1990,English - Teen,English - Teen - 1990s
tt0106305,1993,Unknown,Spanish,Unknown,1990,Spanish - Unknown,Spanish - Unknown - 1990s
tt0106308,1992,R,English,Mature,1990,English - Mature,English - Mature - 1990s
tt0106342,1993,Unknown,Cantonese,Unknown,1990,Cantonese - Unknown,Cantonese - Unknown - 1990s
tt0106343,1993,Unknown,Cantonese,Unknown,1990,Cantonese - Unknown,Cantonese - Unknown - 1990s
tt0106373,1993,Unknown,English,Unknown,1990,English - Unknown,English - Unknown - 1990s
tt0106489,1993,R,English,Mature,1990,English - Mature,English - Mature - 1990s
tt0106519,1993,R,English,Mature,1990,English - Mature,English - Mature - 1990s
tt0106557,1992,R,English,Mature,1990,English - Mature,English - Mature - 1990s
tt0106582,1993,R,English,Mature,1990,English - Mature,English - Mature - 1990s
tt0106598,1993,PG,English,Family,1990,English - Family,English - Family - 1990s
tt0106611,1993,PG,English,Family,1990,English - Family,English - Family - 1990s
tt0106655,1993,Not Rated,Hindi,Unknown,1990,Hindi - Unknown,Hindi - Unknown - 1990s
tt0106697,1993,R,English,Mature,1990,English - Mature,English - Mature - 1990s
tt0106701,1993,PG,English,Family,1990,English - Family,English - Family - 1990s
tt0106742,1993,Unknown,Spanish,Unknown,1990,Spanish - Unknown,Spanish - Unknown - 1990s
tt0106753,1993,R,English,Mature,1990,English - Mature,English - Mature - 1990s
tt0106792,1993,PG-13,English,Teen,1990,English - Teen,English - Teen - 1990s
tt0106833,1992,PG,English,Family,1990,English - Family,English - Family - 1990s
tt0106856,1993,R,English,Mature,1990,English - Mature,English - Mature - 1990s
tt0106881,1993,R,English,Mature,1990,English - Mature,English - Mature - 1990s
tt0106912,1993,PG-13,English,Teen,1990,English - Teen,English - Teen - 1990s
tt0106913,1993,R,English,Mature,1990,English - Mature,English - Mature - 1990s
tt0106918,1993,R,English,Mature,1990,English - Mature,English - Mature - 1990s
tt0106965,1993,PG,English,Family,1990,English - Family,English - Family - 1990s
tt0106977,1993,PG-13,English,Teen,1990,English - Teen,English - Teen - 1990s
tt0106989,1993,Unknown,Spanish,Unknown,1990,Spanish - Unknown,Spanish - Unknown - 1990s
tt0107009,1993,R,English,Mature,1990,English - Mature,English - Mature - 1990s
tt0107048,1993,PG,English,Family,1990,English - Family,English - Family - 1990s
tt0107060,1993,Not Rated,Hindi,Unknown,1990,Hindi - Unknown,Hindi - Unknown - 1990s
tt0107120,1993,PG,English,Family,1990,English - Family,English - Family - 1990s
tt0107130,1993,PG,English,Family,1990,English - Family,English - Family - 1990s
tt0107144,1993,PG-13,English,Teen,1990,English - Teen,English - Teen - 1990s
tt0107175,1993,Not Rated,English,Unknown,1990,English - Unknown,English - Unknown - 1990s
tt0107179,1993,R,English,Mature,1990,English - Mature,English - Mature - 1990s
tt0107206,1993,R,English,Mature,1990,English - Mature,English - Mature - 1990s
tt0107207,1993,R,English,Mature,1990,English - Mature,English - Mature - 1990s
tt0107209,1993,PG-13,German,Teen,1990,German - Teen,German - Teen - 1990s
tt0107211,1993,R,English,Mature,1990,English - Mature,English - Mature - 1990s
tt0107254,1993,R,English,Mature,1990,English - Mature,English - Mature - 1990s
tt0107290,1993,PG-13,English,Teen,1990,English - Teen,English - Teen - 1990s
tt0107311,1993,Not Rated,Hindi,Unknown,1990,Hindi - Unknown,Hindi - Unknown - 1990s
tt0107362,1993,PG-13,English,Teen,1990,English - Teen,English - Teen - 1990s
tt0107438,1993,PG-13,English,Teen,1990,English - Teen,English - Teen - 1990s
tt0107665,1993,R,English,Mature,1990,English - Mature,English - Mature - 1990s
tt0107688,1993,PG,English,Family,1990,English - Family,English - Family - 1990s
tt0107745,1993,G,English,Family,1990,English - Family,English - Family - 1990s
tt0107756,1992,PG-13,English,Teen,1990,English - Teen,English - Teen - 1990s
tt0107798,1993,PG-13,English,Teen,1990,English - Teen,English - Teen - 1990s
tt0107808,1993,PG-13,English,Teen,1990,English - Teen,English - Teen - 1990s
tt0107822,1993,R,English,Mature,1990,English - Mature,English - Mature - 1990s
tt0107943,1993,PG,English,Family,1990,English - Family,English - Family - 1990s
tt0107977,1993,PG-13,English,Teen,1990,English - Teen,English - Teen - 1990s
tt0108002,1993,PG,English,Family,1990,English - Family,English - Family - 1990s
tt0108037,1993,PG,English,Family,1990,English - Family,English - Family - 1990s
tt0108052,1993,R,English,Mature,1990,English - Mature,English - Mature - 1990s
tt0108071,1993,G,English,Family,1990,English - Family,English - Family - 1990s
tt0108077,1993,Unknown,Italian,Unknown,1990,Italian - Unknown,Italian - Unknown - 1990s
tt0108100,1993,R,English,Mature,1990,English - Mature,English - Mature - 1990s
tt0108147,1993,PG,English,Family,1990,English - Family,English - Family - 1990s
tt0108160,1993,PG,English,Family,1990,English - Family,English - Family - 1990s
tt0108174,1993,PG-13,English,Teen,1990,English - Teen,English - Teen - 1990s
tt0108186,1993,PG-13,English,Teen,1990,English - Teen,English - Teen - 1990s
tt0108187,1993,PG,English,Family,1990,English - Family,English - Family - 1990s
tt0108221,1993,Unknown,Norwegian,Unknown,1990,Norwegian - Unknown,Norwegian - Unknown - 1990s
tt0108238,1993,R,English,Mature,1990,English - Mature,English - Mature - 1990s
tt0108255,1993,PG,English,Family,1990,English - Family,English - Family - 1990s
tt0108260,1993,Not Rated,English,Unknown,1990,English - Unknown,English - Unknown - 1990s
tt0108277,1993,R,English,Mature,1990,English - Mature,English - Mature - 1990s
tt0108289,1993,Unknown,Cantonese,Unknown,1990,Cantonese - Unknown,Cantonese - Unknown - 1990s
tt0108290,1993,Unknown,French,Unknown,1990,French - Unknown,French - Unknown - 1990s
tt0108333,1993,PG,English,Family,1990,English - Family,English - Family - 1990s
tt0108341,1993,Not Rated,English,Unknown,1990,English - Unknown,English - Unknown - 1990s
tt0108358,1993,R,English,Mature,1990,English - Mature,English - Mature - 1990s
tt0108394,1993,R,French,Mature,1990,French - Mature,French - Mature - 1990s
tt0108399,1993,R,English,Mature,1990,English - Mature,English - Mature - 1990s
tt0108583,1993,Not Rated,English,Unknown,1990,English - Unknown,English - Unknown - 1990s
tt0109028,1995,Unrated,English,Unknown,1990,English - Unknown,English - Unknown - 1990s
tt0109035,1994,R,English,Mature,1990,English - Mature,English - Mature - 1990s
tt0109190,1994,PG,English,Family,1990,English - Family,English - Family - 1990s
tt0109198,1994,R,English,Mature,1990,English - Mature,English - Mature - 1990s
tt0109254,1994,R,English,Mature,1990,English - Mature,English - Mature - 1990s
tt0109279,1994,G,English,Family,1990,English - Family,English - Family - 1990s
tt0109361,1994,PG-13,English,Teen,1990,English - Teen,English - Teen - 1990s
tt0109424,1994,PG-13,Cantonese,Teen,1990,Cantonese - Teen,Cantonese - Teen - 1990s
tt0109444,1994,PG-13,English,Teen,1990,English - Teen,English - Teen - 1990s
tt0109446,1994,PG-13,English,Teen,1990,English - Teen,English - Teen - 1990s
tt0109484,1994,PG,English,Family,1990,English - Family,English - Family - 1990s
tt0109498,1994,R,English,Mature,1990,English - Mature,English - Mature - 1990s
tt0109506,1994,R,English,Mature,1990,English - Mature,English - Mature - 1990s
tt0109635,1994,R,English,Mature,1990,English - Mature,English - Mature - 1990s
tt0109642,1995,R,English,Mature,1990,English - Mature,English - Mature - 1990s
tt0109707,1994,R,English,Mature,1990,English - Mature,English - Mature - 1990s
tt0109739,1994,PG,English,Family,1990,English - Family,English - Family - 1990s
tt0109813,1994,PG,English,Family,1990,English - Family,English - Family - 1990s
tt0109830,1994,PG-13,English,Teen,1990,English - Teen,English - Teen - 1990s
tt0109831,1994,R,English,Mature,1990,English - Mature,English - Mature - 1990s
tt0110005,1994,R,English,Mature,1990,English - Mature,English - Mature - 1990s
tt0110008,1994,PG,Japanese,Family,1990,Japanese - Family,Japanese - Family - 1990s
tt0110027,1994,PG-13,English,Teen,1990,English - Teen,English - Teen - 1990s
tt0110074,1994,PG,English,Family,1990,English - Family,English - Family - 1990s
tt0110091,1994,R,English,Mature,1990,English - Mature,English - Mature - 1990s
tt0110115,1994,PG,English,Family,1990,English - Family,English - Family - 1990s
tt0110116,1994,R,English,Mature,1990,English - Mature,English - Mature - 1990s
tt0110148,1994,R,English,Mature,1990,English - Mature,English - Mature - 1990s
tt0110216,1994,PG-13,English,Teen,1990,English - Teen,English - Teen - 1990s
tt0110259,1994,R,English,Mature,1990,English - Mature,English - Mature - 1990s
tt0110322,1994,R,English,Mature,1990,English - Mature,English - Mature - 1990s
tt0110357,1994,G,English,Family,1990,English - Family,English - Family - 1990s
tt0110363,1994,PG,English,Family,1990,English - Family,English - Family - 1990s
tt0110365,1994,R,English,Mature,1990,English - Mature,English - Mature - 1990s
tt0110392,1994,R,English,Mature,1990,English - Mature,English - Mature - 1990s
tt0110413,1994,R,English,Mature,1990,English - Mature,English - Mature - 1990s
tt0110445,1994,TV-MA,English,Mature,1990,English - Mature,English - Mature - 1990s
tt0110475,1994,PG-13,English,Teen,1990,English - Teen,English - Teen - 1990s
tt0110478,1994,PG,English,Family,1990,English - Family,English - Family - 1990s
tt0110500,1994,TV-MA,English,Mature,1990,English - Mature,English - Mature - 1990s
tt0110557,1994,PG,English,Family,1990,English - Family,English - Family - 1990s
tt0110622,1994,PG-13,English,Teen,1990,English - Teen,English - Teen - 1990s
tt0110632,1994,R,English,Mature,1990,English - Mature,English - Mature - 1990s
tt0110725,1994,R,English,Mature,1990,English - Mature,English - Mature - 1990s
tt0110889,1994,R,Latin,Mature,1990,Latin - Mature,Latin - Mature - 1990s
tt0110912,1994,R,English,Mature,1990,English - Mature,English - Mature - 1990s
tt0110913,1993,R,English,Mature,1990,English - Mature,English - Mature - 1990s
tt0110932,1994,PG-13,English,Teen,1990,English - Teen,English - Teen - 1990s
tt0110950,1994,PG-13,English,Teen,1990,English - Teen,English - Teen - 1990s
tt0110978,1994,R,English,Mature,1990,English - Mature,English - Mature - 1990s
tt0110989,1994,PG,English,Family,1990,English - Family,English - Family - 1990s
tt0111070,1994,PG,English,Family,1990,English - Family,English - Family - 1990s
tt0111149,1994,R,English,Mature,1990,English - Mature,English - Mature - 1990s
tt0111255,1994,R,English,Mature,1990,English - Mature,English - Mature - 1990s
tt0111257,1994,R,English,Mature,1990,English - Mature,English - Mature - 1990s
tt0111280,1994,PG,English,Family,1990,English - Family,English - Family - 1990s
tt0111282,1994,PG-13,English,Teen,1990,English - Teen,English - Teen - 1990s
tt0111301,1994,PG-13,English,Teen,1990,English - Teen,English - Teen - 1990s
tt0111418,1994,R,English,Mature,1990,English - Mature,English - Mature - 1990s
tt0111438,1994,R,English,Mature,1990,English - Mature,English - Mature - 1990s
tt0111450,1994,Unknown,Japanese,Unknown,1990,Japanese - Unknown,Japanese - Unknown - 1990s
tt0111495,1994,R,French,Mature,1990,French - Mature,French - Mature - 1990s
tt0111503,1994,R,English,Mature,1990,English - Mature,English - Mature - 1990s
tt0111507,1994,R,Polish,Mature,1990,Polish - Mature,Polish - Mature - 1990s
tt0111686,1994,R,English,Mature,1990,English - Mature,English - Mature - 1990s
tt0112281,1995,PG-13,English,Teen,1990,English - Teen,English - Teen - 1990s
tt0112302,1995,PG,English,Family,1990,English - Family,English - Family - 1990s
tt0112352,1995,Unknown,Italian,Unknown,1990,Italian - Unknown,Italian - Unknown - 1990s
tt0112384,1995,PG,English,Family,1990,English - Family,English - Family - 1990s
tt0112401,1995,R,English,Mature,1990,English - Mature,English - Mature - 1990s
tt0112427,1995,R,English,Mature,1990,English - Mature,English - Mature - 1990s
tt0112431,1995,G,English,Family,1990,English - Family,English - Family - 1990s
tt0112442,1995,R,English,Mature,1990,English - Mature,English - Mature - 1990s
tt0112443,1995,R,English,Mature,1990,English - Mature,English - Mature - 1990s
tt0112453,1995,G,English,Family,1990,English - Family,English - Family - 1990s
tt0112461,1995,R,English,Mature,1990,English - Mature,English - Mature - 1990s
tt0112462,1995,PG-13,English,Teen,1990,English - Teen,English - Teen - 1990s
tt0112471,1995,R,English,Mature,1990,English - Mature,English - Mature - 1990s
tt0112536,1996,R,English,Mature,1990,English - Mature,English - Mature - 1990s
tt0112573,1995,R,English,Mature,1990,English - Mature,English - Mature - 1990s
tt0112579,1995,PG-13,English,Teen,1990,English - Teen,English - Teen - 1990s
tt0112606,1995,PG-13,English,Teen,1990,English - Teen,English - Teen - 1990s
tt0112634,1995,R,English,Mature,1990,English - Mature,English - Mature - 1990s
tt0112641,1995,R,English,Mature,1990,English - Mature,English - Mature - 1990s
tt0112642,1995,PG,English,Family,1990,English - Family,English - Family - 1990s
tt0112682,1995,R,French,Mature,1990,French - Mature,French - Mature - 1990s
tt0112688,1995,R,English,Mature,1990,English - Mature,English - Mature - 1990s
tt0112697,1995,PG-13,English,Teen,1990,English - Teen,English - Teen - 1990s
tt0112740,1995,R,English,Mature,1990,English - Mature,English - Mature - 1990s
tt0112817,1995,R,English,Mature,1990,English - Mature,English - Mature - 1990s
tt0112818,1995,R,English,Mature,1990,English - Mature,English - Mature - 1990s
tt0112851,1995,R,English,Mature,1990,English - Mature,English - Mature - 1990s
tt0112864,1995,R,English,Mature,1990,English - Mature,English - Mature - 1990s
tt0112870,1995,Not Rated,Hindi,Unknown,1990,Hindi - Unknown,Hindi - Unknown - 1990s
tt0112913,1995,Not Rated,Cantonese,Unknown,1990,Cantonese - Unknown,Cantonese - Unknown - 1990s
tt0112986,1995,TV-PG,Filipino,Teen,1990,Filipino - Teen,Filipino - Teen - 1990s
tt0113061,1995,Unknown,French,Unknown,1990,French - Unknown,French - Unknown - 1990s
tt0113063,1995,R,English,Mature,1990,English - Mature,English - Mature - 1990s
tt0113071,1995,PG-13,English,Teen,1990,English - Teen,English - Teen - 1990s
tt0113161,1995,R,English,Mature,1990,English - Mature,English - Mature - 1990s
tt0113168,1995,Unknown,Spanish,Unknown,1990,Spanish - Unknown,Spanish - Unknown - 1990s
tt0113189,1995,PG-13,English,Teen,1990,English - Teen,English - Teen - 1990s
tt0113199,1994,G,English,Family,1990,English - Family,English - Family - 1990s
tt0113221,1996,R,English,Mature,1990,English - Mature,English - Mature - 1990s
tt0113228,1995,PG-13,English,Teen,1990,English - Teen,English - Teen - 1990s
tt0113243,1995,PG-13,English,Teen,1990,English - Teen,English - Teen - 1990s
tt0113247,1995,Not Rated,French,Unknown,1990,French - Unknown,French - Unknown - 1990s
tt0113277,1995,R,English,Mature,1990,English - Mature,English - Mature - 1990s
tt0113375,1995,Unknown,English,Unknown,1990,English - Unknown,English - Unknown - 1990s
tt0113409,1994,R,English,Mature,1990,English - Mature,English - Mature - 1990s
tt0113419,1995,PG,English,Family,1990,English - Family,English - Family - 1990s
tt0113449,1995,R,English,Mature,1990,English - Mature,English - Mature - 1990s
tt0113472,1995,Unknown,Cantonese,Unknown,1990,Cantonese - Unknown,Cantonese - Unknown - 1990s
tt0113481,1995,R,English,Mature,1990,English - Mature,English - Mature - 1990s
tt0113492,1995,R,English,Mature,1990,English - Mature,English - Mature - 1990s
tt0113497,1995,PG,English,Family,1990,English - Family,English - Family - 1990s
tt0113537,1995,R,English,Mature,1990,English - Mature,English - Mature - 1990s
tt0113568,1995,TV-MA,Japanese,Mature,1990,Japanese - Mature,Japanese - Mature - 1990s
tt0113613,1995,R,English,Mature,1990,English - Mature,English - Mature - 1990s
tt0113627,1995,R,English,Mature,1990,English - Mature,English - Mature - 1990s
tt0113651,1995,Unknown,Cantonese,Unknown,1990,Cantonese - Unknown,Cantonese - Unknown - 1990s
tt0113749,1995,R,English,Mature,1990,English - Mature,English - Mature - 1990s
tt0113824,1995,G,Japanese,Family,1990,Japanese - Family,Japanese - Family - 1990s
tt0113855,1995,PG-13,English,Teen,1990,English - Teen,English - Teen - 1990s
tt0113918,1995,Unknown,Spanish,Unknown,1990,Spanish - Unknown,Spanish - Unknown - 1990s
tt0113957,1995,PG-13,English,Teen,1990,English - Teen,English - Teen - 1990s
tt0114069,1995,R,English,Mature,1990,English - Mature,English - Mature - 1990s
tt0114086,1995,Not Rated,French,Unknown,1990,French - Unknown,French - Unknown - 1990s
tt0114148,1995,G,English,Family,1990,English - Family,English - Family - 1990s
tt0114168,1995,PG-13,English,Teen,1990,English - Teen,English - Teen - 1990s
tt0114214,1995,R,English,Mature,1990,English - Mature,English - Mature - 1990s
tt0114230,1995,Not Rated,Hindi,Unknown,1990,Hindi - Unknown,Hindi - Unknown - 1990s
tt0114234,1995,Not Rated,Hindi,Unknown,1990,Hindi - Unknown,Hindi - Unknown - 1990s
tt0114287,1995,R,English,Mature,1990,English - Mature,English - Mature - 1990s
tt0114369,1995,R,English,Mature,1990,English - Mature,English - Mature - 1990s
tt0114388,1995,PG,English,Family,1990,English - Family,English - Family - 1990s
tt0114508,1995,R,English,Mature,1990,English - Mature,English - Mature - 1990s
tt0114558,1995,R,English,Mature,1990,English - Mature,English - Mature - 1990s
tt0114608,1995,R,English,Mature,1990,English - Mature,English - Mature - 1990s
tt0114609,1995,R,English,Mature,1990,English - Mature,English - Mature - 1990s
tt0114614,1995,R,English,Mature,1990,English - Mature,English - Mature - 1990s
tt0114663,1995,PG,German,Family,1990,German - Family,German - Family - 1990s
tt0114694,1995,PG-13,English,Teen,1990,English - Teen,English - Teen - 1990s
tt0114702,1995,R,English,Mature,1990,English - Mature,English - Mature - 1990s
tt0114709,1995,G,English,Family,1990,English - Family,English - Family - 1990s
tt0114733,1996,R,English,Mature,1990,English - Mature,English - Mature - 1990s
tt0114746,1995,R,English,Mature,1990,English - Mature,English - Mature - 1990s
tt0114814,1995,R,English,Mature,1990,English - Mature,English - Mature - 1990s
tt0114857,1995,R,English,Mature,1990,English - Mature,English - Mature - 1990s
tt0114898,1995,PG-13,English,Teen,1990,English - Teen,English - Teen - 1990s
tt0114917,1996,Unknown,English,Unknown,1990,English - Unknown,English - Unknown - 1990s
tt0114924,1995,PG,English,Family,1990,English - Family,English - Family - 1990s
tt0114996,1995,Unknown,Cantonese,Unknown,1990,Cantonese - Unknown,Cantonese - Unknown - 1990s
tt0115431,1996,PG-13,Japanese,Teen,1990,Japanese - Teen,Japanese - Teen - 1990s
tt0115433,1996,G,English,Family,1990,English - Family,English - Family - 1990s
tt0115461,1996,Unknown,Japanese,Unknown,1990,Japanese - Unknown,Japanese - Unknown - 1990s
tt0115509,1996,G,English,Family,1990,English - Family,English - Family - 1990s
tt0115632,1996,R,English,Mature,1990,English - Mature,English - Mature - 1990s
tt0115734,1996,R,English,Mature,1990,English - Mature,English - Mature - 1990s
tt0115759,1996,R,English,Mature,1990,English - Mature,English - Mature - 1990s
tt0115798,1996,PG-13,English,Teen,1990,English - Teen,English - Teen - 1990s
tt0115822,1996,Unknown,French,Unknown,1990,French - Unknown,French - Unknown - 1990s
tt0115907,1996,R,English,Mature,1990,English - Mature,English - Mature - 1990s
tt0115928,1996,Unknown,French,Unknown,1990,French - Unknown,French - Unknown - 1990s
tt0115951,1996,R,English,Mature,1990,English - Mature,English - Mature - 1990s
tt0115963,1996,R,English,Mature,1990,English - Mature,English - Mature - 1990s
tt0115986,1996,R,English,Mature,1990,English - Mature,English - Mature - 1990s
tt0115996,1996,Unknown,Polish,Unknown,1990,Polish - Unknown,Polish - Unknown - 1990s
tt0116014,1996,Unknown,Cantonese,Unknown,1990,Cantonese - Unknown,Cantonese - Unknown - 1990s
tt0116040,1996,PG-13,English,Teen,1990,English - Teen,English - Teen - 1990s
tt0116092,1996,Not Rated,English,Unknown,1990,English - Unknown,English - Unknown - 1990s
tt0116102,1996,R,English,Mature,1990,English - Mature,English - Mature - 1990s
tt0116136,1996,PG-13,English,Teen,1990,English - Teen,English - Teen - 1990s
tt0116209,1996,R,English,Mature,1990,English - Mature,English - Mature - 1990s
tt0116213,1996,R,English,Mature,1990,English - Mature,English - Mature - 1990s
tt0116225,1996,R,English,Mature,1990,English - Mature,English - Mature - 1990s
tt0116231,1996,Not Rated,Kurdish,Unknown,1990,Kurdish - Unknown,Kurdish - Unknown - 1990s
tt0116250,1996,PG,English,Family,1990,English - Family,English - Family - 1990s
tt0116282,1996,R,English,Mature,1990,English - Mature,English - Mature - 1990s
tt0116287,1996,R,English,Mature,1990,English - Mature,English - Mature - 1990s
tt0116295,1996,R,Mandarin,Mature,1990,Mandarin - Mature,Mandarin - Mature - 1990s
tt0116365,1996,R,English,Mature,1990,English - Mature,English - Mature - 1990s
tt0116367,1996,R,English,Mature,1990,English - Mature,English - Mature - 1990s
tt0116404,1996,R,English,Mature,1990,English - Mature,English - Mature - 1990s
tt0116409,1996,R,English,Mature,1990,English - Mature,English - Mature - 1990s
tt0116421,1996,R,English,Mature,1990,English - Mature,English - Mature - 1990s
tt0116483,1996,PG-13,English,Teen,1990,English - Teen,English - Teen - 1990s
tt0116514,1996,R,English,Mature,1990,English - Mature,English - Mature - 1990s
tt0116552,1996,G,English,Family,1990,English - Family,English - Family - 1990s
tt0116583,1996,G,English,Family,1990,English - Family,English - Family - 1990s
tt0116629,1996,PG-13,English,Teen,1990,English - Teen,English - Teen - 1990s
tt0116654,1996,PG-13,English,Teen,1990,English - Teen,English - Teen - 1990s
tt0116669,1996,PG-13,English,Teen,1990,English - Teen,English - Teen - 1990s
tt0116683,1996,PG,English,Family,1990,English - Family,English - Family - 1990s
tt0116695,1996,R,English,Mature,1990,English - Mature,English - Mature - 1990s
tt0116705,1996,PG,English,Family,1990,English - Family,English - Family - 1990s
tt0116707,1996,PG-13,English,Teen,1990,English - Teen,English - Teen - 1990s
tt0116731,1996,R,English,Mature,1990,English - Mature,English - Mature - 1990s
tt0116743,1996,Not Rated,English,Unknown,1990,English - Unknown,English - Unknown - 1990s
tt0116771,1997,R,English,Mature,1990,English - Mature,English - Mature - 1990s
tt0116778,1996,PG-13,English,Teen,1990,English - Teen,English - Teen - 1990s
tt0116779,1996,Unknown,Persian,Unknown,1990,Persian - Unknown,Persian - Unknown - 1990s
tt0116783,1996,R,English,Mature,1990,English - Mature,English - Mature - 1990s
tt0116827,1996,R,English,Mature,1990,English - Mature,English - Mature - 1990s
tt0116830,1996,R,English,Mature,1990,English - Mature,English - Mature - 1990s
tt0116908,1996,R,English,Mature,1990,English - Mature,English - Mature - 1990s
tt0116922,1997,R,English,Mature,1990,English - Mature,English - Mature - 1990s
tt0116996,1996,PG-13,English,Teen,1990,English - Teen,English - Teen - 1990s
tt0117008,1996,PG,English,Family,1990,English - Family,English - Family - 1990s
tt0117060,1996,PG-13,English,Teen,1990,English - Teen,English - Teen - 1990s
tt0117202,1996,R,English,Mature,1990,English - Mature,English - Mature - 1990s
tt0117218,1996,PG-13,English,Teen,1990,English - Teen,English - Teen - 1990s
tt0117247,1996,PG,English,Family,1990,English - Family,English - Family - 1990s
tt0117318,1996,R,English,Mature,1990,English - Mature,English - Mature - 1990s
tt0117331,1996,PG,English,Family,1990,English - Family,English - Family - 1990s
tt0117333,1996,PG,English,Family,1990,English - Family,English - Family - 1990s
tt0117381,1996,R,English,Mature,1990,English - Mature,English - Mature - 1990s
tt0117417,1997,Unknown,Cantonese,Unknown,1990,Cantonese - Unknown,Cantonese - Unknown - 1990s
tt0117433,1997,R,English,Mature,1990,English - Mature,English - Mature - 1990s
tt0117438,1996,R,English,Mature,1990,English - Mature,English - Mature - 1990s
tt0117500,1996,R,English,Mature,1990,English - Mature,English - Mature - 1990s
tt0117509,1996,PG-13,English,Teen,1990,English - Teen,English - Teen - 1990s
tt0117549,1996,R,English,Mature,1990,English - Mature,English - Mature - 1990s
tt0117571,1996,R,English,Mature,1990,English - Mature,English - Mature - 1990s
tt0117628,1996,R,English,Mature,1990,English - Mature,English - Mature - 1990s
tt0117653,1996,R,English,Mature,1990,English - Mature,English - Mature - 1990s
tt0117665,1996,R,English,Mature,1990,English - Mature,English - Mature - 1990s
tt0117690,1996,R,English,Mature,1990,English - Mature,English - Mature - 1990s
tt0117705,1996,PG,English,Family,1990,English - Family,English - Family - 1990s
tt0117731,1996,PG-13,English,Teen,1990,English - Teen,English - Teen - 1990s
tt0117765,1996,R,English,Mature,1990,English - Mature,English - Mature - 1990s
tt0117786,1997,PG-13,English,Teen,1990,English - Teen,English - Teen - 1990s
tt0117797,1996,Unknown,Japanese,Unknown,1990,Japanese - Unknown,Japanese - Unknown - 1990s
tt0117913,1996,R,English,Mature,1990,English - Mature,English - Mature - 1990s
tt0117998,1996,PG-13,English,Teen,1990,English - Teen,English - Teen - 1990s
tt0118001,1995,PG-13,English,Teen,1990,English - Teen,English - Teen - 1990s
tt0118011,1995,Unknown,Serbian,Unknown,1990,Serbian - Unknown,Serbian - Unknown - 1990s
tt0118044,1996,R,English,Mature,1990,English - Mature,English - Mature - 1990s
tt0118113,1996,R,English,Mature,1990,English - Mature,English - Mature - 1990s
tt0118125,1996,Unrated,English,Unknown,1990,English - Unknown,English - Unknown - 1990s
tt0118127,1996,R,English,Mature,1990,English - Mature,English - Mature - 1990s
tt0118159,1996,R,English,Mature,1990,English - Mature,English - Mature - 1990s
tt0118172,1996,PG,English,Family,1990,English - Family,English - Family - 1990s
tt0118531,1997,R,English,Mature,1990,English - Mature,English - Mature - 1990s
tt0118548,1997,R,English,Mature,1990,English - Mature,English - Mature - 1990s
tt0118566,1997,R,English,Mature,1990,English - Mature,English - Mature - 1990s
tt0118571,1997,R,English,Mature,1990,English - Mature,English - Mature - 1990s
tt0118583,1997,R,English,Mature,1990,English - Mature,English - Mature - 1990s
tt0118586,1997,R,English,Mature,1990,English - Mature,English - Mature - 1990s
tt0118607,1997,R,English,Mature,1990,English - Mature,English - Mature - 1990s
tt0118615,1997,PG-13,English,Teen,1990,English - Teen,English - Teen - 1990s
tt0118617,1997,G,English,Family,1990,English - Family,English - Family - 1990s
tt0118631,1997,R,English,Mature,1990,English - Mature,English - Mature - 1990s
tt0118655,1997,PG-13,English,Teen,1990,English - Teen,English - Teen - 1990s
tt0118688,1997,PG-13,English,Teen,1990,English - Teen,English - Teen - 1990s
tt0118689,1997,PG-13,English,Teen,1990,English - Teen,English - Teen - 1990s
tt0118694,2000,PG,Cantonese,Family,2000,Cantonese - Family,Cantonese - Family - 2000s
tt0118715,1998,R,English,Mature,1990,English - Mature,English - Mature - 1990s
tt0118799,1997,PG-13,Italian,Teen,1990,Italian - Teen,Italian - Teen - 1990s
tt0118822,1997,Unknown,Spanish,Unknown,1990,Spanish - Unknown,Spanish - Unknown - 1990s
tt0118829,1997,G,English,Family,1990,English - Family,English - Family - 1990s
tt0118842,1997,R,English,Mature,1990,English - Mature,English - Mature - 1990s
tt0118849,1997,PG,Persian,Family,1990,Persian - Family,Persian - Family - 1990s
tt0118880,1997,R,English,Mature,1990,English - Mature,English - Mature - 1990s
tt0118883,1997,R,English,Mature,1990,English - Mature,English - Mature - 1990s
tt0118884,1997,PG,English,Family,1990,English - Family,English - Family - 1990s
tt0118887,1997,R,English,Mature,1990,English - Mature,English - Mature - 1990s
tt0118928,1997,PG-13,English,Teen,1990,English - Teen,English - Teen - 1990s
tt0118929,1998,R,English,Mature,1990,English - Mature,English - Mature - 1990s
tt0118956,1998,R,French,Mature,1990,French - Mature,French - Mature - 1990s
tt0118971,1997,R,English,Mature,1990,English - Mature,English - Mature - 1990s
tt0118972,1997,R,English,Mature,1990,English - Mature,English - Mature - 1990s
tt0118998,1998,PG-13,English,Teen,1990,English - Teen,English - Teen - 1990s
tt0119008,1997,R,English,Mature,1990,English - Mature,English - Mature - 1990s
tt0119012,1997,R,English,Mature,1990,English - Mature,English - Mature - 1990s
tt0119051,1997,R,English,Mature,1990,English - Mature,English - Mature - 1990s
tt0119079,1999,R,English,Mature,1990,English - Mature,English - Mature - 1990s
tt0119081,1997,R,English,Mature,1990,English - Mature,English - Mature - 1990s
tt0119084,1996,R,English,Mature,1990,English - Mature,English - Mature - 1990s
tt0119086,1997,PG-13,English,Teen,1990,English - Teen,English - Teen - 1990s
tt0119092,1997,R,English,Mature,1990,English - Mature,English - Mature - 1990s
tt0119094,1997,R,English,Mature,1990,English - Mature,English - Mature - 1990s
tt0119099,1998,R,English,Mature,1990,English - Mature,English - Mature - 1990s
tt0119116,1997,PG-13,English,Teen,1990,English - Teen,English - Teen - 1990s
tt0119137,1997,PG,English,Family,1990,English - Family,English - Family - 1990s
tt0119167,1997,Not Rated,German,Unknown,1990,German - Unknown,German - Unknown - 1990s
tt0119173,1997,R,English,Mature,1990,English - Mature,English - Mature - 1990s
tt0119174,1997,R,English,Mature,1990,English - Mature,English - Mature - 1990s
tt0119177,1997,PG-13,English,Teen,1990,English - Teen,English - Teen - 1990s
tt0119190,1997,PG,English,Family,1990,English - Family,English - Family - 1990s
tt0119217,1997,R,English,Mature,1990,English - Mature,English - Mature - 1990s
tt0119229,1997,R,English,Mature,1990,English - Mature,English - Mature - 1990s
tt0119282,1997,G,English,Family,1990,English - Family,English - Family - 1990s
tt0119303,1997,PG,English,Family,1990,English - Family,English - Family - 1990s
tt0119304,1998,PG-13,English,Teen,1990,English - Teen,English - Teen - 1990s
tt0119307,1998,Unknown,French,Unknown,1990,French - Unknown,French - Unknown - 1990s
tt0119331,1997,Unknown,German,Unknown,1990,German - Unknown,German - Unknown - 1990s
tt0119345,1997,R,English,Mature,1990,English - Mature,English - Mature - 1990s
tt0119395,1997,R,English,Mature,1990,English - Mature,English - Mature - 1990s
tt0119396,1997,R,English,Mature,1990,English - Mature,English - Mature - 1990s
tt0119448,1997,R,Dutch,Mature,1990,Dutch - Mature,Dutch - Mature - 1990s
tt0119468,1997,R,English,Mature,1990,English - Mature,English - Mature - 1990s
tt0119485,1997,PG-13,English,Teen,1990,English - Teen,English - Teen - 1990s
tt0119488,1997,R,English,Mature,1990,English - Mature,English - Mature - 1990s
tt0119517,1998,R,English,Mature,1990,English - Mature,English - Mature - 1990s
tt0119527,1997,R,English,Mature,1990,English - Mature,English - Mature - 1990s
tt0119528,1997,PG-13,English,Teen,1990,English - Teen,English - Teen - 1990s
tt0119567,1997,PG-13,English,Teen,1990,English - Teen,English - Teen - 1990s
tt0119576,1997,R,English,Mature,1990,English - Mature,English - Mature - 1990s
tt0119630,1997,PG-13,English,Teen,1990,English - Teen,English - Teen - 1990s
tt0119643,1998,PG-13,English,Teen,1990,English - Teen,English - Teen - 1990s
tt0119654,1997,PG-13,English,Teen,1990,English - Teen,English - Teen - 1990s
tt0119698,1997,PG-13,Japanese,Teen,1990,Japanese - Teen,Japanese - Teen - 1990s
tt0119709,1997,R,English,Mature,1990,English - Mature,English - Mature - 1990s
tt0119718,1997,PG,English,Family,1990,English - Family,English - Family - 1990s
tt0119738,1997,PG-13,English,Teen,1990,English - Teen,English - Teen - 1990s
tt0119783,1996,R,English,Mature,1990,English - Mature,English - Mature - 1990s
tt0119822,1997,PG-13,English,Teen,1990,English - Teen,English - Teen - 1990s
tt0119896,1997,PG-13,English,Teen,1990,English - Teen,English - Teen - 1990s
tt0119925,1997,R,English,Mature,1990,English - Mature,English - Mature - 1990s
tt0119978,1997,PG-13,English,Teen,1990,English - Teen,English - Teen - 1990s
tt0119988,1998,R,English,Mature,1990,English - Mature,English - Mature - 1990s
tt0120029,1997,PG,English,Family,1990,English - Family,English - Family - 1990s
tt0120053,1997,PG-13,English,Teen,1990,English - Teen,English - Teen - 1990s
tt0120054,1996,PG,English,Family,1990,English - Family,English - Family - 1990s
tt0120082,1997,R,English,Mature,1990,English - Mature,English - Mature - 1990s
tt0120102,1997,PG-13,English,Teen,1990,English - Teen,English - Teen - 1990s
tt0120107,1997,R,English,Mature,1990,English - Mature,English - Mature - 1990s
tt0120108,1998,R,English,Mature,1990,English - Mature,English - Mature - 1990s
tt0120148,1998,PG-13,English,Teen,1990,English - Teen,English - Teen - 1990s
tt0120151,1997,R,English,Mature,1990,English - Mature,English - Mature - 1990s
tt0120166,2001,Unknown,English,Unknown,2000,English - Unknown,English - Unknown - 2000s
tt0120177,1997,PG-13,English,Teen,1990,English - Teen,English - Teen - 1990s
tt0120179,1997,PG-13,English,Teen,1990,English - Teen,English - Teen - 1990s
tt0120184,1998,PG-13,English,Teen,1990,English - Teen,English - Teen - 1990s
tt0120188,1999,R,English,Mature,1990,English - Mature,English - Mature - 1990s
tt0120190,1997,R,English,Mature,1990,English - Mature,English - Mature - 1990s
tt0120201,1997,R,English,Mature,1990,English - Mature,English - Mature - 1990s
tt0120324,1998,R,English,Mature,1990,English - Mature,English - Mature - 1990s
tt0120338,1997,PG-13,English,Teen,1990,English - Teen,English - Teen - 1990s
tt0120347,1997,PG-13,English,Teen,1990,English - Teen,English - Teen - 1990s
tt0120363,1999,G,English,Family,1990,English - Family,English - Family - 1990s
tt0120373,1997,PG-13,English,Teen,1990,English - Teen,English - Teen - 1990s
tt0120390,1997,R,English,Mature,1990,English - Mature,English - Mature - 1990s
tt0120461,1997,PG-13,English,Teen,1990,English - Teen,English - Teen - 1990s
tt0120481,1997,PG,English,Family,1990,English - Family,English - Family - 1990s
tt0120484,1998,PG-13,English,Teen,1990,English - Teen,English - Teen - 1990s
tt0120524,1997,R,English,Mature,1990,English - Mature,English - Mature - 1990s
tt0120586,1998,R,English,Mature,1990,English - Mature,English - Mature - 1990s
tt0120587,1998,PG,English,Family,1990,English - Family,English - Family - 1990s
tt0120591,1998,PG-13,English,Teen,1990,English - Teen,English - Teen - 1990s
tt0120598,1998,G,English,Family,1990,English - Family,English - Family - 1990s
tt0120601,1999,R,English,Mature,1990,English - Mature,English - Mature - 1990s
tt0120611,1998,R,English,Mature,1990,English - Mature,English - Mature - 1990s
tt0120616,1999,PG-13,English,Teen,1990,English - Teen,English - Teen - 1990s
tt0120623,1998,G,English,Family,1990,English - Family,English - Family - 1990s
tt0120630,2000,G,English,Family,2000,English - Family,English - Family - 2000s
tt0120631,1998,PG-13,English,Teen,1990,English - Teen,English - Teen - 1990s
tt0120632,1998,PG-13,English,Teen,1990,English - Teen,English - Teen - 1990s
tt0120647,1998,PG-13,English,Teen,1990,English - Teen,English - Teen - 1990s
tt0120655,1999,R,English,Mature,1990,English - Mature,English - Mature - 1990s
tt0120657,1999,R,English,Mature,1990,English - Mature,English - Mature - 1990s
tt0120660,1998,R,English,Mature,1990,English - Mature,English - Mature - 1990s
tt0120663,1999,R,English,Mature,1990,English - Mature,English - Mature - 1990s
tt0120665,1998,Unknown,French,Unknown,1990,French - Unknown,French - Unknown - 1990s
tt0120667,2005,PG-13,English,Teen,2000,English - Teen,English - Teen - 2000s
tt0120669,1998,R,English,Mature,1990,English - Mature,English - Mature - 1990s
tt0120679,2002,R,English,Mature,2000,English - Mature,English - Mature - 2000s
tt0120681,2001,R,English,Mature,2000,English - Mature,English - Mature - 2000s
tt0120685,1998,PG-13,English,Teen,1990,English - Teen,English - Teen - 1990s
tt0120689,1999,R,English,Mature,1990,English - Mature,English - Mature - 1990s
tt0120693,1998,R,English,Mature,1990,English - Mature,English - Mature - 1990s
tt0120694,1998,R,English,Mature,1990,English - Mature,English - Mature - 1990s
tt0120710,1999,R,English,Mature,1990,English - Mature,English - Mature - 1990s
tt0120722,1998,R,English,Mature,1990,English - Mature,English - Mature - 1990s
tt0120723,1998,R,English,Mature,1990,English - Mature,English - Mature - 1990s
tt0120728,1998,R,English,Mature,1990,English - Mature,English - Mature - 1990s
tt0120731,1998,R,English,Mature,1990,English - Mature,English - Mature - 1990s
tt0120735,1998,R,English,Mature,1990,English - Mature,English - Mature - 1990s
tt0120737,2001,PG-13,English,Teen,2000,English - Teen,English - Teen - 2000s
tt0120738,1998,PG-13,English,Teen,1990,English - Teen,English - Teen - 1990s
tt0120741,1998,PG-13,English,Teen,1990,English - Teen,English - Teen - 1990s
tt0120744,1998,PG-13,English,Teen,1990,English - Teen,English - Teen - 1990s
tt0120746,1998,PG-13,English,Teen,1990,English - Teen,English - Teen - 1990s
tt0120749,1998,R,English,Mature,1990,English - Mature,English - Mature - 1990s
tt0120753,2000,R,English,Mature,2000,English - Mature,English - Mature - 2000s
tt0120755,2000,PG-13,English,Teen,2000,English - Teen,English - Teen - 2000s
tt0120762,1998,G,English,Family,1990,English - Family,English - Family - 1990s
tt0120768,1998,R,English,Mature,1990,English - Mature,English - Mature - 1990s
tt0120770,1998,PG-13,English,Teen,1990,English - Teen,English - Teen - 1990s
tt0120773,1998,PG-13,English,Teen,1990,English - Teen,English - Teen - 1990s
tt0120780,1998,R,English,Mature,1990,English - Mature,English - Mature - 1990s
tt0120782,1998,R,English,Mature,1990,English - Mature,English - Mature - 1990s
tt0120783,1998,PG,English,Family,1990,English - Family,English - Family - 1990s
tt0120784,1999,R,English,Mature,1990,English - Mature,English - Mature - 1990s
tt0120787,1998,R,English,Mature,1990,English - Mature,English - Mature - 1990s
tt0120789,1998,PG-13,English,Teen,1990,English - Teen,English - Teen - 1990s
tt0120791,1998,PG-13,English,Teen,1990,English - Teen,English - Teen - 1990s
tt0120794,1998,PG,English,Family,1990,English - Family,English - Family - 1990s
tt0120797,1999,R,English,Mature,1990,English - Mature,English - Mature - 1990s
tt0120800,1998,G,English,Family,1990,English - Family,English - Family - 1990s
tt0120804,2002,R,English,Mature,2000,English - Mature,English - Mature - 2000s
tt0120812,1998,PG-13,English,Teen,1990,English - Teen,English - Teen - 1990s
tt0120813,1998,R,English,Mature,1990,English - Mature,English - Mature - 1990s
tt0120815,1998,R,English,Mature,1990,English - Mature,English - Mature - 1990s
tt0120828,1998,PG-13,English,Teen,1990,English - Teen,English - Teen - 1990s
tt0120832,1998,R,English,Mature,1990,English - Mature,English - Mature - 1990s
tt0120844,1998,PG,English,Family,1990,English - Family,English - Family - 1990s
tt0120855,1999,G,English,Family,1990,English - Family,English - Family - 1990s
tt0120863,1998,R,English,Mature,1990,English - Mature,English - Mature - 1990s
tt0120866,1999,R,English,Mature,1990,English - Mature,English - Mature - 1990s
tt0120873,1998,PG-13,English,Teen,1990,English - Teen,English - Teen - 1990s
tt0120877,1998,R,English,Mature,1990,English - Mature,English - Mature - 1990s
tt0120888,1998,PG-13,English,Teen,1990,English - Teen,English - Teen - 1990s
tt0120889,1998,PG-13,English,Teen,1990,English - Teen,English - Teen - 1990s
tt0120890,1998,R,English,Mature,1990,English - Mature,English - Mature - 1990s
tt0120891,1999,PG-13,English,Teen,1990,English - Teen,English - Teen - 1990s
tt0120901,1998,PG-13,English,Teen,1990,English - Teen,English - Teen - 1990s
tt0120902,1998,PG-13,English,Teen,1990,English - Teen,English - Teen - 1990s
tt0120903,2000,PG-13,English,Teen,2000,English - Teen,English - Teen - 2000s
tt0120907,1999,R,English,Mature,1990,English - Mature,English - Mature - 1990s
tt0120912,2002,PG-13,English,Teen,2000,English - Teen,English - Teen - 2000s
tt0120913,2000,PG,English,Family,2000,English - Family,English - Family - 2000s
tt0120915,1999,PG,English,Family,1990,English - Family,English - Family - 1990s
tt0120917,2000,G,English,Family,2000,English - Family,English - Family - 2000s
tt0121164,2005,PG,English,Family,2000,English - Family,English - Family - 2000s
tt0121694,1988,Not Rated,English,Unknown,1980,English - Unknown,English - Unknown - 1980s
tt0121765,2002,PG,English,Family,2000,English - Family,English - Family - 2000s
tt0121766,2005,PG-13,English,Teen,2000,English - Teen,English - Teen - 2000s
tt0122151,1998,R,English,Mature,1990,English - Mature,English - Mature - 1990s
tt0122168,1958,Unknown,Danish,Unknown,1950,Danish - Unknown,Danish - Unknown - 1950s
tt0122326,1975,Unknown,Persian,Unknown,1970,Persian - Unknown,Persian - Unknown - 1970s
tt0122607,1965,Unknown,Japanese,Unknown,1960,Japanese - Unknown,Japanese - Unknown - 1960s
tt0122690,1998,R,English,Mature,1990,English - Mature,English - Mature - 1990s
tt0122718,1998,PG-13,English,Teen,1990,English - Teen,English - Teen - 1990s
tt0122933,1999,R,English,Mature,1990,English - Mature,English - Mature - 1990s
tt0123328,1997,Unknown,Cantonese,Unknown,1990,Cantonese - Unknown,Cantonese - Unknown - 1990s
tt0123755,1997,R,English,Mature,1990,English - Mature,English - Mature - 1990s
tt0123928,1979,Unknown,Danish,Unknown,1970,Danish - Unknown,Danish - Unknown - 1970s
tt0124298,1999,PG-13,English,Teen,1990,English - Teen,English - Teen - 1990s
tt0124315,1999,PG-13,English,Teen,1990,English - Teen,English - Teen - 1990s
tt0124595,1998,R,English,Mature,1990,English - Mature,English - Mature - 1990s
tt0125044,1984,Unknown,Filipino,Unknown,1980,Filipino - Unknown,Filipino - Unknown - 1980s
tt0125439,1999,PG-13,English,Teen,1990,English - Teen,English - Teen - 1990s
tt0125659,1997,R,Spanish,Mature,1990,Spanish - Mature,Spanish - Mature - 1990s
tt0125664,1999,R,English,Mature,1990,English - Mature,English - Mature - 1990s
tt0126029,2001,PG,English,Family,2000,English - Family,English - Family - 2000s
tt0126234,1992,Not Rated,Hindi,Unknown,1990,Hindi - Unknown,Hindi - Unknown - 1990s
tt0126886,1999,R,English,Mature,1990,English - Mature,English - Mature - 1990s
tt0126973,1997,PG-13,English,Teen,1990,English - Teen,English - Teen - 1990s
tt0127045,1986,R,English,Mature,1980,English - Mature,English - Mature - 1980s
tt0127163,1950,Passed,English,Unknown,1950,English - Unknown,English - Unknown - 1950s
tt0127349,2000,R,English,Mature,2000,English - Mature,English - Mature - 2000s
tt0127350,1995,PG,English,Family,1990,English - Family,English - Family - 1990s
tt0127536,1998,R,English,Mature,1990,English - Mature,English - Mature - 1990s
tt0127722,1998,R,English,Mature,1990,English - Mature,English - Mature - 1990s
tt0127723,1998,PG-13,English,Teen,1990,English - Teen,English - Teen - 1990s
tt0127745,1987,G,English,Family,1980,English - Family,English - Family - 1980s
tt0128239,1999,PG-13,English,Teen,1990,English - Teen,English - Teen - 1990s
tt0128278,1999,R,English,Mature,1990,English - Mature,English - Mature - 1990s
tt0128442,1998,R,English,Mature,1990,English - Mature,English - Mature - 1990s
tt0128445,1998,R,English,Mature,1990,English - Mature,English - Mature - 1990s
tt0128542,1990,Unknown,Russian,Unknown,1990,Russian - Unknown,Russian - Unknown - 1990s
tt0128853,1998,PG,English,Family,1990,English - Family,English - Family - 1990s
tt0129167,1999,PG,English,Family,1990,English - Family,English - Family - 1990s
tt0129290,1998,PG-13,English,Teen,1990,English - Teen,English - Teen - 1990s
tt0129387,1998,R,English,Mature,1990,English - Mature,English - Mature - 1990s
tt0129794,1977,Unknown,Italian,Unknown,1970,Italian - Unknown,Italian - Unknown - 1970s
tt0129797,1972,R,English,Mature,1970,English - Mature,English - Mature - 1970s
tt0130018,1998,R,English,Mature,1990,English - Mature,English - Mature - 1990s
tt0130089,1998,Unrated,English,Unknown,1990,English - Unknown,English - Unknown - 1990s
tt0130268,1982,Unknown,English,Unknown,1980,English - Unknown,English - Unknown - 1980s
tt0130348,1998,Unknown,Hindi,Unknown,1990,Hindi - Unknown,Hindi - Unknown - 1990s
tt0130623,2000,PG,English,Family,2000,English - Family,English - Family - 2000s
tt0130827,1998,R,German,Mature,1990,German - Mature,German - Mature - 1990s
tt0131335,1976,Not Rated,Spanish,Unknown,1970,Spanish - Unknown,Spanish - Unknown - 1970s
tt0131400,1986,PG,English,Family,1980,English - Family,English - Family - 1980s
tt0131857,1998,R,English,Mature,1990,English - Mature,English - Mature - 1990s
tt0132347,1999,PG-13,English,Teen,1990,English - Teen,English - Teen - 1990s
tt0132477,1999,PG,English,Family,1990,English - Family,English - Family - 1990s
tt0133093,1999,R,English,Mature,1990,English - Mature,English - Mature - 1990s
tt0133152,2001,PG-13,English,Teen,2000,English - Teen,English - Teen - 2000s
tt0133240,2002,PG,English,Family,2000,English - Family,English - Family - 2000s
tt0133751,1998,R,English,Mature,1990,English - Mature,English - Mature - 1990s
tt0133952,1998,R,English,Mature,1990,English - Mature,English - Mature - 1990s
tt0134084,2000,R,English,Mature,2000,English - Mature,English - Mature - 2000s
tt0134119,1999,R,English,Mature,1990,English - Mature,English - Mature - 1990s
tt0134273,1999,R,English,Mature,1990,English - Mature,English - Mature - 1990s
tt0134847,2000,R,English,Mature,2000,English - Mature,English - Mature - 2000s
tt0136604,1930,Unknown,None,Unknown,1930,None - Unknown,None - Unknown - 1930s
tt0137100,1993,Unknown,Hindi,Unknown,1990,Hindi - Unknown,Hindi - Unknown - 1990s
tt0137187,1934,Unknown,German,Unknown,1930,German - Unknown,German - Unknown - 1930s
tt0137363,1999,R,English,Mature,1990,English - Mature,English - Mature - 1990s
tt0137427,1973,R,Mandarin,Mature,1970,Mandarin - Mature,Mandarin - Mature - 1970s
tt0137439,1998,PG,French,Family,1990,French - Family,French - Family - 1990s
tt0137494,1999,PG-13,English,Teen,1990,English - Teen,English - Teen - 1990s
tt0138073,1981,Unknown,Portuguese,Unknown,1980,Portuguese - Unknown,Portuguese - Unknown - 1980s
tt0138097,1998,R,English,Mature,1990,English - Mature,English - Mature - 1990s
tt0138510,1999,R,English,Mature,1990,English - Mature,English - Mature - 1990s
tt0138524,2003,PG-13,English,Teen,2000,English - Teen,English - Teen - 2000s
tt0138564,1923,Passed,None,Unknown,1920,None - Unknown,None - Unknown - 1920s
tt0138704,1998,R,English,Mature,1990,English - Mature,English - Mature - 1990s
tt0138749,2000,PG,English,Family,2000,English - Family,English - Family - 2000s
tt0138946,2000,R,English,Mature,2000,English - Mature,English - Mature - 2000s
tt0139134,1999,R,English,Mature,1990,English - Mature,English - Mature - 1990s
tt0139239,1999,R,English,Mature,1990,English - Mature,English - Mature - 1990s
tt0139388,2000,PG,English,Family,2000,English - Family,English - Family - 2000s
tt0139394,1999,PG-13,English,Teen,1990,English - Teen,English - Teen - 1990s
tt0139413,1954,Unknown,Greek,Unknown,1950,Greek - Unknown,Greek - Unknown - 1950s
tt0139414,1999,R,English,Mature,1990,English - Mature,English - Mature - 1990s
tt0139564,1997,Unrated,French,Unknown,1990,French - Unknown,French - Unknown - 1990s
tt0139654,2001,R,English,Mature,2000,English - Mature,English - Mature - 2000s
tt0139809,1999,R,English,Mature,1990,English - Mature,English - Mature - 1990s
tt0139820,1966,Not Rated,Japanese,Unknown,1960,Japanese - Unknown,Japanese - Unknown - 1960s
tt0139898,1998,R,English,Mature,1990,English - Mature,English - Mature - 1990s
tt0140348,1994,Unknown,Tamil,Unknown,1990,Tamil - Unknown,Tamil - Unknown - 1990s
tt0140352,1999,R,English,Mature,1990,English - Mature,English - Mature - 1990s
tt0140399,1995,Unknown,Tamil,Unknown,1990,Tamil - Unknown,Tamil - Unknown - 1990s
tt0140448,1977,Not Rated,Tamil,Unknown,1970,Tamil - Unknown,Tamil - Unknown - 1970s
tt0140917,1966,Unknown,Portuguese,Unknown,1960,Portuguese - Unknown,Portuguese - Unknown - 1960s
tt0141399,2000,R,English,Mature,2000,English - Mature,English - Mature - 2000s
tt0141914,1961,Unknown,German,Unknown,1960,German - Unknown,German - Unknown - 1960s
tt0141926,2000,PG-13,English,Teen,2000,English - Teen,English - Teen - 2000s
tt0142371,1986,Not Rated,Japanese,Unknown,1980,Japanese - Unknown,Japanese - Unknown - 1980s
tt0142688,1999,R,English,Mature,1990,English - Mature,English - Mature - 1990s
tt0143145,1999,PG-13,English,Teen,1990,English - Teen,English - Teen - 1990s
tt0143235,1949,Unknown,French,Unknown,1940,French - Unknown,French - Unknown - 1940s
tt0143907,1998,Unknown,Russian,Unknown,1990,Russian - Unknown,Russian - Unknown - 1990s
tt0144004,1934,Unknown,English,Unknown,1930,English - Unknown,English - Unknown - 1930s
tt0144084,2000,R,English,Mature,2000,English - Mature,English - Mature - 2000s
tt0144117,1999,R,English,Mature,1990,English - Mature,English - Mature - 1990s
tt0144625,1997,Unknown,English,Unknown,1990,English - Unknown,English - Unknown - 1990s
tt0144671,1968,Unknown,German,Unknown,1960,German - Unknown,German - Unknown - 1960s
tt0144777,1980,Unknown,Portuguese,Unknown,1980,Portuguese - Unknown,Portuguese - Unknown - 1980s
tt0144964,2000,R,English,Mature,2000,English - Mature,English - Mature - 2000s
tt0145393,1997,R,Spanish,Mature,1990,Spanish - Mature,Spanish - Mature - 1990s
tt0145487,2002,PG-13,English,Teen,2000,English - Teen,English - Teen - 2000s
tt0145531,1999,R,English,Mature,1990,English - Mature,English - Mature - 1990s
tt0145534,1996,Unknown,English,Unknown,1990,English - Unknown,English - Unknown - 1990s
tt0145547,1999,R,English,Mature,1990,English - Mature,English - Mature - 1990s
tt0145653,1999,R,English,Mature,1990,English - Mature,English - Mature - 1990s
tt0145660,1999,PG-13,English,Teen,1990,English - Teen,English - Teen - 1990s
tt0145681,1999,R,English,Mature,1990,English - Mature,English - Mature - 1990s
tt0145893,1999,PG-13,English,Teen,1990,English - Teen,English - Teen - 1990s
tt0146316,2001,PG-13,English,Teen,2000,English - Teen,English - Teen - 2000s
tt0146336,1998,R,English,Mature,1990,English - Mature,English - Mature - 1990s
tt0146645,1964,Not Rated,Hindi,Unknown,1960,Hindi - Unknown,Hindi - Unknown - 1960s
tt0146675,1999,R,English,Mature,1990,English - Mature,English - Mature - 1990s
tt0146838,1999,R,English,Mature,1990,English - Mature,English - Mature - 1990s
tt0146882,2000,R,English,Mature,2000,English - Mature,English - Mature - 2000s
tt0147800,1999,PG-13,English,Teen,1990,English - Teen,English - Teen - 1990s
tt0149261,1999,R,English,Mature,1990,English - Mature,English - Mature - 1990s
tt0149367,2000,PG-13,English,Teen,2000,English - Teen,English - Teen - 2000s
tt0150377,1999,R,English,Mature,1990,English - Mature,English - Mature - 1990s
tt0150388,1919,TV-PG,None,Teen,1910,None - Teen,None - Teen - 1910s
tt0150392,1988,Unknown,Arabic,Unknown,1980,Arabic - Unknown,Arabic - Unknown - 1980s
tt0150980,1960,Not Rated,Korean,Unknown,1960,Korean - Unknown,Korean - Unknown - 1960s
tt0151137,1999,R,English,Mature,1990,English - Mature,English - Mature - 1990s
tt0151572,1998,Unknown,Spanish,Unknown,1990,Spanish - Unknown,Spanish - Unknown - 1990s
tt0151582,1999,R,English,Mature,1990,English - Mature,English - Mature - 1990s
tt0151738,1999,PG-13,English,Teen,1990,English - Teen,English - Teen - 1990s
tt0152509,1984,Unknown,Punjabi,Unknown,1980,Punjabi - Unknown,Punjabi - Unknown - 1980s
tt0152620,1996,R,English,Mature,1990,English - Mature,English - Mature - 1990s
tt0152930,1998,Not Rated,French,Unknown,1990,French - Unknown,French - Unknown - 1990s
tt0154506,1998,R,English,Mature,1990,English - Mature,English - Mature - 1990s
tt0154683,1960,Not Rated,Japanese,Unknown,1960,Japanese - Unknown,Japanese - Unknown - 1960s
tt0155267,1999,R,English,Mature,1990,English - Mature,English - Mature - 1990s
tt0155796,1998,Not Rated,Japanese,Unknown,1990,Japanese - Unknown,Japanese - Unknown - 1990s
tt0156106,1999,PG-13,English,Teen,1990,English - Teen,English - Teen - 1990s
tt0156248,1998,Not Rated,French,Unknown,1990,French - Unknown,French - Unknown - 1990s
tt0156408,1998,Unknown,French,Unknown,1990,French - Unknown,French - Unknown - 1990s
tt0156610,1998,Unknown,Mandarin,Unknown,1990,Mandarin - Unknown,Mandarin - Unknown - 1990s
tt0156729,1998,R,English,Mature,1990,English - Mature,English - Mature - 1990s
tt0156887,1997,Not Rated,Japanese,Unknown,1990,Japanese - Unknown,Japanese - Unknown - 1990s
tt0157044,1998,Unrated,French,Unknown,1990,French - Unknown,French - Unknown - 1990s
tt0157366,1998,TV-MA,Cantonese,Mature,1990,Cantonese - Mature,Cantonese - Mature - 1990s
tt0157427,1999,R,English,Mature,1990,English - Mature,English - Mature - 1990s
tt0157472,2002,PG,English,Family,2000,English - Family,English - Family - 2000s
tt0157503,1999,PG-13,English,Teen,1990,English - Teen,English - Teen - 1990s
tt0158493,1998,R,English,Mature,1990,English - Mature,English - Mature - 1990s
tt0158692,1999,Not Rated,None,Unknown,1990,None - Unknown,None - Unknown - 1990s
tt0158785,1987,R,English,Mature,1980,English - Mature,English - Mature - 1980s
tt0158983,1999,R,English,Mature,1990,English - Mature,English - Mature - 1990s
tt0159097,1999,R,English,Mature,1990,English - Mature,English - Mature - 1990s
tt0159273,2001,PG-13,English,Teen,2000,English - Teen,English - Teen - 2000s
tt0159365,2003,R,English,Mature,2000,English - Mature,English - Mature - 2000s
tt0159421,1999,G,English,Family,1990,English - Family,English - Family - 1990s
tt0159432,1998,Not Rated,Cantonese,Unknown,1990,Cantonese - Unknown,Cantonese - Unknown - 1990s
tt0159510,1981,Unknown,Japanese,Unknown,1980,Japanese - Unknown,Japanese - Unknown - 1980s
tt0160127,2000,PG-13,English,Teen,2000,English - Teen,English - Teen - 2000s
tt0160216,1999,PG,English,Family,1990,English - Family,English - Family - 1990s
tt0160401,1999,R,English,Mature,1990,English - Mature,English - Mature - 1990s
tt0160710,2000,R,English,Mature,2000,English - Mature,English - Mature - 2000s
tt0160862,1999,PG-13,English,Teen,1990,English - Teen,English - Teen - 1990s
tt0161081,2000,PG-13,English,Teen,2000,English - Teen,English - Teen - 2000s
tt0162035,1998,G,English,Family,1990,English - Family,English - Family - 1990s
tt0162222,2000,PG-13,English,Teen,2000,English - Teen,English - Teen - 2000s
tt0162360,1999,PG-13,English,Teen,1990,English - Teen,English - Teen - 1990s
tt0162496,1915,Unknown,None,Unknown,1910,None - Unknown,None - Unknown - 1910s
tt0162650,2000,R,English,Mature,2000,English - Mature,English - Mature - 2000s
tt0162661,1999,R,English,Mature,1990,English - Mature,English - Mature - 1990s
tt0162710,1999,R,English,Mature,1990,English - Mature,English - Mature - 1990s
tt0162876,1997,Unknown,N/A,Unknown,1990,N/A - Unknown,N/A - Unknown - 1990s
tt0162973,1998,R,English,Mature,1990,English - Mature,English - Mature - 1990s
tt0163025,2001,PG-13,English,Teen,2000,English - Teen,English - Teen - 2000s
tt0163187,1999,PG,English,Family,1990,English - Family,English - Family - 1990s
tt0163529,1998,PG-13,English,Teen,1990,English - Teen,English - Teen - 1990s
tt0163582,1972,Unknown,Korean,Unknown,1970,Korean - Unknown,Korean - Unknown - 1970s
tt0163624,1960,Unknown,German,Unknown,1960,German - Unknown,German - Unknown - 1960s
tt0163669,1982,Unknown,Korean,Unknown,1980,Korean - Unknown,Korean - Unknown - 1980s
tt0163978,2000,R,English,Mature,2000,English - Mature,English - Mature - 2000s
tt0163985,1968,Unknown,Japanese,Unknown,1960,Japanese - Unknown,Japanese - Unknown - 1960s
tt0163988,1999,R,English,Mature,1990,English - Mature,English - Mature - 1990s
tt0164052,2000,R,English,Mature,2000,English - Mature,English - Mature - 2000s
tt0164114,1999,PG-13,English,Teen,1990,English - Teen,English - Teen - 1990s
tt0164181,1999,R,English,Mature,1990,English - Mature,English - Mature - 1990s
tt0164184,2002,PG-13,English,Teen,2000,English - Teen,English - Teen - 2000s
tt0164334,2001,R,English,Mature,2000,English - Mature,English - Mature - 2000s
tt0164347,1964,Unknown,Japanese,Unknown,1960,Japanese - Unknown,Japanese - Unknown - 1960s
tt0164425,1972,R,Mandarin,Mature,1970,Mandarin - Mature,Mandarin - Mature - 1970s
tt0164444,1978,Not Rated,Mandarin,Unknown,1970,Mandarin - Unknown,Mandarin - Unknown - 1970s
tt0164564,1970,Unknown,N/A,Unknown,1970,N/A - Unknown,N/A - Unknown - 1970s
tt0164643,1973,Unknown,Japanese,Unknown,1970,Japanese - Unknown,Japanese - Unknown - 1970s
tt0164912,1999,PG,English,Family,1990,English - Family,English - Family - 1990s
tt0165160,1974,R,Mandarin,Mature,1970,Mandarin - Mature,Mandarin - Mature - 1970s
tt0165196,1999,PG,English,Family,1990,English - Family,English - Family - 1990s
tt0165214,1977,R,English,Mature,1970,English - Mature,English - Mature - 1970s
tt0165220,1978,Unknown,Cantonese,Unknown,1970,Cantonese - Unknown,Cantonese - Unknown - 1970s
tt0165333,1937,Unknown,English,Unknown,1930,English - Unknown,English - Unknown - 1930s
tt0165429,1970,Unknown,French,Unknown,1970,French - Unknown,French - Unknown - 1970s
tt0165623,1983,Not Rated,German,Unknown,1980,German - Unknown,German - Unknown - 1980s
tt0165636,1971,Unknown,Ukrainian,Unknown,1970,Ukrainian - Unknown,Ukrainian - Unknown - 1970s
tt0165773,1999,PG-13,English,Teen,1990,English - Teen,English - Teen - 1990s
tt0165798,1999,R,English,Mature,1990,English - Mature,English - Mature - 1990s
tt0165929,2000,R,English,Mature,2000,English - Mature,English - Mature - 2000s
tt0166219,1998,R,English,Mature,1990,English - Mature,English - Mature - 1990s
tt0166230,1922,Unknown,None,Unknown,1920,None - Unknown,None - Unknown - 1920s
tt0166252,1999,R,English,Mature,1990,English - Mature,English - Mature - 1990s
tt0166485,1999,PG-13,English,Teen,1990,English - Teen,English - Teen - 1990s
tt0166770,1967,Unknown,Bulgarian,Unknown,1960,Bulgarian - Unknown,Bulgarian - Unknown - 1960s
tt0166808,1998,Not Rated,French,Unknown,1990,French - Unknown,French - Unknown - 1990s
tt0166813,2002,G,English,Family,2000,English - Family,English - Family - 2000s
tt0166896,1999,G,English,Family,1990,English - Family,English - Family - 1990s
tt0166924,2001,R,English,Mature,2000,English - Mature,English - Mature - 2000s
tt0167190,2004,PG-13,English,Teen,2000,English - Teen,English - Teen - 2000s
tt0167260,2003,PG-13,English,Teen,2000,English - Teen,English - Teen - 2000s
tt0167261,2002,PG-13,English,Teen,2000,English - Teen,English - Teen - 2000s
tt0167320,1966,Unknown,Japanese,Unknown,1960,Japanese - Unknown,Japanese - Unknown - 1960s
tt0167404,1999,PG-13,English,Teen,1990,English - Teen,English - Teen - 1990s
tt0168043,1997,Not Rated,Cantonese,Unknown,1990,Cantonese - Unknown,Cantonese - Unknown - 1990s
tt0168626,1949,Unknown,Czech,Unknown,1940,Czech - Unknown,Czech - Unknown - 1940s
tt0168629,2000,R,English,Mature,2000,English - Mature,English - Mature - 2000s
tt0169102,2001,PG,Hindi,Family,2000,Hindi - Family,Hindi - Family - 2000s
tt0169253,1938,Approved,English,Unknown,1930,English - Unknown,English - Unknown - 1930s
tt0169299,1999,R,English,Mature,1990,English - Mature,English - Mature - 1990s
tt0169324,2000,R,English,Mature,2000,English - Mature,English - Mature - 2000s
tt0169828,1964,Not Rated,Georgian,Unknown,1960,Georgian - Unknown,Georgian - Unknown - 1960s
tt0170016,2000,PG,English,Family,2000,English - Family,English - Family - 2000s
tt0170210,1944,Unknown,French,Unknown,1940,French - Unknown,French - Unknown - 1940s
tt0171363,1999,PG-13,English,Teen,1990,English - Teen,English - Teen - 1990s
tt0171804,1999,R,English,Mature,1990,English - Mature,English - Mature - 1990s
tt0172156,2003,R,English,Mature,2000,English - Mature,English - Mature - 2000s
tt0172493,1999,R,English,Mature,1990,English - Mature,English - Mature - 1990s
tt0172495,2000,R,English,Mature,2000,English - Mature,English - Mature - 2000s
tt0173840,2001,PG-13,English,Teen,2000,English - Teen,English - Teen - 2000s
tt0174707,1973,Not Rated,Japanese,Unknown,1970,Japanese - Unknown,Japanese - Unknown - 1970s
tt0174856,1999,R,English,Mature,1990,English - Mature,English - Mature - 1990s
tt0174918,1984,TV-MA,Japanese,Mature,1980,Japanese - Mature,Japanese - Mature - 1980s
tt0175555,1999,PG,English,Family,1990,English - Family,English - Family - 1990s
tt0176422,1998,R,French,Mature,1990,French - Mature,French - Mature - 1990s
tt0176666,1978,Unknown,French,Unknown,1970,French - Unknown,French - Unknown - 1970s
tt0177195,2000,Not Rated,English,Unknown,2000,English - Unknown,English - Unknown - 2000s
tt0177483,1993,Not Rated,Hindi,Unknown,1990,Hindi - Unknown,Hindi - Unknown - 1990s
tt0177789,1999,PG,English,Family,1990,English - Family,English - Family - 1990s
tt0177971,2000,PG-13,English,Teen,2000,English - Teen,English - Teen - 2000s
tt0178868,1998,Not Rated,Japanese,Unknown,1990,Japanese - Unknown,Japanese - Unknown - 1990s
tt0179098,2002,PG-13,English,Teen,2000,English - Teen,English - Teen - 2000s
tt0179161,1942,Unknown,French,Unknown,1940,French - Unknown,French - Unknown - 1940s
tt0180316,1999,Not Rated,English,Unknown,1990,English - Unknown,English - Unknown - 1990s
tt0180837,2000,R,Portuguese,Mature,2000,Portuguese - Mature,Portuguese - Mature - 2000s
tt0181012,1984,R,English,Mature,1980,English - Mature,English - Mature - 1980s
tt0181316,1999,PG-13,English,Teen,1990,English - Teen,English - Teen - 1990s
tt0181689,2002,PG-13,English,Teen,2000,English - Teen,English - Teen - 2000s
tt0181852,2003,R,English,Mature,2000,English - Mature,English - Mature - 2000s
tt0181865,2000,R,English,Mature,2000,English - Mature,English - Mature - 2000s
tt0181875,2000,R,English,Mature,2000,English - Mature,English - Mature - 2000s
tt0182503,Unknown,Unknown,Unknown,Unknown,0,Unknown - Unknown,Unknown - Unknown - Unknown Decade
tt0182789,1999,PG,English,Family,1990,English - Family,English - Family - 1990s
tt0183523,2000,PG,English,Family,2000,English - Family,English - Family - 2000s
tt0183649,2002,R,English,Mature,2000,English - Mature,English - Mature - 2000s
tt0183790,2001,PG-13,English,Teen,2000,English - Teen,English - Teen - 2000s
tt0184512,1949,Unknown,Arabic,Unknown,1940,Arabic - Unknown,Arabic - Unknown - 1940s
tt0184858,2000,R,English,Mature,2000,English - Mature,English - Mature - 2000s
tt0184894,2000,PG-13,English,Teen,2000,English - Teen,English - Teen - 2000s
tt0185183,2000,PG-13,English,Teen,2000,English - Teen,English - Teen - 2000s
tt0185431,2000,PG-13,English,Teen,2000,English - Teen,English - Teen - 2000s
tt0185495,1986,R,English,Mature,1980,English - Mature,English - Mature - 1980s
tt0185937,1999,R,English,Mature,1990,English - Mature,English - Mature - 1990s
tt0186151,2000,PG-13,English,Teen,2000,English - Teen,English - Teen - 2000s
tt0186566,2000,PG-13,English,Teen,2000,English - Teen,English - Teen - 2000s
tt0187078,2000,PG-13,English,Teen,2000,English - Teen,English - Teen - 2000s
tt0187115,1991,Unknown,Telugu,Unknown,1990,Telugu - Unknown,Telugu - Unknown - 1990s
tt0187187,1977,Unknown,Portuguese,Unknown,1970,Portuguese - Unknown,Portuguese - Unknown - 1970s
tt0187393,2000,R,English,Mature,2000,English - Mature,English - Mature - 2000s
tt0187505,1987,Unknown,Cantonese,Unknown,1980,Cantonese - Unknown,Cantonese - Unknown - 1980s
tt0187738,2002,R,English,Mature,2000,English - Mature,English - Mature - 2000s
tt0187809,1998,Unknown,Persian,Unknown,1990,Persian - Unknown,Persian - Unknown - 1990s
tt0188388,1963,Unknown,French,Unknown,1960,French - Unknown,French - Unknown - 1960s
tt0188518,2000,R,English,Mature,2000,English - Mature,English - Mature - 2000s
tt0188589,1961,Unknown,French,Unknown,1960,French - Unknown,French - Unknown - 1960s
tt0188766,1999,Unknown,Cantonese,Unknown,1990,Cantonese - Unknown,Cantonese - Unknown - 1990s
tt0188858,1960,Unknown,Spanish,Unknown,1960,Spanish - Unknown,Spanish - Unknown - 1960s
tt0189142,1999,Unknown,French,Unknown,1990,French - Unknown,French - Unknown - 1990s
tt0189173,1999,R,English,Mature,1990,English - Mature,English - Mature - 1990s
tt0189219,1948,Unknown,Mandarin,Unknown,1940,Mandarin - Unknown,Mandarin - Unknown - 1940s
tt0189541,2001,R,English,Mature,2000,English - Mature,English - Mature - 2000s
tt0189844,1968,Unknown,Italian,Unknown,1960,Italian - Unknown,Italian - Unknown - 1960s
tt0189981,1999,R,English,Mature,1990,English - Mature,English - Mature - 1990s
tt0190138,2000,R,English,Mature,2000,English - Mature,English - Mature - 2000s
tt0190332,2000,PG-13,Mandarin,Teen,2000,Mandarin - Teen,Mandarin - Teen - 2000s
tt0190590,2000,PG-13,English,Teen,2000,English - Teen,English - Teen - 2000s
tt0190865,2000,PG-13,English,Teen,2000,English - Teen,English - Teen - 2000s
tt0191043,1999,PG,Persian,Family,1990,Persian - Family,Persian - Family - 1990s
tt0191397,2000,PG-13,English,Teen,2000,English - Teen,English - Teen - 2000s
tt0191636,2000,R,French,Mature,2000,French - Mature,French - Mature - 2000s
tt0192111,2001,PG-13,English,Teen,2000,English - Teen,English - Teen - 2000s
tt0192255,2000,PG,English,Family,2000,English - Family,English - Family - 2000s
tt0192638,1998,R,English,Mature,1990,English - Mature,English - Mature - 1990s
tt0192788,2003,PG,English,Family,2000,English - Family,English - Family - 2000s
tt0193458,1960,Unknown,Cantonese,Unknown,1960,Cantonese - Unknown,Cantonese - Unknown - 1960s
tt0193879,1987,Not Rated,English,Unknown,1980,English - Unknown,English - Unknown - 1980s
tt0193949,1957,Unknown,English,Unknown,1950,English - Unknown,English - Unknown - 1950s
tt0194326,1964,Unknown,Spanish,Unknown,1960,Spanish - Unknown,Spanish - Unknown - 1960s
tt0194748,1980,Unknown,French,Unknown,1980,French - Unknown,French - Unknown - 1980s
tt0195631,2000,R,English,Mature,2000,English - Mature,English - Mature - 2000s
tt0195644,1975,G,English,Family,1970,English - Family,English - Family - 1970s
tt0195685,2000,R,English,Mature,2000,English - Mature,English - Mature - 2000s
tt0195714,2000,R,English,Mature,2000,English - Mature,English - Mature - 2000s
tt0195822,1988,Unknown,N/A,Unknown,1980,N/A - Unknown,N/A - Unknown - 1980s
tt0196068,2001,TV-MA,English,Mature,2000,English - Mature,English - Mature - 2000s
tt0196106,2000,PG,English,Family,2000,English - Family,English - Family - 2000s
tt0196355,1999,Unknown,Arabic,Unknown,1990,Arabic - Unknown,Arabic - Unknown - 1990s
tt0196516,1999,G,English,Family,1990,English - Family,English - Family - 1990s
tt0197569,1999,Not Rated,French,Unknown,1990,French - Unknown,French - Unknown - 1990s
tt0198586,1999,Unknown,English,Unknown,1990,English - Unknown,English - Unknown - 1990s
tt0198781,2001,G,English,Family,2000,English - Family,English - Family - 2000s
tt0198792,1978,Unknown,Mandarin,Unknown,1970,Mandarin - Unknown,Mandarin - Unknown - 1970s
tt0199164,1978,Unknown,Mandarin,Unknown,1970,Mandarin - Unknown,Mandarin - Unknown - 1970s
tt0199175,1970,Unknown,French,Unknown,1970,French - Unknown,French - Unknown - 1970s
tt0199404,1955,Unknown,Spanish,Unknown,1950,Spanish - Unknown,Spanish - Unknown - 1950s
tt0199580,1959,Not Rated,Japanese,Unknown,1950,Japanese - Unknown,Japanese - Unknown - 1950s
tt0199725,2000,PG-13,English,Teen,2000,English - Teen,English - Teen - 2000s
tt0200087,1999,Not Rated,Hindi,Unknown,1990,Hindi - Unknown,Hindi - Unknown - 1990s
tt0200465,2008,R,English,Mature,2000,English - Mature,English - Mature - 2000s
tt0200469,1999,PG-13,English,Teen,1990,English - Teen,English - Teen - 1990s
tt0200550,2000,PG-13,English,Teen,2000,English - Teen,English - Teen - 2000s
tt0201092,1976,PG,Mandarin,Family,1970,Mandarin - Family,Mandarin - Family - 1970s
tt0201548,1950,Unknown,Spanish,Unknown,1950,Spanish - Unknown,Spanish - Unknown - 1950s
tt0201922,1972,Not Rated,Japanese,Unknown,1970,Japanese - Unknown,Japanese - Unknown - 1970s
tt0202002,1974,R,Mandarin,Mature,1970,Mandarin - Mature,Mandarin - Mature - 1970s
tt0202009,1958,Unknown,Japanese,Unknown,1950,Japanese - Unknown,Japanese - Unknown - 1950s
tt0202152,1989,Not Rated,Japanese,Unknown,1980,Japanese - Unknown,Japanese - Unknown - 1980s
tt0202153,1972,Not Rated,Japanese,Unknown,1970,Japanese - Unknown,Japanese - Unknown - 1970s
tt0202449,1959,Unknown,Japanese,Unknown,1950,Japanese - Unknown,Japanese - Unknown - 1950s
tt0203009,2001,PG-13,English,Teen,2000,English - Teen,English - Teen - 2000s
tt0203019,2000,R,English,Mature,2000,English - Mature,English - Mature - 2000s
tt0203119,2000,R,English,Mature,2000,English - Mature,English - Mature - 2000s
tt0203612,1962,Not Rated,Japanese,Unknown,1960,Japanese - Unknown,Japanese - Unknown - 1960s
tt0203895,1981,TV-Y7-FV,Japanese,Teen,1980,Japanese - Teen,Japanese - Teen - 1980s
tt0204313,2004,R,English,Mature,2000,English - Mature,English - Mature - 2000s
tt0204319,1945,Unknown,French,Unknown,1940,French - Unknown,French - Unknown - 1940s
tt0204946,2000,PG-13,English,Teen,2000,English - Teen,English - Teen - 2000s
tt0205000,1999,R,English,Mature,1990,English - Mature,English - Mature - 1990s
tt0205271,2000,R,English,Mature,2000,English - Mature,English - Mature - 2000s
tt0205345,1948,Unknown,Mandarin,Unknown,1940,Mandarin - Unknown,Mandarin - Unknown - 1940s
tt0205558,1956,Unknown,Cantonese,Unknown,1950,Cantonese - Unknown,Cantonese - Unknown - 1950s
tt0206234,1943,Unknown,Mandarin,Unknown,1940,Mandarin - Unknown,Mandarin - Unknown - 1940s
tt0206275,2001,PG-13,English,Teen,2000,English - Teen,English - Teen - 2000s
tt0206314,2001,R,English,Mature,2000,English - Mature,English - Mature - 2000s
tt0206634,2006,R,English,Mature,2000,English - Mature,English - Mature - 2000s
tt0207198,2001,R,German,Mature,2000,German - Mature,German - Mature - 2000s
tt0207201,2000,PG-13,English,Teen,2000,English - Teen,English - Teen - 2000s
tt0207359,1976,R,English,Mature,1970,English - Mature,English - Mature - 1970s
tt0208003,2000,PG-13,English,Teen,2000,English - Teen,English - Teen - 2000s
tt0208092,2000,R,English,Mature,2000,English - Mature,English - Mature - 2000s
tt0208504,1969,Unknown,Spanish,Unknown,1960,Spanish - Unknown,Spanish - Unknown - 1960s
tt0208874,2000,R,English,Mature,2000,English - Mature,English - Mature - 2000s
tt0209144,2000,R,English,Mature,2000,English - Mature,English - Mature - 2000s
tt0209163,2001,PG-13,English,Teen,2000,English - Teen,English - Teen - 2000s
tt0209475,2001,PG-13,English,Teen,2000,English - Teen,English - Teen - 2000s
tt0209958,2000,R,English,Mature,2000,English - Mature,English - Mature - 2000s
tt0210314,1999,Unknown,Portuguese,Unknown,1990,Portuguese - Unknown,Portuguese - Unknown - 1990s
tt0210389,1999,Not Rated,English,Unknown,1990,English - Unknown,English - Unknown - 1990s
tt0210717,1999,R,Spanish,Mature,1990,Spanish - Mature,Spanish - Mature - 1990s
tt0210945,2000,PG,English,Family,2000,English - Family,English - Family - 2000s
tt0211492,2000,PG-13,English,Teen,2000,English - Teen,English - Teen - 2000s
tt0211915,2001,R,French,Mature,2000,French - Mature,French - Mature - 2000s
tt0211933,2007,R,English,Mature,2000,English - Mature,English - Mature - 2000s
tt0212338,2000,PG-13,English,Teen,2000,English - Teen,English - Teen - 2000s
tt0212346,2000,PG-13,English,Teen,2000,English - Teen,English - Teen - 2000s
tt0212720,2001,PG-13,English,Teen,2000,English - Teen,English - Teen - 2000s
tt0212985,2001,R,English,Mature,2000,English - Mature,English - Mature - 2000s
tt0213149,2001,PG-13,English,Teen,2000,English - Teen,English - Teen - 2000s
tt0213847,2000,R,Italian,Mature,2000,Italian - Mature,Italian - Mature - 2000s
tt0214388,2000,R,English,Mature,2000,English - Mature,English - Mature - 2000s
tt0215750,2001,R,English,Mature,2000,English - Mature,English - Mature - 2000s
tt0216216,2000,PG-13,English,Teen,2000,English - Teen,English - Teen - 2000s
tt0217505,2002,R,English,Mature,2000,English - Mature,English - Mature - 2000s
tt0217756,2000,PG-13,English,Teen,2000,English - Teen,English - Teen - 2000s
tt0217869,2000,PG-13,English,Teen,2000,English - Teen,English - Teen - 2000s
tt0218317,1952,Unknown,Spanish,Unknown,1950,Spanish - Unknown,Spanish - Unknown - 1950s
tt0218922,2001,R,English,Mature,2000,English - Mature,English - Mature - 2000s
tt0218967,2000,PG-13,English,Teen,2000,English - Teen,English - Teen - 2000s
tt0219699,2000,R,English,Mature,2000,English - Mature,English - Mature - 2000s
tt0219965,2001,PG-13,English,Teen,2000,English - Teen,English - Teen - 2000s
tt0220806,1999,R,Korean,Mature,1990,Korean - Mature,Korean - Mature - 1990s
tt0221027,2001,R,English,Mature,2000,English - Mature,English - Mature - 2000s
tt0221073,2000,R,English,Mature,2000,English - Mature,English - Mature - 2000s
tt0223150,1988,Unknown,Japanese,Unknown,1980,Japanese - Unknown,Japanese - Unknown - 1980s
tt0223413,1971,Unknown,Japanese,Unknown,1970,Japanese - Unknown,Japanese - Unknown - 1970s
tt0223777,1975,Unknown,Spanish,Unknown,1970,Spanish - Unknown,Spanish - Unknown - 1970s
tt0224077,1974,Unknown,Japanese,Unknown,1970,Japanese - Unknown,Japanese - Unknown - 1970s
tt0227445,2001,R,English,Mature,2000,English - Mature,English - Mature - 2000s
tt0227538,2001,PG,English,Family,2000,English - Family,English - Family - 2000s
tt0227858,1961,Unknown,Japanese,Unknown,1960,Japanese - Unknown,Japanese - Unknown - 1960s
tt0228054,2000,Not Rated,English,Unknown,2000,English - Unknown,English - Unknown - 2000s
tt0228750,2000,R,English,Mature,2000,English - Mature,English - Mature - 2000s
tt0228786,2000,R,French,Mature,2000,French - Mature,French - Mature - 2000s
tt0229528,1965,Unknown,English,Unknown,1960,English - Unknown,English - Unknown - 1960s
tt0230011,2001,PG,English,Family,2000,English - Family,English - Family - 2000s
tt0230030,2000,PG-13,English,Teen,2000,English - Teen,English - Teen - 2000s
tt0230412,1973,Unknown,Hindi,Unknown,1970,Hindi - Unknown,Hindi - Unknown - 1970s
tt0230597,1989,Unknown,Malayalam,Unknown,1980,Malayalam - Unknown,Malayalam - Unknown - 1980s
tt0230600,2001,PG-13,English,Teen,2000,English - Teen,English - Teen - 2000s
tt0230838,2001,PG-13,English,Teen,2000,English - Teen,English - Teen - 2000s
tt0231138,2000,R,English,Mature,2000,English - Mature,English - Mature - 2000s
tt0231402,2001,PG,English,Family,2000,English - Family,English - Family - 2000s
tt0232500,2001,PG-13,English,Teen,2000,English - Teen,English - Teen - 2000s
tt0232954,1965,Unknown,English,Unknown,1960,English - Unknown,English - Unknown - 1960s
tt0233418,2002,R,French,Mature,2000,French - Mature,French - Mature - 2000s
tt0233469,2002,R,English,Mature,2000,English - Mature,English - Mature - 2000s
tt0233808,1999,Unknown,Hindi,Unknown,1990,Hindi - Unknown,Hindi - Unknown - 1990s
tt0234215,2003,R,English,Mature,2000,English - Mature,English - Mature - 2000s
tt0234542,1970,Unknown,Hindi,Unknown,1970,Hindi - Unknown,Hindi - Unknown - 1970s
tt0234805,2000,Unknown,German,Unknown,2000,German - Unknown,German - Unknown - 2000s
tt0235198,1999,R,Japanese,Mature,1990,Japanese - Mature,Japanese - Mature - 1990s
tt0235618,2000,Unknown,English,Unknown,2000,English - Unknown,English - Unknown - 2000s
tt0236027,2000,Not Rated,Danish,Unknown,2000,Danish - Unknown,Danish - Unknown - 2000s
tt0236493,2001,R,English,Mature,2000,English - Mature,English - Mature - 2000s
tt0236640,2001,R,English,Mature,2000,English - Mature,English - Mature - 2000s
tt0237295,2001,Unknown,English,Unknown,2000,English - Unknown,English - Unknown - 2000s
tt0237534,2001,R,French,Mature,2000,French - Mature,French - Mature - 2000s
tt0238080,1989,R,English,Mature,1980,English - Mature,English - Mature - 1980s
tt0238318,1988,Unknown,English,Unknown,1980,English - Unknown,English - Unknown - 1980s
tt0238380,2002,R,English,Mature,2000,English - Mature,English - Mature - 2000s
tt0238588,2000,PG,English,Family,2000,English - Family,English - Family - 2000s
tt0239594,1963,Unknown,Korean,Unknown,1960,Korean - Unknown,Korean - Unknown - 1960s
tt0239655,2000,Unknown,Japanese,Unknown,2000,Japanese - Unknown,Japanese - Unknown - 2000s
tt0239986,2001,R,English,Mature,2000,English - Mature,English - Mature - 2000s
tt0240119,1998,Not Rated,Japanese,Unknown,1990,Japanese - Unknown,Japanese - Unknown - 1990s
tt0240468,2002,PG-13,English,Teen,2000,English - Teen,English - Teen - 2000s
tt0240510,2002,PG-13,English,Teen,2000,English - Teen,English - Teen - 2000s
tt0240772,2001,PG-13,English,Teen,2000,English - Teen,English - Teen - 2000s
tt0240890,2001,PG-13,English,Teen,2000,English - Teen,English - Teen - 2000s
tt0241303,2000,PG-13,English,Teen,2000,English - Teen,English - Teen - 2000s
tt0241527,2001,PG,English,Family,2000,English - Family,English - Family - 2000s
tt0242423,2000,PG-13,English,Teen,2000,English - Teen,English - Teen - 2000s
tt0242445,2001,R,English,Mature,2000,English - Mature,English - Mature - 2000s
tt0242519,2000,Not Rated,Hindi,Unknown,2000,Hindi - Unknown,Hindi - Unknown - 2000s
tt0242601,1969,Unknown,Spanish,Unknown,1960,Spanish - Unknown,Spanish - Unknown - 1960s
tt0242653,2003,R,English,Mature,2000,English - Mature,English - Mature - 2000s
tt0242994,2001,PG-13,French,Teen,2000,French - Teen,French - Teen - 2000s
tt0243017,2001,R,English,Mature,2000,English - Mature,English - Mature - 2000s
tt0243133,2001,R,English,Mature,2000,English - Mature,English - Mature - 2000s
tt0243155,2001,R,English,Mature,2000,English - Mature,English - Mature - 2000s
tt0243462,2005,PG,English,Family,2000,English - Family,English - Family - 2000s
tt0243585,2002,PG,English,Family,2000,English - Family,English - Family - 2000s
tt0243609,2001,R,English,Mature,2000,English - Mature,English - Mature - 2000s
tt0243736,2002,R,English,Mature,2000,English - Mature,English - Mature - 2000s
tt0243759,2001,Not Rated,English,Unknown,2000,English - Unknown,English - Unknown - 2000s
tt0244000,2001,PG-13,English,Teen,2000,English - Teen,English - Teen - 2000s
tt0244244,2001,R,English,Mature,2000,English - Mature,English - Mature - 2000s
tt0244316,2000,Not Rated,Mandarin,Unknown,2000,Mandarin - Unknown,Mandarin - Unknown - 2000s
tt0244479,2001,R,Czech,Mature,2000,Czech - Mature,Czech - Mature - 2000s
tt0244870,2000,Unknown,Japanese,Unknown,2000,Japanese - Unknown,Japanese - Unknown - 2000s
tt0245238,2001,R,English,Mature,2000,English - Mature,English - Mature - 2000s
tt0245276,2001,Not Rated,Italian,Unknown,2000,Italian - Unknown,Italian - Unknown - 2000s
tt0245429,2001,PG,Japanese,Family,2000,Japanese - Family,Japanese - Family - 2000s
tt0245562,2002,R,English,Mature,2000,English - Mature,English - Mature - 2000s
tt0245674,2001,R,English,Mature,2000,English - Mature,English - Mature - 2000s
tt0245712,2000,R,Spanish,Mature,2000,Spanish - Mature,Spanish - Mature - 2000s
tt0245837,2000,R,Korean,Mature,2000,Korean - Mature,Korean - Mature - 2000s
tt0245844,2002,PG-13,English,Teen,2000,English - Teen,English - Teen - 2000s
tt0245904,2001,R,English,Mature,2000,English - Mature,English - Mature - 2000s
tt0246266,2000,Unknown,Persian,Unknown,2000,Persian - Unknown,Persian - Unknown - 2000s
tt0246460,2002,PG-13,English,Teen,2000,English - Teen,English - Teen - 2000s
tt0246578,2001,R,English,Mature,2000,English - Mature,English - Mature - 2000s
tt0246628,2001,PG-13,English,Teen,2000,English - Teen,English - Teen - 2000s
tt0247444,2002,PG-13,English,Teen,2000,English - Teen,English - Teen - 2000s
tt0247638,2001,G,English,Family,2000,English - Family,English - Family - 2000s
tt0247745,2001,R,English,Mature,2000,English - Mature,English - Mature - 2000s
tt0247992,2000,Unknown,Hindi,Unknown,2000,Hindi - Unknown,Hindi - Unknown - 2000s
tt0248126,2001,Not Rated,Hindi,Unknown,2000,Hindi - Unknown,Hindi - Unknown - 2000s
tt0248640,2002,R,English,Mature,2000,English - Mature,English - Mature - 2000s
tt0248667,2001,R,English,Mature,2000,English - Mature,English - Mature - 2000s
tt0249188,1987,Unknown,Malayalam,Unknown,1980,Malayalam - Unknown,Malayalam - Unknown - 1980s
tt0249218,1988,R,English,Mature,1980,English - Mature,English - Mature - 1980s
tt0249241,2000,Not Rated,Hungarian,Unknown,2000,Hungarian - Unknown,Hungarian - Unknown - 2000s
tt0249443,2000,Unknown,English,Unknown,2000,English - Unknown,English - Unknown - 2000s
tt0249893,2000,PG-13,English,Teen,2000,English - Teen,English - Teen - 2000s
tt0250258,2001,R,German,Mature,2000,German - Mature,German - Mature - 2000s
tt0250494,2001,PG-13,English,Teen,2000,English - Teen,English - Teen - 2000s
tt0250687,2001,PG-13,English,Teen,2000,English - Teen,English - Teen - 2000s
tt0250797,2002,R,English,Mature,2000,English - Mature,English - Mature - 2000s
tt0250809,2000,R,Spanish,Mature,2000,Spanish - Mature,Spanish - Mature - 2000s
tt0251075,2001,PG-13,English,Teen,2000,English - Teen,English - Teen - 2000s
tt0251110,2001,R,English,Mature,2000,English - Mature,English - Mature - 2000s
tt0251127,2003,PG-13,English,Teen,2000,English - Teen,English - Teen - 2000s
tt0251160,2002,PG-13,English,Teen,2000,English - Teen,English - Teen - 2000s
tt0251736,2003,R,English,Mature,2000,English - Mature,English - Mature - 2000s
tt0251847,1955,Unknown,Telugu,Unknown,1950,Telugu - Unknown,Telugu - Unknown - 1950s
tt0252076,2002,PG-13,English,Teen,2000,English - Teen,English - Teen - 2000s
tt0252501,2001,PG-13,English,Teen,2000,English - Teen,English - Teen - 2000s
tt0253474,2002,R,English,Mature,2000,English - Mature,English - Mature - 2000s
tt0253556,2002,PG-13,English,Teen,2000,English - Teen,English - Teen - 2000s
tt0253754,2002,PG-13,English,Teen,2000,English - Teen,English - Teen - 2000s
tt0253840,2001,PG-13,English,Teen,2000,English - Teen,English - Teen - 2000s
tt0255713,2001,Unrated,Hindi,Unknown,2000,Hindi - Unknown,Hindi - Unknown - 2000s
tt0255798,2001,PG-13,English,Teen,2000,English - Teen,English - Teen - 2000s
tt0256009,2001,R,Spanish,Mature,2000,Spanish - Mature,Spanish - Mature - 2000s
tt0256150,1999,PG,English,Family,1990,English - Family,English - Family - 1990s
tt0256380,2001,PG-13,English,Teen,2000,English - Teen,English - Teen - 2000s
tt0256415,2002,PG-13,English,Teen,2000,English - Teen,English - Teen - 2000s
tt0257044,2002,R,English,Mature,2000,English - Mature,English - Mature - 2000s
tt0257076,2003,PG-13,English,Teen,2000,English - Teen,English - Teen - 2000s
tt0257106,2001,R,English,Mature,2000,English - Mature,English - Mature - 2000s
tt0257726,2000,Unknown,Italian,Unknown,2000,Italian - Unknown,Italian - Unknown - 2000s
tt0258000,2002,R,English,Mature,2000,English - Mature,English - Mature - 2000s
tt0258463,2002,PG-13,English,Teen,2000,English - Teen,English - Teen - 2000s
tt0258470,2001,PG-13,English,Teen,2000,English - Teen,English - Teen - 2000s
tt0258761,2000,TV-14,English,Teen,2000,English - Teen,English - Teen - 2000s
tt0258960,1995,Not Rated,Japanese,Unknown,1990,Japanese - Unknown,Japanese - Unknown - 1990s
tt0259324,2007,PG-13,English,Teen,2000,English - Teen,English - Teen - 2000s
tt0259352,1961,Unknown,French,Unknown,1960,French - Unknown,French - Unknown - 1960s
tt0259446,2002,PG,English,Family,2000,English - Family,English - Family - 2000s
tt0259711,2001,R,English,Mature,2000,English - Mature,English - Mature - 2000s
tt0260991,2000,Not Rated,Korean,Unknown,2000,Korean - Unknown,Korean - Unknown - 2000s
tt0261552,2000,Unknown,Korean,Unknown,2000,Korean - Unknown,Korean - Unknown - 2000s
tt0261739,1967,Not Rated,Turkish,Unknown,1960,Turkish - Unknown,Turkish - Unknown - 1960s
tt0261980,1990,Unknown,Spanish,Unknown,1990,Spanish - Unknown,Spanish - Unknown - 1990s
tt0262415,1971,G,Korean,Family,1970,Korean - Family,Korean - Family - 1970s
tt0263488,2001,R,English,Mature,2000,English - Mature,English - Mature - 2000s
tt0263734,2002,R,English,Mature,2000,English - Mature,English - Mature - 2000s
tt0263757,2003,PG-13,English,Teen,2000,English - Teen,English - Teen - 2000s
tt0264395,2003,R,English,Mature,2000,English - Mature,English - Mature - 2000s
tt0264464,2002,PG-13,English,Teen,2000,English - Teen,English - Teen - 2000s
tt0264472,2002,R,English,Mature,2000,English - Mature,English - Mature - 2000s
tt0264616,2001,R,English,Mature,2000,English - Mature,English - Mature - 2000s
tt0265018,2000,Unknown,Japanese,Unknown,2000,Japanese - Unknown,Japanese - Unknown - 2000s
tt0265086,2001,R,English,Mature,2000,English - Mature,English - Mature - 2000s
tt0265087,2001,PG-13,English,Teen,2000,English - Teen,English - Teen - 2000s
tt0265148,2003,Not Rated,Hindi,Unknown,2000,Hindi - Unknown,Hindi - Unknown - 2000s
tt0265171,2001,PG-13,English,Teen,2000,English - Teen,English - Teen - 2000s
tt0265208,2004,R,English,Mature,2000,English - Mature,English - Mature - 2000s
tt0265298,2002,PG,English,Family,2000,English - Family,English - Family - 2000s
tt0265349,2002,PG-13,English,Teen,2000,English - Teen,English - Teen - 2000s
tt0265459,2002,R,English,Mature,2000,English - Mature,English - Mature - 2000s
tt0265651,2002,R,English,Mature,2000,English - Mature,English - Mature - 2000s
tt0265930,2001,R,Italian,Mature,2000,Italian - Mature,Italian - Mature - 2000s
tt0266308,2000,Not Rated,Japanese,Unknown,2000,Japanese - Unknown,Japanese - Unknown - 2000s
tt0266465,2003,R,English,Mature,2000,English - Mature,English - Mature - 2000s
tt0266543,2003,G,English,Family,2000,English - Family,English - Family - 2000s
tt0266697,2003,R,English,Mature,2000,English - Mature,English - Mature - 2000s
tt0266915,2001,PG-13,English,Teen,2000,English - Teen,English - Teen - 2000s
tt0266987,2001,R,English,Mature,2000,English - Mature,English - Mature - 2000s
tt0267116,1999,Not Rated,Japanese,Unknown,1990,Japanese - Unknown,Japanese - Unknown - 1990s
tt0267601,2000,Not Rated,English,Unknown,2000,English - Unknown,English - Unknown - 2000s
tt0267626,2002,PG-13,English,Teen,2000,English - Teen,English - Teen - 2000s
tt0267659,2001,R,English,Mature,2000,English - Mature,English - Mature - 2000s
tt0267804,2001,PG-13,English,Teen,2000,English - Teen,English - Teen - 2000s
tt0267913,2002,PG,English,Family,2000,English - Family,English - Family - 2000s
tt0268380,2002,PG,English,Family,2000,English - Family,English - Family - 2000s
tt0268397,2001,G,English,Family,2000,English - Family,English - Family - 2000s
tt0268695,2002,PG-13,English,Teen,2000,English - Teen,English - Teen - 2000s
tt0268978,2001,PG-13,English,Teen,2000,English - Teen,English - Teen - 2000s
tt0269095,2002,R,English,Mature,2000,English - Mature,English - Mature - 2000s
tt0269347,2003,R,English,Mature,2000,English - Mature,English - Mature - 2000s
tt0270288,2002,R,English,Mature,2000,English - Mature,English - Mature - 2000s
tt0271027,2001,R,English,Mature,2000,English - Mature,English - Mature - 2000s
tt0271136,2003,R,English,Mature,2000,English - Mature,English - Mature - 2000s
tt0271383,2000,Unknown,Portuguese,Unknown,2000,Portuguese - Unknown,Portuguese - Unknown - 2000s
tt0271618,1969,Unknown,Russian,Unknown,1960,Russian - Unknown,Russian - Unknown - 1960s
tt0271972,2001,R,Spanish,Mature,2000,Spanish - Mature,Spanish - Mature - 2000s
tt0272020,2001,R,English,Mature,2000,English - Mature,English - Mature - 2000s
tt0272152,2001,PG-13,English,Teen,2000,English - Teen,English - Teen - 2000s
tt0272338,2002,R,English,Mature,2000,English - Mature,English - Mature - 2000s
tt0272585,1992,Unknown,Romanian,Unknown,1990,Romanian - Unknown,Romanian - Unknown - 1990s
tt0273148,2001,Unknown,French,Unknown,2000,French - Unknown,French - Unknown - 2000s
tt0274166,2003,PG,English,Family,2000,English - Family,English - Family - 2000s
tt0274558,2002,PG-13,English,Teen,2000,English - Teen,English - Teen - 2000s
tt0274812,2002,R,English,Mature,2000,English - Mature,English - Mature - 2000s
tt0275022,2002,PG-13,English,Teen,2000,English - Teen,English - Teen - 2000s
tt0275362,1999,Unknown,Japanese,Unknown,1990,Japanese - Unknown,Japanese - Unknown - 1990s
tt0275773,2000,Unrated,Japanese,Unknown,2000,Japanese - Unknown,Japanese - Unknown - 2000s
tt0275847,2002,PG,English,Family,2000,English - Family,English - Family - 2000s
tt0276276,2001,R,English,Mature,2000,English - Mature,English - Mature - 2000s
tt0276751,2002,PG-13,English,Teen,2000,English - Teen,English - Teen - 2000s
tt0276919,2003,R,English,Mature,2000,English - Mature,English - Mature - 2000s
tt0277296,2002,PG-13,English,Teen,2000,English - Teen,English - Teen - 2000s
tt0277434,2002,R,English,Mature,2000,English - Mature,English - Mature - 2000s
tt0278028,1961,Unknown,Malay,Unknown,1960,Malay - Unknown,Malay - Unknown - 1960s
tt0278488,2001,R,English,Mature,2000,English - Mature,English - Mature - 2000s
tt0278500,2002,PG,English,Family,2000,English - Family,English - Family - 2000s
tt0278504,2002,R,English,Mature,2000,English - Mature,English - Mature - 2000s
tt0278577,1990,Not Rated,Malayalam,Unknown,1990,Malayalam - Unknown,Malayalam - Unknown - 1990s
tt0279231,2001,PG,Dutch,Family,2000,Dutch - Family,Dutch - Family - 2000s
tt0280523,2002,Unrated,French,Unknown,2000,French - Unknown,French - Unknown - 2000s
tt0280590,2002,PG-13,English,Teen,2000,English - Teen,English - Teen - 2000s
tt0280605,2002,R,English,Mature,2000,English - Mature,English - Mature - 2000s
tt0280609,2002,R,English,Mature,2000,English - Mature,English - Mature - 2000s
tt0280707,2001,R,English,Mature,2000,English - Mature,English - Mature - 2000s
tt0280949,2002,R,English,Mature,2000,English - Mature,English - Mature - 2000s
tt0281358,2002,PG,English,Family,2000,English - Family,English - Family - 2000s
tt0281594,1997,Not Rated,Malayalam,Unknown,1990,Malayalam - Unknown,Malayalam - Unknown - 1990s
tt0281646,2001,Unknown,Thai,Unknown,2000,Thai - Unknown,Thai - Unknown - 2000s
tt0282687,2002,PG-13,English,Teen,2000,English - Teen,English - Teen - 2000s
tt0283111,2002,R,English,Mature,2000,English - Mature,English - Mature - 2000s
tt0283426,2003,G,English,Family,2000,English - Family,English - Family - 2000s
tt0283503,2007,R,English,Mature,2000,English - Mature,English - Mature - 2000s
tt0283559,2002,R,English,Mature,2000,English - Mature,English - Mature - 2000s
tt0284363,2006,R,Czech,Mature,2000,Czech - Mature,Czech - Mature - 2000s
tt0284490,2002,PG-13,English,Teen,2000,English - Teen,English - Teen - 2000s
tt0284534,2002,Unknown,Dutch,Unknown,2000,Dutch - Unknown,Dutch - Unknown - 2000s
tt0285169,1998,Unknown,Japanese,Unknown,1990,Japanese - Unknown,Japanese - Unknown - 1990s
tt0285492,2002,R,English,Mature,2000,English - Mature,English - Mature - 2000s
tt0285531,2003,R,English,Mature,2000,English - Mature,English - Mature - 2000s
tt0285682,2005,PG-13,English,Teen,2000,English - Teen,English - Teen - 2000s
tt0285742,2001,R,English,Mature,2000,English - Mature,English - Mature - 2000s
tt0285808,1982,Not Rated,Indonesian,Unknown,1980,Indonesian - Unknown,Indonesian - Unknown - 1980s
tt0285823,2003,R,English,Mature,2000,English - Mature,English - Mature - 2000s
tt0285906,2001,Not Rated,Japanese,Unknown,2000,Japanese - Unknown,Japanese - Unknown - 2000s
tt0286106,2002,PG-13,English,Teen,2000,English - Teen,English - Teen - 2000s
tt0286112,2001,PG-13,Cantonese,Teen,2000,Cantonese - Teen,Cantonese - Teen - 2000s
tt0286499,2002,PG-13,English,Teen,2000,English - Teen,English - Teen - 2000s
tt0286716,2003,PG-13,English,Teen,2000,English - Teen,English - Teen - 2000s
tt0286788,2003,PG,English,Family,2000,English - Family,English - Family - 2000s
tt0286907,1998,Not Rated,Hindi,Unknown,1990,Hindi - Unknown,Hindi - Unknown - 1990s
tt0287003,1977,G,English,Family,1970,English - Family,English - Family - 1970s
tt0287467,2002,R,Spanish,Mature,2000,Spanish - Mature,Spanish - Mature - 2000s
tt0287717,2002,PG,English,Family,2000,English - Family,English - Family - 2000s
tt0287978,2003,PG-13,English,Teen,2000,English - Teen,English - Teen - 2000s
tt0288260,2001,Unknown,Japanese,Unknown,2000,Japanese - Unknown,Japanese - Unknown - 2000s
tt0288477,2002,R,English,Mature,2000,English - Mature,English - Mature - 2000s
tt0289043,2002,R,English,Mature,2000,English - Mature,English - Mature - 2000s
tt0289765,2002,R,English,Mature,2000,English - Mature,English - Mature - 2000s
tt0289848,2002,R,English,Mature,2000,English - Mature,English - Mature - 2000s
tt0289879,2004,R,English,Mature,2000,English - Mature,English - Mature - 2000s
tt0289992,2003,R,English,Mature,2000,English - Mature,English - Mature - 2000s
tt0290002,2004,PG-13,English,Teen,2000,English - Teen,English - Teen - 2000s
tt0290095,2002,PG-13,English,Teen,2000,English - Teen,English - Teen - 2000s
tt0290334,2003,PG-13,English,Teen,2000,English - Teen,English - Teen - 2000s
tt0290673,2002,Not Rated,French,Unknown,2000,French - Unknown,French - Unknown - 2000s
tt0290884,2001,R,English,Mature,2000,English - Mature,English - Mature - 2000s
tt0291183,2001,Unknown,Portuguese,Unknown,2000,Portuguese - Unknown,Portuguese - Unknown - 2000s
tt0291939,1950,Unknown,Filipino,Unknown,1950,Filipino - Unknown,Filipino - Unknown - 1950s
tt0292490,2001,Not Rated,Hindi,Unknown,2000,Hindi - Unknown,Hindi - Unknown - 2000s
tt0292506,2003,PG-13,English,Teen,2000,English - Teen,English - Teen - 2000s
tt0292963,2007,R,English,Mature,2000,English - Mature,English - Mature - 2000s
tt0293113,2002,Not Rated,English,Unknown,2000,English - Unknown,English - Unknown - 2000s
tt0293429,2021,R,English,Mature,2020,English - Mature,English - Mature - 2020s
tt0293452,2003,PG,English,Family,2000,English - Family,English - Family - 2000s
tt0293508,2004,PG-13,English,Teen,2000,English - Teen,English - Teen - 2000s
tt0293564,2007,PG-13,English,Teen,2000,English - Teen,English - Teen - 2000s
tt0293662,2002,PG-13,English,Teen,2000,English - Teen,English - Teen - 2000s
tt0293854,2000,G,English,Family,2000,English - Family,English - Family - 2000s
tt0294929,2001,R,Korean,Mature,2000,Korean - Mature,Korean - Mature - 2000s
tt0295178,2002,PG-13,English,Teen,2000,English - Teen,English - Teen - 2000s
tt0295289,2003,PG-13,English,Teen,2000,English - Teen,English - Teen - 2000s
tt0295297,2002,PG,English,Family,2000,English - Family,English - Family - 2000s
tt0295529,2003,R,English,Mature,2000,English - Mature,English - Mature - 2000s
tt0295700,2003,R,English,Mature,2000,English - Mature,English - Mature - 2000s
tt0295701,2002,PG-13,English,Teen,2000,English - Teen,English - Teen - 2000s
tt0296572,2004,R,English,Mature,2000,English - Mature,English - Mature - 2000s
tt0296696,2001,Unknown,Korean,Unknown,2000,Korean - Unknown,Korean - Unknown - 2000s
tt0296845,2001,PG,English,Family,2000,English - Family,English - Family - 2000s
tt0297162,2002,PG-13,English,Teen,2000,English - Teen,English - Teen - 2000s
tt0297721,2001,Unrated,Japanese,Unknown,2000,Japanese - Unknown,Japanese - Unknown - 2000s
tt0297983,2001,Unknown,Hindi,Unknown,2000,Hindi - Unknown,Hindi - Unknown - 2000s
tt0298130,2002,PG-13,English,Teen,2000,English - Teen,English - Teen - 2000s
tt0298148,2004,PG,English,Family,2000,English - Family,English - Family - 2000s
tt0298388,2002,G,English,Family,2000,English - Family,English - Family - 2000s
tt0298814,2003,PG-13,English,Teen,2000,English - Teen,English - Teen - 2000s
tt0299172,2004,PG,English,Family,2000,English - Family,English - Family - 2000s
tt0299213,2001,Unknown,Japanese,Unknown,2000,Japanese - Unknown,Japanese - Unknown - 2000s
tt0299594,2001,Unrated,French,Unknown,2000,French - Unknown,French - Unknown - 2000s
tt0299658,2002,PG-13,English,Teen,2000,English - Teen,English - Teen - 2000s
tt0299977,2002,PG-13,Mandarin,Teen,2000,Mandarin - Teen,Mandarin - Teen - 2000s
tt0300051,2004,PG-13,English,Teen,2000,English - Teen,English - Teen - 2000s
tt0300471,2003,PG-13,English,Teen,2000,English - Teen,English - Teen - 2000s
tt0300556,2003,PG-13,English,Teen,2000,English - Teen,English - Teen - 2000s
tt0300620,2002,R,Mandarin,Mature,2000,Mandarin - Mature,Mandarin - Mature - 2000s
tt0301245,2002,Unknown,Dutch,Unknown,2000,Dutch - Unknown,Dutch - Unknown - 2000s
tt0301357,2003,R,German,Mature,2000,German - Mature,German - Mature - 2000s
tt0301394,1930,Unknown,None,Unknown,1930,None - Unknown,None - Unknown - 1930s
tt0301414,2002,R,French,Mature,2000,French - Mature,French - Mature - 2000s
tt0301429,2001,PG-13,Korean,Teen,2000,Korean - Teen,Korean - Teen - 2000s
tt0301470,2003,R,English,Mature,2000,English - Mature,English - Mature - 2000s
tt0301893,2002,R,English,Mature,2000,English - Mature,English - Mature - 2000s
tt0302545,2006,R,English,Mature,2000,English - Mature,English - Mature - 2000s
tt0302640,2002,PG-13,English,Teen,2000,English - Teen,English - Teen - 2000s
tt0302674,2002,R,English,Mature,2000,English - Mature,English - Mature - 2000s
tt0303010,2002,R,French,Mature,2000,French - Mature,French - Mature - 2000s
tt0303243,2000,PG,Mandarin,Family,2000,Mandarin - Family,Mandarin - Family - 2000s
tt0303785,2002,PG-13,English,Teen,2000,English - Teen,English - Teen - 2000s
tt0303816,2002,R,English,Mature,2000,English - Mature,English - Mature - 2000s
tt0304141,2004,PG,English,Family,2000,English - Family,English - Family - 2000s
tt0304678,2002,R,French,Mature,2000,French - Mature,French - Mature - 2000s
tt0305357,2003,PG-13,English,Teen,2000,English - Teen,English - Teen - 2000s
tt0305689,1965,Unknown,Hindi,Unknown,1960,Hindi - Unknown,Hindi - Unknown - 1960s
tt0305711,2003,PG-13,English,Teen,2000,English - Teen,English - Teen - 2000s
tt0306069,2002,PG,English,Family,2000,English - Family,English - Family - 2000s
tt0306474,2001,Unknown,Japanese,Unknown,2000,Japanese - Unknown,Japanese - Unknown - 2000s
tt0307034,2002,Unknown,Cantonese,Unknown,2000,Cantonese - Unknown,Cantonese - Unknown - 2000s
tt0307109,2001,PG,English,Family,2000,English - Family,English - Family - 2000s
tt0307453,2004,PG,English,Family,2000,English - Family,English - Family - 2000s
tt0307479,2002,PG-13,English,Teen,2000,English - Teen,English - Teen - 2000s
tt0307987,2003,R,English,Mature,2000,English - Mature,English - Mature - 2000s
tt0308055,2006,R,English,Mature,2000,English - Mature,English - Mature - 2000s
tt0308644,2004,PG,English,Family,2000,English - Family,English - Family - 2000s
tt0309593,2003,R,English,Mature,2000,English - Mature,English - Mature - 2000s
tt0309675,2002,Unknown,Filipino,Unknown,2000,Filipino - Unknown,Filipino - Unknown - 2000s
tt0309698,2003,R,English,Mature,2000,English - Mature,English - Mature - 2000s
tt0309912,2002,PG,English,Family,2000,English - Family,English - Family - 2000s
tt0309987,2003,NC-17,English,Mature,2000,English - Mature,English - Mature - 2000s
tt0310313,2002,Unknown,French,Unknown,2000,French - Unknown,French - Unknown - 2000s
tt0310357,2003,PG-13,English,Teen,2000,English - Teen,English - Teen - 2000s
tt0310712,1980,Unknown,Bengali,Unknown,1980,Bengali - Unknown,Bengali - Unknown - 1980s
tt0310775,2002,R,Korean,Mature,2000,Korean - Mature,Korean - Mature - 2000s
tt0310924,2003,R,English,Mature,2000,English - Mature,English - Mature - 2000s
tt0311113,2003,PG-13,English,Teen,2000,English - Teen,English - Teen - 2000s
tt0311284,2002,Unknown,English,Unknown,2000,English - Unknown,English - Unknown - 2000s
tt0311289,2003,PG,English,Family,2000,English - Family,English - Family - 2000s
tt0311305,1965,Unknown,Mandarin,Unknown,1960,Mandarin - Unknown,Mandarin - Unknown - 1960s
tt0311429,2003,PG-13,English,Teen,2000,English - Teen,English - Teen - 2000s
tt0311913,2002,Unknown,Cantonese,Unknown,2000,Cantonese - Unknown,Cantonese - Unknown - 2000s
tt0312004,2005,G,English,Family,2000,English - Family,English - Family - 2000s
tt0312528,2003,PG,English,Family,2000,English - Family,English - Family - 2000s
tt0312549,2003,R,English,Mature,2000,English - Mature,English - Mature - 2000s
tt0312565,1966,Unknown,Korean,Unknown,1960,Korean - Unknown,Korean - Unknown - 1960s
tt0313443,2003,PG-13,English,Teen,2000,English - Teen,English - Teen - 2000s
tt0313542,2003,PG-13,English,Teen,2000,English - Teen,English - Teen - 2000s
tt0313737,2002,PG-13,English,Teen,2000,English - Teen,English - Teen - 2000s
tt0314259,1976,Unknown,Spanish,Unknown,1970,Spanish - Unknown,Spanish - Unknown - 1970s
tt0314331,2003,R,English,Mature,2000,English - Mature,English - Mature - 2000s
tt0314353,2003,R,English,Mature,2000,English - Mature,English - Mature - 2000s
tt0314412,2003,R,English,Mature,2000,English - Mature,English - Mature - 2000s
tt0314498,2004,PG-13,English,Teen,2000,English - Teen,English - Teen - 2000s
tt0314734,2003,R,English,Mature,2000,English - Mature,English - Mature - 2000s
tt0314786,2003,PG-13,English,Teen,2000,English - Teen,English - Teen - 2000s
tt0315110,2003,Unrated,French,Unknown,2000,French - Unknown,French - Unknown - 2000s
tt0315273,2004,PG,English,Family,2000,English - Family,English - Family - 2000s
tt0315327,2003,PG-13,English,Teen,2000,English - Teen,English - Teen - 2000s
tt0315466,2002,Unknown,English,Unknown,2000,English - Unknown,English - Unknown - 2000s
tt0315733,2003,R,English,Mature,2000,English - Mature,English - Mature - 2000s
tt0315904,1977,Unknown,Korean,Unknown,1970,Korean - Unknown,Korean - Unknown - 1970s
tt0315983,2003,R,English,Mature,2000,English - Mature,English - Mature - 2000s
tt0316188,2002,R,English,Mature,2000,English - Mature,English - Mature - 2000s
tt0316356,2003,R,English,Mature,2000,English - Mature,English - Mature - 2000s
tt0316396,2003,PG,English,Family,2000,English - Family,English - Family - 2000s
tt0316654,2004,PG-13,English,Teen,2000,English - Teen,English - Teen - 2000s
tt0316786,1990,Unknown,English,Unknown,1990,English - Unknown,English - Unknown - 1990s
tt0317198,2004,R,English,Mature,2000,English - Mature,English - Mature - 2000s
tt0317219,2006,G,English,Family,2000,English - Family,English - Family - 2000s
tt0317226,2002,Unknown,Persian,Unknown,2000,Persian - Unknown,Persian - Unknown - 2000s
tt0317234,2002,Unrated,Korean,Unknown,2000,Korean - Unknown,Korean - Unknown - 2000s
tt0317248,2002,R,Portuguese,Mature,2000,Portuguese - Mature,Portuguese - Mature - 2000s
tt0317303,2003,PG,English,Family,2000,English - Family,English - Family - 2000s
tt0317648,2004,PG-13,English,Teen,2000,English - Teen,English - Teen - 2000s
tt0317705,2004,PG,English,Family,2000,English - Family,English - Family - 2000s
tt0317740,2003,PG-13,English,Teen,2000,English - Teen,English - Teen - 2000s
tt0317751,1965,Unknown,Hindi,Unknown,1960,Hindi - Unknown,Hindi - Unknown - 1960s
tt0317763,2001,Unknown,Mandarin,Unknown,2000,Mandarin - Unknown,Mandarin - Unknown - 2000s
tt0317887,2002,Unrated,Portuguese,Unknown,2000,Portuguese - Unknown,Portuguese - Unknown - 2000s
tt0317919,2006,PG-13,English,Teen,2000,English - Teen,English - Teen - 2000s
tt0317926,1983,Not Rated,Malayalam,Unknown,1980,Malayalam - Unknown,Malayalam - Unknown - 1980s
tt0318155,2003,PG,English,Family,2000,English - Family,English - Family - 2000s
tt0318462,2004,R,Spanish,Mature,2000,Spanish - Mature,Spanish - Mature - 2000s
tt0318627,2004,R,English,Mature,2000,English - Mature,English - Mature - 2000s
tt0318649,2005,PG-13,English,Teen,2000,English - Teen,English - Teen - 2000s
tt0319061,2003,PG-13,English,Teen,2000,English - Teen,English - Teen - 2000s
tt0319262,2004,PG-13,English,Teen,2000,English - Teen,English - Teen - 2000s
tt0319343,2003,PG,English,Family,2000,English - Family,English - Family - 2000s
tt0319836,2002,Unknown,Bengali,Unknown,2000,Bengali - Unknown,Bengali - Unknown - 2000s
tt0319901,2002,Unknown,Cantonese,Unknown,2000,Cantonese - Unknown,Cantonese - Unknown - 2000s
tt0320661,2005,R,English,Mature,2000,English - Mature,English - Mature - 2000s
tt0320691,2003,R,English,Mature,2000,English - Mature,English - Mature - 2000s
tt0320708,1989,Not Rated,Spanish,Unknown,1980,Spanish - Unknown,Spanish - Unknown - 1980s
tt0321067,2002,Unknown,Hindi,Unknown,2000,Hindi - Unknown,Hindi - Unknown - 2000s
tt0321442,2003,R,English,Mature,2000,English - Mature,English - Mature - 2000s
tt0322259,2003,PG-13,English,Teen,2000,English - Teen,English - Teen - 2000s
tt0322265,1980,Unknown,N/A,Unknown,1980,N/A - Unknown,N/A - Unknown - 1980s
tt0322289,2003,R,French,Mature,2000,French - Mature,French - Mature - 2000s
tt0322330,2003,PG,English,Family,2000,English - Family,English - Family - 2000s
tt0323279,2002,Unknown,Ukrainian,Unknown,2000,Ukrainian - Unknown,Ukrainian - Unknown - 2000s
tt0323572,2003,PG,English,Family,2000,English - Family,English - Family - 2000s
tt0323633,2003,R,English,Mature,2000,English - Mature,English - Mature - 2000s
tt0323642,2003,G,English,Family,2000,English - Family,English - Family - 2000s
tt0324216,2003,R,English,Mature,2000,English - Mature,English - Mature - 2000s
tt0324992,2003,Unknown,English,Unknown,2000,English - Unknown,English - Unknown - 2000s
tt0325005,2002,Unknown,Russian,Unknown,2000,Russian - Unknown,Russian - Unknown - 2000s
tt0325703,2003,PG-13,English,Teen,2000,English - Teen,English - Teen - 2000s
tt0325710,2003,R,English,Mature,2000,English - Mature,English - Mature - 2000s
tt0325758,2000,Not Rated,English,Unknown,2000,English - Unknown,English - Unknown - 2000s
tt0325805,2003,PG-13,English,Teen,2000,English - Teen,English - Teen - 2000s
tt0325980,2003,PG-13,English,Teen,2000,English - Teen,English - Teen - 2000s
tt0326900,2003,PG,English,Family,2000,English - Family,English - Family - 2000s
tt0326905,2005,R,English,Mature,2000,English - Mature,English - Mature - 2000s
tt0327056,2003,R,English,Mature,2000,English - Mature,English - Mature - 2000s
tt0327084,2006,PG,English,Family,2000,English - Family,English - Family - 2000s
tt0327162,2004,PG-13,English,Teen,2000,English - Teen,English - Teen - 2000s
tt0327247,2004,PG-13,English,Teen,2000,English - Teen,English - Teen - 2000s
tt0327437,2004,PG,English,Family,2000,English - Family,English - Family - 2000s
tt0327554,2004,PG-13,English,Teen,2000,English - Teen,English - Teen - 2000s
tt0327597,2009,PG,English,Family,2000,English - Family,English - Family - 2000s
tt0327679,2004,PG,English,Family,2000,English - Family,English - Family - 2000s
tt0327850,2003,PG-13,English,Teen,2000,English - Teen,English - Teen - 2000s
tt0328107,2004,R,English,Mature,2000,English - Mature,English - Mature - 2000s
tt0328354,1967,Unknown,Korean,Unknown,1960,Korean - Unknown,Korean - Unknown - 1960s
tt0328880,2003,G,English,Family,2000,English - Family,English - Family - 2000s
tt0329101,2003,R,English,Mature,2000,English - Mature,English - Mature - 2000s
tt0329111,2003,Unrated,French,Unknown,2000,French - Unknown,French - Unknown - 2000s
tt0329575,2003,PG-13,English,Teen,2000,English - Teen,English - Teen - 2000s
tt0329717,2003,PG-13,English,Teen,2000,English - Teen,English - Teen - 2000s
tt0329774,2005,PG-13,English,Teen,2000,English - Teen,English - Teen - 2000s
tt0330136,2002,PG,English,Family,2000,English - Family,English - Family - 2000s
tt0330373,2005,PG-13,English,Teen,2000,English - Teen,English - Teen - 2000s
tt0330536,1967,Unknown,Japanese,Unknown,1960,Japanese - Unknown,Japanese - Unknown - 1960s
tt0330793,2004,R,English,Mature,2000,English - Mature,English - Mature - 2000s
tt0330904,2002,R,Japanese,Mature,2000,Japanese - Mature,Japanese - Mature - 2000s
tt0331468,2003,R,English,Mature,2000,English - Mature,English - Mature - 2000s
tt0332280,2004,PG-13,English,Teen,2000,English - Teen,English - Teen - 2000s
tt0333766,2004,R,English,Mature,2000,English - Mature,English - Mature - 2000s
tt0334725,2003,PG,English,Family,2000,English - Family,English - Family - 2000s
tt0334987,1968,Unknown,Turkish,Unknown,1960,Turkish - Unknown,Turkish - Unknown - 1960s
tt0335013,2003,PG-13,English,Teen,2000,English - Teen,English - Teen - 2000s
tt0335119,2003,PG-13,English,Teen,2000,English - Teen,English - Teen - 2000s
tt0335245,2004,R,English,Mature,2000,English - Mature,English - Mature - 2000s
tt0335438,2004,PG-13,English,Teen,2000,English - Teen,English - Teen - 2000s
tt0337563,2004,PG-13,English,Teen,2000,English - Teen,English - Teen - 2000s
tt0337697,2004,PG,English,Family,2000,English - Family,English - Family - 2000s
tt0337741,2003,PG-13,English,Teen,2000,English - Teen,English - Teen - 2000s
tt0337887,2005,Not Rated,English,Unknown,2000,English - Unknown,English - Unknown - 2000s
tt0337917,2004,PG,English,Family,2000,English - Family,English - Family - 2000s
tt0337921,2004,PG-13,English,Teen,2000,English - Teen,English - Teen - 2000s
tt0337930,2003,R,Spanish,Mature,2000,Spanish - Mature,Spanish - Mature - 2000s
tt0337960,2003,PG-13,English,Teen,2000,English - Teen,English - Teen - 2000s
tt0337961,2002,Unrated,French,Unknown,2000,French - Unknown,French - Unknown - 2000s
tt0337978,2007,PG-13,English,Teen,2000,English - Teen,English - Teen - 2000s
tt0338013,2004,R,English,Mature,2000,English - Mature,English - Mature - 2000s
tt0338077,2003,PG-13,English,Teen,2000,English - Teen,English - Teen - 2000s
tt0338095,2003,R,French,Mature,2000,French - Mature,French - Mature - 2000s
tt0338337,2003,PG-13,English,Teen,2000,English - Teen,English - Teen - 2000s
tt0338348,2004,G,English,Family,2000,English - Family,English - Family - 2000s
tt0338459,2003,PG,English,Family,2000,English - Family,English - Family - 2000s
tt0338526,2004,PG-13,English,Teen,2000,English - Teen,English - Teen - 2000s
tt0338564,2002,R,Cantonese,Mature,2000,Cantonese - Mature,Cantonese - Mature - 2000s
tt0338706,2003,Unrated,English,Unknown,2000,English - Unknown,English - Unknown - 2000s
tt0338751,2004,PG-13,English,Teen,2000,English - Teen,English - Teen - 2000s
tt0338977,2003,Unknown,French,Unknown,2000,French - Unknown,French - Unknown - 2000s
tt0339002,2003,Unknown,English,Unknown,2000,English - Unknown,English - Unknown - 2000s
tt0339291,2004,PG,English,Family,2000,English - Family,English - Family - 2000s
tt0339357,2003,Not Rated,French,Unknown,2000,French - Unknown,French - Unknown - 2000s
tt0340012,2004,R,English,Mature,2000,English - Mature,English - Mature - 2000s
tt0340163,2005,R,English,Mature,2000,English - Mature,English - Mature - 2000s
tt0340855,2003,R,English,Mature,2000,English - Mature,English - Mature - 2000s
tt0341376,2003,Not Rated,English,Unknown,2000,English - Unknown,English - Unknown - 2000s
tt0341503,1983,Unknown,Korean,Unknown,1980,Korean - Unknown,Korean - Unknown - 1980s
tt0342258,2005,R,English,Mature,2000,English - Mature,English - Mature - 2000s
tt0342844,2003,Unknown,Czech,Unknown,2000,Czech - Unknown,Czech - Unknown - 2000s
tt0342882,2004,Not Rated,Portuguese,Unknown,2000,Portuguese - Unknown,Portuguese - Unknown - 2000s
tt0343135,2004,PG-13,English,Teen,2000,English - Teen,English - Teen - 2000s
tt0343660,2004,PG-13,English,Teen,2000,English - Teen,English - Teen - 2000s
tt0343737,2006,R,English,Mature,2000,English - Mature,English - Mature - 2000s
tt0343818,2004,PG-13,English,Teen,2000,English - Teen,English - Teen - 2000s
tt0344510,2004,R,French,Mature,2000,French - Mature,French - Mature - 2000s
tt0344568,2002,Unknown,Mandarin,Unknown,2000,Mandarin - Unknown,Mandarin - Unknown - 2000s
tt0344854,2006,PG,French,Family,2000,French - Family,French - Family - 2000s
tt0345061,2003,R,English,Mature,2000,English - Mature,English - Mature - 2000s
tt0345549,2003,R,Thai,Mature,2000,Thai - Mature,Thai - Mature - 2000s
tt0345950,2004,PG,English,Family,2000,English - Family,English - Family - 2000s
tt0346156,2004,PG,English,Family,2000,English - Family,English - Family - 2000s
tt0346491,2004,R,English,Mature,2000,English - Mature,English - Mature - 2000s
tt0346800,2003,Not Rated,English,Unknown,2000,English - Unknown,English - Unknown - 2000s
tt0347048,2004,R,German,Mature,2000,German - Mature,German - Mature - 2000s
tt0347149,2004,PG,Japanese,Family,2000,Japanese - Family,Japanese - Family - 2000s
tt0347288,1981,Unknown,Persian,Unknown,1980,Persian - Unknown,Persian - Unknown - 1980s
tt0347304,2003,Not Rated,Hindi,Unknown,2000,Hindi - Unknown,Hindi - Unknown - 2000s
tt0347332,2004,Not Rated,Hindi,Unknown,2000,Hindi - Unknown,Hindi - Unknown - 2000s
tt0347449,2004,Unknown,Spanish,Unknown,2000,Spanish - Unknown,Spanish - Unknown - 2000s
tt0348150,2006,PG-13,English,Teen,2000,English - Teen,English - Teen - 2000s
tt0348505,2005,R,English,Mature,2000,English - Mature,English - Mature - 2000s
tt0348836,2003,R,English,Mature,2000,English - Mature,English - Mature - 2000s
tt0349205,2003,PG,English,Family,2000,English - Family,English - Family - 2000s
tt0349683,2004,PG-13,English,Teen,2000,English - Teen,English - Teen - 2000s
tt0349724,1954,Unknown,Chinese,Unknown,1950,Chinese - Unknown,Chinese - Unknown - 1950s
tt0349903,2004,PG-13,English,Teen,2000,English - Teen,English - Teen - 2000s
tt0350128,2005,R,English,Mature,2000,English - Mature,English - Mature - 2000s
tt0350258,2004,PG-13,English,Teen,2000,English - Teen,English - Teen - 2000s
tt0351283,2005,PG,English,Family,2000,English - Family,English - Family - 2000s
tt0351936,2002,Unknown,Russian,Unknown,2000,Russian - Unknown,Russian - Unknown - 2000s
tt0351977,2004,PG-13,English,Teen,2000,English - Teen,English - Teen - 2000s
tt0352149,1964,Unknown,Japanese,Unknown,1960,Japanese - Unknown,Japanese - Unknown - 1960s
tt0352248,2005,PG-13,English,Teen,2000,English - Teen,English - Teen - 2000s
tt0352615,1952,Unknown,Mandarin,Unknown,1950,Mandarin - Unknown,Mandarin - Unknown - 1950s
tt0353935,1989,Not Rated,Malayalam,Unknown,1980,Malayalam - Unknown,Malayalam - Unknown - 1980s
tt0353969,2003,Not Rated,Korean,Unknown,2000,Korean - Unknown,Korean - Unknown - 2000s
tt0354490,2003,Unrated,French,Unknown,2000,French - Unknown,French - Unknown - 2000s
tt0354899,2006,R,French,Mature,2000,French - Mature,French - Mature - 2000s
tt0355295,2005,PG-13,English,Teen,2000,English - Teen,English - Teen - 2000s
tt0356470,2004,PG,English,Family,2000,English - Family,English - Family - 2000s
tt0356614,2003,R,English,Mature,2000,English - Mature,English - Mature - 2000s
tt0356618,2004,PG-13,English,Teen,2000,English - Teen,English - Teen - 2000s
tt0356634,2004,PG,English,Family,2000,English - Family,English - Family - 2000s
tt0356680,2005,PG-13,English,Teen,2000,English - Teen,English - Teen - 2000s
tt0356910,2005,PG-13,English,Teen,2000,English - Teen,English - Teen - 2000s
tt0357277,2005,PG-13,English,Teen,2000,English - Teen,English - Teen - 2000s
tt0358082,2005,PG,English,Family,2000,English - Family,English - Family - 2000s
tt0358181,1976,Unknown,Mandarin,Unknown,1970,Mandarin - Unknown,Mandarin - Unknown - 1970s
tt0358273,2005,PG-13,English,Teen,2000,English - Teen,English - Teen - 2000s
tt0358590,2003,Not Rated,Spanish,Unknown,2000,Spanish - Unknown,Spanish - Unknown - 2000s
tt0359013,2004,R,English,Mature,2000,English - Mature,English - Mature - 2000s
tt0359950,2013,PG,English,Family,2010,English - Family,English - Family - 2010s
tt0360130,2004,R,English,Mature,2000,English - Mature,English - Mature - 2000s
tt0360201,2004,PG-13,English,Teen,2000,English - Teen,English - Teen - 2000s
tt0360486,2005,R,English,Mature,2000,English - Mature,English - Mature - 2000s
tt0360717,2005,PG-13,English,Teen,2000,English - Teen,English - Teen - 2000s
tt0361309,2004,R,English,Mature,2000,English - Mature,English - Mature - 2000s
tt0361411,2004,PG-13,English,Teen,2000,English - Teen,English - Teen - 2000s
tt0361500,2008,PG,English,Family,2000,English - Family,English - Family - 2000s
tt0361620,2004,PG,English,Family,2000,English - Family,English - Family - 2000s
tt0361661,1992,Unknown,Russian,Unknown,1990,Russian - Unknown,Russian - Unknown - 1990s
tt0361668,2003,R,Japanese,Mature,2000,Japanese - Mature,Japanese - Mature - 2000s
tt0361748,2009,R,English,Mature,2000,English - Mature,English - Mature - 2000s
tt0361763,Unknown,Unknown,Unknown,Unknown,0,Unknown - Unknown,Unknown - Unknown - Unknown Decade
tt0361862,2004,R,English,Mature,2000,English - Mature,English - Mature - 2000s
tt0362209,2007,Not Rated,Spanish,Unknown,2000,Spanish - Unknown,Spanish - Unknown - 2000s
tt0362227,2004,PG-13,English,Teen,2000,English - Teen,English - Teen - 2000s
tt0362270,2004,R,English,Mature,2000,English - Mature,English - Mature - 2000s
tt0362478,2009,PG-13,English,Teen,2000,English - Teen,English - Teen - 2000s
tt0363163,2004,R,German,Mature,2000,German - Mature,German - Mature - 2000s
tt0363282,2004,PG,English,Family,2000,English - Family,English - Family - 2000s
tt0363547,2004,R,English,Mature,2000,English - Mature,English - Mature - 2000s
tt0363589,2003,R,English,Mature,2000,English - Mature,English - Mature - 2000s
tt0363771,2005,PG,English,Family,2000,English - Family,English - Family - 2000s
tt0363988,2004,PG-13,English,Teen,2000,English - Teen,English - Teen - 2000s
tt0364045,2004,R,English,Mature,2000,English - Mature,English - Mature - 2000s
tt0364385,2002,R,Japanese,Mature,2000,Japanese - Mature,Japanese - Mature - 2000s
tt0364517,2003,R,French,Mature,2000,French - Mature,French - Mature - 2000s
tt0364569,2003,R,Korean,Mature,2000,Korean - Mature,Korean - Mature - 2000s
tt0364725,2004,PG-13,English,Teen,2000,English - Teen,English - Teen - 2000s
tt0364955,2006,R,English,Mature,2000,English - Mature,English - Mature - 2000s
tt0364961,2004,R,English,Mature,2000,English - Mature,English - Mature - 2000s
tt0364970,2008,PG-13,English,Teen,2000,English - Teen,English - Teen - 2000s
tt0365376,2003,R,Korean,Mature,2000,Korean - Mature,Korean - Mature - 2000s
tt0365686,2005,R,English,Mature,2000,English - Mature,English - Mature - 2000s
tt0365737,2005,R,English,Mature,2000,English - Mature,English - Mature - 2000s
tt0365748,2004,R,English,Mature,2000,English - Mature,English - Mature - 2000s
tt0365830,2006,R,English,Mature,2000,English - Mature,English - Mature - 2000s
tt0365907,2014,R,English,Mature,2010,English - Mature,English - Mature - 2010s
tt0366548,2006,PG,English,Family,2000,English - Family,English - Family - 2000s
tt0366551,2004,R,English,Mature,2000,English - Mature,English - Mature - 2000s
tt0366627,2005,R,English,Mature,2000,English - Mature,English - Mature - 2000s
tt0366777,2004,PG,English,Family,2000,English - Family,English - Family - 2000s
tt0366920,2003,PG,English,Family,2000,English - Family,English - Family - 2000s
tt0367088,2003,PG,English,Family,2000,English - Family,English - Family - 2000s
tt0367594,2005,PG,English,Family,2000,English - Family,English - Family - 2000s
tt0367882,2008,PG-13,English,Teen,2000,English - Teen,English - Teen - 2000s
tt0367959,2007,R,English,Mature,2000,English - Mature,English - Mature - 2000s
tt0368008,2004,R,English,Mature,2000,English - Mature,English - Mature - 2000s
tt0368447,2004,PG-13,English,Teen,2000,English - Teen,English - Teen - 2000s
tt0368667,2003,Not Rated,English,Unknown,2000,English - Unknown,English - Unknown - 2000s
tt0368709,2005,PG-13,English,Teen,2000,English - Teen,English - Teen - 2000s
tt0368891,2004,PG,English,Family,2000,English - Family,English - Family - 2000s
tt0368909,2003,R,Thai,Mature,2000,Thai - Mature,Thai - Mature - 2000s
tt0368933,2004,G,English,Family,2000,English - Family,English - Family - 2000s
tt0369226,2005,R,English,Mature,2000,English - Mature,English - Mature - 2000s
tt0369338,1929,Unknown,None,Unknown,1920,None - Unknown,None - Unknown - 1920s
tt0369339,2004,R,English,Mature,2000,English - Mature,English - Mature - 2000s
tt0369436,2008,PG-13,English,Teen,2000,English - Teen,English - Teen - 2000s
tt0369441,2005,PG-13,English,Teen,2000,English - Teen,English - Teen - 2000s
tt0369610,2015,PG-13,English,Teen,2010,English - Teen,English - Teen - 2010s
tt0369666,1997,Unknown,Filipino,Unknown,1990,Filipino - Unknown,Filipino - Unknown - 1990s
tt0369702,2004,PG-13,Spanish,Teen,2000,Spanish - Teen,Spanish - Teen - 2000s
tt0369735,2005,PG-13,English,Teen,2000,English - Teen,English - Teen - 2000s
tt0370032,2006,PG-13,English,Teen,2000,English - Teen,English - Teen - 2000s
tt0370263,2004,PG-13,English,Teen,2000,English - Teen,English - Teen - 2000s
tt0371008,2004,Unrated,English,Unknown,2000,English - Unknown,English - Unknown - 2000s
tt0371246,2004,PG-13,English,Teen,2000,English - Teen,English - Teen - 2000s
tt0371257,2005,R,English,Mature,2000,English - Mature,English - Mature - 2000s
tt0371280,2003,Unrated,Persian,Unknown,2000,Persian - Unknown,Persian - Unknown - 2000s
tt0371606,2005,G,English,Family,2000,English - Family,English - Family - 2000s
tt0371724,2005,PG,English,Family,2000,English - Family,English - Family - 2000s
tt0371746,2008,PG-13,English,Teen,2000,English - Teen,English - Teen - 2000s
tt0372183,2004,PG-13,English,Teen,2000,English - Teen,English - Teen - 2000s
tt0372588,2004,R,English,Mature,2000,English - Mature,English - Mature - 2000s
tt0372761,1956,Unknown,Filipino,Unknown,1950,Filipino - Unknown,Filipino - Unknown - 1950s
tt0372782,2003,Not Rated,Korean,Unknown,2000,Korean - Unknown,Korean - Unknown - 2000s
tt0372784,2005,PG-13,English,Teen,2000,English - Teen,English - Teen - 2000s
tt0372873,2007,PG-13,English,Teen,2000,English - Teen,English - Teen - 2000s
tt0373051,2008,PG,English,Family,2000,English - Family,English - Family - 2000s
tt0373074,2004,R,Mandarin,Mature,2000,Mandarin - Mature,Mandarin - Mature - 2000s
tt0373283,2003,PG-13,English,Teen,2000,English - Teen,English - Teen - 2000s
tt0373445,2005,PG-13,English,Teen,2000,English - Teen,English - Teen - 2000s
tt0373469,2005,R,English,Mature,2000,English - Mature,English - Mature - 2000s
tt0373760,2005,Unknown,Portuguese,Unknown,2000,Portuguese - Unknown,Portuguese - Unknown - 2000s
tt0373883,2007,R,English,Mature,2000,English - Mature,English - Mature - 2000s
tt0373889,2007,PG-13,English,Teen,2000,English - Teen,English - Teen - 2000s
tt0373926,2005,PG-13,English,Teen,2000,English - Teen,English - Teen - 2000s
tt0374277,2004,R,English,Mature,2000,English - Mature,English - Mature - 2000s
tt0374536,2005,PG-13,English,Teen,2000,English - Teen,English - Teen - 2000s
tt0374546,2003,R,Korean,Mature,2000,Korean - Mature,Korean - Mature - 2000s
tt0375063,2004,R,English,Mature,2000,English - Mature,English - Mature - 2000s
tt0375679,2004,R,English,Mature,2000,English - Mature,English - Mature - 2000s
tt0375912,2004,R,English,Mature,2000,English - Mature,English - Mature - 2000s
tt0376105,2005,PG,English,Family,2000,English - Family,English - Family - 2000s
tt0376242,1980,Unknown,Filipino,Unknown,1980,Filipino - Unknown,Filipino - Unknown - 1980s
tt0376541,2004,R,English,Mature,2000,English - Mature,English - Mature - 2000s
tt0376994,2006,PG-13,English,Teen,2000,English - Teen,English - Teen - 2000s
tt0377107,2005,PG-13,English,Teen,2000,English - Teen,English - Teen - 2000s
tt0377109,2005,PG-13,English,Teen,2000,English - Teen,English - Teen - 2000s
tt0377471,2005,PG-13,English,Teen,2000,English - Teen,English - Teen - 2000s
tt0377744,2004,R,English,Mature,2000,English - Mature,English - Mature - 2000s
tt0377834,2003,Unknown,Spanish,Unknown,2000,Spanish - Unknown,Spanish - Unknown - 2000s
tt0378109,2005,PG-13,English,Teen,2000,English - Teen,English - Teen - 2000s
tt0378194,2004,R,English,Mature,2000,English - Mature,English - Mature - 2000s
tt0379370,2003,Not Rated,Hindi,Unknown,2000,Hindi - Unknown,Hindi - Unknown - 2000s
tt0379725,2005,R,English,Mature,2000,English - Mature,English - Mature - 2000s
tt0379786,2005,PG-13,English,Teen,2000,English - Teen,English - Teen - 2000s
tt0379865,2008,PG-13,English,Teen,2000,English - Teen,English - Teen - 2000s
tt0380389,2005,PG,English,Family,2000,English - Family,English - Family - 2000s
tt0380510,2009,PG-13,English,Teen,2000,English - Teen,English - Teen - 2000s
tt0380623,2005,PG,English,Family,2000,English - Family,English - Family - 2000s
tt0381061,2006,PG-13,English,Teen,2000,English - Teen,English - Teen - 2000s
tt0381392,2004,NC-17,French,Mature,2000,French - Mature,French - Mature - 2000s
tt0381668,2004,Not Rated,Thai,Unknown,2000,Thai - Unknown,Thai - Unknown - 2000s
tt0381681,2004,R,English,Mature,2000,English - Mature,English - Mature - 2000s
tt0381707,2004,PG-13,English,Teen,2000,English - Teen,English - Teen - 2000s
tt0381849,2007,R,English,Mature,2000,English - Mature,English - Mature - 2000s
tt0382077,2005,R,English,Mature,2000,English - Mature,English - Mature - 2000s
tt0382189,2004,R,English,Mature,2000,English - Mature,English - Mature - 2000s
tt0382625,2006,PG-13,English,Teen,2000,English - Teen,English - Teen - 2000s
tt0382628,2005,PG-13,English,Teen,2000,English - Teen,English - Teen - 2000s
tt0382912,2004,Not Rated,Dutch,Unknown,2000,Dutch - Unknown,Dutch - Unknown - 2000s
tt0382932,2007,G,English,Family,2000,English - Family,English - Family - 2000s
tt0382992,2005,PG-13,English,Teen,2000,English - Teen,English - Teen - 2000s
tt0383216,2006,PG,English,Family,2000,English - Family,English - Family - 2000s
tt0383574,2006,PG-13,English,Teen,2000,English - Teen,English - Teen - 2000s
tt0384116,2004,Unknown,Turkish,Unknown,2000,Turkish - Unknown,Turkish - Unknown - 2000s
tt0384537,2006,R,English,Mature,2000,English - Mature,English - Mature - 2000s
tt0384538,2004,TV-MA,English,Mature,2000,English - Mature,English - Mature - 2000s
tt0384806,2005,R,English,Mature,2000,English - Mature,English - Mature - 2000s
tt0385002,2005,R,English,Mature,2000,English - Mature,English - Mature - 2000s
tt0385004,2004,PG-13,Mandarin,Teen,2000,Mandarin - Teen,Mandarin - Teen - 2000s
tt0385017,2004,R,English,Mature,2000,English - Mature,English - Mature - 2000s
tt0385307,2005,PG-13,English,Teen,2000,English - Teen,English - Teen - 2000s
tt0385752,2007,PG-13,English,Teen,2000,English - Teen,English - Teen - 2000s
tt0385880,2006,PG,English,Family,2000,English - Family,English - Family - 2000s
tt0385969,2004,R,English,Mature,2000,English - Mature,English - Mature - 2000s
tt0386005,2004,R,Cantonese,Mature,2000,Cantonese - Mature,Cantonese - Mature - 2000s
tt0386117,2009,PG,English,Family,2000,English - Family,English - Family - 2000s
tt0386140,2005,PG,English,Family,2000,English - Family,English - Family - 2000s
tt0386588,2005,PG-13,English,Teen,2000,English - Teen,English - Teen - 2000s
tt0387131,2005,R,English,Mature,2000,English - Mature,English - Mature - 2000s
tt0387564,2004,R,English,Mature,2000,English - Mature,English - Mature - 2000s
tt0387808,2006,R,English,Mature,2000,English - Mature,English - Mature - 2000s
tt0387877,2006,R,English,Mature,2000,English - Mature,English - Mature - 2000s
tt0387898,2005,R,French,Mature,2000,French - Mature,French - Mature - 2000s
tt0388125,2005,PG-13,English,Teen,2000,English - Teen,English - Teen - 2000s
tt0388213,2005,R,English,Mature,2000,English - Mature,English - Mature - 2000s
tt0388482,2005,R,English,Mature,2000,English - Mature,English - Mature - 2000s
tt0388795,2005,R,English,Mature,2000,English - Mature,English - Mature - 2000s
tt0388884,2003,Unknown,Spanish,Unknown,2000,Spanish - Unknown,Spanish - Unknown - 2000s
tt0389052,1958,Unknown,Korean,Unknown,1950,Korean - Unknown,Korean - Unknown - 1950s
tt0389557,2006,R,Dutch,Mature,2000,Dutch - Mature,Dutch - Mature - 2000s
tt0389722,2007,R,English,Mature,2000,English - Mature,English - Mature - 2000s
tt0389790,2007,PG,English,Family,2000,English - Family,English - Family - 2000s
tt0389828,2004,PG-13,English,Teen,2000,English - Teen,English - Teen - 2000s
tt0389860,2006,PG-13,English,Teen,2000,English - Teen,English - Teen - 2000s
tt0390022,2004,PG-13,English,Teen,2000,English - Teen,English - Teen - 2000s
tt0390384,2004,PG-13,English,Teen,2000,English - Teen,English - Teen - 2000s
tt0391198,2004,PG-13,English,Teen,2000,English - Teen,English - Teen - 2000s
tt0391229,2006,TV-PG,English,Teen,2000,English - Teen,English - Teen - 2000s
tt0391304,2005,PG-13,English,Teen,2000,English - Teen,English - Teen - 2000s
tt0393109,2005,R,English,Mature,2000,English - Mature,English - Mature - 2000s
tt0393162,2005,PG-13,English,Teen,2000,English - Teen,English - Teen - 2000s
tt0395169,2004,PG-13,English,Teen,2000,English - Teen,English - Teen - 2000s
tt0395251,2005,PG-13,English,Teen,2000,English - Teen,English - Teen - 2000s
tt0395584,2005,R,English,Mature,2000,English - Mature,English - Mature - 2000s
tt0395699,2005,PG,English,Family,2000,English - Family,English - Family - 2000s
tt0396171,2006,R,English,Mature,2000,English - Mature,English - Mature - 2000s
tt0396269,2005,R,English,Mature,2000,English - Mature,English - Mature - 2000s
tt0396555,2007,G,English,Family,2000,English - Family,English - Family - 2000s
tt0396688,2005,R,English,Mature,2000,English - Mature,English - Mature - 2000s
tt0396752,2005,PG,English,Family,2000,English - Family,English - Family - 2000s
tt0396816,2003,Unknown,German,Unknown,2000,German - Unknown,German - Unknown - 2000s
tt0397044,2007,PG-13,English,Teen,2000,English - Teen,English - Teen - 2000s
tt0397065,2005,R,English,Mature,2000,English - Mature,English - Mature - 2000s
tt0397078,2006,PG-13,English,Teen,2000,English - Teen,English - Teen - 2000s
tt0397101,2005,PG-13,English,Teen,2000,English - Teen,English - Teen - 2000s
tt0397103,2005,PG-13,English,Teen,2000,English - Teen,English - Teen - 2000s
tt0397313,2006,PG,English,Family,2000,English - Family,English - Family - 2000s
tt0397535,2005,PG-13,English,Teen,2000,English - Teen,English - Teen - 2000s
tt0397892,2008,PG,English,Family,2000,English - Family,English - Family - 2000s
tt0398017,2005,R,English,Mature,2000,English - Mature,English - Mature - 2000s
tt0398165,2005,PG-13,English,Teen,2000,English - Teen,English - Teen - 2000s
tt0398286,2010,PG,English,Family,2010,English - Family,English - Family - 2010s
tt0398712,2005,R,English,Mature,2000,English - Mature,English - Mature - 2000s
tt0398808,2007,PG,English,Family,2000,English - Family,English - Family - 2000s
tt0399146,2005,R,English,Mature,2000,English - Mature,English - Mature - 2000s
tt0399201,2005,PG-13,English,Teen,2000,English - Teen,English - Teen - 2000s
tt0399295,2005,R,English,Mature,2000,English - Mature,English - Mature - 2000s
tt0400497,2005,G,English,Family,2000,English - Family,English - Family - 2000s
tt0400717,2006,PG,English,Family,2000,English - Family,English - Family - 2000s
tt0401383,2007,PG-13,French,Teen,2000,French - Teen,French - Teen - 2000s
tt0401445,2006,PG-13,English,Teen,2000,English - Teen,English - Teen - 2000s
tt0401711,2006,R,French,Mature,2000,French - Mature,French - Mature - 2000s
tt0401729,2012,PG-13,English,Teen,2010,English - Teen,English - Teen - 2010s
tt0401792,2005,R,English,Mature,2000,English - Mature,English - Mature - 2000s
tt0401855,2006,R,English,Mature,2000,English - Mature,English - Mature - 2000s
tt0402022,2005,PG-13,English,Teen,2000,English - Teen,English - Teen - 2000s
tt0402230,2005,R,English,Mature,2000,English - Mature,English - Mature - 2000s
tt0402399,2005,PG-13,English,Teen,2000,English - Teen,English - Teen - 2000s
tt0402901,2005,PG-13,English,Teen,2000,English - Teen,English - Teen - 2000s
tt0403508,2005,PG,English,Family,2000,English - Family,English - Family - 2000s
tt0403702,2009,R,English,Mature,2000,English - Mature,English - Mature - 2000s
tt0403885,2004,R,English,Mature,2000,English - Mature,English - Mature - 2000s
tt0404032,2005,PG-13,English,Teen,2000,English - Teen,English - Teen - 2000s
tt0404163,2006,R,English,Mature,2000,English - Mature,English - Mature - 2000s
tt0404203,2006,R,English,Mature,2000,English - Mature,English - Mature - 2000s
tt0404390,2006,R,English,Mature,2000,English - Mature,English - Mature - 2000s
tt0405022,2009,Unrated,English,Unknown,2000,English - Unknown,English - Unknown - 2000s
tt0405094,2006,R,German,Mature,2000,German - Mature,German - Mature - 2000s
tt0405159,2004,PG-13,English,Teen,2000,English - Teen,English - Teen - 2000s
tt0405296,2006,R,English,Mature,2000,English - Mature,English - Mature - 2000s
tt0405325,2005,PG,English,Family,2000,English - Family,English - Family - 2000s
tt0405422,2005,R,English,Mature,2000,English - Mature,English - Mature - 2000s
tt0405508,2006,Not Rated,Hindi,Unknown,2000,Hindi - Unknown,Hindi - Unknown - 2000s
tt0405676,2006,PG-13,English,Teen,2000,English - Teen,English - Teen - 2000s
tt0406375,2005,PG,English,Family,2000,English - Family,English - Family - 2000s
tt0406377,1930,Unknown,None,Unknown,1930,None - Unknown,None - Unknown - 1930s
tt0406816,2006,PG-13,English,Teen,2000,English - Teen,English - Teen - 2000s
tt0407304,2005,PG-13,English,Teen,2000,English - Teen,English - Teen - 2000s
tt0407887,2006,R,English,Mature,2000,English - Mature,English - Mature - 2000s
tt0408236,2007,R,English,Mature,2000,English - Mature,English - Mature - 2000s
tt0408281,2004,Unknown,English,Unknown,2000,English - Unknown,English - Unknown - 2000s
tt0408306,2005,R,English,Mature,2000,English - Mature,English - Mature - 2000s
tt0408790,2005,PG-13,English,Teen,2000,English - Teen,English - Teen - 2000s
tt0408828,2005,R,English,Mature,2000,English - Mature,English - Mature - 2000s
tt0408839,2007,R,English,Mature,2000,English - Mature,English - Mature - 2000s
tt0408985,2006,PG-13,English,Teen,2000,English - Teen,English - Teen - 2000s
tt0409182,2006,PG-13,English,Teen,2000,English - Teen,English - Teen - 2000s
tt0409459,2009,R,English,Mature,2000,English - Mature,English - Mature - 2000s
tt0409838,2005,PG,English,Family,2000,English - Family,English - Family - 2000s
tt0409847,2011,PG-13,English,Teen,2010,English - Teen,English - Teen - 2010s
tt0410297,2006,PG,English,Family,2000,English - Family,English - Family - 2000s
tt0410377,2008,PG,English,Family,2000,English - Family,English - Family - 2000s
tt0410454,2004,PG,English,Family,2000,English - Family,English - Family - 2000s
tt0411061,2007,R,English,Mature,2000,English - Mature,English - Mature - 2000s
tt0411477,2008,PG-13,English,Teen,2000,English - Teen,English - Teen - 2000s
tt0412019,2005,R,English,Mature,2000,English - Mature,English - Mature - 2000s
tt0412080,2005,PG-13,English,Teen,2000,English - Teen,English - Teen - 2000s
tt0413015,2005,R,English,Mature,2000,English - Mature,English - Mature - 2000s
tt0413099,2007,PG,English,Family,2000,English - Family,English - Family - 2000s
tt0413267,2007,PG,English,Family,2000,English - Family,English - Family - 2000s
tt0413300,2007,PG-13,English,Teen,2000,English - Teen,English - Teen - 2000s
tt0413879,2005,R,English,Mature,2000,English - Mature,English - Mature - 2000s
tt0414055,2007,PG-13,English,Teen,2000,English - Teen,English - Teen - 2000s
tt0414161,2005,R,English,Mature,2000,English - Mature,English - Mature - 2000s
tt0414387,2005,PG,English,Family,2000,English - Family,English - Family - 2000s
tt0414852,2004,R,French,Mature,2000,French - Mature,French - Mature - 2000s
tt0414982,2006,R,English,Mature,2000,English - Mature,English - Mature - 2000s
tt0414993,2006,PG-13,English,Teen,2000,English - Teen,English - Teen - 2000s
tt0415023,2005,R,Norwegian,Mature,2000,Norwegian - Mature,Norwegian - Mature - 2000s
tt0415127,2007,Not Rated,Hungarian,Unknown,2000,Hungarian - Unknown,Hungarian - Unknown - 2000s
tt0415306,2006,PG-13,English,Teen,2000,English - Teen,English - Teen - 2000s
tt0415833,2005,R,English,Mature,2000,English - Mature,English - Mature - 2000s
tt0415965,2007,PG,English,Family,2000,English - Family,English - Family - 2000s
tt0416236,2008,PG,English,Family,2000,English - Family,English - Family - 2000s
tt0416315,2005,R,English,Mature,2000,English - Mature,English - Mature - 2000s
tt0416320,2005,R,English,Mature,2000,English - Mature,English - Mature - 2000s
tt0416449,2006,R,English,Mature,2000,English - Mature,English - Mature - 2000s
tt0416508,2007,PG,English,Family,2000,English - Family,English - Family - 2000s
tt0417148,2006,R,English,Mature,2000,English - Mature,English - Mature - 2000s
tt0417225,2006,R,English,Mature,2000,English - Mature,English - Mature - 2000s
tt0417433,2006,PG-13,English,Teen,2000,English - Teen,English - Teen - 2000s
tt0417658,2005,R,English,Mature,2000,English - Mature,English - Mature - 2000s
tt0417741,2009,PG,English,Family,2000,English - Family,English - Family - 2000s
tt0417976,2005,PG-13,Mandarin,Teen,2000,Mandarin - Teen,Mandarin - Teen - 2000s
tt0418279,2007,PG-13,English,Teen,2000,English - Teen,English - Teen - 2000s
tt0418689,2006,R,English,Mature,2000,English - Mature,English - Mature - 2000s
tt0418763,2005,R,English,Mature,2000,English - Mature,English - Mature - 2000s
tt0418819,2005,R,English,Mature,2000,English - Mature,English - Mature - 2000s
tt0418832,2005,Not Rated,English,Unknown,2000,English - Unknown,English - Unknown - 2000s
tt0419449,2004,Unrated,German,Unknown,2000,German - Unknown,German - Unknown - 2000s
tt0419706,2005,R,English,Mature,2000,English - Mature,English - Mature - 2000s
tt0419766,2004,Unrated,French,Unknown,2000,French - Unknown,French - Unknown - 2000s
tt0420090,2004,Unknown,Arabic,Unknown,2000,Arabic - Unknown,Arabic - Unknown - 2000s
tt0420223,2006,PG-13,English,Teen,2000,English - Teen,English - Teen - 2000s
tt0420227,2004,R,English,Mature,2000,English - Mature,English - Mature - 2000s
tt0420238,2008,G,English,Family,2000,English - Family,English - Family - 2000s
tt0420294,2006,R,English,Mature,2000,English - Mature,English - Mature - 2000s
tt0421054,2005,R,English,Mature,2000,English - Mature,English - Mature - 2000s
tt0421073,2008,R,English,Mature,2000,English - Mature,English - Mature - 2000s
tt0421082,2007,R,English,Mature,2000,English - Mature,English - Mature - 2000s
tt0421206,2006,PG-13,English,Teen,2000,English - Teen,English - Teen - 2000s
tt0421239,2005,PG-13,English,Teen,2000,English - Teen,English - Teen - 2000s
tt0421715,2008,PG-13,English,Teen,2000,English - Teen,English - Teen - 2000s
tt0422093,2005,PG-13,English,Teen,2000,English - Teen,English - Teen - 2000s
tt0422720,2006,PG-13,English,Teen,2000,English - Teen,English - Teen - 2000s
tt0423294,2007,PG,English,Family,2000,English - Family,English - Family - 2000s
tt0423866,2004,R,Korean,Mature,2000,Korean - Mature,Korean - Mature - 2000s
tt0423977,2007,R,English,Mature,2000,English - Mature,English - Mature - 2000s
tt0424095,2006,PG,English,Family,2000,English - Family,English - Family - 2000s
tt0424136,2005,R,English,Mature,2000,English - Mature,English - Mature - 2000s
tt0424205,2005,PG-13,French,Teen,2000,French - Teen,French - Teen - 2000s
tt0425061,2008,PG-13,English,Teen,2000,English - Teen,English - Teen - 2000s
tt0425112,2007,R,English,Mature,2000,English - Mature,English - Mature - 2000s
tt0425123,2005,PG-13,English,Teen,2000,English - Teen,English - Teen - 2000s
tt0425210,2006,R,English,Mature,2000,English - Mature,English - Mature - 2000s
tt0425326,2006,PG-13,English,Teen,2000,English - Teen,English - Teen - 2000s
tt0425413,2007,PG-13,English,Teen,2000,English - Teen,English - Teen - 2000s
tt0426275,2004,Unknown,Japanese,Unknown,2000,Japanese - Unknown,Japanese - Unknown - 2000s
tt0426592,2008,PG-13,English,Teen,2000,English - Teen,English - Teen - 2000s
tt0426615,2005,PG-13,English,Teen,2000,English - Teen,English - Teen - 2000s
tt0426883,2006,R,English,Mature,2000,English - Mature,English - Mature - 2000s
tt0427229,2006,PG-13,English,Teen,2000,English - Teen,English - Teen - 2000s
tt0427309,2007,PG-13,English,Teen,2000,English - Teen,English - Teen - 2000s
tt0427327,2007,PG,English,Family,2000,English - Family,English - Family - 2000s
tt0427392,2007,PG-13,English,Teen,2000,English - Teen,English - Teen - 2000s
tt0427524,1987,Not Rated,Hindi,Unknown,1980,Hindi - Unknown,Hindi - Unknown - 1980s
tt0427580,2003,Unknown,French,Unknown,2000,French - Unknown,French - Unknown - 2000s
tt0427954,2005,R,Thai,Mature,2000,Thai - Mature,Thai - Mature - 2000s
tt0427969,2006,R,English,Mature,2000,English - Mature,English - Mature - 2000s
tt0428251,2005,R,English,Mature,2000,English - Mature,English - Mature - 2000s
tt0429493,2010,PG-13,English,Teen,2010,English - Teen,English - Teen - 2010s
tt0430105,2005,R,English,Mature,2000,English - Mature,English - Mature - 2000s
tt0430216,1982,Unknown,English,Unknown,1980,English - Unknown,English - Unknown - 1980s
tt0430357,2006,R,English,Mature,2000,English - Mature,English - Mature - 2000s
tt0430912,2006,R,English,Mature,2000,English - Mature,English - Mature - 2000s
tt0431197,2007,R,English,Mature,2000,English - Mature,English - Mature - 2000s
tt0431265,2007,R,English,Mature,2000,English - Mature,English - Mature - 2000s
tt0431308,2007,PG-13,English,Teen,2000,English - Teen,English - Teen - 2000s
tt0431979,2005,Unrated,French,Unknown,2000,French - Unknown,French - Unknown - 2000s
tt0432006,2005,Not Rated,English,Unknown,2000,English - Unknown,English - Unknown - 2000s
tt0432021,2007,R,English,Mature,2000,English - Mature,English - Mature - 2000s
tt0432283,2009,PG,English,Family,2000,English - Family,English - Family - 2000s
tt0432325,2005,G,Mongolian,Family,2000,Mongolian - Family,Mongolian - Family - 2000s
tt0432348,2005,R,English,Mature,2000,English - Mature,English - Mature - 2000s
tt0433035,2011,PG-13,English,Teen,2010,English - Teen,English - Teen - 2010s
tt0433362,2009,R,English,Mature,2000,English - Mature,English - Mature - 2000s
tt0433383,2005,PG,English,Family,2000,English - Family,English - Family - 2000s
tt0433386,2006,PG-13,English,Teen,2000,English - Teen,English - Teen - 2000s
tt0433387,2005,R,English,Mature,2000,English - Mature,English - Mature - 2000s
tt0433400,2005,PG-13,English,Teen,2000,English - Teen,English - Teen - 2000s
tt0433425,2005,Unknown,English,Unknown,2000,English - Unknown,English - Unknown - 2000s
tt0434139,2006,R,English,Mature,2000,English - Mature,English - Mature - 2000s
tt0434409,2005,R,English,Mature,2000,English - Mature,English - Mature - 2000s
tt0434424,2005,PG-13,English,Teen,2000,English - Teen,English - Teen - 2000s
tt0434762,2004,R,Cantonese,Mature,2000,Cantonese - Mature,Cantonese - Mature - 2000s
tt0435625,2005,R,English,Mature,2000,English - Mature,English - Mature - 2000s
tt0435651,2014,PG-13,English,Teen,2010,English - Teen,English - Teen - 2010s
tt0435705,2007,PG-13,English,Teen,2000,English - Teen,English - Teen - 2000s
tt0435761,2010,G,English,Family,2010,English - Family,English - Family - 2010s
tt0436697,2006,PG-13,English,Teen,2000,English - Teen,English - Teen - 2000s
tt0437086,2019,PG-13,English,Teen,2010,English - Teen,English - Teen - 2010s
tt0437468,1982,Unknown,Indonesian,Unknown,1980,Indonesian - Unknown,Indonesian - Unknown - 1980s
tt0438097,2006,PG,English,Family,2000,English - Family,English - Family - 2000s
tt0438488,2009,PG-13,English,Teen,2000,English - Teen,English - Teen - 2000s
tt0439478,2005,R,English,Mature,2000,English - Mature,English - Mature - 2000s
tt0439815,2006,R,English,Mature,2000,English - Mature,English - Mature - 2000s
tt0440963,2007,PG-13,English,Teen,2000,English - Teen,English - Teen - 2000s
tt0441035,2006,R,English,Mature,2000,English - Mature,English - Mature - 2000s
tt0441773,2008,PG,English,Family,2000,English - Family,English - Family - 2000s
tt0442933,2007,PG-13,English,Teen,2000,English - Teen,English - Teen - 2000s
tt0443272,2012,PG-13,English,Teen,2010,English - Teen,English - Teen - 2010s
tt0443274,2008,PG-13,English,Teen,2000,English - Teen,English - Teen - 2000s
tt0443435,2008,R,English,Mature,2000,English - Mature,English - Mature - 2000s
tt0443455,2006,Not Rated,English,Unknown,2000,English - Unknown,English - Unknown - 2000s
tt0443474,2008,R,English,Mature,2000,English - Mature,English - Mature - 2000s
tt0443480,2006,Not Rated,English,Unknown,2000,English - Unknown,English - Unknown - 2000s
tt0443536,2005,PG,English,Family,2000,English - Family,English - Family - 2000s
tt0443543,2006,PG-13,English,Teen,2000,English - Teen,English - Teen - 2000s
tt0443559,2008,R,English,Mature,2000,English - Mature,English - Mature - 2000s
tt0443632,2006,PG-13,English,Teen,2000,English - Teen,English - Teen - 2000s
tt0443649,2008,PG-13,English,Teen,2000,English - Teen,English - Teen - 2000s
tt0443680,2007,R,English,Mature,2000,English - Mature,English - Mature - 2000s
tt0443693,2005,Not Rated,English,Unknown,2000,English - Unknown,English - Unknown - 2000s
tt0443701,2008,PG-13,English,Teen,2000,English - Teen,English - Teen - 2000s
tt0443706,2007,R,English,Mature,2000,English - Mature,English - Mature - 2000s
tt0445046,1982,Unrated,Mandarin,Unknown,1980,Mandarin - Unknown,Mandarin - Unknown - 1980s
tt0445527,1968,Unknown,Estonian,Unknown,1960,Estonian - Unknown,Estonian - Unknown - 1960s
tt0445922,2007,PG-13,English,Teen,2000,English - Teen,English - Teen - 2000s
tt0445934,2007,PG-13,English,Teen,2000,English - Teen,English - Teen - 2000s
tt0445990,2006,PG,English,Family,2000,English - Family,English - Family - 2000s
tt0446029,2010,PG-13,English,Teen,2010,English - Teen,English - Teen - 2010s
tt0446059,2006,PG-13,Mandarin,Teen,2000,Mandarin - Teen,Mandarin - Teen - 2000s
tt0446309,2005,Not Rated,English,Unknown,2000,English - Unknown,English - Unknown - 2000s
tt0446460,2005,Unknown,Dutch,Unknown,2000,Dutch - Unknown,Dutch - Unknown - 2000s
tt0446755,2006,PG-13,English,Teen,2000,English - Teen,English - Teen - 2000s
tt0448011,2009,PG-13,English,Teen,2000,English - Teen,English - Teen - 2000s
tt0448115,2019,PG-13,English,Teen,2010,English - Teen,English - Teen - 2010s
tt0448134,2007,R,English,Mature,2000,English - Mature,English - Mature - 2000s
tt0448157,2008,R,English,Mature,2000,English - Mature,English - Mature - 2000s
tt0448694,2011,PG,English,Family,2010,English - Family,English - Family - 2010s
tt0449010,2006,PG,English,Family,2000,English - Family,English - Family - 2000s
tt0449088,2007,PG-13,English,Teen,2000,English - Teen,English - Teen - 2000s
tt0449869,2005,Not Rated,Tamil,Unknown,2000,Tamil - Unknown,Tamil - Unknown - 2000s
tt0450188,2007,PG-13,French,Teen,2000,French - Teen,French - Teen - 2000s
tt0450232,2006,PG-13,English,Teen,2000,English - Teen,English - Teen - 2000s
tt0450259,2006,R,English,Mature,2000,English - Mature,English - Mature - 2000s
tt0450278,2005,R,English,Mature,2000,English - Mature,English - Mature - 2000s
tt0450314,2008,R,English,Mature,2000,English - Mature,English - Mature - 2000s
tt0450345,2006,PG-13,English,Teen,2000,English - Teen,English - Teen - 2000s
tt0450385,2007,PG-13,English,Teen,2000,English - Teen,English - Teen - 2000s
tt0451069,2005,PG,English,Family,2000,English - Family,English - Family - 2000s
tt0451079,2008,G,English,Family,2000,English - Family,English - Family - 2000s
tt0451094,2005,R,Korean,Mature,2000,Korean - Mature,Korean - Mature - 2000s
tt0451279,2017,PG-13,English,Teen,2010,English - Teen,English - Teen - 2010s
tt0452594,2006,PG-13,English,Teen,2000,English - Teen,English - Teen - 2000s
tt0452608,2008,R,English,Mature,2000,English - Mature,English - Mature - 2000s
tt0452623,2007,R,English,Mature,2000,English - Mature,English - Mature - 2000s
tt0452625,2007,R,English,Mature,2000,English - Mature,English - Mature - 2000s
tt0452637,2006,PG-13,English,Teen,2000,English - Teen,English - Teen - 2000s
tt0452694,2009,PG-13,English,Teen,2000,English - Teen,English - Teen - 2000s
tt0452702,2007,R,English,Mature,2000,English - Mature,English - Mature - 2000s
tt0453451,2007,G,English,Family,2000,English - Family,English - Family - 2000s
tt0453467,2006,PG-13,English,Teen,2000,English - Teen,English - Teen - 2000s
tt0453556,2007,PG,English,Family,2000,English - Family,English - Family - 2000s
tt0453560,2008,R,English,Mature,2000,English - Mature,English - Mature - 2000s
tt0453562,2013,PG-13,English,Teen,2010,English - Teen,English - Teen - 2010s
tt0454841,2006,R,English,Mature,2000,English - Mature,English - Mature - 2000s
tt0454848,2006,R,English,Mature,2000,English - Mature,English - Mature - 2000s
tt0454876,2012,PG,English,Family,2010,English - Family,English - Family - 2010s
tt0454921,2006,PG-13,English,Teen,2000,English - Teen,English - Teen - 2000s
tt0454941,2008,Not Rated,English,Unknown,2000,English - Unknown,English - Unknown - 2000s
tt0454945,2006,PG-13,English,Teen,2000,English - Teen,English - Teen - 2000s
tt0454962,2007,PG,English,Family,2000,English - Family,English - Family - 2000s
tt0454970,2006,R,English,Mature,2000,English - Mature,English - Mature - 2000s
tt0455116,2005,Unknown,English,Unknown,2000,English - Unknown,English - Unknown - 2000s
tt0455407,2010,R,English,Mature,2010,English - Mature,English - Mature - 2010s
tt0455538,2008,R,English,Mature,2000,English - Mature,English - Mature - 2000s
tt0455590,2006,R,English,Mature,2000,English - Mature,English - Mature - 2000s
tt0455760,2007,R,English,Mature,2000,English - Mature,English - Mature - 2000s
tt0455782,2007,R,English,Mature,2000,English - Mature,English - Mature - 2000s
tt0455824,2008,PG-13,English,Teen,2000,English - Teen,English - Teen - 2000s
tt0455918,2007,PG,English,Family,2000,English - Family,English - Family - 2000s
tt0455944,2014,R,English,Mature,2010,English - Mature,English - Mature - 2010s
tt0455960,2007,R,English,Mature,2000,English - Mature,English - Mature - 2000s
tt0455967,2006,PG-13,English,Teen,2000,English - Teen,English - Teen - 2000s
tt0456111,2006,Unknown,Spanish,Unknown,2000,Spanish - Unknown,Spanish - Unknown - 2000s
tt0456413,2006,Not Rated,Hindi,Unknown,2000,Hindi - Unknown,Hindi - Unknown - 2000s
tt0457400,2009,PG-13,English,Teen,2000,English - Teen,English - Teen - 2000s
tt0457430,2006,R,Spanish,Mature,2000,Spanish - Mature,Spanish - Mature - 2000s
tt0457495,2006,PG,English,Family,2000,English - Family,English - Family - 2000s
tt0457510,2006,PG,English,Family,2000,English - Family,English - Family - 2000s
tt0457513,2006,PG-13,English,Teen,2000,English - Teen,English - Teen - 2000s
tt0457939,2006,PG-13,English,Teen,2000,English - Teen,English - Teen - 2000s
tt0458339,2011,PG-13,English,Teen,2010,English - Teen,English - Teen - 2010s
tt0458481,2014,R,English,Mature,2010,English - Mature,English - Mature - 2010s
tt0458525,2009,PG-13,English,Teen,2000,English - Teen,English - Teen - 2000s
tt0459387,2005,TV-MA,English,Mature,2000,English - Mature,English - Mature - 2000s
tt0460485,2006,R,Spanish,Mature,2000,Spanish - Mature,Spanish - Mature - 2000s
tt0460740,2006,R,English,Mature,2000,English - Mature,English - Mature - 2000s
tt0460780,2007,PG-13,English,Teen,2000,English - Teen,English - Teen - 2000s
tt0460791,2006,R,English,Mature,2000,English - Mature,English - Mature - 2000s
tt0460810,2008,PG,English,Family,2000,English - Family,English - Family - 2000s
tt0461769,2005,Unknown,Japanese,Unknown,2000,Japanese - Unknown,Japanese - Unknown - 2000s
tt0461770,2007,PG,English,Family,2000,English - Family,English - Family - 2000s
tt0462023,2007,R,English,Mature,2000,English - Mature,English - Mature - 2000s
tt0462322,2007,R,English,Mature,2000,English - Mature,English - Mature - 2000s
tt0462465,2008,R,English,Mature,2000,English - Mature,English - Mature - 2000s
tt0462499,2008,R,English,Mature,2000,English - Mature,English - Mature - 2000s
tt0462504,2006,PG-13,English,Teen,2000,English - Teen,English - Teen - 2000s
tt0462538,2007,PG-13,English,Teen,2000,English - Teen,English - Teen - 2000s
tt0462571,2006,Not Rated,English,Unknown,2000,English - Unknown,English - Unknown - 2000s
tt0462590,2006,PG-13,English,Teen,2000,English - Teen,English - Teen - 2000s
tt0463034,2006,PG-13,English,Teen,2000,English - Teen,English - Teen - 2000s
tt0463854,2007,R,English,Mature,2000,English - Mature,English - Mature - 2000s
tt0463960,2013,Not Rated,English,Unknown,2010,English - Unknown,English - Unknown - 2010s
tt0463985,2006,PG-13,English,Teen,2000,English - Teen,English - Teen - 2000s
tt0463998,2007,PG-13,English,Teen,2000,English - Teen,English - Teen - 2000s
tt0464141,2007,R,Spanish,Mature,2000,Spanish - Mature,Spanish - Mature - 2000s
tt0464154,2010,R,English,Mature,2010,English - Mature,English - Mature - 2010s
tt0465203,2006,R,French,Mature,2000,French - Mature,French - Mature - 2000s
tt0465234,2007,PG,English,Family,2000,English - Family,English - Family - 2000s
tt0465494,2007,R,English,Mature,2000,English - Mature,English - Mature - 2000s
tt0465538,2007,R,English,Mature,2000,English - Mature,English - Mature - 2000s
tt0465551,2006,R,English,Mature,2000,English - Mature,English - Mature - 2000s
tt0465580,2009,PG-13,English,Teen,2000,English - Teen,English - Teen - 2000s
tt0465602,2007,R,English,Mature,2000,English - Mature,English - Mature - 2000s
tt0465624,2006,PG-13,English,Teen,2000,English - Teen,English - Teen - 2000s
tt0466375,2005,Unknown,Japanese,Unknown,2000,Japanese - Unknown,Japanese - Unknown - 2000s
tt0466673,2005,R,English,Mature,2000,English - Mature,English - Mature - 2000s
tt0467197,2008,PG-13,English,Teen,2000,English - Teen,English - Teen - 2000s
tt0467200,2008,PG-13,English,Teen,2000,English - Teen,English - Teen - 2000s
tt0468492,2006,R,Korean,Mature,2000,Korean - Mature,Korean - Mature - 2000s
tt0468565,2005,R,Zulu,Mature,2000,Zulu - Mature,Zulu - Mature - 2000s
tt0468569,2008,PG-13,English,Teen,2000,English - Teen,English - Teen - 2000s
tt0469263,2006,PG,English,Family,2000,English - Family,English - Family - 2000s
tt0469641,2006,PG-13,English,Teen,2000,English - Teen,English - Teen - 2000s
tt0469683,2006,Not Rated,English,Unknown,2000,English - Unknown,English - Unknown - 2000s
tt0469979,2006,Not Rated,English,Unknown,2000,English - Unknown,English - Unknown - 2000s
tt0470752,2014,R,English,Mature,2010,English - Mature,English - Mature - 2010s
tt0470984,2006,Unknown,Mandarin,Unknown,2000,Mandarin - Unknown,Mandarin - Unknown - 2000s
tt0471030,2006,Not Rated,English,Unknown,2000,English - Unknown,English - Unknown - 2000s
tt0471042,2011,PG-13,English,Teen,2010,English - Teen,English - Teen - 2010s
tt0471945,1941,Not Rated,Mandarin,Unknown,1940,Mandarin - Unknown,Mandarin - Unknown - 1940s
tt0472033,2009,PG-13,English,Teen,2000,English - Teen,English - Teen - 2000s
tt0472043,2006,R,Maya,Mature,2000,Maya - Mature,Maya - Mature - 2000s
tt0472062,2007,R,English,Mature,2000,English - Mature,English - Mature - 2000s
tt0472071,2007,PG,English,Family,2000,English - Family,English - Family - 2000s
tt0472160,2006,PG,English,Family,2000,English - Family,English - Family - 2000s
tt0472181,2011,PG,English,Family,2010,English - Family,English - Family - 2010s
tt0472205,2007,Not Rated,English,Unknown,2000,English - Unknown,English - Unknown - 2000s
tt0472399,2011,R,English,Mature,2010,English - Mature,English - Mature - 2010s
tt0472458,2004,Not Rated,Mandarin,Unknown,2000,Mandarin - Unknown,Mandarin - Unknown - 2000s
tt0473024,2006,PG-13,English,Teen,2000,English - Teen,English - Teen - 2000s
tt0473075,2010,PG-13,English,Teen,2010,English - Teen,English - Teen - 2010s
tt0473348,Unknown,Unknown,Unknown,Unknown,0,Unknown - Unknown,Unknown - Unknown - Unknown Decade
tt0473393,2005,R,English,Mature,2000,English - Mature,English - Mature - 2000s
tt0473514,2006,R,English,Mature,2000,English - Mature,English - Mature - 2000s
tt0473686,2005,Unknown,Dutch,Unknown,2000,Dutch - Unknown,Dutch - Unknown - 2000s
tt0473705,2009,PG-13,English,Teen,2000,English - Teen,English - Teen - 2000s
tt0473753,2005,R,French,Mature,2000,French - Mature,French - Mature - 2000s
tt0475276,2006,R,English,Mature,2000,English - Mature,English - Mature - 2000s
tt0475290,2016,PG-13,English,Teen,2010,English - Teen,English - Teen - 2010s
tt0475298,2006,R,English,Mature,2000,English - Mature,English - Mature - 2000s
tt0475380,2006,R,English,Mature,2000,English - Mature,English - Mature - 2000s
tt0475394,2006,R,English,Mature,2000,English - Mature,English - Mature - 2000s
tt0476643,2006,Unrated,Hebrew,Unknown,2000,Hebrew - Unknown,Hebrew - Unknown - 2000s
tt0476735,2005,Not Rated,Turkish,Unknown,2000,Turkish - Unknown,Turkish - Unknown - 2000s
tt0476964,2007,R,English,Mature,2000,English - Mature,English - Mature - 2000s
tt0476985,2007,PG-13,English,Teen,2000,English - Teen,English - Teen - 2000s
tt0476995,2007,PG,English,Family,2000,English - Family,English - Family - 2000s
tt0477051,2007,PG-13,English,Teen,2000,English - Teen,English - Teen - 2000s
tt0477065,2006,PG-13,English,Teen,2000,English - Teen,English - Teen - 2000s
tt0477071,2007,PG-13,English,Teen,2000,English - Teen,English - Teen - 2000s
tt0477080,2010,PG-13,English,Teen,2010,English - Teen,English - Teen - 2010s
tt0477302,2011,PG-13,English,Teen,2010,English - Teen,English - Teen - 2010s
tt0477347,2006,PG,English,Family,2000,English - Family,English - Family - 2000s
tt0477348,2007,R,English,Mature,2000,English - Mature,English - Mature - 2000s
tt0478024,2005,Not Rated,Cantonese,Unknown,2000,Cantonese - Unknown,Cantonese - Unknown - 2000s
tt0478087,2008,PG-13,English,Teen,2000,English - Teen,English - Teen - 2000s
tt0478134,2007,R,English,Mature,2000,English - Mature,English - Mature - 2000s
tt0478304,2011,PG-13,English,Teen,2010,English - Teen,English - Teen - 2010s
tt0478311,2007,R,English,Mature,2000,English - Mature,English - Mature - 2000s
tt0478706,2005,Unknown,Japanese,Unknown,2000,Japanese - Unknown,Japanese - Unknown - 2000s
tt0478813,2007,Not Rated,Serbian,Unknown,2000,Serbian - Unknown,Serbian - Unknown - 2000s
tt0478970,2015,PG-13,English,Teen,2010,English - Teen,English - Teen - 2010s
tt0479143,2006,PG,English,Family,2000,English - Family,English - Family - 2000s
tt0479341,2008,R,English,Mature,2000,English - Mature,English - Mature - 2000s
tt0479500,2007,PG,English,Family,2000,English - Family,English - Family - 2000s
tt0479884,2006,R,English,Mature,2000,English - Mature,English - Mature - 2000s
tt0479952,2008,PG,English,Family,2000,English - Family,English - Family - 2000s
tt0479997,2011,PG-13,English,Teen,2010,English - Teen,English - Teen - 2010s
tt0480025,2006,Not Rated,English,Unknown,2000,English - Unknown,English - Unknown - 2000s
tt0480242,2007,PG-13,English,Teen,2000,English - Teen,English - Teen - 2000s
tt0480249,2007,PG-13,English,Teen,2000,English - Teen,English - Teen - 2000s
tt0480255,2010,PG-13,English,Teen,2010,English - Teen,English - Teen - 2010s
tt0480572,2006,Unknown,Hindi,Unknown,2000,Hindi - Unknown,Hindi - Unknown - 2000s
tt0480669,2007,R,Spanish,Mature,2000,Spanish - Mature,Spanish - Mature - 2000s
tt0480687,2011,R,English,Mature,2010,English - Mature,English - Mature - 2010s
tt0481141,2007,PG,English,Family,2000,English - Family,English - Family - 2000s
tt0481369,2007,R,English,Mature,2000,English - Mature,English - Mature - 2000s
tt0481430,1997,Unknown,Russian,Unknown,1990,Russian - Unknown,Russian - Unknown - 1990s
tt0481499,2013,PG,English,Family,2010,English - Family,English - Family - 2010s
tt0481536,2008,R,English,Mature,2000,English - Mature,English - Mature - 2000s
tt0482088,2006,R,French,Mature,2000,French - Mature,French - Mature - 2000s
tt0482546,2006,PG,English,Family,2000,English - Family,English - Family - 2000s
tt0482571,2006,PG-13,English,Teen,2000,English - Teen,English - Teen - 2000s
tt0482572,2008,R,English,Mature,2000,English - Mature,English - Mature - 2000s
tt0482599,2008,PG-13,English,Teen,2000,English - Teen,English - Teen - 2000s
tt0482606,2008,R,English,Mature,2000,English - Mature,English - Mature - 2000s
tt0483586,2010,PG,English,Family,2010,English - Family,English - Family - 2010s
tt0483607,2008,R,English,Mature,2000,English - Mature,English - Mature - 2000s
tt0483719,2006,Not Rated,English,Unknown,2000,English - Unknown,English - Unknown - 2000s
tt0483756,2007,R,English,Mature,2000,English - Mature,English - Mature - 2000s
tt0484881,2007,R,English,Mature,2000,English - Mature,English - Mature - 2000s
tt0485323,2005,PG-13,Romany,Teen,2000,Romany - Teen,Romany - Teen - 2000s
tt0485947,2009,R,English,Mature,2000,English - Mature,English - Mature - 2000s
tt0486576,2007,PG,English,Family,2000,English - Family,English - Family - 2000s
tt0486655,2007,PG-13,English,Teen,2000,English - Teen,English - Teen - 2000s
tt0486822,2007,PG-13,English,Teen,2000,English - Teen,English - Teen - 2000s
tt0486946,2007,PG-13,English,Teen,2000,English - Teen,English - Teen - 2000s
tt0487273,2007,Not Rated,French,Unknown,2000,French - Unknown,French - Unknown - 2000s
tt0487503,2006,Unrated,French,Unknown,2000,French - Unknown,French - Unknown - 2000s
tt0488120,2007,R,English,Mature,2000,English - Mature,English - Mature - 2000s
tt0488478,2007,PG-13,Russian,Teen,2000,Russian - Teen,Russian - Teen - 2000s
tt0488515,2007,Unknown,Portuguese,Unknown,2000,Portuguese - Unknown,Portuguese - Unknown - 2000s
tt0488658,2006,PG,English,Family,2000,English - Family,English - Family - 2000s
tt0489099,2008,PG-13,English,Teen,2000,English - Teen,English - Teen - 2000s
tt0489270,2006,R,English,Mature,2000,English - Mature,English - Mature - 2000s
tt0489282,2008,R,English,Mature,2000,English - Mature,English - Mature - 2000s
tt0489664,2007,R,English,Mature,2000,English - Mature,English - Mature - 2000s
tt0490210,2008,Not Rated,Hindi,Unknown,2000,Hindi - Unknown,Hindi - Unknown - 2000s
tt0490215,2016,R,English,Mature,2010,English - Mature,English - Mature - 2010s
tt0490527,2006,Not Rated,English,Unknown,2000,English - Unknown,English - Unknown - 2000s
tt0491152,2011,PG-13,English,Teen,2010,English - Teen,English - Teen - 2010s
tt0491244,2006,Unrated,Mandarin,Unknown,2000,Mandarin - Unknown,Mandarin - Unknown - 2000s
tt0492044,2009,PG-13,English,Teen,2000,English - Teen,English - Teen - 2000s
tt0492533,2005,Unknown,Korean,Unknown,2000,Korean - Unknown,Korean - Unknown - 2000s
tt0492890,2009,G,English,Family,2000,English - Family,English - Family - 2000s
tt0492956,2007,PG,English,Family,2000,English - Family,English - Family - 2000s
tt0493464,2008,R,English,Mature,2000,English - Mature,English - Mature - 2000s
tt0494238,2008,PG,English,Family,2000,English - Family,English - Family - 2000s
tt0496806,2007,PG-13,English,Teen,2000,English - Teen,English - Teen - 2000s
tt0497137,2006,Not Rated,Korean,Unknown,2000,Korean - Unknown,Korean - Unknown - 2000s
tt0497465,2008,PG-13,English,Teen,2000,English - Teen,English - Teen - 2000s
tt0498097,2006,Unrated,Turkish,Unknown,2000,Turkish - Unknown,Turkish - Unknown - 2000s
tt0498353,2007,R,English,Mature,2000,English - Mature,English - Mature - 2000s
tt0498380,2006,R,Japanese,Mature,2000,Japanese - Mature,Japanese - Mature - 2000s
tt0498381,2017,PG-13,English,Teen,2010,English - Teen,English - Teen - 2010s
tt0498399,2007,R,English,Mature,2000,English - Mature,English - Mature - 2000s
tt0499101,2006,Unrated,German,Unknown,2000,German - Unknown,German - Unknown - 2000s
tt0499448,2008,PG,English,Family,2000,English - Family,English - Family - 2000s
tt0499549,2009,PG-13,English,Teen,2000,English - Teen,English - Teen - 2000s
tt0499556,2007,R,English,Mature,2000,English - Mature,English - Mature - 2000s
tt0756683,2007,Not Rated,English,Unknown,2000,English - Unknown,English - Unknown - 2000s
tt0758730,2007,R,English,Mature,2000,English - Mature,English - Mature - 2000s
tt0758732,2007,Unrated,Hebrew,Unknown,2000,Hebrew - Unknown,Hebrew - Unknown - 2000s
tt0758746,2009,R,English,Mature,2000,English - Mature,English - Mature - 2000s
tt0758752,2010,R,English,Mature,2010,English - Mature,English - Mature - 2010s
tt0758758,2007,R,English,Mature,2000,English - Mature,English - Mature - 2000s
tt0758766,2007,PG-13,English,Teen,2000,English - Teen,English - Teen - 2000s
tt0758774,2008,R,English,Mature,2000,English - Mature,English - Mature - 2000s
tt0758794,2006,PG,English,Family,2000,English - Family,English - Family - 2000s
tt0760166,2009,R,English,Mature,2000,English - Mature,English - Mature - 2000s
tt0762107,2007,PG-13,English,Teen,2000,English - Teen,English - Teen - 2000s
tt0762108,2006,Unknown,English,Unknown,2000,English - Unknown,English - Unknown - 2000s
tt0762114,2007,PG-13,English,Teen,2000,English - Teen,English - Teen - 2000s
tt0765010,2009,R,English,Mature,2000,English - Mature,English - Mature - 2000s
tt0765429,2007,R,English,Mature,2000,English - Mature,English - Mature - 2000s
tt0765443,2007,R,English,Mature,2000,English - Mature,English - Mature - 2000s
tt0765446,2013,PG,English,Family,2010,English - Family,English - Family - 2010s
tt0765447,2007,PG-13,English,Teen,2000,English - Teen,English - Teen - 2000s
tt0769507,2007,Unknown,Mandarin,Unknown,2000,Mandarin - Unknown,Mandarin - Unknown - 2000s
tt0769508,2006,Unrated,French,Unknown,2000,French - Unknown,French - Unknown - 2000s
tt0770703,2011,R,English,Mature,2010,English - Mature,English - Mature - 2010s
tt0770752,2008,PG-13,English,Teen,2000,English - Teen,English - Teen - 2000s
tt0770828,2013,PG-13,English,Teen,2010,English - Teen,English - Teen - 2010s
tt0772157,2007,PG-13,English,Teen,2000,English - Teen,English - Teen - 2000s
tt0772178,2007,PG-13,English,Teen,2000,English - Teen,English - Teen - 2000s
tt0780131,1996,Unknown,Persian,Unknown,1990,Persian - Unknown,Persian - Unknown - 1990s
tt0780504,2011,R,English,Mature,2010,English - Mature,English - Mature - 2010s
tt0780511,2009,PG-13,English,Teen,2000,English - Teen,English - Teen - 2000s
tt0780521,2009,G,English,Family,2000,English - Family,English - Family - 2000s
tt0780536,2008,R,English,Mature,2000,English - Mature,English - Mature - 2000s
tt0780571,2007,R,English,Mature,2000,English - Mature,English - Mature - 2000s
tt0780653,2010,R,English,Mature,2010,English - Mature,English - Mature - 2010s
tt0783233,2007,R,English,Mature,2000,English - Mature,English - Mature - 2000s
tt0784146,1972,Unknown,Arabic,Unknown,1970,Arabic - Unknown,Arabic - Unknown - 1970s
tt0787475,2007,PG-13,English,Teen,2000,English - Teen,English - Teen - 2000s
tt0790636,2013,R,English,Mature,2010,English - Mature,English - Mature - 2010s
tt0790686,2008,R,English,Mature,2000,English - Mature,English - Mature - 2000s
tt0790698,2002,Unknown,German,Unknown,2000,German - Unknown,German - Unknown - 2000s
tt0790723,2008,R,English,Mature,2000,English - Mature,English - Mature - 2000s
tt0790724,2012,PG-13,English,Teen,2010,English - Teen,English - Teen - 2010s
tt0790736,2013,PG-13,English,Teen,2010,English - Teen,English - Teen - 2010s
tt0790770,2015,R,English,Mature,2010,English - Mature,English - Mature - 2010s
tt0795351,2009,R,English,Mature,2000,English - Mature,English - Mature - 2000s
tt0795370,2007,Unknown,French,Unknown,2000,French - Unknown,French - Unknown - 2000s
tt0795421,2008,PG-13,English,Teen,2000,English - Teen,English - Teen - 2000s
tt0795438,2009,PG-13,English,Teen,2000,English - Teen,English - Teen - 2000s
tt0795461,2013,PG-13,English,Teen,2010,English - Teen,English - Teen - 2010s
tt0796366,2009,PG-13,English,Teen,2000,English - Teen,English - Teen - 2000s
tt0799949,2007,PG-13,English,Teen,2000,English - Teen,English - Teen - 2000s
tt0800039,2008,R,English,Mature,2000,English - Mature,English - Mature - 2000s
tt0800069,2007,R,English,Mature,2000,English - Mature,English - Mature - 2000s
tt0800080,2008,PG-13,English,Teen,2000,English - Teen,English - Teen - 2000s
tt0800308,2008,R,English,Mature,2000,English - Mature,English - Mature - 2000s
tt0800320,2010,PG-13,English,Teen,2010,English - Teen,English - Teen - 2010s
tt0800325,2019,TV-MA,English,Mature,2010,English - Mature,English - Mature - 2010s
tt0800367,2007,R,English,Mature,2000,English - Mature,English - Mature - 2000s
tt0800369,2011,PG-13,English,Teen,2010,English - Teen,English - Teen - 2010s
tt0802948,2007,R,English,Mature,2000,English - Mature,English - Mature - 2000s
tt0803096,2016,PG-13,English,Teen,2010,English - Teen,English - Teen - 2010s
tt0804461,2007,R,English,Mature,2000,English - Mature,English - Mature - 2000s
tt0804497,2010,PG-13,English,Teen,2010,English - Teen,English - Teen - 2010s
tt0805564,2007,PG-13,English,Teen,2000,English - Teen,English - Teen - 2000s
tt0805570,2008,R,English,Mature,2000,English - Mature,English - Mature - 2000s
tt0808151,2009,PG-13,English,Teen,2000,English - Teen,English - Teen - 2000s
tt0808185,2006,Not Rated,Norwegian,Unknown,2000,Norwegian - Unknown,Norwegian - Unknown - 2000s
tt0808279,2007,R,English,Mature,2000,English - Mature,English - Mature - 2000s
tt0808357,2007,NC-17,Mandarin,Mature,2000,Mandarin - Mature,Mandarin - Mature - 2000s
tt0808417,2007,PG-13,French,Teen,2000,French - Teen,French - Teen - 2000s
tt0808506,2006,TV-PG,Japanese,Teen,2000,Japanese - Teen,Japanese - Teen - 2000s
tt0809504,2008,PG-13,English,Teen,2000,English - Teen,English - Teen - 2000s
tt0809535,2006,Unknown,Japanese,Unknown,2000,Japanese - Unknown,Japanese - Unknown - 2000s
tt0810819,2015,R,English,Mature,2010,English - Mature,English - Mature - 2010s
tt0811021,2010,PG,Spanish,Family,2010,Spanish - Family,Spanish - Family - 2010s
tt0811080,2008,PG,English,Family,2000,English - Family,English - Family - 2000s
tt0811106,2007,R,English,Mature,2000,English - Mature,English - Mature - 2000s
tt0812243,2007,Not Rated,Dutch,Unknown,2000,Dutch - Unknown,Dutch - Unknown - 2000s
tt0814255,2010,PG,English,Family,2010,English - Family,English - Family - 2010s
tt0815165,2007,Unknown,English,Unknown,2000,English - Unknown,English - Unknown - 2000s
tt0815236,2010,R,English,Mature,2010,English - Mature,English - Mature - 2010s
tt0815244,2007,PG-13,English,Teen,2000,English - Teen,English - Teen - 2000s
tt0815245,2009,PG-13,English,Teen,2000,English - Teen,English - Teen - 2000s
tt0816442,2013,PG-13,English,Teen,2010,English - Teen,English - Teen - 2010s
tt0816462,2011,R,English,Mature,2010,English - Mature,English - Mature - 2010s
tt0816692,2014,PG-13,English,Teen,2010,English - Teen,English - Teen - 2010s
tt0816711,2013,PG-13,English,Teen,2010,English - Teen,English - Teen - 2010s
tt0817177,2010,PG,English,Family,2010,English - Family,English - Family - 2010s
tt0817230,2010,PG-13,English,Teen,2010,English - Teen,English - Teen - 2010s
tt0821640,2009,PG-13,English,Teen,2000,English - Teen,English - Teen - 2000s
tt0821810,2008,PG,English,Family,2000,English - Family,English - Family - 2000s
tt0822832,2008,PG,English,Family,2000,English - Family,English - Family - 2000s
tt0822847,2011,PG-13,English,Teen,2010,English - Teen,English - Teen - 2010s
tt0822854,2007,R,English,Mature,2000,English - Mature,English - Mature - 2000s
tt0824747,2008,R,English,Mature,2000,English - Mature,English - Mature - 2000s
tt0825232,2007,PG-13,English,Teen,2000,English - Teen,English - Teen - 2000s
tt0825236,2007,PG,Arabic,Family,2000,Arabic - Family,Arabic - Family - 2000s
tt0825248,2007,Not Rated,French,Unknown,2000,French - Unknown,French - Unknown - 2000s
tt0829150,2014,PG-13,English,Teen,2010,English - Teen,English - Teen - 2010s
tt0829267,1977,Unknown,Latvian,Unknown,1970,Latvian - Unknown,Latvian - Unknown - 1970s
tt0829297,2007,R,English,Mature,2000,English - Mature,English - Mature - 2000s
tt0829459,2007,R,English,Mature,2000,English - Mature,English - Mature - 2000s
tt0830515,2008,PG-13,English,Teen,2000,English - Teen,English - Teen - 2000s
tt0831277,2008,Not Rated,English,Unknown,2000,English - Unknown,English - Unknown - 2000s
tt0831387,2014,PG-13,English,Teen,2010,English - Teen,English - Teen - 2010s
tt0831887,2008,PG-13,English,Teen,2000,English - Teen,English - Teen - 2000s
tt0832266,2008,PG-13,English,Teen,2000,English - Teen,English - Teen - 2000s
tt0834001,2009,R,English,Mature,2000,English - Mature,English - Mature - 2000s
tt0837562,2012,PG,English,Family,2010,English - Family,English - Family - 2010s
tt0837563,2019,R,English,Mature,2010,English - Mature,English - Mature - 2010s
tt0838221,2007,R,English,Mature,2000,English - Mature,English - Mature - 2000s
tt0839880,2007,R,English,Mature,2000,English - Mature,English - Mature - 2000s
tt0839980,2008,R,English,Mature,2000,English - Mature,English - Mature - 2000s
tt0840361,2010,R,English,Mature,2010,English - Mature,English - Mature - 2010s
tt0841108,2007,Not Rated,English,Unknown,2000,English - Unknown,English - Unknown - 2000s
tt0842926,2010,R,English,Mature,2010,English - Mature,English - Mature - 2010s
tt0844471,2009,PG,English,Family,2000,English - Family,English - Family - 2000s
tt0844479,2009,R,English,Mature,2000,English - Mature,English - Mature - 2000s
tt0844708,2009,R,English,Mature,2000,English - Mature,English - Mature - 2000s
tt0846040,2007,R,Italian,Mature,2000,Italian - Mature,Italian - Mature - 2000s
tt0848228,2012,PG-13,English,Teen,2010,English - Teen,English - Teen - 2010s
tt0848537,2013,PG,English,Family,2010,English - Family,English - Family - 2010s
tt0850677,2012,R,English,Mature,2010,English - Mature,English - Mature - 2010s
tt0851578,2006,R,Japanese,Mature,2000,Japanese - Mature,Japanese - Mature - 2000s
tt0853096,2006,R,English,Mature,2000,English - Mature,English - Mature - 2000s
tt0856778,2008,Unknown,English,Unknown,2000,English - Unknown,English - Unknown - 2000s
tt0857280,2008,Unknown,English,Unknown,2000,English - Unknown,English - Unknown - 2000s
tt0858436,2006,Not Rated,English,Unknown,2000,English - Unknown,English - Unknown - 2000s
tt0859163,2008,PG-13,English,Teen,2000,English - Teen,English - Teen - 2000s
tt0861689,2008,R,English,Mature,2000,English - Mature,English - Mature - 2000s
tt0861739,2007,R,Portuguese,Mature,2000,Portuguese - Mature,Portuguese - Mature - 2000s
tt0862688,2007,Unknown,Dutch,Unknown,2000,Dutch - Unknown,Dutch - Unknown - 2000s
tt0862856,2007,R,English,Mature,2000,English - Mature,English - Mature - 2000s
tt0864761,2008,PG-13,English,Teen,2000,English - Teen,English - Teen - 2000s
tt0864835,2014,PG,English,Family,2010,English - Family,English - Family - 2010s
tt0865556,2008,PG-13,English,Teen,2000,English - Teen,English - Teen - 2000s
tt0866439,2008,PG-13,English,Teen,2000,English - Teen,English - Teen - 2000s
tt0867404,2006,Unknown,Malayalam,Unknown,2000,Malayalam - Unknown,Malayalam - Unknown - 2000s
tt0870111,2008,R,English,Mature,2000,English - Mature,English - Mature - 2000s
tt0870154,2021,PG-13,English,Teen,2020,English - Teen,English - Teen - 2020s
tt0870195,2007,PG-13,English,Teen,2000,English - Teen,English - Teen - 2000s
tt0870967,2006,Not Rated,Korean,Unknown,2000,Korean - Unknown,Korean - Unknown - 2000s
tt0870984,2009,Not Rated,English,Unknown,2000,English - Unknown,English - Unknown - 2000s
tt0871510,2007,Not Rated,Hindi,Unknown,2000,Hindi - Unknown,Hindi - Unknown - 2000s
tt0872190,2007,Unknown,Hindi,Unknown,2000,Hindi - Unknown,Hindi - Unknown - 2000s
tt0872230,2010,R,English,Mature,2010,English - Mature,English - Mature - 2010s
tt0873886,2011,R,English,Mature,2010,English - Mature,English - Mature - 2010s
tt0875034,2009,PG-13,English,Teen,2000,English - Teen,English - Teen - 2000s
tt0876563,2008,G,Japanese,Family,2000,Japanese - Family,Japanese - Family - 2000s
tt0877355,2006,Not Rated,English,Unknown,2000,English - Unknown,English - Unknown - 2000s
tt0877621,2007,Unrated,French,Unknown,2000,French - Unknown,French - Unknown - 2000s
tt0878804,2009,PG-13,English,Teen,2000,English - Teen,English - Teen - 2000s
tt0879870,2010,PG-13,English,Teen,2010,English - Teen,English - Teen - 2010s
tt0881891,2009,PG-13,English,Teen,2000,English - Teen,English - Teen - 2000s
tt0882977,2013,PG-13,English,Teen,2010,English - Teen,English - Teen - 2010s
tt0884224,2008,R,English,Mature,2000,English - Mature,English - Mature - 2000s
tt0884237,2007,R,English,Mature,2000,English - Mature,English - Mature - 2000s
tt0884328,2007,R,English,Mature,2000,English - Mature,English - Mature - 2000s
tt0887883,2008,R,English,Mature,2000,English - Mature,English - Mature - 2000s
tt0887912,2008,R,English,Mature,2000,English - Mature,English - Mature - 2000s
tt0889573,2010,PG-13,English,Teen,2010,English - Teen,English - Teen - 2010s
tt0889615,2007,Unknown,Korean,Unknown,2000,Korean - Unknown,Korean - Unknown - 2000s
tt0890870,2007,R,English,Mature,2000,English - Mature,English - Mature - 2000s
tt0892318,2010,PG,English,Family,2010,English - Family,English - Family - 2010s
tt0892769,2010,PG,English,Family,2010,English - Family,English - Family - 2010s
tt0892782,2009,PG,English,Family,2000,English - Family,English - Family - 2000s
tt0892791,2010,PG,English,Family,2010,English - Family,English - Family - 2010s
tt0893356,2007,R,Japanese,Mature,2000,Japanese - Mature,Japanese - Mature - 2000s
tt0893401,2008,Unknown,English,Unknown,2000,English - Unknown,English - Unknown - 2000s
tt0896798,2007,R,English,Mature,2000,English - Mature,English - Mature - 2000s
tt0896872,2010,R,English,Mature,2010,English - Mature,English - Mature - 2010s
tt0898367,2009,R,English,Mature,2000,English - Mature,English - Mature - 2000s
tt0901476,2009,PG,English,Family,2000,English - Family,English - Family - 2000s
tt0901485,2007,Not Rated,French,Unknown,2000,French - Unknown,French - Unknown - 2000s
tt0903624,2012,PG-13,English,Teen,2010,English - Teen,English - Teen - 2010s
tt0903627,2008,R,English,Mature,2000,English - Mature,English - Mature - 2000s
tt0904049,2007,R,Japanese,Mature,2000,Japanese - Mature,Japanese - Mature - 2000s
tt0905372,2011,R,English,Mature,2010,English - Mature,English - Mature - 2010s
tt0906734,2008,R,English,Mature,2000,English - Mature,English - Mature - 2000s
tt0906778,2011,Not Rated,English,Unknown,2010,English - Unknown,English - Unknown - 2010s
tt0907657,2006,R,English,Mature,2000,English - Mature,English - Mature - 2000s
tt0910559,2008,Unrated,German,Unknown,2000,German - Unknown,German - Unknown - 2000s
tt0910904,2008,Not Rated,English,Unknown,2000,English - Unknown,English - Unknown - 2000s
tt0910936,2008,R,English,Mature,2000,English - Mature,English - Mature - 2000s
tt0910970,2008,G,English,Family,2000,English - Family,English - Family - 2000s
tt0914363,2008,Not Rated,English,Unknown,2000,English - Unknown,English - Unknown - 2000s
tt0914380,2008,Not Rated,English,Unknown,2000,English - Unknown,English - Unknown - 2000s
tt0914798,2008,PG-13,English,Teen,2000,English - Teen,English - Teen - 2000s
tt0914863,2010,R,English,Mature,2010,English - Mature,English - Mature - 2010s
tt0918554,Unknown,Unknown,Unknown,Unknown,0,Unknown - Unknown,Unknown - Unknown - Unknown Decade
tt0918927,2008,PG-13,English,Teen,2000,English - Teen,English - Teen - 2000s
tt0918940,2016,PG-13,English,Teen,2010,English - Teen,English - Teen - 2010s
tt0922547,2008,R,English,Mature,2000,English - Mature,English - Mature - 2000s
tt0925245,2008,Unknown,English,Unknown,2000,English - Unknown,English - Unknown - 2000s
tt0926084,2010,PG-13,English,Teen,2010,English - Teen,English - Teen - 2010s
tt0926762,2008,Unknown,Flemish,Unknown,2000,Flemish - Unknown,Flemish - Unknown - 2000s
tt0934459,2007,Not Rated,English,Unknown,2000,English - Unknown,English - Unknown - 2000s
tt0936501,2008,PG-13,English,Teen,2000,English - Teen,English - Teen - 2000s
tt0938283,2010,PG,English,Family,2010,English - Family,English - Family - 2010s
tt0938330,2012,R,English,Mature,2010,English - Mature,English - Mature - 2010s
tt0942384,2007,R,English,Mature,2000,English - Mature,English - Mature - 2000s
tt0942385,2008,R,English,Mature,2000,English - Mature,English - Mature - 2000s
tt0944835,2010,PG-13,English,Teen,2010,English - Teen,English - Teen - 2010s
tt0945513,2011,PG-13,English,Teen,2010,English - Teen,English - Teen - 2010s
tt0947798,2010,R,English,Mature,2010,English - Mature,English - Mature - 2010s
tt0947802,2008,PG-13,English,Teen,2000,English - Teen,English - Teen - 2000s
tt0947810,2010,R,English,Mature,2010,English - Mature,English - Mature - 2010s
tt0948470,2012,PG-13,English,Teen,2010,English - Teen,English - Teen - 2010s
tt0949731,2008,R,English,Mature,2000,English - Mature,English - Mature - 2000s
tt0951333,2008,PG,English,Family,2000,English - Family,English - Family - 2000s
tt0952640,2007,PG,English,Family,2000,English - Family,English - Family - 2000s
tt0952682,2007,PG-13,English,Teen,2000,English - Teen,English - Teen - 2000s
tt0954981,2008,Unknown,English,Unknown,2000,English - Unknown,English - Unknown - 2000s
tt0955308,2010,PG-13,English,Teen,2010,English - Teen,English - Teen - 2010s
tt0956038,2008,PG-13,English,Teen,2000,English - Teen,English - Teen - 2000s
tt0959337,2008,R,English,Mature,2000,English - Mature,English - Mature - 2000s
tt0960144,2008,PG-13,English,Teen,2000,English - Teen,English - Teen - 2000s
tt0960731,2008,PG,English,Family,2000,English - Family,English - Family - 2000s
tt0961097,2011,PG,French,Family,2010,French - Family,French - Family - 2010s
tt0962726,2008,G,English,Family,2000,English - Family,English - Family - 2000s
tt0962736,2009,PG,English,Family,2000,English - Family,English - Family - 2000s
tt0962762,2007,Not Rated,Japanese,Unknown,2000,Japanese - Unknown,Japanese - Unknown - 2000s
tt0963178,2009,R,English,Mature,2000,English - Mature,English - Mature - 2000s
tt0963794,2008,R,English,Mature,2000,English - Mature,English - Mature - 2000s
tt0963966,2010,PG,English,Family,2010,English - Family,English - Family - 2010s
tt0964517,2010,R,English,Mature,2010,English - Mature,English - Mature - 2010s
tt0964529,2008,Not Rated,English,Unknown,2000,English - Unknown,English - Unknown - 2000s
tt0964586,2008,PG-13,English,Teen,2000,English - Teen,English - Teen - 2000s
tt0970179,2011,PG,English,Family,2010,English - Family,English - Family - 2010s
tt0970411,2008,PG,English,Family,2000,English - Family,English - Family - 2000s
tt0970416,2008,PG-13,English,Teen,2000,English - Teen,English - Teen - 2000s
tt0970452,2009,R,English,Mature,2000,English - Mature,English - Mature - 2000s
tt0970468,2008,PG-13,English,Teen,2000,English - Teen,English - Teen - 2000s
tt0970866,2010,PG-13,English,Teen,2010,English - Teen,English - Teen - 2010s
tt0971209,2009,R,English,Mature,2000,English - Mature,English - Mature - 2000s
tt0972542,2005,R,Korean,Mature,2000,Korean - Mature,Korean - Mature - 2000s
tt0974015,2017,PG-13,English,Teen,2010,English - Teen,English - Teen - 2010s
tt0974554,2008,R,English,Mature,2000,English - Mature,English - Mature - 2000s
tt0974661,2009,PG-13,English,Teen,2000,English - Teen,English - Teen - 2000s
tt0975645,2012,PG-13,English,Teen,2010,English - Teen,English - Teen - 2010s
tt0976051,2008,R,English,Mature,2000,English - Mature,English - Mature - 2000s
tt0976238,2009,PG,English,Family,2000,English - Family,English - Family - 2000s
tt0978762,2009,Not Rated,English,Unknown,2000,English - Unknown,English - Unknown - 2000s
tt0978764,2011,PG-13,English,Teen,2010,English - Teen,English - Teen - 2010s
tt0980970,2010,PG,English,Family,2010,English - Family,English - Family - 2010s
tt0981072,2008,R,English,Mature,2000,English - Mature,English - Mature - 2000s
tt0981227,2008,PG-13,English,Teen,2000,English - Teen,English - Teen - 2000s
tt0982914,2007,Unknown,English,Unknown,2000,English - Unknown,English - Unknown - 2000s
tt0983193,2011,PG,English,Family,2010,English - Family,English - Family - 2010s
tt0983250,2012,R,English,Mature,2010,English - Mature,English - Mature - 2010s
tt0984130,2008,Unknown,Mandarin,Unknown,2000,Mandarin - Unknown,Mandarin - Unknown - 2000s
tt0985694,2010,R,English,Mature,2010,English - Mature,English - Mature - 2010s
tt0985699,2008,PG-13,English,Teen,2000,English - Teen,English - Teen - 2000s
tt0986233,2008,Not Rated,English,Unknown,2000,English - Unknown,English - Unknown - 2000s
tt0986263,2009,PG-13,English,Teen,2000,English - Teen,English - Teen - 2000s
tt0986264,2007,PG,Hindi,Family,2000,Hindi - Family,Hindi - Family - 2000s
tt0988045,2009,PG-13,English,Teen,2000,English - Teen,English - Teen - 2000s
tt0988595,2008,PG-13,English,Teen,2000,English - Teen,English - Teen - 2000s
tt0988982,2007,Not Rated,Japanese,Unknown,2000,Japanese - Unknown,Japanese - Unknown - 2000s
tt0989757,2010,PG-13,English,Teen,2010,English - Teen,English - Teen - 2010s
tt0990361,2007,Not Rated,French,Unknown,2000,French - Unknown,French - Unknown - 2000s
tt0990407,2011,PG-13,English,Teen,2010,English - Teen,English - Teen - 2010s
tt0993840,2021,R,English,Mature,2020,English - Mature,English - Mature - 2020s
tt0993842,2011,PG-13,English,Teen,2010,English - Teen,English - Teen - 2010s
tt0993846,2013,R,English,Mature,2010,English - Mature,English - Mature - 2010s
tt0995039,2008,PG-13,English,Teen,2000,English - Teen,English - Teen - 2000s
tt0995851,2009,R,English,Mature,2000,English - Mature,English - Mature - 2000s
tt0995868,2016,PG,English,Family,2010,English - Family,English - Family - 2010s
tt0997047,2008,G,English,Family,2000,English - Family,English - Family - 2000s
tt0999913,2011,R,English,Mature,2010,English - Mature,English - Mature - 2010s
tt1000095,2006,TV-Y7-FV,Japanese,Teen,2000,Japanese - Teen,Japanese - Teen - 2000s
tt10004396,2018,TV-MA,Persian,Mature,2010,Persian - Mature,Persian - Mature - 2010s
tt10004944,2019,Unknown,English,Unknown,2010,English - Unknown,English - Unknown - 2010s
tt1000774,2008,R,English,Mature,2000,English - Mature,English - Mature - 2000s
tt10011228,2020,Not Rated,English,Unknown,2020,English - Unknown,English - Unknown - 2020s
tt1001508,2009,PG-13,English,Teen,2000,English - Teen,English - Teen - 2000s
tt1001526,2010,PG,English,Family,2010,English - Family,English - Family - 2010s
tt10016180,2021,R,English,Mature,2020,English - Mature,English - Mature - 2020s
tt10022990,2020,Not Rated,Tamil,Unknown,2020,Tamil - Unknown,Tamil - Unknown - 2020s
tt1002567,2007,TV-14,Korean,Teen,2000,Korean - Teen,Korean - Teen - 2000s
tt10028196,2022,PG-13,Hindi,Teen,2020,Hindi - Teen,Hindi - Teen - 2020s
tt1003005,2007,R,Danish,Mature,2000,Danish - Mature,Danish - Mature - 2000s
tt1003023,2008,R,Spanish,Mature,2000,Spanish - Mature,Spanish - Mature - 2000s
tt10037014,2021,PG-13,English,Teen,2020,English - Teen,English - Teen - 2020s
tt10039344,2019,PG-13,English,Teen,2010,English - Teen,English - Teen - 2010s
tt10059518,2020,R,English,Mature,2020,English - Mature,English - Mature - 2020s
tt10065694,2020,R,English,Mature,2020,English - Mature,English - Mature - 2020s
tt10068916,2020,TV-MA,Japanese,Mature,2020,Japanese - Mature,Japanese - Mature - 2020s
tt1007028,2008,R,English,Mature,2000,English - Mature,English - Mature - 2000s
tt1007029,2011,PG-13,English,Teen,2010,English - Teen,English - Teen - 2010s
tt10076106,2019,Unknown,Telugu,Unknown,2010,Telugu - Unknown,Telugu - Unknown - 2010s
tt10086834,2019,Unknown,English,Unknown,2010,English - Unknown,English - Unknown - 2010s
tt10097384,2021,Unknown,Mandarin,Unknown,2020,Mandarin - Unknown,Mandarin - Unknown - 2020s
tt10098288,2021,Unknown,Hindi,Unknown,2020,Hindi - Unknown,Hindi - Unknown - 2020s
tt1010048,2008,R,English,Mature,2000,English - Mature,English - Mature - 2000s
tt1010271,2007,R,English,Mature,2000,English - Mature,English - Mature - 2000s
tt1010455,2007,Unknown,Dutch,Unknown,2000,Dutch - Unknown,Dutch - Unknown - 2000s
tt10110022,2020,Unknown,Czech,Unknown,2020,Czech - Unknown,Czech - Unknown - 2020s
tt10110872,Unknown,Unknown,Unknown,Unknown,0,Unknown - Unknown,Unknown - Unknown - Unknown Decade
tt10121762,2019,Not Rated,Tamil,Unknown,2010,Tamil - Unknown,Tamil - Unknown - 2010s
tt10127562,2019,Unknown,Japanese,Unknown,2010,Japanese - Unknown,Japanese - Unknown - 2010s
tt1013743,2010,PG-13,English,Teen,2010,English - Teen,English - Teen - 2010s
tt1013752,2009,PG-13,English,Teen,2000,English - Teen,English - Teen - 2000s
tt1013753,2008,R,English,Mature,2000,English - Mature,English - Mature - 2000s
tt1013860,2010,PG-13,English,Teen,2010,English - Teen,English - Teen - 2010s
tt1014759,2010,PG,English,Family,2010,English - Family,English - Family - 2010s
tt1014763,2015,R,English,Mature,2010,English - Mature,English - Mature - 2010s
tt10147910,2020,Unknown,Thai,Unknown,2020,Thai - Unknown,Thai - Unknown - 2020s
tt10151054,2020,R,English,Mature,2020,English - Mature,English - Mature - 2020s
tt1016150,2022,R,German,Mature,2020,German - Mature,German - Mature - 2020s
tt1017460,2009,R,English,Mature,2000,English - Mature,English - Mature - 2000s
tt10183816,2020,TV-14,English,Teen,2020,English - Teen,English - Teen - 2020s
tt10187146,2019,Unknown,Russian,Unknown,2010,Russian - Unknown,Russian - Unknown - 2010s
tt10187680,2020,Not Rated,Malayalam,Unknown,2020,Malayalam - Unknown,Malayalam - Unknown - 2020s
tt10188020,2019,Unknown,English,Unknown,2010,English - Unknown,English - Unknown - 2010s
tt10188156,2019,Unknown,English,Unknown,2010,English - Unknown,English - Unknown - 2010s
tt10189514,2020,TV-MA,Tamil,Mature,2020,Tamil - Mature,Tamil - Mature - 2020s
tt10190390,2019,Unknown,English,Unknown,2010,English - Unknown,English - Unknown - 2010s
tt10192566,2020,R,English,Mature,2020,English - Mature,English - Mature - 2020s
tt10199586,2019,TV-14,Wolof,Teen,2010,Wolof - Teen,Wolof - Teen - 2010s
tt1020072,2014,PG-13,English,Teen,2010,English - Teen,English - Teen - 2010s
tt1020530,2008,R,English,Mature,2000,English - Mature,English - Mature - 2000s
tt1020558,2010,R,English,Mature,2010,English - Mature,English - Mature - 2010s
tt10207710,2021,R,English,Mature,2020,English - Mature,English - Mature - 2020s
tt1020889,2006,Unknown,Russian,Unknown,2000,Russian - Unknown,Russian - Unknown - 2000s
tt1020972,2007,Unknown,Mandarin,Unknown,2000,Mandarin - Unknown,Mandarin - Unknown - 2000s
tt10218674,2019,PG-13,Mandarin,Teen,2010,Mandarin - Teen,Mandarin - Teen - 2010s
tt10223460,2022,PG-13,English,Teen,2020,English - Teen,English - Teen - 2020s
tt1022603,2009,PG-13,English,Teen,2000,English - Teen,English - Teen - 2000s
tt10228168,2019,TV-MA,Japanese,Mature,2010,Japanese - Mature,Japanese - Mature - 2010s
tt10229936,2019,Unknown,Danish,Unknown,2010,Danish - Unknown,Danish - Unknown - 2010s
tt10230590,2022,Unknown,English,Unknown,2020,English - Unknown,English - Unknown - 2020s
tt1023111,2008,PG-13,English,Teen,2000,English - Teen,English - Teen - 2000s
tt1023114,2010,PG-13,English,Teen,2010,English - Teen,English - Teen - 2010s
tt1023347,2007,Not Rated,English,Unknown,2000,English - Unknown,English - Unknown - 2000s
tt1023481,2008,PG-13,English,Teen,2000,English - Teen,English - Teen - 2000s
tt1023500,2009,Not Rated,English,Unknown,2000,English - Unknown,English - Unknown - 2000s
tt10239930,2019,Not Rated,English,Unknown,2010,English - Unknown,English - Unknown - 2010s
tt10243676,2021,Unrated,French,Unknown,2020,French - Unknown,French - Unknown - 2020s
tt10245072,2024,R,English,Mature,2020,English - Mature,English - Mature - 2020s
tt1024648,2012,R,English,Mature,2010,English - Mature,English - Mature - 2010s
tt1025100,2019,PG-13,English,Teen,2010,English - Teen,English - Teen - 2010s
tt10262380,2020,Not Rated,English,Unknown,2020,English - Unknown,English - Unknown - 2020s
tt10272386,2020,PG-13,English,Teen,2020,English - Teen,English - Teen - 2020s
tt10275080,2020,Unknown,English,Unknown,2020,English - Unknown,English - Unknown - 2020s
tt1027683,2010,R,English,Mature,2010,English - Mature,English - Mature - 2010s
tt10279102,2019,Unknown,English,Unknown,2010,English - Unknown,English - Unknown - 2010s
tt10279104,2019,Unknown,English,Unknown,2010,English - Unknown,English - Unknown - 2010s
tt10280276,2020,TV-14,Hindi,Teen,2020,Hindi - Teen,Hindi - Teen - 2020s
tt1028528,2007,R,English,Mature,2000,English - Mature,English - Mature - 2000s
tt1028532,2009,G,English,Family,2000,English - Family,English - Family - 2000s
tt10287954,2020,TV-14,Italian,Teen,2020,Italian - Teen,Italian - Teen - 2020s
tt1029234,2008,R,French,Mature,2000,French - Mature,French - Mature - 2000s
tt1029241,2008,R,English,Mature,2000,English - Mature,English - Mature - 2000s
tt10293406,2021,R,English,Mature,2020,English - Mature,English - Mature - 2020s
tt10295212,2021,TV-14,Hindi,Teen,2020,Hindi - Teen,Hindi - Teen - 2020s
tt10298810,2022,PG,English,Family,2020,English - Family,English - Family - 2020s
tt10298840,2022,PG,English,Family,2020,English - Family,English - Family - 2020s
tt10300174,2019,Unknown,English,Unknown,2010,English - Unknown,English - Unknown - 2010s
tt10300286,2020,Unknown,Cantonese,Unknown,2020,Cantonese - Unknown,Cantonese - Unknown - 2020s
tt10304142,2022,R,English,Mature,2020,English - Mature,English - Mature - 2020s
tt10305616,2019,Unknown,Hindi,Unknown,2010,Hindi - Unknown,Hindi - Unknown - 2010s
tt10308634,2019,Unknown,Korean,Unknown,2010,Korean - Unknown,Korean - Unknown - 2010s
tt1031280,2008,R,English,Mature,2000,English - Mature,English - Mature - 2000s
tt10322592,2019,Unknown,Urdu,Unknown,2010,Urdu - Unknown,Urdu - Unknown - 2010s
tt1032755,2008,R,English,Mature,2000,English - Mature,English - Mature - 2000s
tt1032856,2007,PG-13,Hebrew,Teen,2000,Hebrew - Teen,Hebrew - Teen - 2000s
tt10333426,2021,R,English,Mature,2020,English - Mature,English - Mature - 2020s
tt1033483,2008,Not Rated,Arabic,Unknown,2000,Arabic - Unknown,Arabic - Unknown - 2000s
tt1033643,2008,PG-13,English,Teen,2000,English - Teen,English - Teen - 2000s
tt1034032,2009,R,English,Mature,2000,English - Mature,English - Mature - 2000s
tt10340562,2022,Unknown,Tamil,Unknown,2020,Tamil - Unknown,Tamil - Unknown - 2020s
tt10341248,2019,Not Rated,Korean,Unknown,2010,Korean - Unknown,Korean - Unknown - 2010s
tt10342914,2021,Unknown,English,Unknown,2020,English - Unknown,English - Unknown - 2020s
tt1034303,2008,R,English,Mature,2000,English - Mature,English - Mature - 2000s
tt1034306,2008,R,English,Mature,2000,English - Mature,English - Mature - 2000s
tt1034314,2012,R,English,Mature,2010,English - Mature,English - Mature - 2010s
tt1034331,2008,R,English,Mature,2000,English - Mature,English - Mature - 2000s
tt1034389,2011,PG-13,English,Teen,2010,English - Teen,English - Teen - 2010s
tt1034415,2018,R,English,Mature,2010,English - Mature,English - Mature - 2010s
tt10368460,2020,Unknown,Italian,Unknown,2020,Italian - Unknown,Italian - Unknown - 2020s
tt10370710,2021,R,Norwegian,Mature,2020,Norwegian - Mature,Norwegian - Mature - 2020s
tt10373830,2020,Unrated,English,Unknown,2020,English - Unknown,English - Unknown - 2020s
tt1037705,2010,R,English,Mature,2010,English - Mature,English - Mature - 2010s
tt1037850,2007,Not Rated,Mandarin,Unknown,2000,Mandarin - Unknown,Mandarin - Unknown - 2000s
tt1038043,2009,Not Rated,English,Unknown,2000,English - Unknown,English - Unknown - 2000s
tt10384908,2019,Unknown,French,Unknown,2010,French - Unknown,French - Unknown - 2010s
tt10384944,2020,Unknown,German,Unknown,2020,German - Unknown,German - Unknown - 2020s
tt1038686,2010,R,English,Mature,2010,English - Mature,English - Mature - 2010s
tt1038919,2010,PG-13,English,Teen,2010,English - Teen,English - Teen - 2010s
tt1038988,2007,R,Spanish,Mature,2000,Spanish - Mature,Spanish - Mature - 2000s
tt10399114,2020,Not Rated,English,Unknown,2020,English - Unknown,English - Unknown - 2020s
tt10408944,2020,Not Rated,English,Unknown,2020,English - Unknown,English - Unknown - 2020s
tt1041829,2009,PG-13,English,Teen,2000,English - Teen,English - Teen - 2000s
tt10419266,2019,TV-Y,Malay,Family,2010,Malay - Family,Malay - Family - 2010s
tt10419566,2020,Unknown,Spanish,Unknown,2020,Spanish - Unknown,Spanish - Unknown - 2020s
tt1043726,2014,PG-13,English,Teen,2010,English - Teen,English - Teen - 2010s
tt10449460,2019,Unknown,English,Unknown,2010,English - Unknown,English - Unknown - 2010s
tt1045658,2012,R,English,Mature,2010,English - Mature,English - Mature - 2010s
tt10457128,2020,Not Rated,French,Unknown,2020,French - Unknown,French - Unknown - 2020s
tt1045772,2009,R,English,Mature,2000,English - Mature,English - Mature - 2000s
tt1046171,2011,R,English,Mature,2010,English - Mature,English - Mature - 2010s
tt1046173,2009,PG-13,English,Teen,2000,English - Teen,English - Teen - 2000s
tt10464930,2020,Unknown,English,Unknown,2020,English - Unknown,English - Unknown - 2020s
tt10469804,2020,Unknown,French,Unknown,2020,French - Unknown,French - Unknown - 2020s
tt1046997,2008,R,English,Mature,2000,English - Mature,English - Mature - 2000s
tt1047540,2012,PG,English,Family,2010,English - Family,English - Family - 2010s
tt1048171,2008,Unrated,French,Unknown,2000,French - Unknown,French - Unknown - 2000s
tt10483152,2022,13+,Spanish,Unknown,2020,Spanish - Unknown,Spanish - Unknown - 2020s
tt1049413,2009,PG,English,Family,2000,English - Family,English - Family - 2000s
tt10505918,2025,Unknown,Malayalam,Unknown,2020,Malayalam - Unknown,Malayalam - Unknown - 2020s
tt10510654,2019,TV-MA,Korean,Mature,2010,Korean - Mature,Korean - Mature - 2010s
tt10516176,2020,Not Rated,Korean,Unknown,2020,Korean - Unknown,Korean - Unknown - 2020s
tt1051904,2015,PG,English,Family,2010,English - Family,English - Family - 2010s
tt1051906,2020,R,English,Mature,2020,English - Mature,English - Mature - 2020s
tt1053424,2010,R,English,Mature,2010,English - Mature,English - Mature - 2010s
tt10534996,2020,Unknown,French,Unknown,2020,French - Unknown,French - Unknown - 2020s
tt10539608,2020,PG-13,English,Teen,2020,English - Teen,English - Teen - 2020s
tt10540510,2021,PG-13,Japanese,Teen,2020,Japanese - Teen,Japanese - Teen - 2020s
tt1054606,2009,PG-13,English,Teen,2000,English - Teen,English - Teen - 2000s
tt10546090,2020,Unknown,English,Unknown,2020,English - Unknown,English - Unknown - 2020s
tt10548174,2025,R,English,Mature,2020,English - Mature,English - Mature - 2020s
tt1055292,2010,PG-13,English,Teen,2010,English - Teen,English - Teen - 2010s
tt1055369,2009,PG-13,English,Teen,2000,English - Teen,English - Teen - 2000s
tt10554232,2020,R,Serbian,Mature,2020,Serbian - Mature,Serbian - Mature - 2020s
tt1057500,2009,PG-13,English,Teen,2000,English - Teen,English - Teen - 2000s
tt10579380,Unknown,Unknown,Unknown,Unknown,0,Unknown - Unknown,Unknown - Unknown - Unknown Decade
tt1058017,2009,PG-13,English,Teen,2000,English - Teen,English - Teen - 2000s
tt1059786,2008,PG-13,English,Teen,2000,English - Teen,English - Teen - 2000s
tt10597934,2019,Unknown,English,Unknown,2010,English - Unknown,English - Unknown - 2010s
tt1060277,2008,PG-13,English,Teen,2000,English - Teen,English - Teen - 2000s
tt10617192,2021,Unknown,English,Unknown,2020,English - Unknown,English - Unknown - 2020s
tt10618286,2020,R,English,Mature,2020,English - Mature,English - Mature - 2020s
tt10627720,2019,Not Rated,Mandarin,Unknown,2010,Mandarin - Unknown,Mandarin - Unknown - 2010s
tt10633676,2019,Unknown,Korean,Unknown,2010,Korean - Unknown,Korean - Unknown - 2010s
tt10635042,2021,TV-14,Japanese,Teen,2020,Japanese - Teen,Japanese - Teen - 2020s
tt1063669,2008,Not Rated,German,Unknown,2000,German - Unknown,German - Unknown - 2000s
tt10640346,2022,R,English,Mature,2020,English - Mature,English - Mature - 2020s
tt10645682,2019,Unknown,English,Unknown,2010,English - Unknown,English - Unknown - 2010s
tt1064744,2008,R,English,Mature,2000,English - Mature,English - Mature - 2000s
tt10648342,2022,PG-13,English,Teen,2020,English - Teen,English - Teen - 2020s
tt1064932,2008,Not Rated,French,Unknown,2000,French - Unknown,French - Unknown - 2000s
tt1064976,2008,Unknown,French,Unknown,2000,French - Unknown,French - Unknown - 2000s
tt10651230,2023,R,Polish,Mature,2020,Polish - Mature,Polish - Mature - 2020s
tt10655524,2024,PG-13,English,Teen,2020,English - Teen,English - Teen - 2020s
tt10656188,2019,Not Rated,Indonesian,Unknown,2010,Indonesian - Unknown,Indonesian - Unknown - 2010s
tt10656794,2022,Unknown,English,Unknown,2020,English - Unknown,English - Unknown - 2020s
tt10660156,2019,Unknown,Galician,Unknown,2010,Galician - Unknown,Galician - Unknown - 2010s
tt10665338,2021,R,English,Mature,2020,English - Mature,English - Mature - 2020s
tt10665342,2022,R,English,Mature,2020,English - Mature,English - Mature - 2020s
tt1067090,2010,Unknown,English,Unknown,2010,English - Unknown,English - Unknown - 2010s
tt1067106,2009,PG,English,Family,2000,English - Family,English - Family - 2000s
tt1067583,2011,PG-13,English,Teen,2010,English - Teen,English - Teen - 2010s
tt10676052,2025,PG-13,English,Teen,2020,English - Teen,English - Teen - 2020s
tt10676120,2022,Unknown,English,Unknown,2020,English - Unknown,English - Unknown - 2020s
tt10676126,2021,Unknown,Arabic,Unknown,2020,Arabic - Unknown,Arabic - Unknown - 2020s
tt10678722,2020,Unknown,N/A,Unknown,2020,N/A - Unknown,N/A - Unknown - 2020s
tt1068680,2008,PG-13,English,Teen,2000,English - Teen,English - Teen - 2000s
tt10687168,2019,Unknown,Mandarin,Unknown,2010,Mandarin - Unknown,Mandarin - Unknown - 2010s
tt10691094,2019,Unknown,English,Unknown,2010,English - Unknown,English - Unknown - 2010s
tt10691112,2019,Not Rated,English,Unknown,2010,English - Unknown,English - Unknown - 2010s
tt10695464,2020,Unknown,English,Unknown,2020,English - Unknown,English - Unknown - 2020s
tt10696116,2022,Unknown,English,Unknown,2020,English - Unknown,English - Unknown - 2020s
tt10696784,2021,R,English,Mature,2020,English - Mature,English - Mature - 2020s
tt10698680,2022,Not Rated,Kannada,Unknown,2020,Kannada - Unknown,Kannada - Unknown - 2020s
tt10704342,2021,Unknown,English,Unknown,2020,English - Unknown,English - Unknown - 2020s
tt1070874,2020,R,English,Mature,2020,English - Mature,English - Mature - 2020s
tt10713340,2020,Unknown,English,Unknown,2020,English - Unknown,English - Unknown - 2020s
tt1071875,2011,PG-13,English,Teen,2010,English - Teen,English - Teen - 2010s
tt1072438,2009,PG-13,English,Teen,2000,English - Teen,English - Teen - 2000s
tt1073105,2009,R,English,Mature,2000,English - Mature,English - Mature - 2000s
tt10731256,2022,R,English,Mature,2020,English - Mature,English - Mature - 2020s
tt1073241,2008,R,English,Mature,2000,English - Mature,English - Mature - 2000s
tt1073498,2008,PG-13,English,Teen,2000,English - Teen,English - Teen - 2000s
tt10740584,2020,TV-MA,English,Mature,2020,English - Mature,English - Mature - 2020s
tt10740928,2020,R,English,Mature,2020,English - Mature,English - Mature - 2020s
tt1074638,2012,PG-13,English,Teen,2010,English - Teen,English - Teen - 2010s
tt1074653,2007,TV-14,English,Teen,2000,English - Teen,English - Teen - 2000s
tt10750898,1983,Unknown,N/A,Unknown,1980,N/A - Unknown,N/A - Unknown - 1980s
tt1075113,2009,Not Rated,French,Unknown,2000,French - Unknown,French - Unknown - 2000s
tt10763342,2022,Unknown,N/A,Unknown,2020,N/A - Unknown,N/A - Unknown - 2020s
tt10763820,2021,TV-14,English,Teen,2020,English - Teen,English - Teen - 2020s
tt10765896,2019,Unknown,Japanese,Unknown,2010,Japanese - Unknown,Japanese - Unknown - 2010s
tt1077258,2007,R,English,Mature,2000,English - Mature,English - Mature - 2000s
tt1077368,2012,PG-13,English,Teen,2010,English - Teen,English - Teen - 2010s
tt1078588,2009,PG-13,English,Teen,2000,English - Teen,English - Teen - 2000s
tt1078912,2009,PG,English,Family,2000,English - Family,English - Family - 2000s
tt10791152,2021,Unknown,Italian,Unknown,2020,Italian - Unknown,Italian - Unknown - 2020s
tt1080016,2009,PG,English,Family,2000,English - Family,English - Family - 2000s
tt10810850,2021,Unknown,English,Unknown,2020,English - Unknown,English - Unknown - 2020s
tt10816616,2020,Unknown,English,Unknown,2020,English - Unknown,English - Unknown - 2020s
tt1082868,2008,R,English,Mature,2000,English - Mature,English - Mature - 2000s
tt1082886,2008,R,English,Mature,2000,English - Mature,English - Mature - 2000s
tt10833378,2022,Not Rated,English,Unknown,2020,English - Unknown,English - Unknown - 2020s
tt1083452,2015,PG-13,English,Teen,2010,English - Teen,English - Teen - 2010s
tt10837312,2018,Unknown,English,Unknown,2010,English - Unknown,English - Unknown - 2010s
tt10838180,2021,R,English,Mature,2020,English - Mature,English - Mature - 2020s
tt1084019,2007,Not Rated,Japanese,Unknown,2000,Japanese - Unknown,Japanese - Unknown - 2000s
tt1085382,2009,R,English,Mature,2000,English - Mature,English - Mature - 2000s
tt10854954,2021,Unknown,English,Unknown,2020,English - Unknown,English - Unknown - 2020s
tt1086772,2014,PG-13,English,Teen,2010,English - Teen,English - Teen - 2010s
tt10872600,2021,PG-13,English,Teen,2020,English - Teen,English - Teen - 2020s
tt10873412,2019,Unknown,Vietnamese,Unknown,2010,Vietnamese - Unknown,Vietnamese - Unknown - 2010s
tt1087472,2008,R,English,Mature,2000,English - Mature,English - Mature - 2000s
tt1087524,2010,R,English,Mature,2010,English - Mature,English - Mature - 2010s
tt1087861,2009,Unknown,Danish,Unknown,2000,Danish - Unknown,Danish - Unknown - 2000s
tt10886166,2020,TV-MA,Polish,Mature,2020,Polish - Mature,Polish - Mature - 2020s
tt10887902,2020,Not Rated,English,Unknown,2020,English - Unknown,English - Unknown - 2020s
tt1090680,2008,Unrated,Arabic,Unknown,2000,Arabic - Unknown,Arabic - Unknown - 2000s
tt1091191,2013,R,English,Mature,2010,English - Mature,English - Mature - 2010s
tt1091722,2009,R,English,Mature,2000,English - Mature,English - Mature - 2000s
tt1091840,2000,Unknown,Persian,Unknown,2000,Persian - Unknown,Persian - Unknown - 2000s
tt10919380,2020,R,English,Mature,2020,English - Mature,English - Mature - 2020s
tt1091992,2008,Unknown,French,Unknown,2000,French - Unknown,French - Unknown - 2000s
tt1092026,2011,R,English,Mature,2010,English - Mature,English - Mature - 2010s
tt10929084,2019,Unknown,English,Unknown,2010,English - Unknown,English - Unknown - 2010s
tt10931784,2022,R,French,Mature,2020,French - Mature,French - Mature - 2020s
tt1093357,2011,PG-13,English,Teen,2010,English - Teen,English - Teen - 2010s
tt1093370,2007,Not Rated,Hindi,Unknown,2000,Hindi - Unknown,Hindi - Unknown - 2000s
tt1093908,2009,PG,English,Family,2000,English - Family,English - Family - 2000s
tt10944760,2021,R,French,Mature,2020,French - Mature,French - Mature - 2020s
tt10945288,2021,PG,French,Family,2020,French - Family,French - Family - 2020s
tt1095174,2009,PG,English,Family,2000,English - Family,English - Family - 2000s
tt1095217,2009,R,English,Mature,2000,English - Mature,English - Mature - 2000s
tt10952782,2020,Unknown,Spanish,Unknown,2020,Spanish - Unknown,Spanish - Unknown - 2020s
tt10954652,2021,PG-13,English,Teen,2020,English - Teen,English - Teen - 2020s
tt10954984,2022,R,English,Mature,2020,English - Mature,English - Mature - 2020s
tt10955148,2019,PG-13,English,Teen,2010,English - Teen,English - Teen - 2010s
tt10962368,2021,TV-MA,English,Mature,2020,English - Mature,English - Mature - 2020s
tt10963790,2019,Unknown,Arabic,Unknown,2010,Arabic - Unknown,Arabic - Unknown - 2010s
tt1097013,2009,R,English,Mature,2000,English - Mature,English - Mature - 2000s
tt1098327,2009,PG,English,Family,2000,English - Family,English - Family - 2000s
tt10984206,2021,Not Rated,Spanish,Unknown,2020,Spanish - Unknown,Spanish - Unknown - 2020s
tt10989240,2019,Unknown,English,Unknown,2010,English - Unknown,English - Unknown - 2010s
tt10989808,2020,Not Rated,English,Unknown,2020,English - Unknown,English - Unknown - 2020s
tt1099212,2008,PG-13,English,Teen,2000,English - Teen,English - Teen - 2000s
tt10999120,2022,PG-13,English,Teen,2020,English - Teen,English - Teen - 2020s
tt1100089,2014,R,English,Mature,2010,English - Mature,English - Mature - 2010s
tt11003218,2021,R,English,Mature,2020,English - Mature,English - Mature - 2020s
tt11005128,2022,R,English,Mature,2020,English - Mature,English - Mature - 2020s
tt11009666,2020,Unknown,English,Unknown,2020,English - Unknown,English - Unknown - 2020s
tt11011508,2020,Unknown,English,Unknown,2020,English - Unknown,English - Unknown - 2020s
tt11013434,2020,Unknown,French,Unknown,2020,French - Unknown,French - Unknown - 2020s
tt11015752,2019,Not Rated,English,Unknown,2010,English - Unknown,English - Unknown - 2010s
tt11023720,2019,Unknown,Telugu,Unknown,2010,Telugu - Unknown,Telugu - Unknown - 2010s
tt1103153,2010,PG-13,English,Teen,2010,English - Teen,English - Teen - 2010s
tt11033942,2021,Unknown,English,Unknown,2020,English - Unknown,English - Unknown - 2020s
tt1104001,2010,PG,English,Family,2010,English - Family,English - Family - 2010s
tt1104052,2009,Unknown,English,Unknown,2000,English - Unknown,English - Unknown - 2000s
tt11050886,2021,Unknown,Serbian,Unknown,2020,Serbian - Unknown,Serbian - Unknown - 2020s
tt11050992,2023,R,English,Mature,2020,English - Mature,English - Mature - 2020s
tt11051582,2019,Unknown,Sinhala,Unknown,2010,Sinhala - Unknown,Sinhala - Unknown - 2010s
tt11051974,2020,Unknown,Japanese,Unknown,2020,Japanese - Unknown,Japanese - Unknown - 2020s
tt11052678,2022,R,English,Mature,2020,English - Mature,English - Mature - 2020s
tt11056910,2020,Unrated,English,Unknown,2020,English - Unknown,English - Unknown - 2020s
tt1107860,2009,PG-13,English,Teen,2000,English - Teen,English - Teen - 2000s
tt11082246,2020,Unknown,English,Unknown,2020,English - Unknown,English - Unknown - 2020s
tt11083552,2021,R,English,Mature,2020,English - Mature,English - Mature - 2020s
tt11084432,2020,Unknown,English,Unknown,2020,English - Unknown,English - Unknown - 2020s
tt11086254,2020,Unknown,English,Unknown,2020,English - Unknown,English - Unknown - 2020s
tt1109624,2014,PG,English,Family,2010,English - Family,English - Family - 2010s
tt11101622,2021,Unknown,Spanish,Unknown,2020,Spanish - Unknown,Spanish - Unknown - 2020s
tt11102314,2021,TV-MA,Hindi,Mature,2020,Hindi - Mature,Hindi - Mature - 2020s
tt1111422,2009,R,English,Mature,2000,English - Mature,English - Mature - 2000s
tt1111876,2009,Not Rated,English,Unknown,2000,English - Unknown,English - Unknown - 2000s
tt1111890,2008,Not Rated,Spanish,Unknown,2000,Spanish - Unknown,Spanish - Unknown - 2000s
tt11125620,2021,PG,English,Family,2020,English - Family,English - Family - 2020s
tt11125636,2020,TV-G,French,Family,2020,French - Family,French - Family - 2020s
tt11127256,2020,Unknown,N/A,Unknown,2020,N/A - Unknown,N/A - Unknown - 2020s
tt11127380,2019,Unknown,English,Unknown,2010,English - Unknown,English - Unknown - 2010s
tt11127690,2020,TV-MA,Spanish,Mature,2020,Spanish - Mature,Spanish - Mature - 2020s
tt11127878,2020,TV-14,Indonesian,Teen,2020,Indonesian - Teen,Indonesian - Teen - 2020s
tt11130102,2019,Unknown,English,Unknown,2010,English - Unknown,English - Unknown - 2010s
tt11137336,2016,Unknown,Mandarin,Unknown,2010,Mandarin - Unknown,Mandarin - Unknown - 2010s
tt11138512,2022,R,English,Mature,2020,English - Mature,English - Mature - 2020s
tt1114740,2009,PG,English,Family,2000,English - Family,English - Family - 2000s
tt11154906,2020,TV-MA,Italian,Mature,2020,Italian - Mature,Italian - Mature - 2020s
tt1116182,2008,Not Rated,English,Unknown,2000,English - Unknown,English - Unknown - 2000s
tt11166382,2022,Unknown,English,Unknown,2020,English - Unknown,English - Unknown - 2020s
tt11170782,2022,Unknown,English,Unknown,2020,English - Unknown,English - Unknown - 2020s
tt1117385,2008,R,English,Mature,2000,English - Mature,English - Mature - 2000s
tt11177556,2020,R,English,Mature,2020,English - Mature,English - Mature - 2020s
tt11185940,2019,Unknown,English,Unknown,2010,English - Unknown,English - Unknown - 2010s
tt11188560,2021,Unknown,Danish,Unknown,2020,Danish - Unknown,Danish - Unknown - 2020s
tt11199356,2020,Not Rated,Telugu,Unknown,2020,Telugu - Unknown,Telugu - Unknown - 2020s
tt11203022,2022,TV-MA,English,Mature,2020,English - Mature,English - Mature - 2020s
tt11203346,2019,Unknown,Tagalog,Unknown,2010,Tagalog - Unknown,Tagalog - Unknown - 2010s
tt1120897,2007,Unknown,Hindi,Unknown,2000,Hindi - Unknown,Hindi - Unknown - 2000s
tt1120985,2010,R,English,Mature,2010,English - Mature,English - Mature - 2010s
tt11210390,2023,TV-PG,French,Teen,2020,French - Teen,French - Teen - 2020s
tt1121096,2014,PG-13,English,Teen,2010,English - Teen,English - Teen - 2010s
tt11214590,2021,R,English,Mature,2020,English - Mature,English - Mature - 2020s
tt11219254,2021,Unknown,Japanese,Unknown,2020,Japanese - Unknown,Japanese - Unknown - 2020s
tt1121931,2009,R,English,Mature,2000,English - Mature,English - Mature - 2000s
tt1121948,2024,R,English,Mature,2020,English - Mature,English - Mature - 2020s
tt1122863,1989,Unknown,Indonesian,Unknown,1980,Indonesian - Unknown,Indonesian - Unknown - 1980s
tt11233960,2021,R,English,Mature,2020,English - Mature,English - Mature - 2020s
tt1124035,2011,R,English,Mature,2010,English - Mature,English - Mature - 2010s
tt1124037,2016,R,English,Mature,2010,English - Mature,English - Mature - 2010s
tt1124396,2008,Unknown,Russian,Unknown,2000,Russian - Unknown,Russian - Unknown - 2000s
tt11245972,2022,R,English,Mature,2020,English - Mature,English - Mature - 2020s
tt1125849,2008,R,English,Mature,2000,English - Mature,English - Mature - 2000s
tt1126590,2014,PG-13,English,Teen,2010,English - Teen,English - Teen - 2010s
tt1126591,2010,PG-13,English,Teen,2010,English - Teen,English - Teen - 2010s
tt1126618,2010,PG-13,English,Teen,2010,English - Teen,English - Teen - 2010s
tt11271038,2021,R,English,Mature,2020,English - Mature,English - Mature - 2020s
tt1127180,2009,PG-13,English,Teen,2000,English - Teen,English - Teen - 2000s
tt1127855,2007,Unknown,Korean,Unknown,2000,Korean - Unknown,Korean - Unknown - 2000s
tt11280556,2020,Unknown,English,Unknown,2020,English - Unknown,English - Unknown - 2020s
tt1128075,2008,Unrated,Japanese,Unknown,2000,Japanese - Unknown,Japanese - Unknown - 2000s
tt11286314,2021,R,English,Mature,2020,English - Mature,English - Mature - 2020s
tt11287390,2019,Unknown,Spanish,Unknown,2010,Spanish - Unknown,Spanish - Unknown - 2010s
tt11291274,2022,R,English,Mature,2020,English - Mature,English - Mature - 2020s
tt1129423,2008,PG,English,Family,2000,English - Family,English - Family - 2000s
tt1129442,2008,PG-13,English,Teen,2000,English - Teen,English - Teen - 2000s
tt1130080,2009,R,English,Mature,2000,English - Mature,English - Mature - 2000s
tt1130884,2010,R,English,Mature,2010,English - Mature,English - Mature - 2010s
tt11310884,2020,Unknown,Spanish,Unknown,2020,Spanish - Unknown,Spanish - Unknown - 2020s
tt11316596,2019,Unknown,English,Unknown,2010,English - Unknown,English - Unknown - 2010s
tt1131734,2009,R,English,Mature,2000,English - Mature,English - Mature - 2000s
tt11317408,2021,Unknown,Mandarin,Unknown,2020,Mandarin - Unknown,Mandarin - Unknown - 2020s
tt11322942,2019,Unknown,English,Unknown,2010,English - Unknown,English - Unknown - 2010s
tt1132620,2009,R,Swedish,Mature,2000,Swedish - Mature,Swedish - Mature - 2000s
tt1132626,2008,R,English,Mature,2000,English - Mature,English - Mature - 2000s
tt11326928,2019,Unknown,English,Unknown,2010,English - Unknown,English - Unknown - 2010s
tt1133985,2011,PG-13,English,Teen,2010,English - Teen,English - Teen - 2010s
tt11343320,2020,Unknown,English,Unknown,2020,English - Unknown,English - Unknown - 2020s
tt1134854,2009,R,English,Mature,2000,English - Mature,English - Mature - 2000s
tt1135084,2010,PG-13,English,Teen,2010,English - Teen,English - Teen - 2010s
tt1135092,2009,R,English,Mature,2000,English - Mature,English - Mature - 2000s
tt1135487,2009,PG-13,English,Teen,2000,English - Teen,English - Teen - 2000s
tt1135503,2009,PG-13,English,Teen,2000,English - Teen,English - Teen - 2000s
tt1135952,2009,Not Rated,French,Unknown,2000,French - Unknown,French - Unknown - 2000s
tt1135985,2008,R,English,Mature,2000,English - Mature,English - Mature - 2000s
tt1135992,2007,Not Rated,Thai,Unknown,2000,Thai - Unknown,Thai - Unknown - 2000s
tt1136608,2009,R,English,Mature,2000,English - Mature,English - Mature - 2000s
tt1137450,2018,R,English,Mature,2010,English - Mature,English - Mature - 2010s
tt11388406,2020,R,English,Mature,2020,English - Mature,English - Mature - 2020s
tt11388416,2021,R,English,Mature,2020,English - Mature,English - Mature - 2020s
tt11389872,2024,PG-13,English,Teen,2020,English - Teen,English - Teen - 2020s
tt1139282,2009,R,English,Mature,2000,English - Mature,English - Mature - 2000s
tt1139319,2008,Unknown,English,Unknown,2000,English - Unknown,English - Unknown - 2000s
tt1139328,2010,PG-13,English,Teen,2010,English - Teen,English - Teen - 2010s
tt11394332,2020,Not Rated,English,Unknown,2020,English - Unknown,English - Unknown - 2020s
tt1139797,2008,R,Swedish,Mature,2000,Swedish - Mature,Swedish - Mature - 2000s
tt11412892,2021,Unknown,Polish,Unknown,2020,Polish - Unknown,Polish - Unknown - 2020s
tt11417886,2020,Unknown,Spanish,Unknown,2020,Spanish - Unknown,Spanish - Unknown - 2020s
tt11426228,2022,TV-14,English,Teen,2020,English - Teen,English - Teen - 2020s
tt1142977,2012,PG,English,Family,2010,English - Family,English - Family - 2010s
tt1142988,2009,R,English,Mature,2000,English - Mature,English - Mature - 2000s
tt1144804,2009,Not Rated,Hindi,Unknown,2000,Hindi - Unknown,Hindi - Unknown - 2000s
tt1144884,2009,R,English,Mature,2000,English - Mature,English - Mature - 2000s
tt11458170,2022,R,English,Mature,2020,English - Mature,English - Mature - 2020s
tt11460816,2022,Unrated,Portuguese,Unknown,2020,Portuguese - Unknown,Portuguese - Unknown - 2020s
tt11465692,2021,PG,English,Family,2020,English - Family,English - Family - 2020s
tt1147687,2009,R,English,Mature,2000,English - Mature,English - Mature - 2000s
tt1148204,2009,R,English,Mature,2000,English - Mature,English - Mature - 2000s
tt11482948,2021,Unknown,Mandarin,Unknown,2020,Mandarin - Unknown,Mandarin - Unknown - 2020s
tt1149362,2009,R,German,Mature,2000,German - Mature,German - Mature - 2000s
tt1151915,2008,PG-13,English,Teen,2000,English - Teen,English - Teen - 2000s
tt1152398,2011,PG-13,English,Teen,2010,English - Teen,English - Teen - 2010s
tt1152836,2009,R,English,Mature,2000,English - Mature,English - Mature - 2000s
tt1153543,2008,R,English,Mature,2000,English - Mature,English - Mature - 2000s
tt11547520,2020,Unknown,Russian,Unknown,2020,Russian - Unknown,Russian - Unknown - 2020s
tt1155056,2009,R,English,Mature,2000,English - Mature,English - Mature - 2000s
tt1155076,2010,PG,English,Family,2010,English - Family,English - Family - 2010s
tt11560730,2021,Unknown,German,Unknown,2020,German - Unknown,German - Unknown - 2020s
tt1156398,2009,R,English,Mature,2000,English - Mature,English - Mature - 2000s
tt11564214,2021,Unknown,Shanghainese,Unknown,2020,Shanghainese - Unknown,Shanghainese - Unknown - 2020s
tt11564570,2022,PG-13,English,Teen,2020,English - Teen,English - Teen - 2020s
tt1156505,2009,Not Rated,French,Unknown,2000,French - Unknown,French - Unknown - 2000s
tt11573276,2022,Unknown,English,Unknown,2020,English - Unknown,English - Unknown - 2020s
tt1157547,2008,Unknown,Italian,Unknown,2000,Italian - Unknown,Italian - Unknown - 2000s
tt11575888,2020,Unknown,English,Unknown,2020,English - Unknown,English - Unknown - 2020s
tt11580944,2021,Unknown,Telugu,Unknown,2020,Telugu - Unknown,Telugu - Unknown - 2020s
tt1158254,1979,Unknown,Indonesian,Unknown,1970,Indonesian - Unknown,Indonesian - Unknown - 1970s
tt11589366,2021,Unknown,English,Unknown,2020,English - Unknown,English - Unknown - 2020s
tt11591424,2021,Unknown,English,Unknown,2020,English - Unknown,English - Unknown - 2020s
tt1159922,2012,PG,English,Family,2010,English - Family,English - Family - 2010s
tt1160374,2009,Unrated,English,Unknown,2000,English - Unknown,English - Unknown - 2000s
tt1160419,2021,PG-13,English,Teen,2020,English - Teen,English - Teen - 2020s
tt11604676,2021,Unknown,Malayalam,Unknown,2020,Malayalam - Unknown,Malayalam - Unknown - 2020s
tt1160525,2008,Not Rated,Japanese,Unknown,2000,Japanese - Unknown,Japanese - Unknown - 2000s
tt11609692,2020,Unknown,English,Unknown,2020,English - Unknown,English - Unknown - 2020s
tt1160996,2013,Not Rated,English,Unknown,2010,English - Unknown,English - Unknown - 2010s
tt1161864,2011,PG-13,English,Teen,2010,English - Teen,English - Teen - 2010s
tt11631452,2020,Unknown,English,Unknown,2020,English - Unknown,English - Unknown - 2020s
tt1164999,2010,R,Spanish,Mature,2010,Spanish - Mature,Spanish - Mature - 2010s
tt11654032,2020,TV-Y,Chinese,Family,2020,Chinese - Family,Chinese - Family - 2020s
tt11655202,2020,Not Rated,Danish,Unknown,2020,Danish - Unknown,Danish - Unknown - 2020s
tt11656220,2021,R,English,Mature,2020,English - Mature,English - Mature - 2020s
tt1166100,2008,Not Rated,Hindi,Unknown,2000,Hindi - Unknown,Hindi - Unknown - 2000s
tt11662660,2022,Unknown,N/A,Unknown,2020,N/A - Unknown,N/A - Unknown - 2020s
tt11666128,2021,Unknown,English,Unknown,2020,English - Unknown,English - Unknown - 2020s
tt11685574,2020,TV-14,English,Teen,2020,English - Teen,English - Teen - 2020s
tt11695654,2020,TV-MA,English,Mature,2020,English - Mature,English - Mature - 2020s
tt1169841,2007,Unknown,Hindi,Unknown,2000,Hindi - Unknown,Hindi - Unknown - 2000s
tt11698800,2022,Unknown,English,Unknown,2020,English - Unknown,English - Unknown - 2020s
tt11703050,2022,TV-MA,English,Mature,2020,English - Mature,English - Mature - 2020s
tt1170358,2013,PG-13,English,Teen,2010,English - Teen,English - Teen - 2010s
tt1170399,2008,Not Rated,Hindi,Unknown,2000,Hindi - Unknown,Hindi - Unknown - 2000s
tt1172233,2009,PG-13,English,Teen,2000,English - Teen,English - Teen - 2000s
tt1172570,2008,R,English,Mature,2000,English - Mature,English - Mature - 2000s
tt11727052,2020,Unknown,Korean,Unknown,2020,Korean - Unknown,Korean - Unknown - 2020s
tt11727866,2022,PG-13,English,Teen,2020,English - Teen,English - Teen - 2020s
tt11730914,2022,Unknown,Tamil,Unknown,2020,Tamil - Unknown,Tamil - Unknown - 2020s
tt11747286,2020,Unknown,Spanish,Unknown,2020,Spanish - Unknown,Spanish - Unknown - 2020s
tt11754464,2020,TV-14,Indonesian,Teen,2020,Indonesian - Teen,Indonesian - Teen - 2020s
tt11755740,2022,R,English,Mature,2020,English - Mature,English - Mature - 2020s
tt11762434,2021,R,English,Mature,2020,English - Mature,English - Mature - 2020s
tt11764870,2020,Unknown,English,Unknown,2020,English - Unknown,English - Unknown - 2020s
tt1176733,2009,Not Rated,English,Unknown,2000,English - Unknown,English - Unknown - 2000s
tt11767552,2020,Unknown,Telugu,Unknown,2020,Telugu - Unknown,Telugu - Unknown - 2020s
tt11775236,2020,Unknown,English,Unknown,2020,English - Unknown,English - Unknown - 2020s
tt1178663,2009,PG-13,English,Teen,2000,English - Teen,English - Teen - 2000s
tt1179034,2010,R,English,Mature,2010,English - Mature,English - Mature - 2010s
tt1179056,2010,R,English,Mature,2010,English - Mature,English - Mature - 2010s
tt1179064,2009,Not Rated,English,Unknown,2000,English - Unknown,English - Unknown - 2000s
tt1179069,2010,R,English,Mature,2010,English - Mature,English - Mature - 2010s
tt1179904,2007,R,English,Mature,2000,English - Mature,English - Mature - 2000s
tt11799110,2021,Not Rated,English,Unknown,2020,English - Unknown,English - Unknown - 2020s
tt1179933,2016,PG-13,English,Teen,2010,English - Teen,English - Teen - 2010s
tt11810546,2019,Unknown,Cantonese,Unknown,2010,Cantonese - Unknown,Cantonese - Unknown - 2010s
tt11819890,2020,TV-Y7,Japanese,Family,2020,Japanese - Family,Japanese - Family - 2020s
tt11820950,2023,13+,English,Unknown,2020,English - Unknown,English - Unknown - 2020s
tt11821034,2020,Unknown,English,Unknown,2020,English - Unknown,English - Unknown - 2020s
tt1182345,2009,R,English,Mature,2000,English - Mature,English - Mature - 2000s
tt1182609,2009,R,English,Mature,2000,English - Mature,English - Mature - 2000s
tt1183276,2009,Not Rated,French,Unknown,2000,French - Unknown,French - Unknown - 2000s
tt1183911,2010,Unknown,English,Unknown,2010,English - Unknown,English - Unknown - 2010s
tt1183946,2009,Unknown,Hindi,Unknown,2000,Hindi - Unknown,Hindi - Unknown - 2000s
tt11847606,2021,PG,English,Family,2020,English - Family,English - Family - 2020s
tt1185416,2010,PG-13,English,Teen,2010,English - Teen,English - Teen - 2010s
tt1185834,2008,PG,English,Family,2000,English - Family,English - Family - 2000s
tt1186367,2009,R,English,Mature,2000,English - Mature,English - Mature - 2000s
tt11866324,2022,R,English,Mature,2020,English - Mature,English - Mature - 2020s
tt1186830,2009,R,English,Mature,2000,English - Mature,English - Mature - 2000s
tt1187064,2009,R,English,Mature,2000,English - Mature,English - Mature - 2000s
tt1188729,2009,R,English,Mature,2000,English - Mature,English - Mature - 2000s
tt1188982,2014,Not Rated,Hindi,Unknown,2010,Hindi - Unknown,Hindi - Unknown - 2010s
tt1188996,2010,PG-13,Hindi,Teen,2010,Hindi - Teen,Hindi - Teen - 2010s
tt1189073,2011,R,Spanish,Mature,2010,Spanish - Mature,Spanish - Mature - 2010s
tt1189076,2009,Not Rated,French,Unknown,2000,French - Unknown,French - Unknown - 2000s
tt11890910,2020,Not Rated,English,Unknown,2020,English - Unknown,English - Unknown - 2020s
tt1189340,2011,R,English,Mature,2010,English - Mature,English - Mature - 2010s
tt1190072,2010,Unknown,Persian,Unknown,2010,Persian - Unknown,Persian - Unknown - 2010s
tt1190080,2009,PG-13,English,Teen,2000,English - Teen,English - Teen - 2000s
tt1190539,2008,Not Rated,Korean,Unknown,2000,Korean - Unknown,Korean - Unknown - 2000s
tt11905698,2021,Unknown,English,Unknown,2020,English - Unknown,English - Unknown - 2020s
tt11905962,2020,Not Rated,Russian,Unknown,2020,Russian - Unknown,Russian - Unknown - 2020s
tt1191111,2009,Not Rated,English,Unknown,2000,English - Unknown,English - Unknown - 2000s
tt11917942,2020,Unknown,Japanese,Unknown,2020,Japanese - Unknown,Japanese - Unknown - 2020s
tt1191971,2009,R,English,Mature,2000,English - Mature,English - Mature - 2000s
tt11924738,2021,TV-MA,Spanish,Mature,2020,Spanish - Mature,Spanish - Mature - 2020s
tt1192612,2008,Unknown,Japanese,Unknown,2000,Japanese - Unknown,Japanese - Unknown - 2000s
tt1192620,2009,PG,English,Family,2000,English - Family,English - Family - 2000s
tt1192628,2011,PG,English,Family,2010,English - Family,English - Family - 2010s
tt1193138,2009,R,English,Mature,2000,English - Mature,English - Mature - 2000s
tt1193622,2009,Not Rated,English,Unknown,2000,English - Unknown,English - Unknown - 2000s
tt1194104,2008,Not Rated,Telugu,Unknown,2000,Telugu - Unknown,Telugu - Unknown - 2000s
tt1194173,2012,PG-13,English,Teen,2010,English - Teen,English - Teen - 2010s
tt11947158,2022,Unknown,Hindi,Unknown,2020,Hindi - Unknown,Hindi - Unknown - 2020s
tt11953194,2022,Unknown,Tamil,Unknown,2020,Tamil - Unknown,Tamil - Unknown - 2020s
tt1195478,2012,R,English,Mature,2010,English - Mature,English - Mature - 2010s
tt11958344,2020,TV-PG,Japanese,Teen,2020,Japanese - Teen,Japanese - Teen - 2020s
tt1196340,2010,R,English,Mature,2010,English - Mature,English - Mature - 2010s
tt1196956,2013,PG-13,English,Teen,2010,English - Teen,English - Teen - 2010s
tt1197624,2009,R,English,Mature,2000,English - Mature,English - Mature - 2000s
tt1197628,2009,R,English,Mature,2000,English - Mature,English - Mature - 2000s
tt11976532,2022,R,English,Mature,2020,English - Mature,English - Mature - 2020s
tt11992694,2022,Unknown,German,Unknown,2020,German - Unknown,German - Unknown - 2020s
tt12013758,2021,TV-14,Italian,Teen,2020,Italian - Teen,Italian - Teen - 2020s
tt1201607,2011,PG-13,English,Teen,2010,English - Teen,English - Teen - 2010s
tt1204342,2011,PG,English,Family,2010,English - Family,English - Family - 2010s
tt12044426,2020,Unknown,Hindi,Unknown,2020,Hindi - Unknown,Hindi - Unknown - 2020s
tt1205537,2014,PG-13,English,Teen,2010,English - Teen,English - Teen - 2010s
tt12059016,2021,Unknown,English,Unknown,2020,English - Unknown,English - Unknown - 2020s
tt12060242,2022,Unknown,English,Unknown,2020,English - Unknown,English - Unknown - 2020s
tt1206543,2013,R,English,Mature,2010,English - Mature,English - Mature - 2010s
tt1206885,2019,R,English,Mature,2010,English - Mature,English - Mature - 2010s
tt1210042,2009,R,English,Mature,2000,English - Mature,English - Mature - 2000s
tt1210166,2011,PG-13,English,Teen,2010,English - Teen,English - Teen - 2010s
tt1210819,2013,PG-13,English,Teen,2010,English - Teen,English - Teen - 2010s
tt1211837,2016,PG-13,English,Teen,2010,English - Teen,English - Teen - 2010s
tt1211956,2013,R,English,Mature,2010,English - Mature,English - Mature - 2010s
tt1212419,2010,PG-13,English,Teen,2010,English - Teen,English - Teen - 2010s
tt1212428,2016,PG-13,English,Teen,2010,English - Teen,English - Teen - 2010s
tt1212450,2012,R,English,Mature,2010,English - Mature,English - Mature - 2010s
tt1213641,2018,PG-13,English,Teen,2010,English - Teen,English - Teen - 2010s
tt1213644,2008,PG-13,English,Teen,2000,English - Teen,English - Teen - 2000s
tt1213663,2013,R,English,Mature,2010,English - Mature,English - Mature - 2010s
tt1213856,2007,R,Korean,Mature,2000,Korean - Mature,Korean - Mature - 2000s
tt1214946,2008,Unknown,Dutch,Unknown,2000,Dutch - Unknown,Dutch - Unknown - 2000s
tt1216475,2011,G,English,Family,2010,English - Family,English - Family - 2010s
tt1216487,2009,R,Swedish,Mature,2000,Swedish - Mature,Swedish - Mature - 2000s
tt1216492,2010,PG,English,Family,2010,English - Family,English - Family - 2010s
tt1216496,2009,R,Korean,Mature,2000,Korean - Mature,Korean - Mature - 2000s
tt12166434,2020,Unknown,Ukrainian,Unknown,2020,Ukrainian - Unknown,Ukrainian - Unknown - 2020s
tt1217209,2012,PG,English,Family,2010,English - Family,English - Family - 2010s
tt1217301,2010,R,English,Mature,2010,English - Mature,English - Mature - 2010s
tt12174436,2020,Unknown,English,Unknown,2020,English - Unknown,English - Unknown - 2020s
tt1217613,2011,PG-13,English,Teen,2010,English - Teen,English - Teen - 2010s
tt1219289,2011,PG-13,English,Teen,2010,English - Teen,English - Teen - 2010s
tt1219342,2010,PG,English,Family,2010,English - Family,English - Family - 2010s
tt1219827,2017,PG-13,English,Teen,2010,English - Teen,English - Teen - 2010s
tt1220198,2009,PG-13,English,Teen,2000,English - Teen,English - Teen - 2000s
tt1220634,2010,R,English,Mature,2010,English - Mature,English - Mature - 2010s
tt1220719,2008,R,Cantonese,Mature,2000,Cantonese - Mature,Cantonese - Mature - 2000s
tt1221141,2008,Unrated,Spanish,Unknown,2000,Spanish - Unknown,Spanish - Unknown - 2000s
tt1222817,2011,PG,English,Family,2010,English - Family,English - Family - 2010s
tt12246076,2024,Unknown,N/A,Unknown,2020,N/A - Unknown,N/A - Unknown - 2020s
tt12258280,2020,Unknown,English,Unknown,2020,English - Unknown,English - Unknown - 2020s
tt1226273,2010,R,English,Mature,2010,English - Mature,English - Mature - 2010s
tt12264966,2022,Unknown,French,Unknown,2020,French - Unknown,French - Unknown - 2020s
tt1226753,2010,R,English,Mature,2010,English - Mature,English - Mature - 2010s
tt1226770,2009,Not Rated,English,Unknown,2000,English - Unknown,English - Unknown - 2000s
tt1226837,2018,R,English,Mature,2010,English - Mature,English - Mature - 2010s
tt12282598,2020,TV-MA,Spanish,Mature,2020,Spanish - Mature,Spanish - Mature - 2020s
tt1228705,2010,PG-13,English,Teen,2010,English - Teen,English - Teen - 2010s
tt1228953,2009,R,English,Mature,2000,English - Mature,English - Mature - 2000s
tt1228987,2010,R,English,Mature,2010,English - Mature,English - Mature - 2010s
tt1229238,2011,PG-13,English,Teen,2010,English - Teen,English - Teen - 2010s
tt1229822,2011,PG-13,English,Teen,2010,English - Teen,English - Teen - 2010s
tt12298506,2020,Not Rated,English,Unknown,2020,English - Unknown,English - Unknown - 2020s
tt1230204,2010,PG,Dutch,Family,2010,Dutch - Family,Dutch - Family - 2010s
tt1230213,2015,Not Rated,English,Unknown,2010,English - Unknown,English - Unknown - 2010s
tt12302540,2021,Unknown,English,Unknown,2020,English - Unknown,English - Unknown - 2020s
tt1230385,2010,R,Korean,Mature,2010,Korean - Mature,Korean - Mature - 2010s
tt1230414,2009,R,English,Mature,2000,English - Mature,English - Mature - 2000s
tt1231587,2010,R,English,Mature,2010,English - Mature,English - Mature - 2010s
tt1232829,2012,R,English,Mature,2010,English - Mature,English - Mature - 2010s
tt1233227,2009,R,English,Mature,2000,English - Mature,English - Mature - 2000s
tt1233290,2010,Unknown,German,Unknown,2010,German - Unknown,German - Unknown - 2010s
tt1234548,2009,R,English,Mature,2000,English - Mature,English - Mature - 2000s
tt1234554,2009,Unknown,German,Unknown,2000,German - Unknown,German - Unknown - 2000s
tt1234654,2010,R,English,Mature,2010,English - Mature,English - Mature - 2010s
tt1234719,2012,PG-13,English,Teen,2010,English - Teen,English - Teen - 2010s
tt1234721,2014,PG-13,English,Teen,2010,English - Teen,English - Teen - 2010s
tt1235124,2009,R,English,Mature,2000,English - Mature,English - Mature - 2000s
tt1235142,2009,Not Rated,English,Unknown,2000,English - Unknown,English - Unknown - 2000s
tt1235166,2009,R,French,Mature,2000,French - Mature,French - Mature - 2000s
tt1235522,2013,R,English,Mature,2010,English - Mature,English - Mature - 2010s
tt1235536,2009,Not Rated,French,Unknown,2000,French - Unknown,French - Unknown - 2000s
tt1235830,2009,Not Rated,Spanish,Unknown,2000,Spanish - Unknown,Spanish - Unknown - 2000s
tt12361974,2021,R,English,Mature,2020,English - Mature,English - Mature - 2020s
tt1236484,2009,Not Rated,English,Unknown,2000,English - Unknown,English - Unknown - 2000s
tt1240982,2011,R,English,Mature,2010,English - Mature,English - Mature - 2010s
tt1241226,2014,R,English,Mature,2010,English - Mature,English - Mature - 2010s
tt12412888,2022,PG,English,Family,2020,English - Family,English - Family - 2020s
tt1241317,2017,TV-MA,English,Mature,2010,English - Mature,English - Mature - 2010s
tt1242422,2009,Unknown,Spanish,Unknown,2000,Spanish - Unknown,Spanish - Unknown - 2000s
tt1242432,2010,R,English,Mature,2010,English - Mature,English - Mature - 2010s
tt1242460,2011,R,English,Mature,2010,English - Mature,English - Mature - 2010s
tt12427158,2023,R,English,Mature,2020,English - Mature,English - Mature - 2020s
tt1243930,2008,Unknown,Korean,Unknown,2000,Korean - Unknown,Korean - Unknown - 2000s
tt1243957,2010,PG-13,English,Teen,2010,English - Teen,English - Teen - 2010s
tt1243974,2015,PG-13,English,Teen,2010,English - Teen,English - Teen - 2010s
tt12447796,2022,R,English,Mature,2020,English - Mature,English - Mature - 2020s
tt1245112,2009,R,Spanish,Mature,2000,Spanish - Mature,Spanish - Mature - 2000s
tt1245492,2013,R,English,Mature,2010,English - Mature,English - Mature - 2010s
tt1245526,2010,PG-13,English,Teen,2010,English - Teen,English - Teen - 2010s
tt1247662,2009,R,English,Mature,2000,English - Mature,English - Mature - 2000s
tt1250777,2010,R,English,Mature,2010,English - Mature,English - Mature - 2010s
tt1251735,2010,Unknown,English,Unknown,2010,English - Unknown,English - Unknown - 2010s
tt12536294,2021,R,English,Mature,2020,English - Mature,English - Mature - 2020s
tt12536776,2020,Unknown,Spanish,Unknown,2020,Spanish - Unknown,Spanish - Unknown - 2020s
tt1253863,2014,R,English,Mature,2010,English - Mature,English - Mature - 2010s
tt1253864,2011,R,English,Mature,2010,English - Mature,English - Mature - 2010s
tt12539758,2019,Unknown,Ibo,Unknown,2010,Ibo - Unknown,Ibo - Unknown - 2010s
tt1254249,2008,Not Rated,Japanese,Unknown,2000,Japanese - Unknown,Japanese - Unknown - 2000s
tt1254322,2015,Not Rated,English,Unknown,2010,English - Unknown,English - Unknown - 2010s
tt1254956,2008,Not Rated,English,Unknown,2000,English - Unknown,English - Unknown - 2000s
tt1255953,2010,R,French,Mature,2010,French - Mature,French - Mature - 2010s
tt12572792,2020,Unknown,Korean,Unknown,2020,Korean - Unknown,Korean - Unknown - 2020s
tt12579120,2021,Unrated,Spanish,Unknown,2020,Spanish - Unknown,Spanish - Unknown - 2020s
tt1258197,2009,Not Rated,English,Unknown,2000,English - Unknown,English - Unknown - 2000s
tt1258972,2012,R,English,Mature,2010,English - Mature,English - Mature - 2010s
tt12592252,2020,PG-13,English,Teen,2020,English - Teen,English - Teen - 2020s
tt12593682,2022,R,English,Mature,2020,English - Mature,English - Mature - 2020s
tt1259521,2011,R,English,Mature,2010,English - Mature,English - Mature - 2010s
tt1259528,2018,R,English,Mature,2010,English - Mature,English - Mature - 2010s
tt1259571,2009,PG-13,English,Teen,2000,English - Teen,English - Teen - 2000s
tt1260365,2011,R,English,Mature,2010,English - Mature,English - Mature - 2010s
tt1261041,2008,R,English,Mature,2000,English - Mature,English - Mature - 2000s
tt12615474,2020,Not Rated,English,Unknown,2020,English - Unknown,English - Unknown - 2020s
tt1261945,2010,R,English,Mature,2010,English - Mature,English - Mature - 2010s
tt1262416,2011,R,English,Mature,2010,English - Mature,English - Mature - 2010s
tt1263670,2009,R,English,Mature,2000,English - Mature,English - Mature - 2000s
tt1263679,2008,Not Rated,Hindi,Unknown,2000,Hindi - Unknown,Hindi - Unknown - 2000s
tt1266139,2008,R,English,Mature,2000,English - Mature,English - Mature - 2000s
tt1267297,2014,PG-13,English,Teen,2010,English - Teen,English - Teen - 2010s
tt1268799,2011,R,English,Mature,2010,English - Mature,English - Mature - 2010s
tt12695436,2022,Unknown,English,Unknown,2020,English - Unknown,English - Unknown - 2020s
tt1270262,2011,R,English,Mature,2010,English - Mature,English - Mature - 2010s
tt1270797,2018,PG-13,English,Teen,2010,English - Teen,English - Teen - 2010s
tt1270798,2011,PG-13,English,Teen,2010,English - Teen,English - Teen - 2010s
tt1270850,2009,R,English,Mature,2000,English - Mature,English - Mature - 2000s
tt12714786,2023,Unknown,N/A,Unknown,2020,N/A - Unknown,N/A - Unknown - 2020s
tt1272041,2009,Unknown,Flemish,Unknown,2000,Flemish - Unknown,Flemish - Unknown - 2000s
tt1272878,2013,R,English,Mature,2010,English - Mature,English - Mature - 2010s
tt1272886,2012,R,English,Mature,2010,English - Mature,English - Mature - 2010s
tt1273235,2010,NC-17,Serbian,Mature,2010,Serbian - Mature,Serbian - Mature - 2010s
tt12735282,2022,Unknown,N/A,Unknown,2020,N/A - Unknown,N/A - Unknown - 2020s
tt1273678,2010,PG,English,Family,2010,English - Family,English - Family - 2010s
tt12739994,2020,Unknown,English,Unknown,2020,English - Unknown,English - Unknown - 2020s
tt1275521,2008,PG,French,Family,2000,French - Family,French - Family - 2000s
tt1276104,2012,R,English,Mature,2010,English - Mature,English - Mature - 2010s
tt1277953,2012,PG,English,Family,2010,English - Family,English - Family - 2010s
tt1278340,2009,Not Rated,Norwegian,Unknown,2000,Norwegian - Unknown,Norwegian - Unknown - 2000s
tt12789558,2021,PG-13,English,Teen,2020,English - Teen,English - Teen - 2020s
tt1279935,2010,PG-13,English,Teen,2010,English - Teen,English - Teen - 2010s
tt12799402,2018,Unknown,English,Unknown,2010,English - Unknown,English - Unknown - 2010s
tt12801262,2021,PG,English,Family,2020,English - Family,English - Family - 2020s
tt12801374,2020,Unknown,Japanese,Unknown,2020,Japanese - Unknown,Japanese - Unknown - 2020s
tt12802016,2020,Unknown,English,Unknown,2020,English - Unknown,English - Unknown - 2020s
tt12802546,2022,Unknown,Serbian,Unknown,2020,Serbian - Unknown,Serbian - Unknown - 2020s
tt1280558,2008,Not Rated,Hindi,Unknown,2000,Hindi - Unknown,Hindi - Unknown - 2000s
tt12814530,2020,Unknown,English,Unknown,2020,English - Unknown,English - Unknown - 2020s
tt1282140,2010,PG-13,English,Teen,2010,English - Teen,English - Teen - 2010s
tt12829958,2020,R,English,Mature,2020,English - Mature,English - Mature - 2020s
tt12844910,2023,Not Rated,Hindi,Unknown,2020,Hindi - Unknown,Hindi - Unknown - 2020s
tt1284575,2011,R,English,Mature,2010,English - Mature,English - Mature - 2010s
tt1285016,2010,PG-13,English,Teen,2010,English - Teen,English - Teen - 2010s
tt12850216,2022,Unrated,English,Unknown,2020,English - Unknown,English - Unknown - 2020s
tt12874984,2022,Unknown,Telugu,Unknown,2020,Telugu - Unknown,Telugu - Unknown - 2020s
tt12885272,2021,PG-13,English,Teen,2020,English - Teen,English - Teen - 2020s
tt1288558,2013,R,English,Mature,2010,English - Mature,English - Mature - 2010s
tt12889404,2021,PG-13,English,Teen,2020,English - Teen,English - Teen - 2020s
tt1289401,2016,PG-13,English,Teen,2010,English - Teen,English - Teen - 2010s
tt1289406,2009,R,English,Mature,2000,English - Mature,English - Mature - 2000s
tt1290138,2016,Unrated,English,Unknown,2010,English - Unknown,English - Unknown - 2010s
tt1291150,2014,PG-13,English,Teen,2010,English - Teen,English - Teen - 2010s
tt1291570,2015,R,English,Mature,2010,English - Mature,English - Mature - 2010s
tt1291584,2011,PG-13,English,Teen,2010,English - Teen,English - Teen - 2010s
tt1292566,2016,R,English,Mature,2010,English - Mature,English - Mature - 2010s
tt12934256,2021,Unknown,English,Unknown,2020,English - Unknown,English - Unknown - 2020s
tt1293847,2017,PG-13,English,Teen,2010,English - Teen,English - Teen - 2010s
tt1294213,2009,R,English,Mature,2000,English - Mature,English - Mature - 2000s
tt1294226,2010,PG,English,Family,2010,English - Family,English - Family - 2010s
tt1294688,2010,R,English,Mature,2010,English - Mature,English - Mature - 2010s
tt1296068,2008,PG,Cantonese,Family,2000,Cantonese - Family,Cantonese - Family - 2000s
tt1296899,2009,R,English,Mature,2000,English - Mature,English - Mature - 2000s
tt12969446,2020,Unknown,English,Unknown,2020,English - Unknown,English - Unknown - 2020s
tt12969650,2020,Unknown,English,Unknown,2020,English - Unknown,English - Unknown - 2020s
tt1297919,2011,R,English,Mature,2010,English - Mature,English - Mature - 2010s
tt12981586,2020,Unknown,English,Unknown,2020,English - Unknown,English - Unknown - 2020s
tt1298644,2019,PG-13,English,Teen,2010,English - Teen,English - Teen - 2010s
tt1298649,2012,R,English,Mature,2010,English - Mature,English - Mature - 2010s
tt1298650,2011,PG-13,English,Teen,2010,English - Teen,English - Teen - 2010s
tt12996154,2022,TV-MA,Polish,Mature,2020,Polish - Mature,Polish - Mature - 2020s
tt1300851,2009,R,English,Mature,2000,English - Mature,English - Mature - 2000s
tt1300854,2013,PG-13,English,Teen,2010,English - Teen,English - Teen - 2010s
tt13017204,2021,Unknown,Japanese,Unknown,2020,Japanese - Unknown,Japanese - Unknown - 2020s
tt1302006,2019,R,English,Mature,2010,English - Mature,English - Mature - 2010s
tt1302011,2011,PG,English,Family,2010,English - Family,English - Family - 2010s
tt13021476,2021,Unknown,German,Unknown,2020,German - Unknown,German - Unknown - 2020s
tt13024674,2021,TV-MA,English,Mature,2020,English - Mature,English - Mature - 2020s
tt1303902,2009,Not Rated,English,Unknown,2000,English - Unknown,English - Unknown - 2000s
tt13051108,2022,Unknown,Mandarin,Unknown,2020,Mandarin - Unknown,Mandarin - Unknown - 2020s
tt13056108,2021,Unknown,English,Unknown,2020,English - Unknown,English - Unknown - 2020s
tt1305806,2009,R,Spanish,Mature,2000,Spanish - Mature,Spanish - Mature - 2000s
tt13067292,2021,Not Rated,English,Unknown,2020,English - Unknown,English - Unknown - 2020s
tt1306980,2011,R,English,Mature,2010,English - Mature,English - Mature - 2010s
tt13070038,2022,R,English,Mature,2020,English - Mature,English - Mature - 2020s
tt1307068,2012,R,English,Mature,2010,English - Mature,English - Mature - 2010s
tt1308144,2009,PG-13,English,Teen,2000,English - Teen,English - Teen - 2000s
tt13084926,2020,Unknown,Arabic,Unknown,2020,Arabic - Unknown,Arabic - Unknown - 2020s
tt13086130,2023,Unknown,Korean,Unknown,2020,Korean - Unknown,Korean - Unknown - 2020s
tt1308729,2012,R,English,Mature,2010,English - Mature,English - Mature - 2010s
tt1308745,2011,Not Rated,English,Unknown,2010,English - Unknown,English - Unknown - 2010s
tt1309557,2009,Unknown,English,Unknown,2000,English - Unknown,English - Unknown - 2000s
tt13098590,2025,R,English,Mature,2020,English - Mature,English - Mature - 2020s
tt13103212,2021,Unknown,Malayalam,Unknown,2020,Malayalam - Unknown,Malayalam - Unknown - 2020s
tt13105536,2020,Unknown,Telugu,Unknown,2020,Telugu - Unknown,Telugu - Unknown - 2020s
tt1310653,2012,PG-13,English,Teen,2010,English - Teen,English - Teen - 2010s
tt13106900,2020,TV-14,Malay,Teen,2020,Malay - Teen,Malay - Teen - 2020s
tt13107908,2020,Unknown,English,Unknown,2020,English - Unknown,English - Unknown - 2020s
tt1311093,2009,Not Rated,English,Unknown,2000,English - Unknown,English - Unknown - 2000s
tt13124286,2021,TV-14,N/A,Teen,2020,N/A - Teen,N/A - Teen - 2020s
tt13129114,2020,Unknown,Japanese,Unknown,2020,Japanese - Unknown,Japanese - Unknown - 2020s
tt13130532,2020,Unknown,Hindi,Unknown,2020,Hindi - Unknown,Hindi - Unknown - 2020s
tt13131232,2023,TV-MA,Hindi,Mature,2020,Hindi - Mature,Hindi - Mature - 2020s
tt13131610,2023,Not Rated,Telugu,Unknown,2020,Telugu - Unknown,Telugu - Unknown - 2020s
tt13132558,2020,Unknown,English,Unknown,2020,English - Unknown,English - Unknown - 2020s
tt13141250,2023,Unknown,English,Unknown,2020,English - Unknown,English - Unknown - 2020s
tt1314237,2009,Not Rated,French,Unknown,2000,French - Unknown,French - Unknown - 2000s
tt1314242,2009,Not Rated,Greek,Unknown,2000,Greek - Unknown,Greek - Unknown - 2000s
tt13145186,2021,Unknown,Russian,Unknown,2020,Russian - Unknown,Russian - Unknown - 2020s
tt1314655,2010,PG-13,English,Teen,2010,English - Teen,English - Teen - 2010s
tt13155940,2021,Unknown,English,Unknown,2020,English - Unknown,English - Unknown - 2020s
tt1315981,2009,R,English,Mature,2000,English - Mature,English - Mature - 2000s
tt1316622,2010,R,English,Mature,2010,English - Mature,English - Mature - 2010s
tt1318514,2011,PG-13,English,Teen,2010,English - Teen,English - Teen - 2010s
tt13186470,2020,Unknown,English,Unknown,2020,English - Unknown,English - Unknown - 2020s
tt1320239,2010,R,English,Mature,2010,English - Mature,English - Mature - 2010s
tt1320253,2010,R,English,Mature,2010,English - Mature,English - Mature - 2010s
tt1320261,2010,PG,English,Family,2010,English - Family,English - Family - 2010s
tt13206926,2021,Unknown,Malayalam,Unknown,2020,Malayalam - Unknown,Malayalam - Unknown - 2020s
tt13207508,2021,R,English,Mature,2020,English - Mature,English - Mature - 2020s
tt1321511,2013,R,English,Mature,2010,English - Mature,English - Mature - 2010s
tt1321870,2013,R,English,Mature,2010,English - Mature,English - Mature - 2010s
tt13225546,2021,Unknown,Danish,Unknown,2020,Danish - Unknown,Danish - Unknown - 2020s
tt1323045,2010,R,English,Mature,2010,English - Mature,English - Mature - 2010s
tt1323594,2010,PG,English,Family,2010,English - Family,English - Family - 2010s
tt1323973,2013,Not Rated,English,Unknown,2010,English - Unknown,English - Unknown - 2010s
tt13240610,2022,Unknown,English,Unknown,2020,English - Unknown,English - Unknown - 2020s
tt1324999,2011,PG-13,English,Teen,2010,English - Teen,English - Teen - 2010s
tt1325004,2010,PG-13,English,Teen,2010,English - Teen,English - Teen - 2010s
tt13260780,2022,Unknown,English,Unknown,2020,English - Unknown,English - Unknown - 2020s
tt13266998,2021,R,English,Mature,2020,English - Mature,English - Mature - 2020s
tt13269536,2021,TV-14,English,Teen,2020,English - Teen,English - Teen - 2020s
tt1327194,2012,PG-13,English,Teen,2010,English - Teen,English - Teen - 2010s
tt1327773,2013,PG-13,English,Teen,2010,English - Teen,English - Teen - 2010s
tt13288972,2021,Unknown,English,Unknown,2020,English - Unknown,English - Unknown - 2020s
tt1328913,2010,PG-13,English,Teen,2010,English - Teen,English - Teen - 2010s
tt1329454,2009,Not Rated,Cantonese,Unknown,2000,Cantonese - Unknown,Cantonese - Unknown - 2000s
tt1329457,2010,Not Rated,French,Unknown,2010,French - Unknown,French - Unknown - 2010s
tt13309978,2021,Unknown,English,Unknown,2020,English - Unknown,English - Unknown - 2020s
tt1331064,2009,PG-13,English,Teen,2000,English - Teen,English - Teen - 2000s
tt13310936,2021,Unknown,Telugu,Unknown,2020,Telugu - Unknown,Telugu - Unknown - 2020s
tt1331291,2009,Unknown,French,Unknown,2000,French - Unknown,French - Unknown - 2000s
tt13314558,2022,R,English,Mature,2020,English - Mature,English - Mature - 2020s
tt13316820,2021,Unrated,English,Unknown,2020,English - Unknown,English - Unknown - 2020s
tt13320622,2022,PG-13,English,Teen,2020,English - Teen,English - Teen - 2020s
tt13321244,2023,PG-13,English,Teen,2020,English - Teen,English - Teen - 2020s
tt1332134,2010,Not Rated,Norwegian,Unknown,2010,Norwegian - Unknown,Norwegian - Unknown - 2010s
tt13330168,2022,Unknown,English,Unknown,2020,English - Unknown,English - Unknown - 2020s
tt1334260,2010,R,English,Mature,2010,English - Mature,English - Mature - 2010s
tt1334535,2009,Not Rated,English,Unknown,2000,English - Unknown,English - Unknown - 2000s
tt1334553,2010,R,English,Mature,2010,English - Mature,English - Mature - 2010s
tt13349892,2022,Unknown,French,Unknown,2020,French - Unknown,French - Unknown - 2020s
tt13357236,2022,Unknown,Swedish,Unknown,2020,Swedish - Unknown,Swedish - Unknown - 2020s
tt1335975,2013,PG-13,English,Teen,2010,English - Teen,English - Teen - 2010s
tt1336006,2009,R,English,Mature,2000,English - Mature,English - Mature - 2000s
tt13361442,2021,TV-MA,English,Mature,2020,English - Mature,English - Mature - 2020s
tt1336608,2012,PG-13,English,Teen,2010,English - Teen,English - Teen - 2010s
tt1337032,2009,R,English,Mature,2000,English - Mature,English - Mature - 2000s
tt13382698,2021,Not Rated,English,Unknown,2020,English - Unknown,English - Unknown - 2020s
tt13388260,2021,Unknown,English,Unknown,2020,English - Unknown,English - Unknown - 2020s
tt1339161,2010,Not Rated,German,Unknown,2010,German - Unknown,German - Unknown - 2010s
tt13391708,2022,Unrated,French,Unknown,2020,French - Unknown,French - Unknown - 2020s
tt1339302,2008,TV-14,Japanese,Teen,2000,Japanese - Teen,Japanese - Teen - 2000s
tt13393058,2022,TV-MA,Indonesian,Mature,2020,Indonesian - Mature,Indonesian - Mature - 2020s
tt13393728,2020,Unknown,Thai,Unknown,2020,Thai - Unknown,Thai - Unknown - 2020s
tt13395224,2022,Unknown,English,Unknown,2020,English - Unknown,English - Unknown - 2020s
tt1340138,2015,PG-13,English,Teen,2010,English - Teen,English - Teen - 2010s
tt1340800,2011,R,English,Mature,2010,English - Mature,English - Mature - 2010s
tt13410380,2020,Unknown,English,Unknown,2020,English - Unknown,English - Unknown - 2020s
tt1341167,2010,R,English,Mature,2010,English - Mature,English - Mature - 2010s
tt1341188,2010,PG-13,English,Teen,2010,English - Teen,English - Teen - 2010s
tt1341340,2011,PG,English,Family,2010,English - Family,English - Family - 2010s
tt13423468,2021,Unknown,Malayalam,Unknown,2020,Malayalam - Unknown,Malayalam - Unknown - 2020s
tt1342403,2009,PG,Czech,Family,2000,Czech - Family,Czech - Family - 2000s
tt1343092,2013,PG-13,English,Teen,2010,English - Teen,English - Teen - 2010s
tt1343097,2009,R,Swedish,Mature,2000,Swedish - Mature,Swedish - Mature - 2000s
tt13434866,2022,Unknown,English,Unknown,2020,English - Unknown,English - Unknown - 2020s
tt1343727,2012,R,English,Mature,2010,English - Mature,English - Mature - 2010s
tt13446128,2022,TV-14,Thai,Teen,2020,Thai - Teen,Thai - Teen - 2020s
tt13449358,2022,Unknown,English,Unknown,2020,English - Unknown,English - Unknown - 2020s
tt1345486,2009,Unrated,English,Unknown,2000,English - Unknown,English - Unknown - 2000s
tt13455224,2021,Unknown,English,Unknown,2020,English - Unknown,English - Unknown - 2020s
tt1345836,2012,PG-13,English,Teen,2010,English - Teen,English - Teen - 2010s
tt13468602,2022,Unrated,English,Unknown,2020,English - Unknown,English - Unknown - 2020s
tt13479728,2020,Unknown,Dutch,Unknown,2020,Dutch - Unknown,Dutch - Unknown - 2020s
tt13486578,2013,Unknown,English,Unknown,2010,English - Unknown,English - Unknown - 2010s
tt13496236,2021,R,English,Mature,2020,English - Mature,English - Mature - 2020s
tt13507778,2021,Unknown,English,Unknown,2020,English - Unknown,English - Unknown - 2020s
tt13510660,2021,TV-14,Hindi,Teen,2020,Hindi - Teen,Hindi - Teen - 2020s
tt1351685,2013,PG-13,English,Teen,2010,English - Teen,English - Teen - 2010s
tt13519510,2021,Unknown,Malayalam,Unknown,2020,Malayalam - Unknown,Malayalam - Unknown - 2020s
tt1352824,2009,R,English,Mature,2000,English - Mature,English - Mature - 2000s
tt13539646,2023,Not Rated,Mandarin,Unknown,2020,Mandarin - Unknown,Mandarin - Unknown - 2020s
tt13544716,2021,PG-13,Japanese,Teen,2020,Japanese - Teen,Japanese - Teen - 2020s
tt1355630,2014,PG-13,English,Teen,2010,English - Teen,English - Teen - 2010s
tt1355631,2016,R,English,Mature,2010,English - Mature,English - Mature - 2010s
tt1355644,2016,PG-13,English,Teen,2010,English - Teen,English - Teen - 2010s
tt1355683,2015,R,English,Mature,2010,English - Mature,English - Mature - 2010s
tt13560574,2022,R,English,Mature,2020,English - Mature,English - Mature - 2020s
tt13566172,2023,Unknown,English,Unknown,2020,English - Unknown,English - Unknown - 2020s
tt13592970,2023,Unknown,English,Unknown,2020,English - Unknown,English - Unknown - 2020s
tt13622118,2021,Unrated,English,Unknown,2020,English - Unknown,English - Unknown - 2020s
tt13623880,2022,PG,English,Family,2020,English - Family,English - Family - 2020s
tt13632182,2021,13+,English,Unknown,2020,English - Unknown,English - Unknown - 2020s
tt13648224,2021,Not Rated,English,Unknown,2020,English - Unknown,English - Unknown - 2020s
tt1365050,2015,TV-MA,English,Mature,2010,English - Mature,English - Mature - 2010s
tt1365519,2018,PG-13,English,Teen,2010,English - Teen,English - Teen - 2010s
tt13660418,2021,Unknown,Czech,Unknown,2020,Czech - Unknown,Czech - Unknown - 2020s
tt13667522,2022,Unknown,English,Unknown,2020,English - Unknown,English - Unknown - 2020s
tt13681790,2021,Unknown,Japanese,Unknown,2020,Japanese - Unknown,Japanese - Unknown - 2020s
tt13694856,2021,Unknown,English,Unknown,2020,English - Unknown,English - Unknown - 2020s
tt1369571,2020,Not Rated,N/A,Unknown,2020,N/A - Unknown,N/A - Unknown - 2020s
tt1369706,2010,R,English,Mature,2010,English - Mature,English - Mature - 2010s
tt13705574,2022,Unknown,N/A,Unknown,2020,N/A - Unknown,N/A - Unknown - 2020s
tt1371111,2012,R,English,Mature,2010,English - Mature,English - Mature - 2010s
tt13717980,2021,TV-MA,Turkish,Mature,2020,Turkish - Mature,Turkish - Mature - 2020s
tt1372687,2009,Unknown,Croatian,Unknown,2000,Croatian - Unknown,Croatian - Unknown - 2000s
tt13728764,2021,TV-G,Indonesian,Family,2020,Indonesian - Family,Indonesian - Family - 2020s
tt1374989,2016,PG-13,English,Teen,2010,English - Teen,English - Teen - 2010s
tt1374992,2012,PG-13,English,Teen,2010,English - Teen,English - Teen - 2010s
tt1375666,2010,PG-13,English,Teen,2010,English - Teen,English - Teen - 2010s
tt1376168,2012,Not Rated,English,Unknown,2010,English - Unknown,English - Unknown - 2010s
tt13782222,2025,PG,English,Family,2020,English - Family,English - Family - 2020s
tt1379182,2009,Not Rated,Greek,Unknown,2000,Greek - Unknown,Greek - Unknown - 2000s
tt13793230,2022,TV-14,Hindi,Teen,2020,Hindi - Teen,Hindi - Teen - 2020s
tt13814292,2021,Unknown,Bengali,Unknown,2020,Bengali - Unknown,Bengali - Unknown - 2020s
tt13815488,2022,Unknown,English,Unknown,2020,English - Unknown,English - Unknown - 2020s
tt13818610,2022,Unknown,English,Unknown,2020,English - Unknown,English - Unknown - 2020s
tt13820428,2021,PG,English,Family,2020,English - Family,English - Family - 2020s
tt13830148,2021,Unknown,Italian,Unknown,2020,Italian - Unknown,Italian - Unknown - 2020s
tt13845956,2021,Unknown,English,Unknown,2020,English - Unknown,English - Unknown - 2020s
tt13846542,2021,TV-14,Polish,Teen,2020,Polish - Teen,Polish - Teen - 2020s
tt1385826,2011,PG-13,English,Teen,2010,English - Teen,English - Teen - 2010s
tt1385867,2010,R,English,Mature,2010,English - Mature,English - Mature - 2010s
tt13859694,2021,Unknown,Mandarin,Unknown,2020,Mandarin - Unknown,Mandarin - Unknown - 2020s
tt1386588,2010,PG-13,English,Teen,2010,English - Teen,English - Teen - 2010s
tt1386691,2017,Not Rated,English,Unknown,2010,English - Unknown,English - Unknown - 2010s
tt1386697,2016,PG-13,English,Teen,2010,English - Teen,English - Teen - 2010s
tt1386703,2012,PG-13,English,Teen,2010,English - Teen,English - Teen - 2010s
tt1386932,2010,R,Cantonese,Mature,2010,Cantonese - Mature,Cantonese - Mature - 2010s
tt13877410,1985,Unknown,Korean,Unknown,1980,Korean - Unknown,Korean - Unknown - 1980s
tt13880104,2021,R,French,Mature,2020,French - Mature,French - Mature - 2020s
tt13884144,2021,TV-14,Japanese,Teen,2020,Japanese - Teen,Japanese - Teen - 2020s
tt13884166,2021,Unknown,Japanese,Unknown,2020,Japanese - Unknown,Japanese - Unknown - 2020s
tt13885428,2024,Unknown,Malayalam,Unknown,2020,Malayalam - Unknown,Malayalam - Unknown - 2020s
tt13886712,2021,Unknown,Portuguese,Unknown,2020,Portuguese - Unknown,Portuguese - Unknown - 2020s
tt1388903,2010,Unknown,Hindi,Unknown,2010,Hindi - Unknown,Hindi - Unknown - 2010s
tt1389072,2017,R,English,Mature,2010,English - Mature,English - Mature - 2010s
tt1389137,2011,PG,English,Family,2010,English - Family,English - Family - 2010s
tt1390411,2015,PG-13,English,Teen,2010,English - Teen,English - Teen - 2010s
tt1391034,2010,R,English,Mature,2010,English - Mature,English - Mature - 2010s
tt1392170,2012,PG-13,English,Teen,2010,English - Teen,English - Teen - 2010s
tt1392190,2015,R,English,Mature,2010,English - Mature,English - Mature - 2010s
tt1392214,2013,R,English,Mature,2010,English - Mature,English - Mature - 2010s
tt1392261,2008,Unknown,Portuguese,Unknown,2000,Portuguese - Unknown,Portuguese - Unknown - 2000s
tt13932304,2021,Unknown,Italian,Unknown,2020,Italian - Unknown,Italian - Unknown - 2020s
tt13935180,2021,Unknown,English,Unknown,2020,English - Unknown,English - Unknown - 2020s
tt13947858,2022,Unknown,German,Unknown,2020,German - Unknown,German - Unknown - 2020s
tt13961988,2022,Unknown,English,Unknown,2020,English - Unknown,English - Unknown - 2020s
tt1396218,2011,PG,English,Family,2010,English - Family,English - Family - 2010s
tt1396484,2017,R,English,Mature,2010,English - Mature,English - Mature - 2010s
tt1396523,2014,R,English,Mature,2010,English - Mature,English - Mature - 2010s
tt13968674,2023,R,English,Mature,2020,English - Mature,English - Mature - 2020s
tt1397280,2012,PG-13,English,Teen,2010,English - Teen,English - Teen - 2010s
tt1397514,2012,PG,English,Family,2010,English - Family,English - Family - 2010s
tt13975458,2021,Unknown,Japanese,Unknown,2020,Japanese - Unknown,Japanese - Unknown - 2020s
tt13978306,2022,TV-14,English,Teen,2020,English - Teen,English - Teen - 2020s
tt13978498,2021,Unknown,English,Unknown,2020,English - Unknown,English - Unknown - 2020s
tt1398426,2015,R,English,Mature,2010,English - Mature,English - Mature - 2010s
tt1399103,2011,PG-13,English,Teen,2010,English - Teen,English - Teen - 2010s
tt1399683,2010,R,English,Mature,2010,English - Mature,English - Mature - 2010s
tt1401152,2011,PG-13,English,Teen,2010,English - Teen,English - Teen - 2010s
tt1401237,2009,Unknown,English,Unknown,2000,English - Unknown,English - Unknown - 2000s
tt14024066,2021,TV-MA,Vietnamese,Mature,2020,Vietnamese - Mature,Vietnamese - Mature - 2020s
tt1403241,2014,R,English,Mature,2010,English - Mature,English - Mature - 2010s
tt14035044,2021,Unknown,English,Unknown,2020,English - Unknown,English - Unknown - 2020s
tt1403981,2010,PG-13,English,Teen,2010,English - Teen,English - Teen - 2010s
tt1405365,2012,R,English,Mature,2010,English - Mature,English - Mature - 2010s
tt1405810,2010,Not Rated,Italian,Unknown,2010,Italian - Unknown,Italian - Unknown - 2010s
tt14060232,2022,R,English,Mature,2020,English - Mature,English - Mature - 2020s
tt1406146,2009,Unknown,Malay,Unknown,2000,Malay - Unknown,Malay - Unknown - 2000s
tt1407049,2010,R,English,Mature,2010,English - Mature,English - Mature - 2010s
tt1407052,2011,Not Rated,Spanish,Unknown,2010,Spanish - Unknown,Spanish - Unknown - 2010s
tt14080416,2022,Unknown,English,Unknown,2020,English - Unknown,English - Unknown - 2020s
tt1408101,2013,PG-13,English,Teen,2010,English - Teen,English - Teen - 2010s
tt1408253,2014,PG-13,English,Teen,2010,English - Teen,English - Teen - 2010s
tt14088510,2024,PG-13,English,Teen,2020,English - Teen,English - Teen - 2020s
tt1409024,2012,PG-13,English,Teen,2010,English - Teen,English - Teen - 2010s
tt14091818,2021,TV-MA,Hindi,Mature,2020,Hindi - Mature,Hindi - Mature - 2020s
tt14099796,2023,Unknown,Mandarin,Unknown,2020,Mandarin - Unknown,Mandarin - Unknown - 2020s
tt14104672,2022,Unknown,English,Unknown,2020,English - Unknown,English - Unknown - 2020s
tt14107334,2025,R,English,Mature,2020,English - Mature,English - Mature - 2020s
tt1411238,2011,R,English,Mature,2010,English - Mature,English - Mature - 2010s
tt1411250,2013,R,English,Mature,2010,English - Mature,English - Mature - 2010s
tt1412386,2011,PG-13,English,Teen,2010,English - Teen,English - Teen - 2010s
tt14123898,2021,Unknown,Marathi,Unknown,2020,Marathi - Unknown,Marathi - Unknown - 2020s
tt1412442,2010,TV-14,English,Teen,2010,English - Teen,English - Teen - 2010s
tt14128670,2022,R,English,Mature,2020,English - Mature,English - Mature - 2020s
tt14134070,2021,Unrated,English,Unknown,2020,English - Unknown,English - Unknown - 2020s
tt1413492,2018,R,English,Mature,2010,English - Mature,English - Mature - 2010s
tt14137416,2023,Not Rated,Italian,Unknown,2020,Italian - Unknown,Italian - Unknown - 2020s
tt14138650,2022,R,English,Mature,2020,English - Mature,English - Mature - 2020s
tt14160834,2023,PG-13,English,Teen,2020,English - Teen,English - Teen - 2020s
tt14181816,2023,R,English,Mature,2020,English - Mature,English - Mature - 2020s
tt1418377,2014,PG-13,English,Teen,2010,English - Teen,English - Teen - 2010s
tt14186922,2022,Unknown,English,Unknown,2020,English - Unknown,English - Unknown - 2020s
tt14201576,2022,PG,English,Family,2020,English - Family,English - Family - 2020s
tt14214828,2023,Unknown,English,Unknown,2020,English - Unknown,English - Unknown - 2020s
tt14215186,2021,Unknown,English,Unknown,2020,English - Unknown,English - Unknown - 2020s
tt14216488,2021,Unknown,Arabic,Unknown,2020,Arabic - Unknown,Arabic - Unknown - 2020s
tt14220864,2021,Unknown,Spanish,Unknown,2020,Spanish - Unknown,Spanish - Unknown - 2020s
tt1422136,2011,R,English,Mature,2010,English - Mature,English - Mature - 2010s
tt14227048,2023,PG,English,Family,2020,English - Family,English - Family - 2020s
tt14230388,2023,PG-13,English,Teen,2020,English - Teen,English - Teen - 2020s
tt14241340,2021,Unknown,English,Unknown,2020,English - Unknown,English - Unknown - 2020s
tt1424327,2009,Not Rated,Hebrew,Unknown,2000,Hebrew - Unknown,Hebrew - Unknown - 2000s
tt1424381,2010,R,English,Mature,2010,English - Mature,English - Mature - 2010s
tt14250484,2023,Unknown,French,Unknown,2020,French - Unknown,French - Unknown - 2020s
tt1425253,2009,Not Rated,English,Unknown,2000,English - Unknown,English - Unknown - 2000s
tt14265992,2021,R,English,Mature,2020,English - Mature,English - Mature - 2020s
tt1428459,2010,Not Rated,Hindi,Unknown,2010,Hindi - Unknown,Hindi - Unknown - 2010s
tt1428538,2013,R,English,Mature,2010,English - Mature,English - Mature - 2010s
tt14288764,2020,Unknown,Chinese,Unknown,2020,Chinese - Unknown,Chinese - Unknown - 2020s
tt1430132,2013,PG-13,English,Teen,2010,English - Teen,English - Teen - 2010s
tt1430607,2011,PG,English,Family,2010,English - Family,English - Family - 2010s
tt14307890,2021,TV-MA,English,Mature,2020,English - Mature,English - Mature - 2020s
tt1431045,2016,R,English,Mature,2010,English - Mature,English - Mature - 2010s
tt14315756,2021,TV-PG,English,Teen,2020,English - Teen,English - Teen - 2020s
tt1432078,2009,Not Rated,Korean,Unknown,2000,Korean - Unknown,Korean - Unknown - 2000s
tt1433108,2010,R,English,Mature,2010,English - Mature,English - Mature - 2010s
tt1433811,2012,R,English,Mature,2010,English - Mature,English - Mature - 2010s
tt1434435,2010,R,English,Mature,2010,English - Mature,English - Mature - 2010s
tt1435513,2011,R,English,Mature,2010,English - Mature,English - Mature - 2010s
tt1436045,2010,R,Japanese,Mature,2010,Japanese - Mature,Japanese - Mature - 2010s
tt1436562,2011,G,English,Family,2010,English - Family,English - Family - 2010s
tt14371860,2024,R,English,Mature,2020,English - Mature,English - Mature - 2020s
tt1437358,2011,Not Rated,Spanish,Unknown,2010,Spanish - Unknown,Spanish - Unknown - 2010s
tt1438176,2011,R,English,Mature,2010,English - Mature,English - Mature - 2010s
tt1438254,2010,PG-13,English,Teen,2010,English - Teen,English - Teen - 2010s
tt14384176,2021,TV-PG,Dutch,Teen,2020,Dutch - Teen,Dutch - Teen - 2020s
tt1438486,2009,Unknown,Hindi,Unknown,2000,Hindi - Unknown,Hindi - Unknown - 2000s
tt14389708,2021,Unknown,Russian,Unknown,2020,Russian - Unknown,Russian - Unknown - 2020s
tt14394620,2022,R,English,Mature,2020,English - Mature,English - Mature - 2020s
tt1439572,2011,R,English,Mature,2010,English - Mature,English - Mature - 2010s
tt14398454,2022,Unknown,Hindi,Unknown,2020,Hindi - Unknown,Hindi - Unknown - 2020s
tt14401022,2002,Unknown,Russian,Unknown,2000,Russian - Unknown,Russian - Unknown - 2000s
tt1440129,2012,PG-13,English,Teen,2010,English - Teen,English - Teen - 2010s
tt14402146,2022,R,English,Mature,2020,English - Mature,English - Mature - 2020s
tt1440292,2010,R,English,Mature,2010,English - Mature,English - Mature - 2010s
tt14402926,2021,R,English,Mature,2020,English - Mature,English - Mature - 2020s
tt14404280,2021,TV-MA,Japanese,Mature,2020,Japanese - Mature,Japanese - Mature - 2020s
tt1440728,2010,R,English,Mature,2010,English - Mature,English - Mature - 2010s
tt1441395,2013,R,English,Mature,2010,English - Mature,English - Mature - 2010s
tt14416166,2022,Unknown,English,Unknown,2020,English - Unknown,English - Unknown - 2020s
tt14416430,2024,Unknown,English,Unknown,2020,English - Unknown,English - Unknown - 2020s
tt1441952,2011,PG-13,English,Teen,2010,English - Teen,English - Teen - 2010s
tt14438964,2022,Unknown,Hindi,Unknown,2020,Hindi - Unknown,Hindi - Unknown - 2020s
tt14439896,2022,PG-13,English,Teen,2020,English - Teen,English - Teen - 2020s
tt14442328,2021,R,English,Mature,2020,English - Mature,English - Mature - 2020s
tt14444416,2021,Not Rated,English,Unknown,2020,English - Unknown,English - Unknown - 2020s
tt1446192,2012,PG,English,Family,2010,English - Family,English - Family - 2010s
tt14463198,2022,Unknown,English,Unknown,2020,English - Unknown,English - Unknown - 2020s
tt1446714,2012,R,English,Mature,2010,English - Mature,English - Mature - 2010s
tt1447791,2009,Not Rated,Indonesian,Unknown,2000,Indonesian - Unknown,Indonesian - Unknown - 2000s
tt1447972,2010,PG-13,English,Teen,2010,English - Teen,English - Teen - 2010s
tt14483394,2021,TV-PG,English,Teen,2020,English - Teen,English - Teen - 2020s
tt1448755,2011,R,English,Mature,2010,English - Mature,English - Mature - 2010s
tt1448762,2010,R,English,Mature,2010,English - Mature,English - Mature - 2010s
tt1450321,2013,R,English,Mature,2010,English - Mature,English - Mature - 2010s
tt14507160,2022,Unknown,English,Unknown,2020,English - Unknown,English - Unknown - 2020s
tt14509110,2023,PG-13,English,Teen,2020,English - Teen,English - Teen - 2020s
tt14513350,2021,Unknown,English,Unknown,2020,English - Unknown,English - Unknown - 2020s
tt14521830,2021,Unknown,English,Unknown,2020,English - Unknown,English - Unknown - 2020s
tt1453405,2013,G,English,Family,2010,English - Family,English - Family - 2010s
tt14534796,2022,Unknown,French,Unknown,2020,French - Unknown,French - Unknown - 2020s
tt14540764,2021,Unknown,Korean,Unknown,2020,Korean - Unknown,Korean - Unknown - 2020s
tt1454468,2013,PG-13,English,Teen,2010,English - Teen,English - Teen - 2010s
tt1456606,2014,R,Portuguese,Mature,2010,Portuguese - Mature,Portuguese - Mature - 2010s
tt1456635,2011,R,English,Mature,2010,English - Mature,English - Mature - 2010s
tt1457765,2013,R,English,Mature,2010,English - Mature,English - Mature - 2010s
tt1457767,2013,R,English,Mature,2010,English - Mature,English - Mature - 2010s
tt1458175,2010,PG-13,English,Teen,2010,English - Teen,English - Teen - 2010s
tt14584284,2022,R,English,Mature,2020,English - Mature,English - Mature - 2020s
tt14587026,2022,Unknown,N/A,Unknown,2020,N/A - Unknown,N/A - Unknown - 2020s
tt1461242,2009,Unrated,English,Unknown,2000,English - Unknown,English - Unknown - 2000s
tt14617254,2022,Unknown,English,Unknown,2020,English - Unknown,English - Unknown - 2020s
tt1462041,2011,PG-13,English,Teen,2010,English - Teen,English - Teen - 2010s
tt14624330,2022,Unknown,French,Unknown,2020,French - Unknown,French - Unknown - 2020s
tt1462758,2010,R,English,Mature,2010,English - Mature,English - Mature - 2010s
tt14636190,2022,R,English,Mature,2020,English - Mature,English - Mature - 2020s
tt14641788,2022,PG-13,English,Teen,2020,English - Teen,English - Teen - 2020s
tt1464335,2022,PG-13,English,Teen,2020,English - Teen,English - Teen - 2020s
tt1464540,2011,PG-13,English,Teen,2010,English - Teen,English - Teen - 2010s
tt1464605,1976,Unknown,Mandarin,Unknown,1970,Mandarin - Unknown,Mandarin - Unknown - 1970s
tt1465522,2010,R,English,Mature,2010,English - Mature,English - Mature - 2010s
tt1467304,2009,R,English,Mature,2000,English - Mature,English - Mature - 2000s
tt14681252,2024,Unknown,English,Unknown,2020,English - Unknown,English - Unknown - 2020s
tt14682800,2023,R,English,Mature,2020,English - Mature,English - Mature - 2020s
tt1468757,2009,R,English,Mature,2000,English - Mature,English - Mature - 2000s
tt1469304,2017,R,English,Mature,2010,English - Mature,English - Mature - 2010s
tt1470023,2010,R,English,Mature,2010,English - Mature,English - Mature - 2010s
tt1470827,2010,R,English,Mature,2010,English - Mature,English - Mature - 2010s
tt14725622,2022,Unrated,English,Unknown,2020,English - Unknown,English - Unknown - 2020s
tt14729020,2023,Unknown,English,Unknown,2020,English - Unknown,English - Unknown - 2020s
tt14732424,2021,Unknown,English,Unknown,2020,English - Unknown,English - Unknown - 2020s
tt1473832,2016,R,English,Mature,2010,English - Mature,English - Mature - 2010s
tt1474859,2010,Not Rated,English,Unknown,2010,English - Unknown,English - Unknown - 2010s
tt14757872,2021,Unknown,Korean,Unknown,2020,Korean - Unknown,Korean - Unknown - 2020s
tt1477076,2010,R,English,Mature,2010,English - Mature,English - Mature - 2010s
tt1477834,2018,PG-13,English,Teen,2010,English - Teen,English - Teen - 2010s
tt1478338,2011,R,English,Mature,2010,English - Mature,English - Mature - 2010s
tt1478964,2011,R,English,Mature,2010,English - Mature,English - Mature - 2010s
tt14807282,2021,TV-MA,Indonesian,Mature,2020,Indonesian - Mature,Indonesian - Mature - 2020s
tt1482459,2012,PG,English,Family,2010,English - Family,English - Family - 2010s
tt14827150,2024,R,English,Mature,2020,English - Mature,English - Mature - 2020s
tt1483013,2013,PG-13,English,Teen,2010,English - Teen,English - Teen - 2010s
tt1483797,2009,Not Rated,Japanese,Unknown,2000,Japanese - Unknown,Japanese - Unknown - 2000s
tt14852188,2022,Unknown,Dutch,Unknown,2020,Dutch - Unknown,Dutch - Unknown - 2020s
tt14852624,2023,R,English,Mature,2020,English - Mature,English - Mature - 2020s
tt1485698,2009,Unknown,Polish,Unknown,2000,Polish - Unknown,Polish - Unknown - 2000s
tt14856980,2024,PG-13,English,Teen,2020,English - Teen,English - Teen - 2020s
tt14857528,2024,TV-14,English,Teen,2020,English - Teen,English - Teen - 2020s
tt1485796,2017,PG,English,Family,2010,English - Family,English - Family - 2010s
tt1486185,2011,PG-13,English,Teen,2010,English - Teen,English - Teen - 2010s
tt1486192,2012,R,English,Mature,2010,English - Mature,English - Mature - 2010s
tt14866710,2022,TV-MA,Norwegian,Mature,2020,Norwegian - Mature,Norwegian - Mature - 2020s
tt1486834,2013,PG-13,English,Teen,2010,English - Teen,English - Teen - 2010s
tt14870640,2022,Unknown,English,Unknown,2020,English - Unknown,English - Unknown - 2020s
tt14871494,2022,Unknown,N/A,Unknown,2020,N/A - Unknown,N/A - Unknown - 2020s
tt1488555,2011,R,English,Mature,2010,English - Mature,English - Mature - 2010s
tt1488589,2022,PG,English,Family,2020,English - Family,English - Family - 2020s
tt1488601,2010,Unknown,Croatian,Unknown,2010,Croatian - Unknown,Croatian - Unknown - 2010s
tt1488606,2019,R,English,Mature,2010,English - Mature,English - Mature - 2010s
tt1489214,2009,Unrated,Russian,Unknown,2000,Russian - Unknown,Russian - Unknown - 2000s
tt14892248,2021,Unknown,Indonesian,Unknown,2020,Indonesian - Unknown,Indonesian - Unknown - 2020s
tt1489889,2016,PG-13,English,Teen,2010,English - Teen,English - Teen - 2010s
tt1490017,2014,PG,English,Family,2010,English - Family,English - Family - 2010s
tt14900738,2022,TV-MA,English,Mature,2020,English - Mature,English - Mature - 2020s
tt1491044,2012,R,English,Mature,2010,English - Mature,English - Mature - 2010s
tt14952842,2023,Unknown,English,Unknown,2020,English - Unknown,English - Unknown - 2020s
tt1496025,2012,R,English,Mature,2010,English - Mature,English - Mature - 2010s
tt14960572,2022,Unknown,English,Unknown,2020,English - Unknown,English - Unknown - 2020s
tt1499658,2011,R,English,Mature,2010,English - Mature,English - Mature - 2010s
tt15006444,2021,Unknown,Tagalog,Unknown,2020,Tagalog - Unknown,Tagalog - Unknown - 2020s
tt15006566,2022,Unknown,French,Unknown,2020,French - Unknown,French - Unknown - 2020s
tt1500701,2009,Not Rated,French,Unknown,2000,French - Unknown,French - Unknown - 2000s
tt15007046,2022,Unknown,English,Unknown,2020,English - Unknown,English - Unknown - 2020s
tt1500906,2010,Not Rated,French,Unknown,2010,French - Unknown,French - Unknown - 2010s
tt1502397,2020,R,English,Mature,2020,English - Mature,English - Mature - 2020s
tt1502404,2011,R,English,Mature,2010,English - Mature,English - Mature - 2010s
tt1502407,2018,R,English,Mature,2010,English - Mature,English - Mature - 2010s
tt1502712,2015,PG-13,English,Teen,2010,English - Teen,English - Teen - 2010s
tt15028452,2021,Not Rated,Japanese,Unknown,2020,Japanese - Unknown,Japanese - Unknown - 2020s
tt15040500,2022,R,English,Mature,2020,English - Mature,English - Mature - 2020s
tt1504320,2010,R,English,Mature,2010,English - Mature,English - Mature - 2010s
tt1506999,2011,R,English,Mature,2010,English - Mature,English - Mature - 2010s
tt15073166,2023,Not Rated,Hindi,Unknown,2020,Hindi - Unknown,Hindi - Unknown - 2020s
tt15097216,2021,Approved,Tamil,Unknown,2020,Tamil - Unknown,Tamil - Unknown - 2020s
tt1509767,2011,PG-13,English,Teen,2010,English - Teen,English - Teen - 2010s
tt15119398,2015,Unknown,English,Unknown,2010,English - Unknown,English - Unknown - 2010s
tt1512235,2010,R,English,Mature,2010,English - Mature,English - Mature - 2010s
tt1512240,2011,R,English,Mature,2010,English - Mature,English - Mature - 2010s
tt15150454,2021,Unknown,English,Unknown,2020,English - Unknown,English - Unknown - 2020s
tt1515091,2011,PG-13,English,Teen,2010,English - Teen,English - Teen - 2010s
tt15157354,2021,Unknown,English,Unknown,2020,English - Unknown,English - Unknown - 2020s
tt15165236,2004,Unknown,N/A,Unknown,2000,N/A - Unknown,N/A - Unknown - 2000s
tt15167854,2021,Unknown,N/A,Unknown,2020,N/A - Unknown,N/A - Unknown - 2020s
tt15169898,2021,Unknown,Indonesian,Unknown,2020,Indonesian - Unknown,Indonesian - Unknown - 2020s
tt1517260,2013,PG-13,English,Teen,2010,English - Teen,English - Teen - 2010s
tt1517451,2018,R,English,Mature,2010,English - Mature,English - Mature - 2010s
tt1518812,2010,PG,English,Family,2010,English - Family,English - Family - 2010s
tt15189534,2022,TV-MA,Spanish,Mature,2020,Spanish - Mature,Spanish - Mature - 2020s
tt15198608,2021,TV-MA,German,Mature,2020,German - Mature,German - Mature - 2020s
tt15203648,2021,Unknown,N/A,Unknown,2020,N/A - Unknown,N/A - Unknown - 2020s
tt15220262,2021,Unknown,Korean,Unknown,2020,Korean - Unknown,Korean - Unknown - 2020s
tt1523483,2010,Not Rated,English,Unknown,2010,English - Unknown,English - Unknown - 2010s
tt15239014,2023,Unknown,N/A,Unknown,2020,N/A - Unknown,N/A - Unknown - 2020s
tt1524137,2012,R,English,Mature,2010,English - Mature,English - Mature - 2010s
tt1524539,2009,Not Rated,Marathi,Unknown,2000,Marathi - Unknown,Marathi - Unknown - 2000s
tt1524930,2015,R,English,Mature,2010,English - Mature,English - Mature - 2010s
tt1525835,2010,Not Rated,Japanese,Unknown,2010,Japanese - Unknown,Japanese - Unknown - 2010s
tt1527186,2011,R,English,Mature,2010,English - Mature,English - Mature - 2010s
tt1527788,2010,R,Korean,Mature,2010,Korean - Mature,Korean - Mature - 2010s
tt1528071,2013,R,English,Mature,2010,English - Mature,English - Mature - 2010s
tt1528100,2014,PG-13,English,Teen,2010,English - Teen,English - Teen - 2010s
tt15281704,2023,Unknown,Hindi,Unknown,2020,Hindi - Unknown,Hindi - Unknown - 2020s
tt15287198,2022,Unknown,English,Unknown,2020,English - Unknown,English - Unknown - 2020s
tt1528854,2015,PG-13,English,Teen,2010,English - Teen,English - Teen - 2010s
tt1529240,2010,Not Rated,English,Unknown,2010,English - Unknown,English - Unknown - 2010s
tt15296598,2021,Unknown,English,Unknown,2020,English - Unknown,English - Unknown - 2020s
tt15307230,2022,Unknown,Italian,Unknown,2020,Italian - Unknown,Italian - Unknown - 2020s
tt15311262,2022,TV-14,Italian,Teen,2020,Italian - Teen,Italian - Teen - 2020s
tt1532503,2010,R,English,Mature,2010,English - Mature,English - Mature - 2010s
tt1533749,2011,R,Mandarin,Mature,2010,Mandarin - Mature,Mandarin - Mature - 2010s
tt15339456,2021,PG,English,Family,2020,English - Family,English - Family - 2020s
tt1535108,2013,R,English,Mature,2010,English - Mature,English - Mature - 2010s
tt1535109,2013,PG-13,English,Teen,2010,English - Teen,English - Teen - 2010s
tt1535438,2012,PG-13,English,Teen,2010,English - Teen,English - Teen - 2010s
tt1535467,2011,Not Rated,Hindi,Unknown,2010,Hindi - Unknown,Hindi - Unknown - 2010s
tt1535491,2010,Not Rated,Korean,Unknown,2010,Korean - Unknown,Korean - Unknown - 2010s
tt1536044,2010,R,English,Mature,2010,English - Mature,English - Mature - 2010s
tt1536440,2011,R,English,Mature,2010,English - Mature,English - Mature - 2010s
tt1536537,2017,TV-MA,English,Mature,2010,English - Mature,English - Mature - 2010s
tt15374214,2022,TV-MA,Yoruba,Mature,2020,Yoruba - Mature,Yoruba - Mature - 2020s
tt1537440,2011,Unknown,English,Unknown,2010,English - Unknown,English - Unknown - 2010s
tt1538403,2013,PG-13,English,Teen,2010,English - Teen,English - Teen - 2010s
tt15385142,2021,Unknown,Spanish,Unknown,2020,Spanish - Unknown,Spanish - Unknown - 2020s
tt15393650,2021,Unknown,Finnish,Unknown,2020,Finnish - Unknown,Finnish - Unknown - 2020s
tt15398776,2023,R,English,Mature,2020,English - Mature,English - Mature - 2020s
tt1540011,2016,R,English,Mature,2010,English - Mature,English - Mature - 2010s
tt1540133,2011,R,English,Mature,2010,English - Mature,English - Mature - 2010s
tt15418288,2021,Unknown,Dutch,Unknown,2020,Dutch - Unknown,Dutch - Unknown - 2020s
tt1541995,2011,PG-13,English,Teen,2010,English - Teen,English - Teen - 2010s
tt1542344,2010,R,English,Mature,2010,English - Mature,English - Mature - 2010s
tt15428374,2022,Unknown,Punjabi,Unknown,2020,Punjabi - Unknown,Punjabi - Unknown - 2020s
tt15430628,2023,Unknown,Mandarin,Unknown,2020,Mandarin - Unknown,Mandarin - Unknown - 2020s
tt15433956,2024,Unknown,Telugu,Unknown,2020,Telugu - Unknown,Telugu - Unknown - 2020s
tt1545322,2009,Not Rated,French,Unknown,2000,French - Unknown,French - Unknown - 2000s
tt15467960,2021,Unknown,Arabic,Unknown,2020,Arabic - Unknown,Arabic - Unknown - 2020s
tt1547234,2012,PG-13,English,Teen,2010,English - Teen,English - Teen - 2010s
tt15474916,2022,R,English,Mature,2020,English - Mature,English - Mature - 2020s
tt15478884,2022,Unknown,English,Unknown,2020,English - Unknown,English - Unknown - 2020s
tt15482470,2021,Unknown,Korean,Unknown,2020,Korean - Unknown,Korean - Unknown - 2020s
tt15485390,2023,Unknown,Icelandic,Unknown,2020,Icelandic - Unknown,Icelandic - Unknown - 2020s
tt15486810,2023,TV-MA,English,Mature,2020,English - Mature,English - Mature - 2020s
tt1549572,2011,PG-13,English,Teen,2010,English - Teen,English - Teen - 2010s
tt1549584,2010,Not Rated,English,Unknown,2010,English - Unknown,English - Unknown - 2010s
tt15498104,2022,Unknown,Dutch,Unknown,2020,Dutch - Unknown,Dutch - Unknown - 2020s
tt1549920,2013,R,English,Mature,2010,English - Mature,English - Mature - 2010s
tt15501640,2022,Not Rated,Hindi,Unknown,2020,Hindi - Unknown,Hindi - Unknown - 2020s
tt15502356,2022,Unknown,German,Unknown,2020,German - Unknown,German - Unknown - 2020s
tt15509050,2022,Unknown,Bengali,Unknown,2020,Bengali - Unknown,Bengali - Unknown - 2020s
tt15520944,2023,Unknown,Polish,Unknown,2020,Polish - Unknown,Polish - Unknown - 2020s
tt15521168,2022,Unknown,English,Unknown,2020,English - Unknown,English - Unknown - 2020s
tt1552211,2020,TV-MA,English,Mature,2020,English - Mature,English - Mature - 2020s
tt15528292,2022,TV-MA,Indonesian,Mature,2020,Indonesian - Mature,Indonesian - Mature - 2020s
tt1554414,2011,R,English,Mature,2010,English - Mature,English - Mature - 2010s
tt15547896,2022,Unknown,English,Unknown,2020,English - Unknown,English - Unknown - 2020s
tt1555024,2010,Not Rated,Korean,Unknown,2010,Korean - Unknown,Korean - Unknown - 2010s
tt1555149,2010,Not Rated,Portuguese,Unknown,2010,Portuguese - Unknown,Portuguese - Unknown - 2010s
tt15566896,2022,Unknown,English,Unknown,2020,English - Unknown,English - Unknown - 2020s
tt15574270,2024,PG-13,English,Teen,2020,English - Teen,English - Teen - 2020s
tt15576578,2022,Unknown,Telugu,Unknown,2020,Telugu - Unknown,Telugu - Unknown - 2020s
tt1559547,2013,PG-13,English,Teen,2010,English - Teen,English - Teen - 2010s
tt1560220,2019,R,English,Mature,2010,English - Mature,English - Mature - 2010s
tt15613514,2022,Unknown,Arabic,Unknown,2020,Arabic - Unknown,Arabic - Unknown - 2020s
tt1561768,2010,R,English,Mature,2010,English - Mature,English - Mature - 2010s
tt1562847,2010,R,English,Mature,2010,English - Mature,English - Mature - 2010s
tt1562859,2010,Not Rated,Hindi,Unknown,2010,Hindi - Unknown,Hindi - Unknown - 2010s
tt1562871,2011,Not Rated,Hindi,Unknown,2010,Hindi - Unknown,Hindi - Unknown - 2010s
tt1562872,2011,Not Rated,Hindi,Unknown,2010,Hindi - Unknown,Hindi - Unknown - 2010s
tt1563738,2011,PG-13,English,Teen,2010,English - Teen,English - Teen - 2010s
tt1564367,2011,PG-13,English,Teen,2010,English - Teen,English - Teen - 2010s
tt1564585,2010,PG-13,English,Teen,2010,English - Teen,English - Teen - 2010s
tt15655276,2021,TV-14,Italian,Teen,2020,Italian - Teen,Italian - Teen - 2020s
tt15658626,2022,Unknown,English,Unknown,2020,English - Unknown,English - Unknown - 2020s
tt1567127,2010,Unknown,Norwegian,Unknown,2010,Norwegian - Unknown,Norwegian - Unknown - 2010s
tt1567437,2014,R,English,Mature,2010,English - Mature,English - Mature - 2010s
tt1567609,2012,R,English,Mature,2010,English - Mature,English - Mature - 2010s
tt1568337,2011,PG-13,English,Teen,2010,English - Teen,English - Teen - 2010s
tt1568338,2012,PG-13,English,Teen,2010,English - Teen,English - Teen - 2010s
tt1568346,2011,R,English,Mature,2010,English - Mature,English - Mature - 2010s
tt15685954,2021,Unknown,English,Unknown,2020,English - Unknown,English - Unknown - 2020s
tt1568816,2010,R,Spanish,Mature,2010,Spanish - Mature,Spanish - Mature - 2010s
tt1568911,2011,PG-13,English,Teen,2010,English - Teen,English - Teen - 2010s
tt1568921,2010,G,Japanese,Family,2010,Japanese - Family,Japanese - Family - 2010s
tt1570559,2011,Not Rated,English,Unknown,2010,English - Unknown,English - Unknown - 2010s
tt1570728,2011,PG-13,English,Teen,2010,English - Teen,English - Teen - 2010s
tt15711350,2022,Unknown,English,Unknown,2020,English - Unknown,English - Unknown - 2020s
tt1571222,2011,R,English,Mature,2010,English - Mature,English - Mature - 2010s
tt1571234,2018,PG-13,English,Teen,2010,English - Teen,English - Teen - 2010s
tt1572154,2011,Not Rated,English,Unknown,2010,English - Unknown,English - Unknown - 2010s
tt15721650,2022,Not Rated,Japanese,Unknown,2020,Japanese - Unknown,Japanese - Unknown - 2020s
tt15722098,2023,Unknown,English,Unknown,2020,English - Unknown,English - Unknown - 2020s
tt1572315,2013,R,English,Mature,2010,English - Mature,English - Mature - 2010s
tt1572491,2010,R,Spanish,Mature,2010,Spanish - Mature,Spanish - Mature - 2010s
tt15727400,2022,Unknown,English,Unknown,2020,English - Unknown,English - Unknown - 2020s
tt1573072,2010,Not Rated,Hindi,Unknown,2010,Hindi - Unknown,Hindi - Unknown - 2010s
tt15743386,2021,Unknown,English,Unknown,2020,English - Unknown,English - Unknown - 2020s
tt1576412,2009,Unknown,Korean,Unknown,2000,Korean - Unknown,Korean - Unknown - 2000s
tt1577064,2010,Not Rated,English,Unknown,2010,English - Unknown,English - Unknown - 2010s
tt15789492,2023,TV-MA,Spanish,Mature,2020,Spanish - Mature,Spanish - Mature - 2020s
tt15791034,2022,R,English,Mature,2020,English - Mature,English - Mature - 2020s
tt15824322,2022,TV-PG,English,Teen,2020,English - Teen,English - Teen - 2020s
tt1582465,2013,PG-13,English,Teen,2010,English - Teen,English - Teen - 2010s
tt1582507,2012,PG-13,English,Teen,2010,English - Teen,English - Teen - 2010s
tt15830702,2022,Unknown,Japanese,Unknown,2020,Japanese - Unknown,Japanese - Unknown - 2020s
tt15832148,2023,Unknown,Hindi,Unknown,2020,Hindi - Unknown,Hindi - Unknown - 2020s
tt1583420,2011,PG-13,English,Teen,2010,English - Teen,English - Teen - 2010s
tt1583421,2013,PG-13,English,Teen,2010,English - Teen,English - Teen - 2010s
tt15845360,2023,Unknown,English,Unknown,2020,English - Unknown,English - Unknown - 2020s
tt15847872,2021,TV-14,English,Teen,2020,English - Teen,English - Teen - 2020s
tt15847880,2022,Unknown,Spanish,Unknown,2020,Spanish - Unknown,Spanish - Unknown - 2020s
tt1585660,2011,Not Rated,English,Unknown,2010,English - Unknown,English - Unknown - 2010s
tt1586265,2012,PG-13,English,Teen,2010,English - Teen,English - Teen - 2010s
tt1586752,2011,R,English,Mature,2010,English - Mature,English - Mature - 2010s
tt1587310,2014,PG,English,Family,2010,English - Family,English - Family - 2010s
tt1587420,2021,TV-PG,English,Teen,2020,English - Teen,English - Teen - 2020s
tt1588170,2010,Not Rated,Korean,Unknown,2010,Korean - Unknown,Korean - Unknown - 2010s
tt1588173,2013,PG-13,English,Teen,2010,English - Teen,English - Teen - 2010s
tt1588878,2016,R,English,Mature,2010,English - Mature,English - Mature - 2010s
tt1590193,2018,PG-13,English,Teen,2010,English - Teen,English - Teen - 2010s
tt1591095,2010,PG-13,English,Teen,2010,English - Teen,English - Teen - 2010s
tt1591479,2012,R,English,Mature,2010,English - Mature,English - Mature - 2010s
tt1592525,2012,PG-13,English,Teen,2010,English - Teen,English - Teen - 2010s
tt1592873,2012,PG-13,English,Teen,2010,English - Teen,English - Teen - 2010s
tt15939198,2024,PG-13,English,Teen,2020,English - Teen,English - Teen - 2020s
tt1596342,2022,PG,English,Family,2020,English - Family,English - Family - 2020s
tt1596343,2011,PG-13,English,Teen,2010,English - Teen,English - Teen - 2010s
tt1596345,2014,PG-13,English,Teen,2010,English - Teen,English - Teen - 2010s
tt1596346,2011,PG,English,Family,2010,English - Family,English - Family - 2010s
tt1596350,2012,PG-13,English,Teen,2010,English - Teen,English - Teen - 2010s
tt1596363,2015,R,English,Mature,2010,English - Mature,English - Mature - 2010s
tt1596365,2012,PG-13,English,Teen,2010,English - Teen,English - Teen - 2010s
tt1598778,2011,PG-13,English,Teen,2010,English - Teen,English - Teen - 2010s
tt1598822,2011,PG-13,English,Teen,2010,English - Teen,English - Teen - 2010s
tt1598828,2012,PG-13,English,Teen,2010,English - Teen,English - Teen - 2010s
tt15988620,2023,Unknown,English,Unknown,2020,English - Unknown,English - Unknown - 2020s
tt1599348,2012,R,English,Mature,2010,English - Mature,English - Mature - 2010s
tt1600195,2011,PG-13,English,Teen,2010,English - Teen,English - Teen - 2010s
tt1600196,2014,R,English,Mature,2010,English - Mature,English - Mature - 2010s
tt1600383,2010,Unknown,Basque,Unknown,2010,Basque - Unknown,Basque - Unknown - 2010s
tt1601913,2011,R,English,Mature,2010,English - Mature,English - Mature - 2010s
tt1602613,2013,R,English,Mature,2010,English - Mature,English - Mature - 2010s
tt1603487,2009,Unknown,Serbian,Unknown,2000,Serbian - Unknown,Serbian - Unknown - 2000s
tt1604064,2010,Unrated,English,Unknown,2010,English - Unknown,English - Unknown - 2010s
tt1605769,2011,R,French,Mature,2010,French - Mature,French - Mature - 2010s
tt1605783,2011,PG-13,English,Teen,2010,English - Teen,English - Teen - 2010s
tt1606378,2013,R,English,Mature,2010,English - Mature,English - Mature - 2010s
tt1606389,2012,PG-13,English,Teen,2010,English - Teen,English - Teen - 2010s
tt1608290,2016,PG-13,English,Teen,2010,English - Teen,English - Teen - 2010s
tt16085592,2022,TV-PG,English,Teen,2020,English - Teen,English - Teen - 2020s
tt1609159,2012,Unknown,Dutch,Unknown,2010,Dutch - Unknown,Dutch - Unknown - 2010s
tt16103578,2023,Unknown,English,Unknown,2020,English - Unknown,English - Unknown - 2020s
tt1611224,2012,R,English,Mature,2010,English - Mature,English - Mature - 2010s
tt1614989,2011,R,Norwegian,Mature,2010,Norwegian - Mature,Norwegian - Mature - 2010s
tt1615065,2012,R,English,Mature,2010,English - Mature,English - Mature - 2010s
tt1615147,2011,R,English,Mature,2010,English - Mature,English - Mature - 2010s
tt1615160,2017,R,English,Mature,2010,English - Mature,English - Mature - 2010s
tt1616195,2011,R,English,Mature,2010,English - Mature,English - Mature - 2010s
tt1617661,2015,PG-13,English,Teen,2010,English - Teen,English - Teen - 2010s
tt1618421,2010,PG,English,Family,2010,English - Family,English - Family - 2010s
tt1618432,2013,PG,English,Family,2010,English - Family,English - Family - 2010s
tt1618434,2019,PG-13,English,Teen,2010,English - Teen,English - Teen - 2010s
tt1618442,2015,PG-13,English,Teen,2010,English - Teen,English - Teen - 2010s
tt1618447,2011,Not Rated,French,Unknown,2010,French - Unknown,French - Unknown - 2010s
tt1619029,2016,R,English,Mature,2010,English - Mature,English - Mature - 2010s
tt1620604,2010,Not Rated,Spanish,Unknown,2010,Spanish - Unknown,Spanish - Unknown - 2010s
tt1620719,2010,Not Rated,Hindi,Unknown,2010,Hindi - Unknown,Hindi - Unknown - 2010s
tt1622547,2011,R,English,Mature,2010,English - Mature,English - Mature - 2010s
tt1622979,2011,R,English,Mature,2010,English - Mature,English - Mature - 2010s
tt1623205,2013,PG,English,Family,2010,English - Family,English - Family - 2010s
tt1623288,2012,PG,English,Family,2010,English - Family,English - Family - 2010s
tt16248144,2022,Unknown,French,Unknown,2020,French - Unknown,French - Unknown - 2020s
tt1625884,2010,Unknown,English,Unknown,2010,English - Unknown,English - Unknown - 2010s
tt16270512,2023,Unknown,Japanese,Unknown,2020,Japanese - Unknown,Japanese - Unknown - 2020s
tt1627924,2011,Not Rated,Hindi,Unknown,2010,Hindi - Unknown,Hindi - Unknown - 2010s
tt1628841,2016,PG-13,English,Teen,2010,English - Teen,English - Teen - 2010s
tt1629715,2012,Not Rated,Hindi,Unknown,2010,Hindi - Unknown,Hindi - Unknown - 2010s
tt1630029,2022,PG-13,English,Teen,2020,English - Teen,English - Teen - 2020s
tt16304446,2023,R,English,Mature,2020,English - Mature,English - Mature - 2020s
tt1631867,2014,PG-13,English,Teen,2010,English - Teen,English - Teen - 2010s
tt1632481,2010,Not Rated,English,Unknown,2010,English - Unknown,English - Unknown - 2010s
tt1632708,2011,R,English,Mature,2010,English - Mature,English - Mature - 2010s
tt1634106,2020,PG-13,English,Teen,2020,English - Teen,English - Teen - 2020s
tt1634122,2011,PG,English,Family,2010,English - Family,English - Family - 2010s
tt1637688,2011,PG-13,English,Teen,2010,English - Teen,English - Teen - 2010s
tt1638002,2014,R,English,Mature,2010,English - Mature,English - Mature - 2010s
tt1638355,2015,PG-13,English,Teen,2010,English - Teen,English - Teen - 2010s
tt16391796,2022,Unknown,Dutch,Unknown,2020,Dutch - Unknown,Dutch - Unknown - 2020s
tt1640569,2010,Unknown,English,Unknown,2010,English - Unknown,English - Unknown - 2010s
tt16427398,2022,Unknown,English,Unknown,2020,English - Unknown,English - Unknown - 2020s
tt16429986,2021,Unknown,Spanish,Unknown,2020,Spanish - Unknown,Spanish - Unknown - 2020s
tt16431966,2023,PG-13,English,Teen,2020,English - Teen,English - Teen - 2020s
tt16449890,2022,Unknown,English,Unknown,2020,English - Unknown,English - Unknown - 2020s
tt16453244,2022,TV-MA,Polish,Mature,2020,Polish - Mature,Polish - Mature - 2020s
tt1646971,2014,PG,English,Family,2010,English - Family,English - Family - 2010s
tt1646987,2012,PG-13,English,Teen,2010,English - Teen,English - Teen - 2010s
tt1647468,2009,Not Rated,Malayalam,Unknown,2000,Malayalam - Unknown,Malayalam - Unknown - 2000s
tt1648179,2012,PG,English,Family,2010,English - Family,English - Family - 2010s
tt1648190,2017,PG-13,English,Teen,2010,English - Teen,English - Teen - 2010s
tt1648216,2010,Not Rated,Spanish,Unknown,2010,Spanish - Unknown,Spanish - Unknown - 2010s
tt1649418,2022,PG-13,English,Teen,2020,English - Teen,English - Teen - 2020s
tt1649419,2012,PG-13,English,Teen,2010,English - Teen,English - Teen - 2010s
tt16496386,2023,Unknown,English,Unknown,2020,English - Unknown,English - Unknown - 2020s
tt1649780,2011,R,English,Mature,2010,English - Mature,English - Mature - 2010s
tt1650062,2011,PG-13,English,Teen,2010,English - Teen,English - Teen - 2010s
tt1650554,2013,R,English,Mature,2010,English - Mature,English - Mature - 2010s
tt1655389,2022,NC-17,English,Mature,2020,English - Mature,English - Mature - 2020s
tt1655420,2011,R,English,Mature,2010,English - Mature,English - Mature - 2010s
tt1655441,2015,PG-13,English,Teen,2010,English - Teen,English - Teen - 2010s
tt1655442,2011,PG-13,English,Teen,2010,English - Teen,English - Teen - 2010s
tt1655460,2012,R,English,Mature,2010,English - Mature,English - Mature - 2010s
tt1655461,2016,PG-13,English,Teen,2010,English - Teen,English - Teen - 2010s
tt1656186,2012,R,English,Mature,2010,English - Mature,English - Mature - 2010s
tt1656190,2012,R,English,Mature,2010,English - Mature,English - Mature - 2010s
tt1657507,2011,PG-13,English,Teen,2010,English - Teen,English - Teen - 2010s
tt1658837,2012,R,English,Mature,2010,English - Mature,English - Mature - 2010s
tt1659338,2013,R,English,Mature,2010,English - Mature,English - Mature - 2010s
tt16606348,2021,Unknown,Chinese,Unknown,2020,Chinese - Unknown,Chinese - Unknown - 2020s
tt1661199,2015,PG,English,Family,2010,English - Family,English - Family - 2010s
tt16612852,2022,Unknown,English,Unknown,2020,English - Unknown,English - Unknown - 2020s
tt1661420,2011,Not Rated,French,Unknown,2010,French - Unknown,French - Unknown - 2010s
tt1662557,2010,Not Rated,Korean,Unknown,2010,Korean - Unknown,Korean - Unknown - 2010s
tt1663202,2015,R,English,Mature,2010,English - Mature,English - Mature - 2010s
tt1663207,2013,R,English,Mature,2010,English - Mature,English - Mature - 2010s
tt1663662,2013,PG-13,English,Teen,2010,English - Teen,English - Teen - 2010s
tt1666335,2014,R,English,Mature,2010,English - Mature,English - Mature - 2010s
tt1666555,2010,Not Rated,English,Unknown,2010,English - Unknown,English - Unknown - 2010s
tt1666801,2015,PG-13,English,Teen,2010,English - Teen,English - Teen - 2010s
tt1667150,2011,Not Rated,Mandarin,Unknown,2010,Mandarin - Unknown,Mandarin - Unknown - 2010s
tt1667353,2012,PG,English,Family,2010,English - Family,English - Family - 2010s
tt1667889,2012,PG,English,Family,2010,English - Family,English - Family - 2010s
tt1668101,2008,Not Rated,Spanish,Unknown,2000,Spanish - Unknown,Spanish - Unknown - 2000s
tt1668189,2011,Unknown,Dutch,Unknown,2010,Dutch - Unknown,Dutch - Unknown - 2010s
tt1669814,2013,Unknown,English,Unknown,2010,English - Unknown,English - Unknown - 2010s
tt1670269,2011,PG-13,English,Teen,2010,English - Teen,English - Teen - 2010s
tt1670345,2013,PG-13,English,Teen,2010,English - Teen,English - Teen - 2010s
tt1670646,2011,Unknown,Arabic,Unknown,2010,Arabic - Unknown,Arabic - Unknown - 2010s
tt16727778,2021,Unknown,English,Unknown,2020,English - Unknown,English - Unknown - 2020s
tt1673381,2009,Unknown,English,Unknown,2000,English - Unknown,English - Unknown - 2000s
tt1673419,2010,Unknown,English,Unknown,2010,English - Unknown,English - Unknown - 2010s
tt1673434,2012,PG-13,English,Teen,2010,English - Teen,English - Teen - 2010s
tt1674773,2012,Not Rated,German,Unknown,2010,German - Unknown,German - Unknown - 2010s
tt1675192,2011,R,English,Mature,2010,English - Mature,English - Mature - 2010s
tt1675434,2011,R,French,Mature,2010,French - Mature,French - Mature - 2010s
tt1677720,2018,PG-13,English,Teen,2010,English - Teen,English - Teen - 2010s
tt1679335,2016,PG,English,Family,2010,English - Family,English - Family - 2010s
tt1682180,2013,R,English,Mature,2010,English - Mature,English - Mature - 2010s
tt1682186,2011,Not Rated,Thai,Unknown,2010,Thai - Unknown,Thai - Unknown - 2010s
tt1683051,2015,R,English,Mature,2010,English - Mature,English - Mature - 2010s
tt1684562,2024,PG-13,English,Teen,2020,English - Teen,English - Teen - 2020s
tt1686069,2011,Unknown,French,Unknown,2010,French - Unknown,French - Unknown - 2010s
tt1687901,2011,R,English,Mature,2010,English - Mature,English - Mature - 2010s
tt1690953,2013,PG,English,Family,2010,English - Family,English - Family - 2010s
tt1691916,2017,PG-13,English,Teen,2010,English - Teen,English - Teen - 2010s
tt1694118,2012,R,English,Mature,2010,English - Mature,English - Mature - 2010s
tt1699186,2010,Not Rated,English,Unknown,2010,English - Unknown,English - Unknown - 2010s
tt1700841,2016,R,English,Mature,2010,English - Mature,English - Mature - 2010s
tt1701990,2011,R,English,Mature,2010,English - Mature,English - Mature - 2010s
tt1702439,2013,PG-13,English,Teen,2010,English - Teen,English - Teen - 2010s
tt17024450,2023,R,English,Mature,2020,English - Mature,English - Mature - 2020s
tt1703199,2011,Not Rated,English,Unknown,2010,English - Unknown,English - Unknown - 2010s
tt17043084,2022,Unknown,English,Unknown,2020,English - Unknown,English - Unknown - 2020s
tt1704586,2013,PG,English,Family,2010,English - Family,English - Family - 2010s
tt1706593,2012,PG-13,English,Teen,2010,English - Teen,English - Teen - 2010s
tt17065974,2022,Unknown,English,Unknown,2020,English - Unknown,English - Unknown - 2020s
tt1706620,2013,R,English,Mature,2010,English - Mature,English - Mature - 2010s
tt17071976,2022,Unknown,English,Unknown,2020,English - Unknown,English - Unknown - 2020s
tt1707386,2012,PG-13,English,Teen,2010,English - Teen,English - Teen - 2010s
tt1708473,2011,Unknown,French,Unknown,2010,French - Unknown,French - Unknown - 2010s
tt1709173,2010,Not Rated,English,Unknown,2010,English - Unknown,English - Unknown - 2010s
tt1711484,2011,Not Rated,French,Unknown,2010,French - Unknown,French - Unknown - 2010s
tt1712261,2016,R,English,Mature,2010,English - Mature,English - Mature - 2010s
tt1714206,2013,R,English,Mature,2010,English - Mature,English - Mature - 2010s
tt1714915,2013,R,English,Mature,2010,English - Mature,English - Mature - 2010s
tt1715362,2011,R,English,Mature,2010,English - Mature,English - Mature - 2010s
tt17156822,2022,R,English,Mature,2020,English - Mature,English - Mature - 2020s
tt17158126,2022,Unknown,English,Unknown,2020,English - Unknown,English - Unknown - 2020s
tt17163964,2023,Unknown,English,Unknown,2020,English - Unknown,English - Unknown - 2020s
tt1719492,2007,Unknown,English,Unknown,2000,English - Unknown,English - Unknown - 2000s
tt17196124,2022,TV-MA,English,Mature,2020,English - Mature,English - Mature - 2020s
tt1719634,2011,R,English,Mature,2010,English - Mature,English - Mature - 2010s
tt17202326,2022,TV-MA,English,Mature,2020,English - Mature,English - Mature - 2020s
tt1720905,2011,Unknown,Japanese,Unknown,2010,Japanese - Unknown,Japanese - Unknown - 2010s
tt17220704,2022,PG,English,Family,2020,English - Family,English - Family - 2020s
tt1723121,2013,R,English,Mature,2010,English - Mature,English - Mature - 2010s
tt1726592,2014,R,English,Mature,2010,English - Mature,English - Mature - 2010s
tt1726669,2011,NC-17,English,Mature,2010,English - Mature,English - Mature - 2010s
tt17277414,2023,Unknown,French,Unknown,2020,French - Unknown,French - Unknown - 2020s
tt1727824,2018,PG-13,English,Teen,2010,English - Teen,English - Teen - 2010s
tt1729637,2011,Not Rated,Hindi,Unknown,2010,Hindi - Unknown,Hindi - Unknown - 2010s
tt1731141,2013,PG-13,English,Teen,2010,English - Teen,English - Teen - 2010s
tt1731701,2015,PG-13,English,Teen,2010,English - Teen,English - Teen - 2010s
tt1734113,2010,G,Japanese,Family,2010,Japanese - Family,Japanese - Family - 2010s
tt1734433,2012,R,English,Mature,2010,English - Mature,English - Mature - 2010s
tt1734548,2011,Not Rated,English,Unknown,2010,English - Unknown,English - Unknown - 2010s
tt1734582,2011,PG-13,English,Teen,2010,English - Teen,English - Teen - 2010s
tt1735898,2012,PG-13,English,Teen,2010,English - Teen,English - Teen - 2010s
tt17372462,2022,R,English,Mature,2020,English - Mature,English - Mature - 2020s
tt1740707,2010,PG-13,Norwegian,Teen,2010,Norwegian - Teen,Norwegian - Teen - 2010s
tt1741669,2011,Unknown,Korean,Unknown,2010,Korean - Unknown,Korean - Unknown - 2010s
tt1742334,2014,R,English,Mature,2010,English - Mature,English - Mature - 2010s
tt1745686,2012,Not Rated,German,Unknown,2010,German - Unknown,German - Unknown - 2010s
tt1745787,2014,Unrated,Ukrainian Sign,Unknown,2010,Ukrainian Sign - Unknown,Ukrainian Sign - Unknown - 2010s
tt1745960,2022,PG-13,English,Teen,2020,English - Teen,English - Teen - 2020s
tt1748051,2011,Not Rated,English,Unknown,2010,English - Unknown,English - Unknown - 2010s
tt1748122,2012,PG-13,English,Teen,2010,English - Teen,English - Teen - 2010s
tt1748179,2012,R,English,Mature,2010,English - Mature,English - Mature - 2010s
tt1748227,2012,R,English,Mature,2010,English - Mature,English - Mature - 2010s
tt1748280,2012,Not Rated,English,Unknown,2010,English - Unknown,English - Unknown - 2010s
tt17490924,2022,Unknown,English,Unknown,2020,English - Unknown,English - Unknown - 2020s
tt17494686,2022,Unknown,Korean,Unknown,2020,Korean - Unknown,Korean - Unknown - 2020s
tt17511968,2022,Unknown,English,Unknown,2020,English - Unknown,English - Unknown - 2020s
tt17527124,2022,R,English,Mature,2020,English - Mature,English - Mature - 2020s
tt1753383,2017,PG,English,Family,2010,English - Family,English - Family - 2010s
tt1753460,2011,Not Rated,English,Unknown,2010,English - Unknown,English - Unknown - 2010s
tt1753767,2010,TV-14,Spanish,Teen,2010,Spanish - Teen,Spanish - Teen - 2010s
tt1754656,2015,PG,English,Family,2010,English - Family,English - Family - 2010s
tt1757742,2011,R,English,Mature,2010,English - Mature,English - Mature - 2010s
tt1758610,2012,PG-13,English,Teen,2010,English - Teen,English - Teen - 2010s
tt1758692,2011,PG-13,English,Teen,2010,English - Teen,English - Teen - 2010s
tt1758810,2017,R,English,Mature,2010,English - Mature,English - Mature - 2010s
tt1758830,2012,R,English,Mature,2010,English - Mature,English - Mature - 2010s
tt1762246,2010,Not Rated,English,Unknown,2010,English - Unknown,English - Unknown - 2010s
tt1762308,2011,PG,English,Family,2010,English - Family,English - Family - 2010s
tt1762358,2011,Not Rated,English,Unknown,2010,English - Unknown,English - Unknown - 2010s
tt1763303,2012,PG-13,English,Teen,2010,English - Teen,English - Teen - 2010s
tt1764234,2012,R,English,Mature,2010,English - Mature,English - Mature - 2010s
tt1764551,2024,Unknown,English,Unknown,2020,English - Unknown,English - Unknown - 2020s
tt1764651,2012,R,English,Mature,2010,English - Mature,English - Mature - 2010s
tt1766094,2012,PG-13,English,Teen,2010,English - Teen,English - Teen - 2010s
tt1767354,2013,PG-13,English,Teen,2010,English - Teen,English - Teen - 2010s
tt17677178,2022,Unknown,English,Unknown,2020,English - Unknown,English - Unknown - 2020s
tt1770650,2010,R,Thai,Mature,2010,Thai - Mature,Thai - Mature - 2010s
tt1772288,2015,R,English,Mature,2010,English - Mature,English - Mature - 2010s
tt1772341,2012,PG,English,Family,2010,English - Family,English - Family - 2010s
tt1773753,2018,R,English,Mature,2010,English - Mature,English - Mature - 2010s
tt1778304,2011,R,English,Mature,2010,English - Mature,English - Mature - 2010s
tt1778924,2013,PG,English,Family,2010,English - Family,English - Family - 2010s
tt1779814,2011,Not Rated,English,Unknown,2010,English - Unknown,English - Unknown - 2010s
tt1781769,2012,R,English,Mature,2010,English - Mature,English - Mature - 2010s
tt1781922,2015,R,English,Mature,2010,English - Mature,English - Mature - 2010s
tt1783298,2011,Unknown,Turkish,Unknown,2010,Turkish - Unknown,Turkish - Unknown - 2010s
tt1787700,2010,Unknown,English,Unknown,2010,English - Unknown,English - Unknown - 2010s
tt1787753,1979,Unknown,Mandarin,Unknown,1970,Mandarin - Unknown,Mandarin - Unknown - 1970s
tt1790809,2017,PG-13,English,Teen,2010,English - Teen,English - Teen - 2010s
tt1790864,2014,PG-13,English,Teen,2010,English - Teen,English - Teen - 2010s
tt1790885,2012,R,English,Mature,2010,English - Mature,English - Mature - 2010s
tt1791441,2014,Unknown,English,Unknown,2010,English - Unknown,English - Unknown - 2010s
tt1791528,2014,R,English,Mature,2010,English - Mature,English - Mature - 2010s
tt1794943,2011,TV-MA,English,Mature,2010,English - Mature,English - Mature - 2010s
tt1796564,2010,TV-PG,Hindi,Teen,2010,Hindi - Teen,Hindi - Teen - 2010s
tt1798684,2015,R,English,Mature,2010,English - Mature,English - Mature - 2010s
tt1798709,2013,R,English,Mature,2010,English - Mature,English - Mature - 2010s
tt1800241,2013,R,English,Mature,2010,English - Mature,English - Mature - 2010s
tt1800246,2014,R,English,Mature,2010,English - Mature,English - Mature - 2010s
tt1800302,2016,R,English,Mature,2010,English - Mature,English - Mature - 2010s
tt18060740,2022,Unknown,English,Unknown,2020,English - Unknown,English - Unknown - 2020s
tt18071972,2023,R,English,Mature,2020,English - Mature,English - Mature - 2020s
tt18076786,2023,Unknown,English,Unknown,2020,English - Unknown,English - Unknown - 2020s
tt18077924,2023,R,English,Mature,2020,English - Mature,English - Mature - 2020s
tt18080092,2022,Unknown,English,Unknown,2020,English - Unknown,English - Unknown - 2020s
tt18081000,2022,R,English,Mature,2020,English - Mature,English - Mature - 2020s
tt1809398,2014,PG-13,English,Teen,2010,English - Teen,English - Teen - 2010s
tt1811315,2012,R,English,Mature,2010,English - Mature,English - Mature - 2010s
tt1813757,2010,Not Rated,English,Unknown,2010,English - Unknown,English - Unknown - 2010s
tt1814621,2013,PG-13,English,Teen,2010,English - Teen,English - Teen - 2010s
tt1814665,2011,Unknown,Korean,Unknown,2010,Korean - Unknown,Korean - Unknown - 2010s
tt1815708,2012,R,English,Mature,2010,English - Mature,English - Mature - 2010s
tt1815862,2013,PG-13,English,Teen,2010,English - Teen,English - Teen - 2010s
tt1816597,2012,R,English,Mature,2010,English - Mature,English - Mature - 2010s
tt1817273,2012,R,English,Mature,2010,English - Mature,English - Mature - 2010s
tt1820488,2012,Not Rated,French,Unknown,2010,French - Unknown,French - Unknown - 2010s
tt1821480,2012,Not Rated,Hindi,Unknown,2010,Hindi - Unknown,Hindi - Unknown - 2010s
tt1821694,2013,PG-13,English,Teen,2010,English - Teen,English - Teen - 2010s
tt1821701,2016,TV-14,English,Teen,2010,English - Teen,English - Teen - 2010s
tt1822203,2012,Not Rated,English,Unknown,2010,English - Unknown,English - Unknown - 2010s
tt1822237,2012,Unknown,Spanish,Unknown,2010,Spanish - Unknown,Spanish - Unknown - 2010s
tt1822255,2011,Unrated,German,Unknown,2010,German - Unknown,German - Unknown - 2010s
tt18227236,2022,Unknown,English,Unknown,2020,English - Unknown,English - Unknown - 2020s
tt1823672,2015,R,English,Mature,2010,English - Mature,English - Mature - 2010s
tt1823684,2012,Unknown,English,Unknown,2010,English - Unknown,English - Unknown - 2010s
tt18239364,2022,Unknown,English,Unknown,2020,English - Unknown,English - Unknown - 2020s
tt18245954,2021,Unknown,English,Unknown,2020,English - Unknown,English - Unknown - 2020s
tt1825157,2013,R,English,Mature,2010,English - Mature,English - Mature - 2010s
tt1825683,2018,PG-13,English,Teen,2010,English - Teen,English - Teen - 2010s
tt18264794,2023,PG,English,Family,2020,English - Family,English - Family - 2020s
tt1827487,2011,Not Rated,Turkish,Unknown,2010,Turkish - Unknown,Turkish - Unknown - 2010s
tt1829012,2012,R,English,Mature,2010,English - Mature,English - Mature - 2010s
tt1833116,2019,R,English,Mature,2010,English - Mature,English - Mature - 2010s
tt1833673,2013,Not Rated,Hindi,Unknown,2010,Hindi - Unknown,Hindi - Unknown - 2010s
tt1838571,2011,Not Rated,Spanish,Unknown,2010,Spanish - Unknown,Spanish - Unknown - 2010s
tt1839492,2012,R,English,Mature,2010,English - Mature,English - Mature - 2010s
tt1839494,2011,TV-14,Japanese,Teen,2010,Japanese - Teen,Japanese - Teen - 2010s
tt18394986,2022,Unknown,English,Unknown,2020,English - Unknown,English - Unknown - 2020s
tt1839591,2011,R,English,Mature,2010,English - Mature,English - Mature - 2010s
tt1839642,2013,PG-13,English,Teen,2010,English - Teen,English - Teen - 2010s
tt1840309,2014,PG-13,English,Teen,2010,English - Teen,English - Teen - 2010s
tt1840417,2012,PG-13,English,Teen,2010,English - Teen,English - Teen - 2010s
tt1843303,2018,Not Rated,English,Unknown,2010,English - Unknown,English - Unknown - 2010s
tt1843866,2014,PG-13,English,Teen,2010,English - Teen,English - Teen - 2010s
tt1844635,2010,Not Rated,English,Unknown,2010,English - Unknown,English - Unknown - 2010s
tt1844793,2013,Unknown,English,Unknown,2010,English - Unknown,English - Unknown - 2010s
tt18453866,2023,Unknown,German,Unknown,2020,German - Unknown,German - Unknown - 2020s
tt1846589,2018,R,English,Mature,2010,English - Mature,English - Mature - 2010s
tt1846600,1968,Unknown,Korean,Unknown,1960,Korean - Unknown,Korean - Unknown - 1960s
tt1846803,2010,Unrated,Korean,Unknown,2010,Korean - Unknown,Korean - Unknown - 2010s
tt1848771,2011,Unknown,Hindi,Unknown,2010,Hindi - Unknown,Hindi - Unknown - 2010s
tt1848832,2011,Not Rated,English,Unknown,2010,English - Unknown,English - Unknown - 2010s
tt1849718,2012,Not Rated,Hindi,Unknown,2010,Hindi - Unknown,Hindi - Unknown - 2010s
tt1850397,2014,R,English,Mature,2010,English - Mature,English - Mature - 2010s
tt1851006,2012,Not Rated,English,Unknown,2010,English - Unknown,English - Unknown - 2010s
tt1853739,2011,R,English,Mature,2010,English - Mature,English - Mature - 2010s
tt1854564,2013,PG,English,Family,2010,English - Family,English - Family - 2010s
tt1855199,2012,R,English,Mature,2010,English - Mature,English - Mature - 2010s
tt1855325,2012,R,English,Mature,2010,English - Mature,English - Mature - 2010s
tt1856101,2017,R,English,Mature,2010,English - Mature,English - Mature - 2010s
tt18568902,2022,Unknown,Hindi,Unknown,2020,Hindi - Unknown,Hindi - Unknown - 2020s
tt1857842,2012,R,English,Mature,2010,English - Mature,English - Mature - 2010s
tt1858773,2011,Not Rated,English,Unknown,2010,English - Unknown,English - Unknown - 2010s
tt1859522,2011,Not Rated,Swedish,Unknown,2010,Swedish - Unknown,Swedish - Unknown - 2010s
tt1859603,2012,Not Rated,English,Unknown,2010,English - Unknown,English - Unknown - 2010s
tt1859650,2012,R,English,Mature,2010,English - Mature,English - Mature - 2010s
tt1860242,2019,R,English,Mature,2010,English - Mature,English - Mature - 2010s
tt1860353,2013,PG,English,Family,2010,English - Family,English - Family - 2010s
tt1860357,2016,PG-13,English,Teen,2010,English - Teen,English - Teen - 2010s
tt1862079,2012,R,English,Mature,2010,English - Mature,English - Mature - 2010s
tt1863203,2013,TV-MA,English,Mature,2010,English - Mature,English - Mature - 2010s
tt1864455,2011,Unknown,Dutch,Unknown,2010,Dutch - Unknown,Dutch - Unknown - 2010s
tt1865505,2014,PG,English,Family,2010,English - Family,English - Family - 2010s
tt1867093,2012,R,English,Mature,2010,English - Mature,English - Mature - 2010s
tt1872160,2023,Unknown,Mandarin,Unknown,2020,Mandarin - Unknown,Mandarin - Unknown - 2020s
tt1872181,2014,PG-13,English,Teen,2010,English - Teen,English - Teen - 2010s
tt1872194,2014,R,English,Mature,2010,English - Mature,English - Mature - 2010s
tt1877830,2022,PG-13,English,Teen,2020,English - Teen,English - Teen - 2020s
tt1877832,2014,PG-13,English,Teen,2010,English - Teen,English - Teen - 2010s
tt18815600,2022,Unknown,Indonesian,Unknown,2020,Indonesian - Unknown,Indonesian - Unknown - 2020s
tt1885331,2012,Not Rated,French,Unknown,2010,French - Unknown,French - Unknown - 2010s
tt1885372,1997,Unknown,Telugu,Unknown,1990,Telugu - Unknown,Telugu - Unknown - 1990s
tt1886649,2012,Unknown,English,Unknown,2010,English - Unknown,English - Unknown - 2010s
tt1891747,2012,Unknown,Japanese,Unknown,2010,Japanese - Unknown,Japanese - Unknown - 2010s
tt1893256,2013,R,English,Mature,2010,English - Mature,English - Mature - 2010s
tt18933046,2021,Unknown,Chinese,Unknown,2020,Chinese - Unknown,Chinese - Unknown - 2020s
tt18937582,2022,Unknown,English,Unknown,2020,English - Unknown,English - Unknown - 2020s
tt18952404,2023,Unknown,English,Unknown,2020,English - Unknown,English - Unknown - 2020s
tt1895466,2011,Unknown,Romanian,Unknown,2010,Romanian - Unknown,Romanian - Unknown - 2010s
tt1895587,2015,R,English,Mature,2010,English - Mature,English - Mature - 2010s
tt18973958,2023,Unknown,N/A,Unknown,2020,N/A - Unknown,N/A - Unknown - 2020s
tt1899353,2011,R,Indonesian,Mature,2010,Indonesian - Mature,Indonesian - Mature - 2010s
tt1900854,2012,Not Rated,English,Unknown,2010,English - Unknown,English - Unknown - 2010s
tt1904996,2013,R,English,Mature,2010,English - Mature,English - Mature - 2010s
tt1905041,2013,PG-13,English,Teen,2010,English - Teen,English - Teen - 2010s
tt19072084,2022,Unknown,Dutch,Unknown,2020,Dutch - Unknown,Dutch - Unknown - 2020s
tt1907668,2012,R,English,Mature,2010,English - Mature,English - Mature - 2010s
tt1911644,2013,R,English,Mature,2010,English - Mature,English - Mature - 2010s
tt1911658,2014,PG,English,Family,2010,English - Family,English - Family - 2010s
tt1912398,2011,R,English,Mature,2010,English - Mature,English - Mature - 2010s
tt1914331,2011,Unknown,Spanish,Unknown,2010,Spanish - Unknown,Spanish - Unknown - 2010s
tt1918806,2012,Not Rated,English,Unknown,2010,English - Unknown,English - Unknown - 2010s
tt1919137,2012,Not Rated,Mandarin,Unknown,2010,Mandarin - Unknown,Mandarin - Unknown - 2010s
tt1920849,2012,R,English,Mature,2010,English - Mature,English - Mature - 2010s
tt1921064,2014,PG-13,English,Teen,2010,English - Teen,English - Teen - 2010s
tt19224314,2023,Unknown,English,Unknown,2020,English - Unknown,English - Unknown - 2020s
tt1922548,2011,Not Rated,English,Unknown,2010,English - Unknown,English - Unknown - 2010s
tt1922777,2012,R,English,Mature,2010,English - Mature,English - Mature - 2010s
tt1924396,2013,R,English,Mature,2010,English - Mature,English - Mature - 2010s
tt1924429,2013,R,English,Mature,2010,English - Mature,English - Mature - 2010s
tt1924435,2014,R,English,Mature,2010,English - Mature,English - Mature - 2010s
tt19245296,2023,Unknown,English,Unknown,2020,English - Unknown,English - Unknown - 2020s
tt1928330,2012,R,English,Mature,2010,English - Mature,English - Mature - 2010s
tt19284188,2022,Unknown,English,Unknown,2020,English - Unknown,English - Unknown - 2020s
tt1931533,2012,R,English,Mature,2010,English - Mature,English - Mature - 2010s
tt1932718,2012,R,English,Mature,2010,English - Mature,English - Mature - 2010s
tt1934335,2011,Not Rated,Mandarin,Unknown,2010,Mandarin - Unknown,Mandarin - Unknown - 2010s
tt1935787,2001,Not Rated,Mandarin,Unknown,2000,Mandarin - Unknown,Mandarin - Unknown - 2000s
tt1935859,2016,PG-13,English,Teen,2010,English - Teen,English - Teen - 2010s
tt19367194,2022,Unknown,Indonesian,Unknown,2020,Indonesian - Unknown,Indonesian - Unknown - 2020s
tt1937149,2012,Not Rated,Spanish,Unknown,2010,Spanish - Unknown,Spanish - Unknown - 2010s
tt19387240,2023,Unknown,English,Unknown,2020,English - Unknown,English - Unknown - 2020s
tt1939659,2013,R,English,Mature,2010,English - Mature,English - Mature - 2010s
tt19399206,2024,Unknown,English,Unknown,2020,English - Unknown,English - Unknown - 2020s
tt19406606,2023,PG-13,English,Teen,2020,English - Teen,English - Teen - 2020s
tt1941536,2012,Not Rated,Cantonese,Unknown,2010,Cantonese - Unknown,Cantonese - Unknown - 2010s
tt1941705,2011,Unknown,Cantonese,Unknown,2010,Cantonese - Unknown,Cantonese - Unknown - 2010s
tt19428542,2023,Unknown,English,Unknown,2020,English - Unknown,English - Unknown - 2020s
tt1942899,1971,Unknown,Ukrainian,Unknown,1970,Ukrainian - Unknown,Ukrainian - Unknown - 1970s
tt19433106,2022,Unknown,English,Unknown,2020,English - Unknown,English - Unknown - 2020s
tt19445266,2022,Unknown,English,Unknown,2020,English - Unknown,English - Unknown - 2020s
tt1949583,2013,TV-14,English,Teen,2010,English - Teen,English - Teen - 2010s
tt1950186,2019,PG-13,English,Teen,2010,English - Teen,English - Teen - 2010s
tt1951261,2013,R,English,Mature,2010,English - Mature,English - Mature - 2010s
tt1951264,2013,PG-13,English,Teen,2010,English - Teen,English - Teen - 2010s
tt1951265,2014,PG-13,English,Teen,2010,English - Teen,English - Teen - 2010s
tt1951266,2015,PG-13,English,Teen,2010,English - Teen,English - Teen - 2010s
tt1954470,2012,Not Rated,Hindi,Unknown,2010,Hindi - Unknown,Hindi - Unknown - 2010s
tt1954886,2011,Unrated,English,Unknown,2010,English - Unknown,English - Unknown - 2010s
tt1956620,2014,R,English,Mature,2010,English - Mature,English - Mature - 2010s
tt1958053,2012,TV-PG,English,Teen,2010,English - Teen,English - Teen - 2010s
tt1959490,2014,PG-13,English,Teen,2010,English - Teen,English - Teen - 2010s
tt1959563,2017,R,English,Mature,2010,English - Mature,English - Mature - 2010s
tt1961175,2017,R,English,Mature,2010,English - Mature,English - Mature - 2010s
tt19623240,2023,Not Rated,English,Unknown,2020,English - Unknown,English - Unknown - 2020s
tt1964418,2015,PG,English,Family,2010,English - Family,English - Family - 2010s
tt1964624,2012,R,French,Mature,2010,French - Mature,French - Mature - 2010s
tt1971514,2013,Not Rated,Italian,Unknown,2010,Italian - Unknown,Italian - Unknown - 2010s
tt19718006,2022,Unknown,English,Unknown,2020,English - Unknown,English - Unknown - 2020s
tt1972571,2014,R,English,Mature,2010,English - Mature,English - Mature - 2010s
tt1972591,2017,PG-13,English,Teen,2010,English - Teen,English - Teen - 2010s
tt1972779,2014,PG-13,English,Teen,2010,English - Teen,English - Teen - 2010s
tt1974419,2016,R,English,Mature,2010,English - Mature,English - Mature - 2010s
tt19757204,2022,Unknown,Mandarin,Unknown,2020,Mandarin - Unknown,Mandarin - Unknown - 2020s
tt19773302,2023,Unknown,English,Unknown,2020,English - Unknown,English - Unknown - 2020s
tt1977895,2012,Not Rated,English,Unknown,2010,English - Unknown,English - Unknown - 2010s
tt1979320,2013,R,English,Mature,2010,English - Mature,English - Mature - 2010s
tt1979376,2019,G,English,Family,2010,English - Family,English - Family - 2010s
tt1979388,2015,PG,English,Family,2010,English - Family,English - Family - 2010s
tt19799018,2023,Unknown,English,Unknown,2020,English - Unknown,English - Unknown - 2020s
tt1980209,2013,R,English,Mature,2010,English - Mature,English - Mature - 2010s
tt1980929,2013,R,English,Mature,2010,English - Mature,English - Mature - 2010s
tt1981115,2013,PG-13,English,Teen,2010,English - Teen,English - Teen - 2010s
tt1981128,2017,PG-13,English,Teen,2010,English - Teen,English - Teen - 2010s
tt1981677,2012,PG-13,English,Teen,2010,English - Teen,English - Teen - 2010s
tt19838634,2024,Unknown,Hindi,Unknown,2020,Hindi - Unknown,Hindi - Unknown - 2020s
tt1985949,2016,PG,English,Family,2010,English - Family,English - Family - 2010s
tt1985966,2013,PG,English,Family,2010,English - Family,English - Family - 2010s
tt19868164,2023,Unknown,English,Unknown,2020,English - Unknown,English - Unknown - 2020s
tt1988621,2014,R,English,Mature,2010,English - Mature,English - Mature - 2010s
tt19890316,2023,R,English,Mature,2020,English - Mature,English - Mature - 2020s
tt1989485,2012,R,English,Mature,2010,English - Mature,English - Mature - 2010s
tt1989486,2012,Unknown,English,Unknown,2010,English - Unknown,English - Unknown - 2010s
tt1990314,2012,PG-13,English,Teen,2010,English - Teen,English - Teen - 2010s
tt1991245,2012,R,English,Mature,2010,English - Mature,English - Mature - 2010s
tt1992258,2012,Not Rated,English,Unknown,2010,English - Unknown,English - Unknown - 2010s
tt1999159,2011,Not Rated,English,Unknown,2010,English - Unknown,English - Unknown - 2010s
tt1999995,2012,Not Rated,English,Unknown,2010,English - Unknown,English - Unknown - 2010s
tt2002718,2013,R,English,Mature,2010,English - Mature,English - Mature - 2010s
tt2005151,2016,R,English,Mature,2010,English - Mature,English - Mature - 2010s
tt2005374,2013,R,English,Mature,2010,English - Mature,English - Mature - 2010s
tt2006040,2012,R,English,Mature,2010,English - Mature,English - Mature - 2010s
tt20112746,2024,R,English,Mature,2020,English - Mature,English - Mature - 2020s
tt2011311,2018,TV-MA,English,Mature,2010,English - Mature,English - Mature - 2010s
tt20113412,2023,Unknown,English,Unknown,2020,English - Unknown,English - Unknown - 2020s
tt2013293,2013,PG-13,Japanese,Teen,2010,Japanese - Teen,Japanese - Teen - 2010s
tt2015381,2014,PG-13,English,Teen,2010,English - Teen,English - Teen - 2010s
tt2015478,2011,Unknown,English,Unknown,2010,English - Unknown,English - Unknown - 2010s
tt2017038,2013,PG-13,English,Teen,2010,English - Teen,English - Teen - 2010s
tt20183562,2022,Unknown,N/A,Unknown,2020,N/A - Unknown,N/A - Unknown - 2020s
tt20199226,2022,TV-PG,English,Teen,2020,English - Teen,English - Teen - 2020s
tt2020110,2011,PG-13,Thai,Teen,2010,Thai - Teen,Thai - Teen - 2010s
tt20221436,2024,R,Spanish,Mature,2020,Spanish - Mature,Spanish - Mature - 2020s
tt20222202,2023,Unknown,English,Unknown,2020,English - Unknown,English - Unknown - 2020s
tt20225374,2022,Not Rated,English,Unknown,2020,English - Unknown,English - Unknown - 2020s
tt20227448,2023,Unknown,Spanish,Unknown,2020,Spanish - Unknown,Spanish - Unknown - 2020s
tt20228124,2022,Unknown,English,Unknown,2020,English - Unknown,English - Unknown - 2020s
tt2023587,2013,PG-13,English,Teen,2010,English - Teen,English - Teen - 2010s
tt2023690,2012,Not Rated,English,Unknown,2010,English - Unknown,English - Unknown - 2010s
tt20244248,2022,Unknown,English,Unknown,2020,English - Unknown,English - Unknown - 2020s
tt2024432,2013,R,English,Mature,2010,English - Mature,English - Mature - 2010s
tt2024469,2014,PG-13,English,Teen,2010,English - Teen,English - Teen - 2010s
tt2024544,2013,R,English,Mature,2010,English - Mature,English - Mature - 2010s
tt2025690,2016,PG-13,English,Teen,2010,English - Teen,English - Teen - 2010s
tt2034761,2012,G,Norwegian,Family,2010,Norwegian - Family,Norwegian - Family - 2010s
tt2034800,2016,PG-13,English,Teen,2010,English - Teen,English - Teen - 2010s
tt20358284,2023,R,English,Mature,2020,English - Mature,English - Mature - 2020s
tt2039393,2014,R,English,Mature,2010,English - Mature,English - Mature - 2010s
tt2040454,2012,Unknown,English,Unknown,2010,English - Unknown,English - Unknown - 2010s
tt20414642,2023,TV-MA,Swedish,Mature,2020,Swedish - Mature,Swedish - Mature - 2020s
tt20424130,2023,R,English,Mature,2020,English - Mature,English - Mature - 2020s
tt2048770,2013,Not Rated,English,Unknown,2010,English - Unknown,English - Unknown - 2010s
tt2050604,2011,Unknown,Mandarin,Unknown,2010,Mandarin - Unknown,Mandarin - Unknown - 2010s
tt2051879,2013,PG-13,English,Teen,2010,English - Teen,English - Teen - 2010s
tt2053425,2012,R,French,Mature,2010,French - Mature,French - Mature - 2010s
tt2053463,2013,R,English,Mature,2010,English - Mature,English - Mature - 2010s
tt2057392,2015,R,English,Mature,2010,English - Mature,English - Mature - 2010s
tt2058673,2015,PG-13,English,Teen,2010,English - Teen,English - Teen - 2010s
tt20603692,2022,Unrated,English,Unknown,2020,English - Unknown,English - Unknown - 2020s
tt2062661,2012,Not Rated,English,Unknown,2010,English - Unknown,English - Unknown - 2010s
tt2066051,2019,R,English,Mature,2010,English - Mature,English - Mature - 2010s
tt2066133,2013,PG,English,Family,2010,English - Family,English - Family - 2010s
tt2069948,2013,Unknown,English,Unknown,2010,English - Unknown,English - Unknown - 2010s
tt2071491,2012,Not Rated,English,Unknown,2010,English - Unknown,English - Unknown - 2010s
tt2072220,2013,Not Rated,Mandarin,Unknown,2010,Mandarin - Unknown,Mandarin - Unknown - 2010s
tt2072233,2017,R,English,Mature,2010,English - Mature,English - Mature - 2010s
tt2072933,2013,TV-14,English,Teen,2010,English - Teen,English - Teen - 2010s
tt2073661,2014,Not Rated,English,Unknown,2010,English - Unknown,English - Unknown - 2010s
tt2076822,2021,PG-13,English,Teen,2020,English - Teen,English - Teen - 2020s
tt2080374,2015,R,English,Mature,2010,English - Mature,English - Mature - 2010s
tt2082197,2012,Not Rated,Hindi,Unknown,2010,Hindi - Unknown,Hindi - Unknown - 2010s
tt2083383,2012,PG-13,English,Teen,2010,English - Teen,English - Teen - 2010s
tt20836144,2023,Unknown,Mandarin,Unknown,2020,Mandarin - Unknown,Mandarin - Unknown - 2020s
tt2084970,2014,PG-13,English,Teen,2010,English - Teen,English - Teen - 2010s
tt20857676,2023,Unknown,Polish,Unknown,2020,Polish - Unknown,Polish - Unknown - 2020s
tt2086938,2011,TV-PG,English,Teen,2010,English - Teen,English - Teen - 2010s
tt20879602,2023,PG-13,English,Teen,2020,English - Teen,English - Teen - 2020s
tt2089863,2011,R,Spanish,Mature,2010,Spanish - Mature,Spanish - Mature - 2010s
tt2090465,2017,R,English,Mature,2010,English - Mature,English - Mature - 2010s
tt2090515,1975,Unknown,Welsh,Unknown,1970,Welsh - Unknown,Welsh - Unknown - 1970s
tt2091256,2017,PG,English,Family,2010,English - Family,English - Family - 2010s
tt2093991,2016,R,English,Mature,2010,English - Mature,English - Mature - 2010s
tt2094018,2013,PG-13,English,Teen,2010,English - Teen,English - Teen - 2010s
tt2094064,2012,PG-13,English,Teen,2010,English - Teen,English - Teen - 2010s
tt2094766,2016,PG-13,English,Teen,2010,English - Teen,English - Teen - 2010s
tt2096673,2015,PG,English,Family,2010,English - Family,English - Family - 2010s
tt20969586,2025,PG-13,English,Teen,2020,English - Teen,English - Teen - 2020s
tt2097298,2015,PG,English,Family,2010,English - Family,English - Family - 2010s
tt2101341,2013,R,English,Mature,2010,English - Mature,English - Mature - 2010s
tt2101441,2012,R,English,Mature,2010,English - Mature,English - Mature - 2010s
tt2102472,2011,Not Rated,Mandarin,Unknown,2010,Mandarin - Unknown,Mandarin - Unknown - 2010s
tt2103254,2014,R,English,Mature,2010,English - Mature,English - Mature - 2010s
tt2103267,2013,R,English,Mature,2010,English - Mature,English - Mature - 2010s
tt2103281,2014,PG-13,English,Teen,2010,English - Teen,English - Teen - 2010s
tt2105044,2012,R,English,Mature,2010,English - Mature,English - Mature - 2010s
tt2106361,2014,PG-13,English,Teen,2010,English - Teen,English - Teen - 2010s
tt2106739,2012,Not Rated,English,Unknown,2010,English - Unknown,English - Unknown - 2010s
tt21081126,2023,Unknown,English,Unknown,2020,English - Unknown,English - Unknown - 2020s
tt2109184,2012,R,English,Mature,2010,English - Mature,English - Mature - 2010s
tt2109248,2014,PG-13,English,Teen,2010,English - Teen,English - Teen - 2010s
tt21097018,2022,Unknown,Japanese,Unknown,2020,Japanese - Unknown,Japanese - Unknown - 2020s
tt21100460,2022,Unknown,English,Unknown,2020,English - Unknown,English - Unknown - 2020s
tt2110388,2013,Not Rated,English,Unknown,2010,English - Unknown,English - Unknown - 2010s
tt2111274,2011,Unknown,English,Unknown,2010,English - Unknown,English - Unknown - 2010s
tt2112287,2012,Not Rated,Norwegian,Unknown,2010,Norwegian - Unknown,Norwegian - Unknown - 2010s
tt2112981,2011,Not Rated,English,Unknown,2010,English - Unknown,English - Unknown - 2010s
tt2113681,2013,R,Swedish,Mature,2010,Swedish - Mature,Swedish - Mature - 2010s
tt2113792,2013,R,English,Mature,2010,English - Mature,English - Mature - 2010s
tt2114358,2012,Not Rated,Dutch,Unknown,2010,Dutch - Unknown,Dutch - Unknown - 2010s
tt21157408,2022,Unknown,English,Unknown,2020,English - Unknown,English - Unknown - 2020s
tt21158192,2023,R,English,Mature,2020,English - Mature,English - Mature - 2020s
tt2116974,2011,Unknown,Russian,Unknown,2010,Russian - Unknown,Russian - Unknown - 2010s
tt21187572,2022,Unknown,English,Unknown,2020,English - Unknown,English - Unknown - 2020s
tt2118775,2013,R,Cantonese,Mature,2010,Cantonese - Mature,Cantonese - Mature - 2010s
tt2119532,2016,R,English,Mature,2010,English - Mature,English - Mature - 2010s
tt2120120,2015,PG-13,English,Teen,2010,English - Teen,English - Teen - 2010s
tt21222462,2023,R,English,Mature,2020,English - Mature,English - Mature - 2020s
tt21223048,2022,Unknown,English,Unknown,2020,English - Unknown,English - Unknown - 2020s
tt21226152,2022,Unknown,Azerbaijani,Unknown,2020,Azerbaijani - Unknown,Azerbaijani - Unknown - 2020s
tt21226774,2022,TV-MA,Spanish,Mature,2020,Spanish - Mature,Spanish - Mature - 2020s
tt21235248,2024,PG-13,English,Teen,2020,English - Teen,English - Teen - 2020s
tt2124926,2012,Unknown,English,Unknown,2010,English - Unknown,English - Unknown - 2010s
tt2125435,2012,PG-13,English,Teen,2010,English - Teen,English - Teen - 2010s
tt21255308,2023,TV-PG,English,Teen,2020,English - Teen,English - Teen - 2020s
tt2125663,2016,TV-14,English,Teen,2010,English - Teen,English - Teen - 2010s
tt21261712,2024,R,English,Mature,2020,English - Mature,English - Mature - 2020s
tt21263500,2022,Unknown,Korean,Unknown,2020,Korean - Unknown,Korean - Unknown - 2020s
tt2126355,2015,PG-13,English,Teen,2010,English - Teen,English - Teen - 2010s
tt21267296,2023,R,English,Mature,2020,English - Mature,English - Mature - 2020s
tt2128535,2014,Unknown,Spanish,Unknown,2010,Spanish - Unknown,Spanish - Unknown - 2010s
tt2132285,2013,R,English,Mature,2010,English - Mature,English - Mature - 2010s
tt2133239,2012,Not Rated,English,Unknown,2010,English - Unknown,English - Unknown - 2010s
tt21336626,2023,Unknown,English,Unknown,2020,English - Unknown,English - Unknown - 2020s
tt21364552,2023,Unknown,Korean,Unknown,2020,Korean - Unknown,Korean - Unknown - 2020s
tt21372280,2022,Unknown,Indonesian,Unknown,2020,Indonesian - Unknown,Indonesian - Unknown - 2020s
tt21379060,2022,Unknown,English,Unknown,2020,English - Unknown,English - Unknown - 2020s
tt21382296,2024,PG-13,English,Teen,2020,English - Teen,English - Teen - 2020s
tt2139799,2014,Unrated,English,Unknown,2010,English - Unknown,English - Unknown - 2010s
tt2139881,2019,R,English,Mature,2010,English - Mature,English - Mature - 2010s
tt2140373,2013,PG-13,English,Teen,2010,English - Teen,English - Teen - 2010s
tt2140379,2015,PG-13,English,Teen,2010,English - Teen,English - Teen - 2010s
tt2140479,2016,R,English,Mature,2010,English - Mature,English - Mature - 2010s
tt2140619,2014,R,English,Mature,2010,English - Mature,English - Mature - 2010s
tt21426434,2022,Unrated,English,Unknown,2020,English - Unknown,English - Unknown - 2020s
tt21426848,2023,R,English,Mature,2020,English - Mature,English - Mature - 2020s
tt2142987,2017,Not Rated,English,Unknown,2010,English - Unknown,English - Unknown - 2010s
tt21442114,2025,R,English,Mature,2020,English - Mature,English - Mature - 2020s
tt21454134,2023,R,English,Mature,2020,English - Mature,English - Mature - 2020s
tt2147048,2012,Not Rated,English,Unknown,2010,English - Unknown,English - Unknown - 2010s
tt2150332,2012,R,French,Mature,2010,French - Mature,French - Mature - 2010s
tt2150369,2013,PG-13,English,Teen,2010,English - Teen,English - Teen - 2010s
tt2150511,2013,Not Rated,English,Unknown,2010,English - Unknown,English - Unknown - 2010s
tt21602900,2022,Unknown,English,Unknown,2020,English - Unknown,English - Unknown - 2020s
tt21617996,2022,Unknown,Tamil,Unknown,2020,Tamil - Unknown,Tamil - Unknown - 2020s
tt2165743,2013,Not Rated,English,Unknown,2010,English - Unknown,English - Unknown - 2010s
tt2166500,2013,R,English,Mature,2010,English - Mature,English - Mature - 2010s
tt2166616,2013,Not Rated,English,Unknown,2010,English - Unknown,English - Unknown - 2010s
tt2169322,2013,PG-13,Mandarin,Teen,2010,Mandarin - Teen,Mandarin - Teen - 2010s
tt2170439,2014,R,English,Mature,2010,English - Mature,English - Mature - 2010s
tt2171867,2013,R,English,Mature,2010,English - Mature,English - Mature - 2010s
tt2172934,2014,PG-13,English,Teen,2010,English - Teen,English - Teen - 2010s
tt2177575,2012,Unknown,German,Unknown,2010,German - Unknown,German - Unknown - 2010s
tt2177771,2014,PG-13,English,Teen,2010,English - Teen,English - Teen - 2010s
tt2179116,2013,R,English,Mature,2010,English - Mature,English - Mature - 2010s
tt2179136,2014,R,English,Mature,2010,English - Mature,English - Mature - 2010s
tt21799750,2021,Unknown,Japanese,Unknown,2020,Japanese - Unknown,Japanese - Unknown - 2020s
tt21801648,2022,Unknown,Tagalog,Unknown,2020,Tagalog - Unknown,Tagalog - Unknown - 2020s
tt2180411,2014,PG,English,Family,2010,English - Family,English - Family - 2010s
tt2180435,2012,Unrated,English,Unknown,2010,English - Unknown,English - Unknown - 2010s
tt21807222,2023,R,English,Mature,2020,English - Mature,English - Mature - 2020s
tt2180994,2014,R,English,Mature,2010,English - Mature,English - Mature - 2010s
tt2182028,2012,Unknown,English,Unknown,2010,English - Unknown,English - Unknown - 2010s
tt2182093,2013,Unknown,English,Unknown,2010,English - Unknown,English - Unknown - 2010s
tt2182241,2012,Unknown,English,Unknown,2010,English - Unknown,English - Unknown - 2010s
tt2183014,2023,PG-13,English,Teen,2020,English - Teen,English - Teen - 2020s
tt21836576,2022,TV-G,English,Family,2020,English - Family,English - Family - 2020s
tt2184095,2012,Not Rated,English,Unknown,2010,English - Unknown,English - Unknown - 2010s
tt2184339,2013,R,English,Mature,2010,English - Mature,English - Mature - 2010s
tt21848358,2022,TV-MA,Hindi,Mature,2020,Hindi - Mature,Hindi - Mature - 2020s
tt2186712,2016,Not Rated,English,Unknown,2010,English - Unknown,English - Unknown - 2010s
tt2186766,2013,PG,English,Family,2010,English - Family,English - Family - 2010s
tt2186848,2015,TV-MA,English,Mature,2010,English - Mature,English - Mature - 2010s
tt2187312,2012,Unknown,Spanish,Unknown,2010,Spanish - Unknown,Spanish - Unknown - 2010s
tt21874760,2022,16+,Spanish,Unknown,2020,Spanish - Unknown,Spanish - Unknown - 2020s
tt21916206,2022,TV-MA,German,Mature,2020,German - Mature,German - Mature - 2020s
tt21927594,2023,Unknown,English,Unknown,2020,English - Unknown,English - Unknown - 2020s
tt2193215,2013,R,English,Mature,2010,English - Mature,English - Mature - 2010s
tt2193418,2013,R,English,Mature,2010,English - Mature,English - Mature - 2010s
tt2194499,2013,R,English,Mature,2010,English - Mature,English - Mature - 2010s
tt21953278,2023,Unknown,English,Unknown,2020,English - Unknown,English - Unknown - 2020s
tt21958986,2022,Not Rated,English,Unknown,2020,English - Unknown,English - Unknown - 2020s
tt21959272,2024,Unknown,English,Unknown,2020,English - Unknown,English - Unknown - 2020s
tt21962086,2023,Unknown,Mandarin,Unknown,2020,Mandarin - Unknown,Mandarin - Unknown - 2020s
tt2196236,2014,Unknown,Spanish,Unknown,2010,Spanish - Unknown,Spanish - Unknown - 2010s
tt21974366,2022,Unknown,English,Unknown,2020,English - Unknown,English - Unknown - 2020s
tt21983758,2022,Unknown,Malayalam,Unknown,2020,Malayalam - Unknown,Malayalam - Unknown - 2020s
tt2199571,2015,R,English,Mature,2010,English - Mature,English - Mature - 2010s
tt22006348,2022,Unknown,Thai,Unknown,2020,Thai - Unknown,Thai - Unknown - 2020s
tt2201548,2013,Not Rated,English,Unknown,2010,English - Unknown,English - Unknown - 2010s
tt22020050,2022,Unknown,English,Unknown,2020,English - Unknown,English - Unknown - 2020s
tt2203939,2014,PG-13,English,Teen,2010,English - Teen,English - Teen - 2010s
tt22042742,2022,Not Rated,English,Unknown,2020,English - Unknown,English - Unknown - 2020s
tt22048412,2024,R,English,Mature,2020,English - Mature,English - Mature - 2020s
tt2205697,2012,R,English,Mature,2010,English - Mature,English - Mature - 2010s
tt2208216,2012,Unrated,Lithuanian,Unknown,2010,Lithuanian - Unknown,Lithuanian - Unknown - 2010s
tt2209418,2013,R,English,Mature,2010,English - Mature,English - Mature - 2010s
tt2209764,2014,PG-13,English,Teen,2010,English - Teen,English - Teen - 2010s
tt2210479,2012,TV-MA,Japanese,Mature,2010,Japanese - Mature,Japanese - Mature - 2010s
tt2213054,2013,Not Rated,Hindi,Unknown,2010,Hindi - Unknown,Hindi - Unknown - 2010s
tt22170224,2022,Unknown,Tagalog,Unknown,2020,Tagalog - Unknown,Tagalog - Unknown - 2020s
tt22178922,2022,Unknown,Tagalog,Unknown,2020,Tagalog - Unknown,Tagalog - Unknown - 2020s
tt2218003,2013,R,English,Mature,2010,English - Mature,English - Mature - 2010s
tt2222042,2020,PG-13,English,Teen,2020,English - Teen,English - Teen - 2020s
tt2223990,2014,PG-13,English,Teen,2010,English - Teen,English - Teen - 2010s
tt2224026,2015,PG,English,Family,2010,English - Family,English - Family - 2010s
tt2224571,2011,Unknown,Korean,Unknown,2010,Korean - Unknown,Korean - Unknown - 2010s
tt2226162,2020,Unrated,English,Unknown,2020,English - Unknown,English - Unknown - 2020s
tt2226417,2013,PG-13,English,Teen,2010,English - Teen,English - Teen - 2010s
tt2226440,2018,TV-MA,English,Mature,2010,English - Mature,English - Mature - 2010s
tt2226597,2017,PG-13,English,Teen,2010,English - Teen,English - Teen - 2010s
tt2229499,2013,R,English,Mature,2010,English - Mature,English - Mature - 2010s
tt2229511,2013,R,English,Mature,2010,English - Mature,English - Mature - 2010s
tt2231461,2018,PG-13,English,Teen,2010,English - Teen,English - Teen - 2010s
tt2234530,2012,TV-G,English,Family,2010,English - Family,English - Family - 2010s
tt2235108,2014,R,English,Mature,2010,English - Mature,English - Mature - 2010s
tt2235695,2020,PG-13,English,Teen,2020,English - Teen,English - Teen - 2020s
tt2238032,2016,PG-13,Mandarin,Teen,2010,Mandarin - Teen,Mandarin - Teen - 2010s
tt2238050,2014,R,English,Mature,2010,English - Mature,English - Mature - 2010s
tt2238140,2011,Unknown,English,Unknown,2010,English - Unknown,English - Unknown - 2010s
tt22392974,2023,Unknown,English,Unknown,2020,English - Unknown,English - Unknown - 2020s
tt2239822,2017,PG-13,English,Teen,2010,English - Teen,English - Teen - 2010s
tt2239832,2014,PG-13,English,Teen,2010,English - Teen,English - Teen - 2010s
tt2241351,2016,R,English,Mature,2010,English - Mature,English - Mature - 2010s
tt2243260,2015,Unknown,English,Unknown,2010,English - Unknown,English - Unknown - 2010s
tt2245084,2014,PG,English,Family,2010,English - Family,English - Family - 2010s
tt2245151,2014,R,English,Mature,2010,English - Mature,English - Mature - 2010s
tt22463382,2022,Unknown,English,Unknown,2020,English - Unknown,English - Unknown - 2020s
tt2247476,2014,PG,English,Family,2010,English - Family,English - Family - 2010s
tt22476934,2022,Unknown,Mandarin,Unknown,2020,Mandarin - Unknown,Mandarin - Unknown - 2020s
tt2247816,2014,TV-MA,English,Mature,2010,English - Mature,English - Mature - 2010s
tt22489042,2024,R,English,Mature,2020,English - Mature,English - Mature - 2020s
tt22497768,2022,TV-14,Arabic,Teen,2020,Arabic - Teen,Arabic - Teen - 2020s
tt22497824,2023,TV-14,Arabic,Teen,2020,Arabic - Teen,Arabic - Teen - 2020s
tt22501842,2024,Unknown,English,Unknown,2020,English - Unknown,English - Unknown - 2020s
tt22506970,2022,Unknown,Korean,Unknown,2020,Korean - Unknown,Korean - Unknown - 2020s
tt2250912,2017,PG-13,English,Teen,2010,English - Teen,English - Teen - 2010s
tt2252552,2014,R,English,Mature,2010,English - Mature,English - Mature - 2010s
tt2253939,2012,TV-14,French,Teen,2010,French - Teen,French - Teen - 2010s
tt2254790,2013,Unknown,English,Unknown,2010,English - Unknown,English - Unknown - 2010s
tt2257284,2019,TV-MA,Hindi,Mature,2010,Hindi - Mature,Hindi - Mature - 2010s
tt2258337,2012,Not Rated,Telugu,Unknown,2010,Telugu - Unknown,Telugu - Unknown - 2010s
tt2261976,2013,G,English,Family,2010,English - Family,English - Family - 2010s
tt2262227,2014,PG,English,Family,2010,English - Family,English - Family - 2010s
tt2265080,2013,PG-13,English,Teen,2010,English - Teen,English - Teen - 2010s
tt2265171,2014,R,Indonesian,Mature,2010,Indonesian - Mature,Indonesian - Mature - 2010s
tt2265555,2010,Unknown,Dutch,Unknown,2010,Dutch - Unknown,Dutch - Unknown - 2010s
tt2265609,2012,Unknown,English,Unknown,2010,English - Unknown,English - Unknown - 2010s
tt2267968,2016,PG,English,Family,2010,English - Family,English - Family - 2010s
tt2267998,2014,R,English,Mature,2010,English - Mature,English - Mature - 2010s
tt2268458,2013,R,English,Mature,2010,English - Mature,English - Mature - 2010s
tt22688572,2023,R,English,Mature,2020,English - Mature,English - Mature - 2020s
tt22695198,2022,TV-14,Thai,Teen,2020,Thai - Teen,Thai - Teen - 2020s
tt2271412,2012,Unknown,English,Unknown,2010,English - Unknown,English - Unknown - 2010s
tt2272336,2013,R,English,Mature,2010,English - Mature,English - Mature - 2010s
tt2273657,2015,R,English,Mature,2010,English - Mature,English - Mature - 2010s
tt22741760,2024,R,English,Mature,2020,English - Mature,English - Mature - 2020s
tt22742012,2024,Unknown,English,Unknown,2020,English - Unknown,English - Unknown - 2020s
tt2274648,2019,R,English,Mature,2010,English - Mature,English - Mature - 2010s
tt22767628,2024,PG-13,English,Teen,2020,English - Teen,English - Teen - 2020s
tt22769820,2023,PG-13,English,Teen,2020,English - Teen,English - Teen - 2020s
tt22774688,2022,TV-Y7,English,Family,2020,English - Family,English - Family - 2020s
tt2277860,2016,PG,English,Family,2010,English - Family,English - Family - 2010s
tt2278388,2014,R,English,Mature,2010,English - Mature,English - Mature - 2010s
tt2278871,2013,NC-17,French,Mature,2010,French - Mature,French - Mature - 2010s
tt2279025,2019,R,English,Mature,2010,English - Mature,English - Mature - 2010s
tt2279339,2015,PG-13,English,Teen,2010,English - Teen,English - Teen - 2010s
tt22796890,2023,Unknown,English,Unknown,2020,English - Unknown,English - Unknown - 2020s
tt2280358,2013,Unknown,Spanish,Unknown,2010,Spanish - Unknown,Spanish - Unknown - 2010s
tt2280986,2013,Not Rated,English,Unknown,2010,English - Unknown,English - Unknown - 2010s
tt2281159,2013,Not Rated,English,Unknown,2010,English - Unknown,English - Unknown - 2010s
tt2281309,2013,Unknown,Japanese,Unknown,2010,Japanese - Unknown,Japanese - Unknown - 2010s
tt2283336,2019,PG-13,English,Teen,2010,English - Teen,English - Teen - 2010s
tt2283362,2017,PG-13,English,Teen,2010,English - Teen,English - Teen - 2010s
tt22873516,2024,Unknown,English,Unknown,2020,English - Unknown,English - Unknown - 2020s
tt2290553,2014,R,English,Mature,2010,English - Mature,English - Mature - 2010s
tt2293640,2015,PG,English,Family,2010,English - Family,English - Family - 2010s
tt22939186,2024,R,English,Mature,2020,English - Mature,English - Mature - 2020s
tt2294449,2014,R,English,Mature,2010,English - Mature,English - Mature - 2010s
tt2294473,2012,Not Rated,Japanese,Unknown,2010,Japanese - Unknown,Japanese - Unknown - 2010s
tt2294629,2013,PG,English,Family,2010,English - Family,English - Family - 2010s
tt2294789,2012,Unknown,English,Unknown,2010,English - Unknown,English - Unknown - 2010s
tt2301045,2016,Unknown,English,Unknown,2010,English - Unknown,English - Unknown - 2010s
tt2301155,2013,Not Rated,Hindi,Unknown,2010,Hindi - Unknown,Hindi - Unknown - 2010s
tt2302755,2013,R,English,Mature,2010,English - Mature,English - Mature - 2010s
tt23032692,2023,Unknown,English,Unknown,2020,English - Unknown,English - Unknown - 2020s
tt2304933,2016,PG-13,English,Teen,2010,English - Teen,English - Teen - 2010s
tt2305051,2014,R,English,Mature,2010,English - Mature,English - Mature - 2010s
tt2309224,2013,Not Rated,Hebrew,Unknown,2010,Hebrew - Unknown,Hebrew - Unknown - 2010s
tt2310332,2014,R,English,Mature,2010,English - Mature,English - Mature - 2010s
tt2311526,2013,Not Rated,French,Unknown,2010,French - Unknown,French - Unknown - 2010s
tt2312718,2013,R,English,Mature,2010,English - Mature,English - Mature - 2010s
tt23131648,2025,R,English,Mature,2020,English - Mature,English - Mature - 2020s
tt23137904,Unknown,Unknown,Unknown,Unknown,0,Unknown - Unknown,Unknown - Unknown - Unknown Decade
tt23159982,2023,Unknown,English,Unknown,2020,English - Unknown,English - Unknown - 2020s
tt2316204,2017,R,English,Mature,2010,English - Mature,English - Mature - 2010s
tt2316411,2013,R,English,Mature,2010,English - Mature,English - Mature - 2010s
tt2316479,2018,Not Rated,English,Unknown,2010,English - Unknown,English - Unknown - 2010s
tt2316548,2023,R,English,Mature,2020,English - Mature,English - Mature - 2020s
tt2316756,2012,Not Rated,Telugu,Unknown,2010,Telugu - Unknown,Telugu - Unknown - 2010s
tt2316868,2014,PG,English,Family,2010,English - Family,English - Family - 2010s
tt2321502,2015,Not Rated,English,Unknown,2010,English - Unknown,English - Unknown - 2010s
tt2321549,2014,Not Rated,English,Unknown,2010,English - Unknown,English - Unknown - 2010s
tt2321663,1998,Unknown,Mandarin,Unknown,1990,Mandarin - Unknown,Mandarin - Unknown - 1990s
tt2322441,2015,R,English,Mature,2010,English - Mature,English - Mature - 2010s
tt2322457,2012,PG,Danish,Family,2010,Danish - Family,Danish - Family - 2010s
tt2322932,2015,Unknown,English,Unknown,2010,English - Unknown,English - Unknown - 2010s
tt2325517,2013,Unrated,English,Unknown,2010,English - Unknown,English - Unknown - 2010s
tt2328813,2013,Not Rated,Russian,Unknown,2010,Russian - Unknown,Russian - Unknown - 2010s
tt23289160,2023,PG-13,Japanese,Teen,2020,Japanese - Teen,Japanese - Teen - 2020s
tt2332623,2012,Not Rated,English,Unknown,2010,English - Unknown,English - Unknown - 2010s
tt2333598,2012,TV-14,Spanish,Teen,2010,Spanish - Teen,Spanish - Teen - 2010s
tt2333784,2014,PG-13,English,Teen,2010,English - Teen,English - Teen - 2010s
tt2334649,2013,R,English,Mature,2010,English - Mature,English - Mature - 2010s
tt2334879,2013,PG-13,English,Teen,2010,English - Teen,English - Teen - 2010s
tt2336284,2013,Unknown,English,Unknown,2010,English - Unknown,English - Unknown - 2010s
tt2338151,2014,Not Rated,Hindi,Unknown,2010,Hindi - Unknown,Hindi - Unknown - 2010s
tt2338454,2017,TV-PG,English,Teen,2010,English - Teen,English - Teen - 2010s
tt2342421,2012,TV-MA,English,Mature,2010,English - Mature,English - Mature - 2010s
tt2345613,2014,R,English,Mature,2010,English - Mature,English - Mature - 2010s
tt2345695,2012,Unrated,English,Unknown,2010,English - Unknown,English - Unknown - 2010s
tt2345737,2014,R,English,Mature,2010,English - Mature,English - Mature - 2010s
tt2345759,2017,PG-13,English,Teen,2010,English - Teen,English - Teen - 2010s
tt2346198,2014,Unknown,English,Unknown,2010,English - Unknown,English - Unknown - 2010s
tt2347569,2012,R,English,Mature,2010,English - Mature,English - Mature - 2010s
tt2349142,2013,Unknown,English,Unknown,2010,English - Unknown,English - Unknown - 2010s
tt2349721,2012,Not Rated,Spanish,Unknown,2010,Spanish - Unknown,Spanish - Unknown - 2010s
tt2351310,2013,Not Rated,Korean,Unknown,2010,Korean - Unknown,Korean - Unknown - 2010s
tt2353755,2014,Unknown,Italian,Unknown,2010,Italian - Unknown,Italian - Unknown - 2010s
tt23558280,2024,R,English,Mature,2020,English - Mature,English - Mature - 2020s
tt2356180,2013,Not Rated,Hindi,Unknown,2010,Hindi - Unknown,Hindi - Unknown - 2010s
tt2357129,2013,PG-13,English,Teen,2010,English - Teen,English - Teen - 2010s
tt2357291,2014,G,English,Family,2010,English - Family,English - Family - 2010s
tt2357489,2013,Not Rated,Hindi,Unknown,2010,Hindi - Unknown,Hindi - Unknown - 2010s
tt2357866,2013,Unknown,English,Unknown,2010,English - Unknown,English - Unknown - 2010s
tt2359024,2013,R,English,Mature,2010,English - Mature,English - Mature - 2010s
tt2359810,2013,Not Rated,Hindi,Unknown,2010,Hindi - Unknown,Hindi - Unknown - 2010s
tt2362212,2013,Unknown,English,Unknown,2010,English - Unknown,English - Unknown - 2010s
tt2362354,2013,PG,English,Family,2010,English - Family,English - Family - 2010s
tt23623604,2022,Unknown,English,Unknown,2020,English - Unknown,English - Unknown - 2020s
tt2363213,2013,PG-13,Norwegian,Teen,2010,Norwegian - Teen,Norwegian - Teen - 2010s
tt2363461,2013,Not Rated,English,Unknown,2010,English - Unknown,English - Unknown - 2010s
tt2364841,2013,R,English,Mature,2010,English - Mature,English - Mature - 2010s
tt2364897,2016,R,English,Mature,2010,English - Mature,English - Mature - 2010s
tt2368662,2015,Not Rated,German,Unknown,2010,German - Unknown,German - Unknown - 2010s
tt2369135,2014,PG-13,English,Teen,2010,English - Teen,English - Teen - 2010s
tt2369317,2014,R,English,Mature,2010,English - Mature,English - Mature - 2010s
tt2369600,2014,R,English,Mature,2010,English - Mature,English - Mature - 2010s
tt2371158,2014,Unknown,Dutch,Unknown,2010,Dutch - Unknown,Dutch - Unknown - 2010s
tt2372222,2014,Not Rated,Hindi,Unknown,2010,Hindi - Unknown,Hindi - Unknown - 2010s
tt23722792,2022,PG,English,Family,2020,English - Family,English - Family - 2020s
tt2372678,2014,Not Rated,Hindi,Unknown,2010,Hindi - Unknown,Hindi - Unknown - 2010s
tt2377322,2014,R,English,Mature,2010,English - Mature,English - Mature - 2010s
tt2377752,2018,TV-14,English,Teen,2010,English - Teen,English - Teen - 2010s
tt2378471,2014,Unknown,English,Unknown,2010,English - Unknown,English - Unknown - 2010s
tt23790924,2023,Not Rated,French,Unknown,2020,French - Unknown,French - Unknown - 2020s
tt23793170,2023,Unknown,English,Unknown,2020,English - Unknown,English - Unknown - 2020s
tt2379318,2013,Not Rated,French,Unknown,2010,French - Unknown,French - Unknown - 2010s
tt2379713,2015,PG-13,English,Teen,2010,English - Teen,English - Teen - 2010s
tt2380307,2017,PG,English,Family,2010,English - Family,English - Family - 2010s
tt2380594,2012,Unknown,Arabic,Unknown,2010,Arabic - Unknown,Arabic - Unknown - 2010s
tt2381111,2015,PG-13,English,Teen,2010,English - Teen,English - Teen - 2010s
tt2381213,2016,R,English,Mature,2010,English - Mature,English - Mature - 2010s
tt2381249,2015,PG-13,English,Teen,2010,English - Teen,English - Teen - 2010s
tt2381941,2015,R,English,Mature,2010,English - Mature,English - Mature - 2010s
tt2381991,2016,PG-13,English,Teen,2010,English - Teen,English - Teen - 2010s
tt2382320,2021,PG-13,English,Teen,2020,English - Teen,English - Teen - 2020s
tt2386291,2013,Not Rated,English,Unknown,2010,English - Unknown,English - Unknown - 2010s
tt2386490,2019,PG,English,Family,2010,English - Family,English - Family - 2010s
tt2387433,2013,PG-13,English,Teen,2010,English - Teen,English - Teen - 2010s
tt2387499,2016,PG-13,English,Teen,2010,English - Teen,English - Teen - 2010s
tt2388715,2013,R,English,Mature,2010,English - Mature,English - Mature - 2010s
tt2388771,2018,PG-13,English,Teen,2010,English - Teen,English - Teen - 2010s
tt2390361,2013,PG-13,English,Teen,2010,English - Teen,English - Teen - 2010s
tt2395427,2015,PG-13,English,Teen,2010,English - Teen,English - Teen - 2010s
tt2397461,2021,PG,English,Family,2020,English - Family,English - Family - 2020s
tt2397535,2014,R,English,Mature,2010,English - Mature,English - Mature - 2010s
tt2398249,2014,R,English,Mature,2010,English - Mature,English - Mature - 2010s
tt2400275,2014,Not Rated,French,Unknown,2010,French - Unknown,French - Unknown - 2010s
tt2400321,2015,PG-13,English,Teen,2010,English - Teen,English - Teen - 2010s
tt2400463,2015,Not Rated,English,Unknown,2010,English - Unknown,English - Unknown - 2010s
tt2400473,2013,Not Rated,English,Unknown,2010,English - Unknown,English - Unknown - 2010s
tt2401181,2014,Unrated,German,Unknown,2010,German - Unknown,German - Unknown - 2010s
tt2401878,2015,R,English,Mature,2010,English - Mature,English - Mature - 2010s
tt24020726,2024,Unknown,English,Unknown,2020,English - Unknown,English - Unknown - 2020s
tt2402157,2014,R,English,Mature,2010,English - Mature,English - Mature - 2010s
tt2402927,2015,R,English,Mature,2010,English - Mature,English - Mature - 2010s
tt2403867,2012,Unknown,Japanese,Unknown,2010,Japanese - Unknown,Japanese - Unknown - 2010s
tt2404233,2016,PG-13,English,Teen,2010,English - Teen,English - Teen - 2010s
tt2404311,2013,R,English,Mature,2010,English - Mature,English - Mature - 2010s
tt2404435,2016,PG-13,English,Teen,2010,English - Teen,English - Teen - 2010s
tt2404461,2013,PG-13,French,Teen,2010,French - Teen,French - Teen - 2010s
tt2404463,2013,R,English,Mature,2010,English - Mature,English - Mature - 2010s
tt2406566,2017,R,English,Mature,2010,English - Mature,English - Mature - 2010s
tt24067680,2023,Unknown,Tamil,Unknown,2020,Tamil - Unknown,Tamil - Unknown - 2020s
tt24076146,2023,R,English,Mature,2020,English - Mature,English - Mature - 2020s
tt2409302,2013,Not Rated,Japanese,Unknown,2010,Japanese - Unknown,Japanese - Unknown - 2010s
tt2409904,2014,Not Rated,English,Unknown,2010,English - Unknown,English - Unknown - 2010s
tt2411024,2012,Not Rated,Korean,Unknown,2010,Korean - Unknown,Korean - Unknown - 2010s
tt2411112,2013,Unknown,French,Unknown,2010,French - Unknown,French - Unknown - 2010s
tt24132988,2023,Unknown,English,Unknown,2020,English - Unknown,English - Unknown - 2020s
tt2414196,2014,Unknown,English,Unknown,2010,English - Unknown,English - Unknown - 2010s
tt24146896,2023,Unrated,Spanish,Unknown,2020,Spanish - Unknown,Spanish - Unknown - 2020s
tt2417650,2013,R,English,Mature,2010,English - Mature,English - Mature - 2010s
tt2422212,2013,Unknown,English,Unknown,2010,English - Unknown,English - Unknown - 2010s
tt2427892,2013,Not Rated,French,Unknown,2010,French - Unknown,French - Unknown - 2010s
tt2429074,2013,R,English,Mature,2010,English - Mature,English - Mature - 2010s
tt2431286,2013,PG-13,English,Teen,2010,English - Teen,English - Teen - 2010s
tt2431576,2013,Not Rated,English,Unknown,2010,English - Unknown,English - Unknown - 2010s
tt2433542,2012,Unknown,Telugu,Unknown,2010,Telugu - Unknown,Telugu - Unknown - 2010s
tt2436386,2015,PG-13,English,Teen,2010,English - Teen,English - Teen - 2010s
tt2441174,2014,Unknown,English,Unknown,2010,English - Unknown,English - Unknown - 2010s
tt2446042,2014,PG-13,English,Teen,2010,English - Teen,English - Teen - 2010s
tt2446746,2012,Unknown,English,Unknown,2010,English - Unknown,English - Unknown - 2010s
tt2446980,2015,PG-13,English,Teen,2010,English - Teen,English - Teen - 2010s
tt2447162,2013,Unknown,English,Unknown,2010,English - Unknown,English - Unknown - 2010s
tt2447338,2014,Not Rated,English,Unknown,2010,English - Unknown,English - Unknown - 2010s
tt2452244,2019,PG-13,English,Teen,2010,English - Teen,English - Teen - 2010s
tt2459160,2014,PG,English,Family,2010,English - Family,English - Family - 2010s
tt2463208,2022,PG-13,English,Teen,2020,English - Teen,English - Teen - 2020s
tt2463512,2013,R,English,Mature,2010,English - Mature,English - Mature - 2010s
tt2463524,2015,Unknown,English,Unknown,2010,English - Unknown,English - Unknown - 2010s
tt2470102,2015,Not Rated,English,Unknown,2010,English - Unknown,English - Unknown - 2010s
tt2474958,2015,Not Rated,English,Unknown,2010,English - Unknown,English - Unknown - 2010s
tt24785860,2023,Unknown,Tagalog,Unknown,2020,Tagalog - Unknown,Tagalog - Unknown - 2020s
tt24786154,2022,Unknown,Mandarin,Unknown,2020,Mandarin - Unknown,Mandarin - Unknown - 2020s
tt2481276,2014,Not Rated,English,Unknown,2010,English - Unknown,English - Unknown - 2010s
tt2481498,2019,R,English,Mature,2010,English - Mature,English - Mature - 2010s
tt2486678,2014,R,English,Mature,2010,English - Mature,English - Mature - 2010s
tt2488496,2015,PG-13,English,Teen,2010,English - Teen,English - Teen - 2010s
tt2493466,2013,Not Rated,Japanese,Unknown,2010,Japanese - Unknown,Japanese - Unknown - 2010s
tt2494362,2015,Not Rated,English,Unknown,2010,English - Unknown,English - Unknown - 2010s
tt2494476,2013,Not Rated,English,Unknown,2010,English - Unknown,English - Unknown - 2010s
tt2497980,2014,Not Rated,English,Unknown,2010,English - Unknown,English - Unknown - 2010s
tt2503358,2013,R,English,Mature,2010,English - Mature,English - Mature - 2010s
tt2510894,2015,PG,English,Family,2010,English - Family,English - Family - 2010s
tt2512528,2013,Not Rated,English,Unknown,2010,English - Unknown,English - Unknown - 2010s
tt2514646,2012,Unknown,Spanish,Unknown,2010,Spanish - Unknown,Spanish - Unknown - 2010s
tt2516864,2013,Unknown,Dutch,Unknown,2010,Dutch - Unknown,Dutch - Unknown - 2010s
tt2516966,2016,Unknown,Spanish,Unknown,2010,Spanish - Unknown,Spanish - Unknown - 2010s
tt2526138,2012,Unknown,Korean,Unknown,2010,Korean - Unknown,Korean - Unknown - 2010s
tt2527256,2013,Unknown,English,Unknown,2010,English - Unknown,English - Unknown - 2010s
tt2527336,2017,PG-13,English,Teen,2010,English - Teen,English - Teen - 2010s
tt2527338,2019,PG-13,English,Teen,2010,English - Teen,English - Teen - 2010s
tt2528814,2014,PG,English,Family,2010,English - Family,English - Family - 2010s
tt2530392,2014,Unknown,Japanese,Unknown,2010,Japanese - Unknown,Japanese - Unknown - 2010s
tt2535470,2014,Not Rated,English,Unknown,2010,English - Unknown,English - Unknown - 2010s
tt2536436,2013,Not Rated,Dutch,Unknown,2010,Dutch - Unknown,Dutch - Unknown - 2010s
tt25366998,2023,Unknown,Arabic,Unknown,2020,Arabic - Unknown,Arabic - Unknown - 2020s
tt25406052,2023,Unknown,Japanese,Unknown,2020,Japanese - Unknown,Japanese - Unknown - 2020s
tt25406060,2023,Unknown,Thai,Unknown,2020,Thai - Unknown,Thai - Unknown - 2020s
tt25406500,2023,Unknown,Malayalam,Unknown,2020,Malayalam - Unknown,Malayalam - Unknown - 2020s
tt2543164,2016,PG-13,English,Teen,2010,English - Teen,English - Teen - 2010s
tt2543472,2017,PG,English,Family,2010,English - Family,English - Family - 2010s
tt2548208,2014,TV-14,English,Teen,2010,English - Teen,English - Teen - 2010s
tt2548396,2018,PG-13,English,Teen,2010,English - Teen,English - Teen - 2010s
tt25503544,2023,16+,Korean,Unknown,2020,Korean - Unknown,Korean - Unknown - 2020s
tt2552498,2013,Not Rated,English,Unknown,2010,English - Unknown,English - Unknown - 2010s
tt2554042,2013,Unknown,Hindi,Unknown,2010,Hindi - Unknown,Hindi - Unknown - 2010s
tt2554274,2015,R,English,Mature,2010,English - Mature,English - Mature - 2010s
tt2557478,2018,PG-13,English,Teen,2010,English - Teen,English - Teen - 2010s
tt2559214,2014,Not Rated,English,Unknown,2010,English - Unknown,English - Unknown - 2010s
tt2560102,2014,Not Rated,English,Unknown,2010,English - Unknown,English - Unknown - 2010s
tt2560792,2017,Not Rated,Tamil,Unknown,2010,Tamil - Unknown,Tamil - Unknown - 2010s
tt2561572,2015,R,English,Mature,2010,English - Mature,English - Mature - 2010s
tt2567026,2016,PG,English,Family,2010,English - Family,English - Family - 2010s
tt2568862,2017,PG-13,English,Teen,2010,English - Teen,English - Teen - 2010s
tt2573372,2020,PG,English,Family,2020,English - Family,English - Family - 2020s
tt2577652,2019,Unknown,English,Unknown,2010,English - Unknown,English - Unknown - 2010s
tt2582496,2015,PG-13,English,Teen,2010,English - Teen,English - Teen - 2010s
tt2582498,2017,R,English,Mature,2010,English - Mature,English - Mature - 2010s
tt2582624,2013,Not Rated,English,Unknown,2010,English - Unknown,English - Unknown - 2010s
tt2582782,2016,R,English,Mature,2010,English - Mature,English - Mature - 2010s
tt2582846,2014,PG-13,English,Teen,2010,English - Teen,English - Teen - 2010s
tt25830860,2023,TV-MA,English,Mature,2020,English - Mature,English - Mature - 2020s
tt2584384,2019,PG-13,English,Teen,2010,English - Teen,English - Teen - 2010s
tt2585562,2012,Not Rated,Tamil,Unknown,2010,Tamil - Unknown,Tamil - Unknown - 2010s
tt25869142,2023,R,English,Mature,2020,English - Mature,English - Mature - 2020s
tt2591814,2013,TV-14,Japanese,Teen,2010,Japanese - Teen,Japanese - Teen - 2010s
tt2592614,2016,R,English,Mature,2010,English - Mature,English - Mature - 2010s
tt25981462,2023,PG,Mandarin,Family,2020,Mandarin - Family,Mandarin - Family - 2020s
tt2602338,2015,Not Rated,English,Unknown,2010,English - Unknown,English - Unknown - 2010s
tt2603308,2012,Not Rated,Thai,Unknown,2010,Thai - Unknown,Thai - Unknown - 2010s
tt2606826,2011,Not Rated,Tamil,Unknown,2010,Tamil - Unknown,Tamil - Unknown - 2010s
tt2609758,2013,PG-13,English,Teen,2010,English - Teen,English - Teen - 2010s
tt2614400,2014,Unknown,Italian,Unknown,2010,Italian - Unknown,Italian - Unknown - 2010s
tt26160190,2023,TV-MA,Korean,Mature,2020,Korean - Mature,Korean - Mature - 2020s
tt2626460,2014,Unknown,N/A,Unknown,2010,N/A - Unknown,N/A - Unknown - 2010s
tt2631186,2015,Not Rated,Telugu,Unknown,2010,Telugu - Unknown,Telugu - Unknown - 2010s
tt2637294,2015,R,English,Mature,2010,English - Mature,English - Mature - 2010s
tt2638144,2016,PG-13,English,Teen,2010,English - Teen,English - Teen - 2010s
tt2639976,2012,Unknown,Malayalam,Unknown,2010,Malayalam - Unknown,Malayalam - Unknown - 2010s
tt2642524,2014,Not Rated,Spanish,Unknown,2010,Spanish - Unknown,Spanish - Unknown - 2010s
tt2645472,1964,Unknown,Japanese,Unknown,1960,Japanese - Unknown,Japanese - Unknown - 1960s
tt26475994,2023,Unknown,Japanese,Unknown,2020,Japanese - Unknown,Japanese - Unknown - 2020s
tt2649554,2016,PG-13,English,Teen,2010,English - Teen,English - Teen - 2010s
tt2652118,2016,PG-13,English,Teen,2010,English - Teen,English - Teen - 2010s
tt26584495,2025,R,English,Mature,2020,English - Mature,English - Mature - 2020s
tt2660888,2016,PG-13,English,Teen,2010,English - Teen,English - Teen - 2010s
tt26628641,2024,Unknown,English,Unknown,2020,English - Unknown,English - Unknown - 2020s
tt26658104,2024,PG-13,English,Teen,2020,English - Teen,English - Teen - 2020s
tt26681671,2023,Unknown,English,Unknown,2020,English - Unknown,English - Unknown - 2020s
tt26743210,2025,PG,English,Family,2020,English - Family,English - Family - 2020s
tt2674426,2016,PG-13,English,Teen,2010,English - Teen,English - Teen - 2010s
tt2679042,2015,R,English,Mature,2010,English - Mature,English - Mature - 2010s
tt2691734,2014,Unrated,English,Unknown,2010,English - Unknown,English - Unknown - 2010s
tt2692250,2014,PG,English,Family,2010,English - Family,English - Family - 2010s
tt26926267,2024,TV-PG,English,Teen,2020,English - Teen,English - Teen - 2020s
tt2697586,2014,Unknown,English,Unknown,2010,English - Unknown,English - Unknown - 2010s
tt2704998,2018,R,English,Mature,2010,English - Mature,English - Mature - 2010s
tt2709692,2018,PG,English,Family,2010,English - Family,English - Family - 2010s
tt2709768,2016,PG,English,Family,2010,English - Family,English - Family - 2010s
tt2713180,2014,R,English,Mature,2010,English - Mature,English - Mature - 2010s
tt2713642,2014,R,English,Mature,2010,English - Mature,English - Mature - 2010s
tt2714380,2014,PG-13,English,Teen,2010,English - Teen,English - Teen - 2010s
tt2719848,2015,PG-13,English,Teen,2010,English - Teen,English - Teen - 2010s
tt2720726,2015,TV-MA,Italian,Mature,2010,Italian - Mature,Italian - Mature - 2010s
tt2726552,2016,R,English,Mature,2010,English - Mature,English - Mature - 2010s
tt2726560,2015,PG-13,English,Teen,2010,English - Teen,English - Teen - 2010s
tt2727028,2014,Not Rated,Hindi,Unknown,2010,Hindi - Unknown,Hindi - Unknown - 2010s
tt2728784,2014,R,English,Mature,2010,English - Mature,English - Mature - 2010s
tt2736074,2013,Unknown,English,Unknown,2010,English - Unknown,English - Unknown - 2010s
tt2736254,2013,Not Rated,English,Unknown,2010,English - Unknown,English - Unknown - 2010s
tt2737304,2018,R,English,Mature,2010,English - Mature,English - Mature - 2010s
tt2738050,2013,TV-MA,Mandarin,Mature,2010,Mandarin - Mature,Mandarin - Mature - 2010s
tt2752584,2013,Unknown,Norwegian,Unknown,2010,Norwegian - Unknown,Norwegian - Unknown - 2010s
tt2752758,2014,R,English,Mature,2010,English - Mature,English - Mature - 2010s
tt2762772,2015,Unknown,English,Unknown,2010,English - Unknown,English - Unknown - 2010s
tt2767440,2014,Unknown,English,Unknown,2010,English - Unknown,English - Unknown - 2010s
tt2771200,2017,PG,English,Family,2010,English - Family,English - Family - 2010s
tt2780610,2014,Unknown,N/A,Unknown,2010,N/A - Unknown,N/A - Unknown - 2010s
tt2782844,2016,Not Rated,English,Unknown,2010,English - Unknown,English - Unknown - 2010s
tt2784936,2015,R,English,Mature,2010,English - Mature,English - Mature - 2010s
tt2788710,2014,R,English,Mature,2010,English - Mature,English - Mature - 2010s
tt2797190,2014,Unknown,English,Unknown,2010,English - Unknown,English - Unknown - 2010s
tt2797352,2015,Unknown,English,Unknown,2010,English - Unknown,English - Unknown - 2010s
tt2798920,2018,R,English,Mature,2010,English - Mature,English - Mature - 2010s
tt2802144,2014,R,English,Mature,2010,English - Mature,English - Mature - 2010s
tt2802154,2014,R,Russian,Mature,2010,Russian - Mature,Russian - Mature - 2010s
tt2806988,2013,Unrated,Italian,Unknown,2010,Italian - Unknown,Italian - Unknown - 2010s
tt2808986,2014,R,Japanese,Mature,2010,Japanese - Mature,Japanese - Mature - 2010s
tt2814362,2014,Not Rated,English,Unknown,2010,English - Unknown,English - Unknown - 2010s
tt2820852,2015,PG-13,English,Teen,2010,English - Teen,English - Teen - 2010s
tt2823054,2016,R,English,Mature,2010,English - Mature,English - Mature - 2010s
tt2824852,2014,Not Rated,English,Unknown,2010,English - Unknown,English - Unknown - 2010s
tt2836166,2016,Not Rated,English,Unknown,2010,English - Unknown,English - Unknown - 2010s
tt2852070,2017,Unknown,English,Unknown,2010,English - Unknown,English - Unknown - 2010s
tt2854926,2018,R,English,Mature,2010,English - Mature,English - Mature - 2010s
tt2856578,2014,Unknown,English,Unknown,2010,English - Unknown,English - Unknown - 2010s
tt2859246,2014,TV-14,Japanese,Teen,2010,Japanese - Teen,Japanese - Teen - 2010s
tt2866360,2013,Not Rated,English,Unknown,2010,English - Unknown,English - Unknown - 2010s
tt2866674,2013,Not Rated,English,Unknown,2010,English - Unknown,English - Unknown - 2010s
tt2870612,2014,R,English,Mature,2010,English - Mature,English - Mature - 2010s
tt2870756,2014,PG-13,English,Teen,2010,English - Teen,English - Teen - 2010s
tt2872718,2014,R,English,Mature,2010,English - Mature,English - Mature - 2010s
tt2872732,2014,R,English,Mature,2010,English - Mature,English - Mature - 2010s
tt2872750,2015,PG,None,Family,2010,None - Family,None - Family - 2010s
tt2873282,2018,R,English,Mature,2010,English - Mature,English - Mature - 2010s
tt2883218,2014,Unknown,Swiss German,Unknown,2010,Swiss German - Unknown,Swiss German - Unknown - 2010s
tt2883512,2014,R,English,Mature,2010,English - Mature,English - Mature - 2010s
tt2884206,2014,R,English,Mature,2010,English - Mature,English - Mature - 2010s
tt2885628,2015,R,English,Mature,2010,English - Mature,English - Mature - 2010s
tt2908446,2015,PG-13,English,Teen,2010,English - Teen,English - Teen - 2010s
tt2910274,2014,R,English,Mature,2010,English - Mature,English - Mature - 2010s
tt2910814,2014,PG-13,English,Teen,2010,English - Teen,English - Teen - 2010s
tt2911666,2014,R,English,Mature,2010,English - Mature,English - Mature - 2010s
tt2917388,2015,R,English,Mature,2010,English - Mature,English - Mature - 2010s
tt2917646,2013,Unknown,Korean,Unknown,2010,Korean - Unknown,Korean - Unknown - 2010s
tt2923834,2017,Unknown,English,Unknown,2010,English - Unknown,English - Unknown - 2010s
tt2932536,2017,PG-13,English,Teen,2010,English - Teen,English - Teen - 2010s
tt2934408,2010,Unknown,Thai,Unknown,2010,Thai - Unknown,Thai - Unknown - 2010s
tt2935510,2019,PG-13,English,Teen,2010,English - Teen,English - Teen - 2010s
tt2935622,2022,PG-13,English,Teen,2020,English - Teen,English - Teen - 2020s
tt2936180,2014,PG-13,French,Teen,2010,French - Teen,French - Teen - 2010s
tt2937898,2014,R,English,Mature,2010,English - Mature,English - Mature - 2010s
tt2938956,2015,PG-13,English,Teen,2010,English - Teen,English - Teen - 2010s
tt2948356,2016,PG,English,Family,2010,English - Family,English - Family - 2010s
tt2948372,2020,PG,English,Family,2020,English - Family,English - Family - 2020s
tt2950418,2016,PG,English,Family,2010,English - Family,English - Family - 2010s
tt2953050,2021,PG,English,Family,2020,English - Family,English - Family - 2020s
tt2960220,2013,Unknown,Spanish,Unknown,2010,Spanish - Unknown,Spanish - Unknown - 2010s
tt2964120,2014,Unknown,Japanese,Unknown,2010,Japanese - Unknown,Japanese - Unknown - 2010s
tt2967008,2014,Not Rated,English,Unknown,2010,English - Unknown,English - Unknown - 2010s
tt2967578,2013,PG-13,Korean,Teen,2010,Korean - Teen,Korean - Teen - 2010s
tt2969656,2013,Not Rated,Korean,Unknown,2010,Korean - Unknown,Korean - Unknown - 2010s
tt2975578,2014,R,English,Mature,2010,English - Mature,English - Mature - 2010s
tt2975590,2016,R,English,Mature,2010,English - Mature,English - Mature - 2010s
tt2977364,1972,Unknown,Kazakh,Unknown,1970,Kazakh - Unknown,Kazakh - Unknown - 1970s
tt2978576,2015,Not Rated,English,Unknown,2010,English - Unknown,English - Unknown - 2010s
tt2980516,2014,PG-13,English,Teen,2010,English - Teen,English - Teen - 2010s
tt2980592,2014,R,English,Mature,2010,English - Mature,English - Mature - 2010s
tt2981768,2013,Not Rated,Japanese,Unknown,2010,Japanese - Unknown,Japanese - Unknown - 2010s
tt2983922,2016,Unknown,English,Unknown,2010,English - Unknown,English - Unknown - 2010s
tt2988272,2013,Not Rated,Hindi,Unknown,2010,Hindi - Unknown,Hindi - Unknown - 2010s
tt2990140,2018,PG,English,Family,2010,English - Family,English - Family - 2010s
tt2991296,2013,Unrated,English,Unknown,2010,English - Unknown,English - Unknown - 2010s
tt3000284,2013,Unknown,Malayalam,Unknown,2010,Malayalam - Unknown,Malayalam - Unknown - 2010s
tt3007240,2013,PG-13,English,Teen,2010,English - Teen,English - Teen - 2010s
tt3007512,2014,R,English,Mature,2010,English - Mature,English - Mature - 2010s
tt3011894,2014,R,Spanish,Mature,2010,Spanish - Mature,Spanish - Mature - 2010s
tt3014866,2016,R,English,Mature,2010,English - Mature,English - Mature - 2010s
tt3014910,2016,Unknown,English,Unknown,2010,English - Unknown,English - Unknown - 2010s
tt3017864,2013,TV-MA,English,Mature,2010,English - Mature,English - Mature - 2010s
tt3024324,2016,Not Rated,English,Unknown,2010,English - Unknown,English - Unknown - 2010s
tt3029556,2014,TV-MA,Japanese,Mature,2010,Japanese - Mature,Japanese - Mature - 2010s
tt3040964,2016,PG,English,Family,2010,English - Family,English - Family - 2010s
tt3045616,2015,R,English,Mature,2010,English - Mature,English - Mature - 2010s
tt3058674,2015,Unknown,English,Unknown,2010,English - Unknown,English - Unknown - 2010s
tt3062096,2016,PG-13,English,Teen,2010,English - Teen,English - Teen - 2010s
tt3064620,2014,TV-G,English,Family,2010,English - Family,English - Family - 2010s
tt3065204,2016,R,English,Mature,2010,English - Mature,English - Mature - 2010s
tt3066630,2015,Not Rated,English,Unknown,2010,English - Unknown,English - Unknown - 2010s
tt3072482,2015,R,English,Mature,2010,English - Mature,English - Mature - 2010s
tt3074952,2016,Not Rated,English,Unknown,2010,English - Unknown,English - Unknown - 2010s
tt3076510,2018,Unknown,N/A,Unknown,2010,N/A - Unknown,N/A - Unknown - 2010s
tt3076658,2015,PG-13,English,Teen,2010,English - Teen,English - Teen - 2010s
tt3079380,2015,R,English,Mature,2010,English - Mature,English - Mature - 2010s
tt3083008,2015,R,English,Mature,2010,English - Mature,English - Mature - 2010s
tt3083932,2013,Unknown,English,Unknown,2010,English - Unknown,English - Unknown - 2010s
tt3086582,2013,Unknown,Mandarin,Unknown,2010,Mandarin - Unknown,Mandarin - Unknown - 2010s
tt3090670,2015,Not Rated,English,Unknown,2010,English - Unknown,English - Unknown - 2010s
tt3093522,2014,R,English,Mature,2010,English - Mature,English - Mature - 2010s
tt3095734,2016,PG,English,Family,2010,English - Family,English - Family - 2010s
tt3104930,2014,Not Rated,English,Unknown,2010,English - Unknown,English - Unknown - 2010s
tt3104988,2018,PG-13,English,Teen,2010,English - Teen,English - Teen - 2010s
tt3107924,2013,Not Rated,English,Unknown,2010,English - Unknown,English - Unknown - 2010s
tt3108158,2014,Not Rated,Japanese,Unknown,2010,Japanese - Unknown,Japanese - Unknown - 2010s
tt3110958,2016,PG-13,English,Teen,2010,English - Teen,English - Teen - 2010s
tt3111426,2020,R,English,Mature,2020,English - Mature,English - Mature - 2020s
tt3117302,2014,Unknown,Afrikaans,Unknown,2010,Afrikaans - Unknown,Afrikaans - Unknown - 2010s
tt3120280,2018,PG-13,English,Teen,2010,English - Teen,English - Teen - 2010s
tt3120314,2014,Unknown,English,Unknown,2010,English - Unknown,English - Unknown - 2010s
tt3121122,2014,R,English,Mature,2010,English - Mature,English - Mature - 2010s
tt3124456,2013,Not Rated,Malayalam,Unknown,2010,Malayalam - Unknown,Malayalam - Unknown - 2010s
tt3138344,2016,Not Rated,English,Unknown,2010,English - Unknown,English - Unknown - 2010s
tt3148392,2013,Unknown,Kannada,Unknown,2010,Kannada - Unknown,Kannada - Unknown - 2010s
tt3149360,2015,PG,English,Family,2010,English - Family,English - Family - 2010s
tt3149900,2013,PG-13,English,Teen,2010,English - Teen,English - Teen - 2010s
tt3152624,2015,R,English,Mature,2010,English - Mature,English - Mature - 2010s
tt3155298,2023,R,English,Mature,2020,English - Mature,English - Mature - 2020s
tt3155604,2013,Not Rated,Russian,Unknown,2010,Russian - Unknown,Russian - Unknown - 2010s
tt3155654,2013,Not Rated,Korean,Unknown,2010,Korean - Unknown,Korean - Unknown - 2010s
tt3157224,2014,Not Rated,English,Unknown,2010,English - Unknown,English - Unknown - 2010s
tt3161758,2013,Unknown,Telugu,Unknown,2010,Telugu - Unknown,Telugu - Unknown - 2010s
tt3165264,2017,Not Rated,English,Unknown,2010,English - Unknown,English - Unknown - 2010s
tt3165612,2015,R,English,Mature,2010,English - Mature,English - Mature - 2010s
tt3168230,2015,PG,English,Family,2010,English - Family,English - Family - 2010s
tt3168254,2014,Unknown,English,Unknown,2010,English - Unknown,English - Unknown - 2010s
tt3170832,2015,R,English,Mature,2010,English - Mature,English - Mature - 2010s
tt3173910,2014,Not Rated,Hindi,Unknown,2010,Hindi - Unknown,Hindi - Unknown - 2010s
tt3176414,2016,Unknown,English,Unknown,2010,English - Unknown,English - Unknown - 2010s
tt3180548,2018,Unknown,English,Unknown,2010,English - Unknown,English - Unknown - 2010s
tt3183660,2016,PG-13,English,Teen,2010,English - Teen,English - Teen - 2010s
tt3186318,2014,R,English,Mature,2010,English - Mature,English - Mature - 2010s
tt3195644,2015,PG-13,English,Teen,2010,English - Teen,English - Teen - 2010s
tt3198698,2013,TV-14,Japanese,Teen,2010,Japanese - Teen,Japanese - Teen - 2010s
tt3201640,2018,TV-MA,English,Mature,2010,English - Mature,English - Mature - 2010s
tt3201736,2018,PG,English,Family,2010,English - Family,English - Family - 2010s
tt3203528,2018,R,English,Mature,2010,English - Mature,English - Mature - 2010s
tt3203606,2015,R,English,Mature,2010,English - Mature,English - Mature - 2010s
tt3210686,2014,PG-13,English,Teen,2010,English - Teen,English - Teen - 2010s
tt3212776,2007,Unknown,Arabic,Unknown,2000,Arabic - Unknown,Arabic - Unknown - 2000s
tt3213512,2013,Unknown,Bulgarian,Unknown,2010,Bulgarian - Unknown,Bulgarian - Unknown - 2010s
tt3215824,2021,R,English,Mature,2020,English - Mature,English - Mature - 2020s
tt3215826,2016,Not Rated,English,Unknown,2010,English - Unknown,English - Unknown - 2010s
tt3223636,2016,Unknown,English,Unknown,2010,English - Unknown,English - Unknown - 2010s
tt3224458,2019,PG,English,Family,2010,English - Family,English - Family - 2010s
tt3228088,2016,PG,English,Family,2010,English - Family,English - Family - 2010s
tt3228774,2021,PG-13,English,Teen,2020,English - Teen,English - Teen - 2020s
tt3235888,2014,R,English,Mature,2010,English - Mature,English - Mature - 2010s
tt3243664,2014,Not Rated,Karen,Unknown,2010,Karen - Unknown,Karen - Unknown - 2010s
tt3244786,2017,Unknown,English,Unknown,2010,English - Unknown,English - Unknown - 2010s
tt3246908,2014,G,English,Family,2010,English - Family,English - Family - 2010s
tt3247714,2015,PG-13,English,Teen,2010,English - Teen,English - Teen - 2010s
tt3254876,2014,Unknown,N/A,Unknown,2010,N/A - Unknown,N/A - Unknown - 2010s
tt3255590,2017,TV-MA,English,Mature,2010,English - Mature,English - Mature - 2010s
tt3256226,2019,TV-14,English,Teen,2010,English - Teen,English - Teen - 2010s
tt3262342,2017,PG-13,English,Teen,2010,English - Teen,English - Teen - 2010s
tt3263904,2016,PG-13,English,Teen,2010,English - Teen,English - Teen - 2010s
tt3266724,2014,TV-MA,English,Mature,2010,English - Mature,English - Mature - 2010s
tt3268668,2015,PG-13,English,Teen,2010,English - Teen,English - Teen - 2010s
tt3274484,2013,Unknown,Russian,Unknown,2010,Russian - Unknown,Russian - Unknown - 2010s
tt3280262,2017,R,English,Mature,2010,English - Mature,English - Mature - 2010s
tt3281548,2019,PG,English,Family,2010,English - Family,English - Family - 2010s
tt3289362,2014,Unrated,Spanish,Unknown,2010,Spanish - Unknown,Spanish - Unknown - 2010s
tt3289956,2016,R,English,Mature,2010,English - Mature,English - Mature - 2010s
tt3291632,2017,TV-MA,English,Mature,2010,English - Mature,English - Mature - 2010s
tt3293250,2014,Unknown,English,Unknown,2010,English - Unknown,English - Unknown - 2010s
tt3297382,2017,R,English,Mature,2010,English - Mature,English - Mature - 2010s
tt3297804,2012,Unknown,Thai,Unknown,2010,Thai - Unknown,Thai - Unknown - 2010s
tt3300542,2016,R,English,Mature,2010,English - Mature,English - Mature - 2010s
tt3300572,2015,Not Rated,English,Unknown,2010,English - Unknown,English - Unknown - 2010s
tt3300980,2017,Unrated,Norwegian,Unknown,2010,Norwegian - Unknown,Norwegian - Unknown - 2010s
tt3305308,2016,R,English,Mature,2010,English - Mature,English - Mature - 2010s
tt3305844,2015,Not Rated,English,Unknown,2010,English - Unknown,English - Unknown - 2010s
tt3312762,2013,Unknown,Arabic,Unknown,2010,Arabic - Unknown,Arabic - Unknown - 2010s
tt3312830,2015,R,English,Mature,2010,English - Mature,English - Mature - 2010s
tt3312936,2015,TV-14,English,Teen,2010,English - Teen,English - Teen - 2010s
tt3315342,2017,R,English,Mature,2010,English - Mature,English - Mature - 2010s
tt3316948,2015,R,English,Mature,2010,English - Mature,English - Mature - 2010s
tt3320500,2016,Not Rated,English,Unknown,2010,English - Unknown,English - Unknown - 2010s
tt3322364,2015,PG-13,English,Teen,2010,English - Teen,English - Teen - 2010s
tt3322420,2013,Not Rated,Hindi,Unknown,2010,Hindi - Unknown,Hindi - Unknown - 2010s
tt3322940,2014,R,English,Mature,2010,English - Mature,English - Mature - 2010s
tt3327624,2015,R,English,Mature,2010,English - Mature,English - Mature - 2010s
tt3328716,2014,Not Rated,English,Unknown,2010,English - Unknown,English - Unknown - 2010s
tt3330948,2018,TV-14,English,Teen,2010,English - Teen,English - Teen - 2010s
tt3332064,2015,PG,English,Family,2010,English - Family,English - Family - 2010s
tt3333870,2016,Not Rated,English,Unknown,2010,English - Unknown,English - Unknown - 2010s
tt3336368,2014,G,English,Family,2010,English - Family,English - Family - 2010s
tt3338106,1964,Unknown,Cantonese,Unknown,1960,Cantonese - Unknown,Cantonese - Unknown - 1960s
tt3339680,2018,Unrated,English,Unknown,2010,English - Unknown,English - Unknown - 2010s
tt3344694,2016,PG-13,English,Teen,2010,English - Teen,English - Teen - 2010s
tt3348730,2017,R,English,Mature,2010,English - Mature,English - Mature - 2010s
tt3350436,2015,TV-14,English,Teen,2010,English - Teen,English - Teen - 2010s
tt3361792,2019,PG-13,English,Teen,2010,English - Teen,English - Teen - 2010s
tt3371366,2017,PG-13,English,Teen,2010,English - Teen,English - Teen - 2010s
tt3381008,2016,R,English,Mature,2010,English - Mature,English - Mature - 2010s
tt3385516,2016,PG-13,English,Teen,2010,English - Teen,English - Teen - 2010s
tt3385524,2018,PG,English,Family,2010,English - Family,English - Family - 2010s
tt3387520,2019,PG-13,English,Teen,2010,English - Teen,English - Teen - 2010s
tt3393762,2015,Not Rated,N/A,Unknown,2010,N/A - Unknown,N/A - Unknown - 2010s
tt3393786,2016,PG-13,English,Teen,2010,English - Teen,English - Teen - 2010s
tt3395184,2014,Not Rated,English,Unknown,2010,English - Unknown,English - Unknown - 2010s
tt3397884,2015,R,English,Mature,2010,English - Mature,English - Mature - 2010s
tt3398268,2014,PG,Japanese,Family,2010,Japanese - Family,Japanese - Family - 2010s
tt3398738,2016,TV-14,English,Teen,2010,English - Teen,English - Teen - 2010s
tt3399484,2015,TV-14,English,Teen,2010,English - Teen,English - Teen - 2010s
tt3400626,2020,Unknown,English,Unknown,2020,English - Unknown,English - Unknown - 2020s
tt3400872,2014,Not Rated,Bulgarian,Unknown,2010,Bulgarian - Unknown,Bulgarian - Unknown - 2010s
tt3401748,2015,PG,English,Family,2010,English - Family,English - Family - 2010s
tt3402236,2017,PG-13,English,Teen,2010,English - Teen,English - Teen - 2010s
tt3410834,2016,PG-13,English,Teen,2010,English - Teen,English - Teen - 2010s
tt3413018,2014,TV-14,Japanese,Teen,2010,Japanese - Teen,Japanese - Teen - 2010s
tt3416532,2016,PG-13,English,Teen,2010,English - Teen,English - Teen - 2010s
tt3416536,2017,R,English,Mature,2010,English - Mature,English - Mature - 2010s
tt3416742,2014,R,English,Mature,2010,English - Mature,English - Mature - 2010s
tt3416828,2016,PG,English,Family,2010,English - Family,English - Family - 2010s
tt3417172,2015,TV-MA,English,Mature,2010,English - Mature,English - Mature - 2010s
tt3420504,2021,PG-13,English,Teen,2020,English - Teen,English - Teen - 2020s
tt3420538,2016,Unknown,English,Unknown,2010,English - Unknown,English - Unknown - 2010s
tt3421318,2017,Unknown,English,Unknown,2010,English - Unknown,English - Unknown - 2010s
tt3450958,2017,PG-13,English,Teen,2010,English - Teen,English - Teen - 2010s
tt3454574,2013,Not Rated,English,Unknown,2010,English - Unknown,English - Unknown - 2010s
tt3455996,2017,Unknown,English,Unknown,2010,English - Unknown,English - Unknown - 2010s
tt3460252,2015,R,English,Mature,2010,English - Mature,English - Mature - 2010s
tt3461828,2014,R,English,Mature,2010,English - Mature,English - Mature - 2010s
tt3462710,2017,R,English,Mature,2010,English - Mature,English - Mature - 2010s
tt3463106,2017,R,English,Mature,2010,English - Mature,English - Mature - 2010s
tt3464902,2015,R,English,Mature,2010,English - Mature,English - Mature - 2010s
tt3469046,2017,PG,English,Family,2010,English - Family,English - Family - 2010s
tt3469592,2014,Not Rated,Cantonese,Unknown,2010,Cantonese - Unknown,Cantonese - Unknown - 2010s
tt3470600,2016,PG,English,Family,2010,English - Family,English - Family - 2010s
tt3474438,2017,Unknown,Czech,Unknown,2010,Czech - Unknown,Czech - Unknown - 2010s
tt3480822,2021,PG-13,English,Teen,2020,English - Teen,English - Teen - 2020s
tt3483644,2014,Unknown,English,Unknown,2010,English - Unknown,English - Unknown - 2010s
tt3485192,2014,Unknown,Korean,Unknown,2010,Korean - Unknown,Korean - Unknown - 2010s
tt3486626,2017,PG,English,Family,2010,English - Family,English - Family - 2010s
tt3488710,2015,PG,English,Family,2010,English - Family,English - Family - 2010s
tt3496048,2014,Unrated,English,Unknown,2010,English - Unknown,English - Unknown - 2010s
tt3498820,2016,PG-13,English,Teen,2010,English - Teen,English - Teen - 2010s
tt3499424,2014,Not Rated,English,Unknown,2010,English - Unknown,English - Unknown - 2010s
tt3499966,2014,Unknown,English,Unknown,2010,English - Unknown,English - Unknown - 2010s
tt3501416,2015,Not Rated,Korean,Unknown,2010,Korean - Unknown,Korean - Unknown - 2010s
tt3501632,2017,PG-13,English,Teen,2010,English - Teen,English - Teen - 2010s
tt3503840,2015,R,English,Mature,2010,English - Mature,English - Mature - 2010s
tt3505298,2013,Not Rated,English,Unknown,2010,English - Unknown,English - Unknown - 2010s
tt3513498,2019,PG,English,Family,2010,English - Family,English - Family - 2010s
tt3513548,2019,R,English,Mature,2010,English - Mature,English - Mature - 2010s
tt3514116,2014,Unknown,English,Unknown,2010,English - Unknown,English - Unknown - 2010s
tt3519946,2014,Unknown,English,Unknown,2010,English - Unknown,English - Unknown - 2010s
tt3521126,2017,R,English,Mature,2010,English - Mature,English - Mature - 2010s
tt3521164,2016,PG,English,Family,2010,English - Family,English - Family - 2010s
tt3522422,2021,Unknown,English,Unknown,2020,English - Unknown,English - Unknown - 2020s
tt3522806,2016,R,English,Mature,2010,English - Mature,English - Mature - 2010s
tt3529662,2014,Not Rated,English,Unknown,2010,English - Unknown,English - Unknown - 2010s
tt3530002,2015,R,English,Mature,2010,English - Mature,English - Mature - 2010s
tt3531202,2017,Not Rated,English,Unknown,2010,English - Unknown,English - Unknown - 2010s
tt3531824,2016,PG-13,English,Teen,2010,English - Teen,English - Teen - 2010s
tt3532216,2017,R,English,Mature,2010,English - Mature,English - Mature - 2010s
tt3532686,2015,Not Rated,English,Unknown,2010,English - Unknown,English - Unknown - 2010s
tt3532976,2014,Not Rated,English,Unknown,2010,English - Unknown,English - Unknown - 2010s
tt3544112,2016,PG-13,English,Teen,2010,English - Teen,English - Teen - 2010s
tt3547306,2020,R,English,Mature,2020,English - Mature,English - Mature - 2020s
tt3547682,2015,Not Rated,Danish,Unknown,2010,Danish - Unknown,Danish - Unknown - 2010s
tt3548862,2015,Unknown,Turkish,Unknown,2010,Turkish - Unknown,Turkish - Unknown - 2010s
tt3554046,2021,PG,English,Family,2020,English - Family,English - Family - 2020s
tt3557946,2014,Unknown,Tamil,Unknown,2010,Tamil - Unknown,Tamil - Unknown - 2010s
tt3561236,2015,TV-14,English,Teen,2010,English - Teen,English - Teen - 2010s
tt3567288,2015,PG-13,English,Teen,2010,English - Teen,English - Teen - 2010s
tt3569230,2015,R,English,Mature,2010,English - Mature,English - Mature - 2010s
tt3573598,2015,TV-14,English,Teen,2010,English - Teen,English - Teen - 2010s
tt3577624,2015,R,English,Mature,2010,English - Mature,English - Mature - 2010s
tt3579524,2014,TV-MA,English,Mature,2010,English - Mature,English - Mature - 2010s
tt3581652,2021,PG-13,English,Teen,2020,English - Teen,English - Teen - 2020s
tt3597448,2015,Not Rated,English,Unknown,2010,English - Unknown,English - Unknown - 2010s
tt3605266,2017,Not Rated,English,Unknown,2010,English - Unknown,English - Unknown - 2010s
tt3605418,2015,R,English,Mature,2010,English - Mature,English - Mature - 2010s
tt3606752,2017,G,English,Family,2010,English - Family,English - Family - 2010s
tt3606756,2018,PG,English,Family,2010,English - Family,English - Family - 2010s
tt3610576,2015,TV-MA,English,Mature,2010,English - Mature,English - Mature - 2010s
tt3622332,2015,Not Rated,English,Unknown,2010,English - Unknown,English - Unknown - 2010s
tt3622592,2015,PG-13,English,Teen,2010,English - Teen,English - Teen - 2010s
tt3625352,2014,Unrated,English,Unknown,2010,English - Unknown,English - Unknown - 2010s
tt3625930,2011,Unknown,French,Unknown,2010,French - Unknown,French - Unknown - 2010s
tt3631112,2016,R,English,Mature,2010,English - Mature,English - Mature - 2010s
tt3640424,2016,R,English,Mature,2010,English - Mature,English - Mature - 2010s
tt3642672,2014,Unknown,English,Unknown,2010,English - Unknown,English - Unknown - 2010s
tt3646836,2017,R,English,Mature,2010,English - Mature,English - Mature - 2010s
tt3647498,2016,R,English,Mature,2010,English - Mature,English - Mature - 2010s
tt3652714,2014,Not Rated,English,Unknown,2010,English - Unknown,English - Unknown - 2010s
tt3654972,2014,Unknown,English,Unknown,2010,English - Unknown,English - Unknown - 2010s
tt3656810,1955,Unknown,Chinese,Unknown,1950,Chinese - Unknown,Chinese - Unknown - 1950s
tt3659388,2015,PG-13,English,Teen,2010,English - Teen,English - Teen - 2010s
tt3661210,2021,PG-13,English,Teen,2020,English - Teen,English - Teen - 2020s
tt3663040,2013,TV-14,English,Teen,2010,English - Teen,English - Teen - 2010s
tt3664992,2017,Not Rated,English,Unknown,2010,English - Unknown,English - Unknown - 2010s
tt3668162,2014,Not Rated,Malayalam,Unknown,2010,Malayalam - Unknown,Malayalam - Unknown - 2010s
tt3671542,2015,Unrated,English,Unknown,2010,English - Unknown,English - Unknown - 2010s
tt3678938,2014,Not Rated,Hindi,Unknown,2010,Hindi - Unknown,Hindi - Unknown - 2010s
tt3679060,2016,Not Rated,Hindi,Unknown,2010,Hindi - Unknown,Hindi - Unknown - 2010s
tt3680410,2015,Not Rated,English,Unknown,2010,English - Unknown,English - Unknown - 2010s
tt3682448,2015,PG-13,English,Teen,2010,English - Teen,English - Teen - 2010s
tt3683144,2016,Not Rated,English,Unknown,2010,English - Unknown,English - Unknown - 2010s
tt3685328,2015,Unknown,English,Unknown,2010,English - Unknown,English - Unknown - 2010s
tt3685702,2014,Unknown,Malayalam,Unknown,2010,Malayalam - Unknown,Malayalam - Unknown - 2010s
tt3687186,2014,R,English,Mature,2010,English - Mature,English - Mature - 2010s
tt3689910,2015,PG-13,Japanese,Teen,2010,Japanese - Teen,Japanese - Teen - 2010s
tt3691740,2016,PG,English,Family,2010,English - Family,English - Family - 2010s
tt3691942,2014,Not Rated,English,Unknown,2010,English - Unknown,English - Unknown - 2010s
tt3696086,2014,Unknown,Mandarin,Unknown,2010,Mandarin - Unknown,Mandarin - Unknown - 2010s
tt3700804,2015,Not Rated,English,Unknown,2010,English - Unknown,English - Unknown - 2010s
tt3702652,2016,R,English,Mature,2010,English - Mature,English - Mature - 2010s
tt3702720,2015,Unknown,English,Unknown,2010,English - Unknown,English - Unknown - 2010s
tt3704428,2022,PG-13,English,Teen,2020,English - Teen,English - Teen - 2020s
tt3706352,2022,R,English,Mature,2020,English - Mature,English - Mature - 2020s
tt3713166,2014,R,English,Mature,2010,English - Mature,English - Mature - 2010s
tt3715320,2015,R,English,Mature,2010,English - Mature,English - Mature - 2010s
tt3716530,2016,R,French,Mature,2010,French - Mature,French - Mature - 2010s
tt3717252,2016,R,English,Mature,2010,English - Mature,English - Mature - 2010s
tt3717490,2017,PG-13,English,Teen,2010,English - Teen,English - Teen - 2010s
tt3720058,2014,Not Rated,Mandarin,Unknown,2010,Mandarin - Unknown,Mandarin - Unknown - 2010s
tt3720788,2013,R,English,Mature,2010,English - Mature,English - Mature - 2010s
tt3721112,2017,Not Rated,English,Unknown,2010,English - Unknown,English - Unknown - 2010s
tt3722234,2018,PG-13,English,Teen,2010,English - Teen,English - Teen - 2010s
tt3722420,2014,PG,English,Family,2010,English - Family,English - Family - 2010s
tt3727202,2015,R,English,Mature,2010,English - Mature,English - Mature - 2010s
tt3727690,2015,R,English,Mature,2010,English - Mature,English - Mature - 2010s
tt3731562,2017,PG-13,English,Teen,2010,English - Teen,English - Teen - 2010s
tt3733678,2015,Not Rated,English,Unknown,2010,English - Unknown,English - Unknown - 2010s
tt3741632,2017,R,English,Mature,2010,English - Mature,English - Mature - 2010s
tt3741700,2019,PG-13,English,Teen,2010,English - Teen,English - Teen - 2010s
tt3741834,2016,PG-13,English,Teen,2010,English - Teen,English - Teen - 2010s
tt3744264,2015,Not Rated,Chinese,Unknown,2010,Chinese - Unknown,Chinese - Unknown - 2010s
tt3746824,2016,PG,Russian,Family,2010,Russian - Family,Russian - Family - 2010s
tt3748172,2017,TV-MA,English,Mature,2010,English - Mature,English - Mature - 2010s
tt3748528,2016,PG-13,English,Teen,2010,English - Teen,English - Teen - 2010s
tt3749338,2015,TV-14,Swedish,Teen,2010,Swedish - Teen,Swedish - Teen - 2010s
tt3758542,2023,R,English,Mature,2020,English - Mature,English - Mature - 2020s
tt3766354,2018,R,English,Mature,2010,English - Mature,English - Mature - 2010s
tt3772918,2015,Unknown,English,Unknown,2010,English - Unknown,English - Unknown - 2010s
tt3774114,2016,R,English,Mature,2010,English - Mature,English - Mature - 2010s
tt3774790,2015,Unrated,English,Unknown,2010,English - Unknown,English - Unknown - 2010s
tt3778644,2018,PG-13,English,Teen,2010,English - Teen,English - Teen - 2010s
tt3779300,2015,R,English,Mature,2010,English - Mature,English - Mature - 2010s
tt3783958,2016,PG-13,English,Teen,2010,English - Teen,English - Teen - 2010s
tt3786326,2014,Unknown,English,Unknown,2010,English - Unknown,English - Unknown - 2010s
tt3787068,2017,R,English,Mature,2010,English - Mature,English - Mature - 2010s
tt3792330,2015,Not Rated,English,Unknown,2010,English - Unknown,English - Unknown - 2010s
tt3794354,2020,PG,English,Family,2020,English - Family,English - Family - 2020s
tt3798718,2019,Unknown,Hindi,Unknown,2010,Hindi - Unknown,Hindi - Unknown - 2010s
tt3799232,2018,TV-14,English,Teen,2010,English - Teen,English - Teen - 2010s
tt3799694,2016,R,English,Mature,2010,English - Mature,English - Mature - 2010s
tt3804774,2014,TV-14,English,Teen,2010,English - Teen,English - Teen - 2010s
tt3809696,2015,Not Rated,English,Unknown,2010,English - Unknown,English - Unknown - 2010s
tt3811244,2017,Not Rated,English,Unknown,2010,English - Unknown,English - Unknown - 2010s
tt3811906,2021,R,English,Mature,2020,English - Mature,English - Mature - 2020s
tt3814486,2015,Unknown,Dutch,Unknown,2010,Dutch - Unknown,Dutch - Unknown - 2010s
tt3823672,2016,Not Rated,N/A,Unknown,2010,N/A - Unknown,N/A - Unknown - 2010s
tt3827540,2019,Unknown,English,Unknown,2010,English - Unknown,English - Unknown - 2010s
tt3828796,2015,Unknown,English,Unknown,2010,English - Unknown,English - Unknown - 2010s
tt3829266,2018,R,English,Mature,2010,English - Mature,English - Mature - 2010s
tt3829378,2017,R,English,Mature,2010,English - Mature,English - Mature - 2010s
tt3829920,2017,PG-13,English,Teen,2010,English - Teen,English - Teen - 2010s
tt3833480,2019,R,English,Mature,2010,English - Mature,English - Mature - 2010s
tt3836530,2016,Unrated,English,Unknown,2010,English - Unknown,English - Unknown - 2010s
tt3837196,2014,Unknown,Korean,Unknown,2010,Korean - Unknown,Korean - Unknown - 2010s
tt3839906,2014,Unknown,Persian,Unknown,2010,Persian - Unknown,Persian - Unknown - 2010s
tt3846674,2018,TV-14,English,Teen,2010,English - Teen,English - Teen - 2010s
tt3850214,2015,R,English,Mature,2010,English - Mature,English - Mature - 2010s
tt3850590,2015,PG-13,English,Teen,2010,English - Teen,English - Teen - 2010s
tt3859980,2016,Not Rated,Indonesian,Unknown,2010,Indonesian - Unknown,Indonesian - Unknown - 2010s
tt3861144,2017,Not Rated,English,Unknown,2010,English - Unknown,English - Unknown - 2010s
tt3861390,2019,PG,English,Family,2010,English - Family,English - Family - 2010s
tt3863552,2015,Not Rated,Hindi,Unknown,2010,Hindi - Unknown,Hindi - Unknown - 2010s
tt3874544,2017,PG,English,Family,2010,English - Family,English - Family - 2010s
tt3877112,2014,Unknown,English,Unknown,2010,English - Unknown,English - Unknown - 2010s
tt3877166,1987,Unknown,English,Unknown,1980,English - Unknown,English - Unknown - 1980s
tt3877674,2015,Not Rated,Danish,Unknown,2010,Danish - Unknown,Danish - Unknown - 2010s
tt3882082,2016,PG-13,English,Teen,2010,English - Teen,English - Teen - 2010s
tt3890160,2017,R,English,Mature,2010,English - Mature,English - Mature - 2010s
tt3892306,2019,PG-13,English,Teen,2010,English - Teen,English - Teen - 2010s
tt3896198,2017,PG-13,English,Teen,2010,English - Teen,English - Teen - 2010s
tt3901006,2019,PG-13,English,Teen,2010,English - Teen,English - Teen - 2010s
tt3907584,2020,TV-MA,English,Mature,2020,English - Mature,English - Mature - 2020s
tt3915174,2022,PG,English,Family,2020,English - Family,English - Family - 2020s
tt3916634,2014,PG-13,English,Teen,2010,English - Teen,English - Teen - 2010s
tt3921852,2014,TV-Y,English,Family,2010,English - Family,English - Family - 2010s
tt3922350,2015,Unknown,English,Unknown,2010,English - Unknown,English - Unknown - 2010s
tt3922798,2016,TV-MA,English,Mature,2010,English - Mature,English - Mature - 2010s
tt3948764,2016,Unknown,English,Unknown,2010,English - Unknown,English - Unknown - 2010s
tt3949660,2016,PG-13,English,Teen,2010,English - Teen,English - Teen - 2010s
tt3950032,2017,Unknown,English,Unknown,2010,English - Unknown,English - Unknown - 2010s
tt3950488,2015,PG,English,Family,2010,English - Family,English - Family - 2010s
tt3967856,2017,TV-MA,English,Mature,2010,English - Mature,English - Mature - 2010s
tt3970806,2015,Unknown,English,Unknown,2010,English - Unknown,English - Unknown - 2010s
tt3973502,2014,Unknown,Dutch,Unknown,2010,Dutch - Unknown,Dutch - Unknown - 2010s
tt3975510,2015,Not Rated,English,Unknown,2010,English - Unknown,English - Unknown - 2010s
tt3977848,2020,Not Rated,English,Unknown,2020,English - Unknown,English - Unknown - 2020s
tt3979300,2020,PG,English,Family,2020,English - Family,English - Family - 2020s
tt3982768,2016,Unknown,French,Unknown,2010,French - Unknown,French - Unknown - 2010s
tt3992368,2019,Unknown,English,Unknown,2010,English - Unknown,English - Unknown - 2010s
tt4002772,2015,PG,English,Family,2010,English - Family,English - Family - 2010s
tt4003440,2018,R,English,Mature,2010,English - Mature,English - Mature - 2010s
tt4005510,2016,R,English,Mature,2010,English - Mature,English - Mature - 2010s
tt4008866,2014,TV-Y7,German,Family,2010,German - Family,German - Family - 2010s
tt4015500,2018,TV-MA,English,Mature,2010,English - Mature,English - Mature - 2010s
tt4016934,2016,Not Rated,Korean,Unknown,2010,Korean - Unknown,Korean - Unknown - 2010s
tt4019532,2014,Not Rated,English,Unknown,2010,English - Unknown,English - Unknown - 2010s
tt4022454,1977,Unknown,Thai,Unknown,1970,Thai - Unknown,Thai - Unknown - 1970s
tt4022608,2014,Unknown,English,Unknown,2010,English - Unknown,English - Unknown - 2010s
tt4030442,2014,Unrated,English,Unknown,2010,English - Unknown,English - Unknown - 2010s
tt4034354,2016,R,English,Mature,2010,English - Mature,English - Mature - 2010s
tt4034452,2015,R,English,Mature,2010,English - Mature,English - Mature - 2010s
tt4044896,2017,Unknown,English,Unknown,2010,English - Unknown,English - Unknown - 2010s
tt4046784,2015,PG-13,English,Teen,2010,English - Teen,English - Teen - 2010s
tt4052882,2016,PG-13,English,Teen,2010,English - Teen,English - Teen - 2010s
tt4061848,2014,Not Rated,English,Unknown,2010,English - Unknown,English - Unknown - 2010s
tt4062536,2015,R,English,Mature,2010,English - Mature,English - Mature - 2010s
tt4065340,2015,Not Rated,English,Unknown,2010,English - Unknown,English - Unknown - 2010s
tt4073790,2018,PG-13,English,Teen,2010,English - Teen,English - Teen - 2010s
tt4074958,2015,Unknown,Mandarin,Unknown,2010,Mandarin - Unknown,Mandarin - Unknown - 2010s
tt4075802,2014,Not Rated,English,Unknown,2010,English - Unknown,English - Unknown - 2010s
tt4076934,2016,Not Rated,Mandarin,Unknown,2010,Mandarin - Unknown,Mandarin - Unknown - 2010s
tt4079152,2015,Unknown,Chinese,Unknown,2010,Chinese - Unknown,Chinese - Unknown - 2010s
tt4085084,2015,Unrated,French,Unknown,2010,French - Unknown,French - Unknown - 2010s
tt4094724,2016,R,English,Mature,2010,English - Mature,English - Mature - 2010s
tt4110568,2015,Not Rated,Hindi,Unknown,2010,Hindi - Unknown,Hindi - Unknown - 2010s
tt4111044,2016,Unknown,English,Unknown,2010,English - Unknown,English - Unknown - 2010s
tt4116284,2017,PG,English,Family,2010,English - Family,English - Family - 2010s
tt4123430,2018,PG-13,English,Teen,2010,English - Teen,English - Teen - 2010s
tt4123432,2022,PG-13,English,Teen,2020,English - Teen,English - Teen - 2020s
tt4126694,2016,TV-14,English,Teen,2010,English - Teen,English - Teen - 2010s
tt4139588,2019,TV-MA,English,Mature,2010,English - Mature,English - Mature - 2010s
tt4139928,2022,Unknown,Punjabi,Unknown,2020,Punjabi - Unknown,Punjabi - Unknown - 2020s
tt4145324,2015,Unrated,English,Unknown,2010,English - Unknown,English - Unknown - 2010s
tt4146622,2016,Not Rated,English,Unknown,2010,English - Unknown,English - Unknown - 2010s
tt4149246,2014,Unknown,Filipino,Unknown,2010,Filipino - Unknown,Filipino - Unknown - 2010s
tt4154664,2019,PG-13,English,Teen,2010,English - Teen,English - Teen - 2010s
tt4154756,2018,PG-13,English,Teen,2010,English - Teen,English - Teen - 2010s
tt4154796,2019,PG-13,English,Teen,2010,English - Teen,English - Teen - 2010s
tt4154916,2018,PG-13,English,Teen,2010,English - Teen,English - Teen - 2010s
tt4160708,2016,R,English,Mature,2010,English - Mature,English - Mature - 2010s
tt4163224,2015,Not Rated,English,Unknown,2010,English - Unknown,English - Unknown - 2010s
tt4172430,2016,R,English,Mature,2010,English - Mature,English - Mature - 2010s
tt4173494,2015,Unknown,Japanese,Unknown,2010,Japanese - Unknown,Japanese - Unknown - 2010s
tt4174526,2015,Not Rated,English,Unknown,2010,English - Unknown,English - Unknown - 2010s
tt4178092,2015,R,English,Mature,2010,English - Mature,English - Mature - 2010s
tt4180576,2015,Not Rated,English,Unknown,2010,English - Unknown,English - Unknown - 2010s
tt4183692,2015,PG,English,Family,2010,English - Family,English - Family - 2010s
tt4196776,2016,PG-13,English,Teen,2010,English - Teen,English - Teen - 2010s
tt4209788,2017,R,English,Mature,2010,English - Mature,English - Mature - 2010s
tt4210080,2016,PG-13,English,Teen,2010,English - Teen,English - Teen - 2010s
tt4212580,2013,Unknown,English,Unknown,2010,English - Unknown,English - Unknown - 2010s
tt4215810,2015,Not Rated,English,Unknown,2010,English - Unknown,English - Unknown - 2010s
tt4217392,2017,Not Rated,Mandarin,Unknown,2010,Mandarin - Unknown,Mandarin - Unknown - 2010s
tt4218572,2018,R,English,Mature,2010,English - Mature,English - Mature - 2010s
tt4225622,2017,TV-MA,English,Mature,2010,English - Mature,English - Mature - 2010s
tt4226388,2015,Not Rated,German,Unknown,2010,German - Unknown,German - Unknown - 2010s
tt4228746,2014,Not Rated,Hindi,Unknown,2010,Hindi - Unknown,Hindi - Unknown - 2010s
tt4228840,2013,Not Rated,Korean,Unknown,2010,Korean - Unknown,Korean - Unknown - 2010s
tt4239814,2015,Unknown,Central Khmer,Unknown,2010,Central Khmer - Unknown,Central Khmer - Unknown - 2010s
tt4244994,2021,R,English,Mature,2020,English - Mature,English - Mature - 2020s
tt4244998,2018,PG-13,English,Teen,2010,English - Teen,English - Teen - 2010s
tt4246814,2014,Unknown,Spanish,Unknown,2010,Spanish - Unknown,Spanish - Unknown - 2010s
tt4249580,2017,Unknown,English,Unknown,2010,English - Unknown,English - Unknown - 2010s
tt4263482,2015,R,English,Mature,2010,English - Mature,English - Mature - 2010s
tt4266076,2018,TV-14,Norwegian,Teen,2010,Norwegian - Teen,Norwegian - Teen - 2010s
tt4269256,2018,Not Rated,English,Unknown,2010,English - Unknown,English - Unknown - 2010s
tt4270254,2014,Unknown,English,Unknown,2010,English - Unknown,English - Unknown - 2010s
tt4270452,2018,Unrated,English,Unknown,2010,English - Unknown,English - Unknown - 2010s
tt4273106,2015,PG-13,Mandarin,Teen,2010,Mandarin - Teen,Mandarin - Teen - 2010s
tt4273800,2022,R,English,Mature,2020,English - Mature,English - Mature - 2020s
tt4276820,2016,PG-13,English,Teen,2010,English - Teen,English - Teen - 2010s
tt4276890,2015,Unknown,English,Unknown,2010,English - Unknown,English - Unknown - 2010s
tt4287320,2017,PG-13,English,Teen,2010,English - Teen,English - Teen - 2010s
tt4291590,2015,Not Rated,French,Unknown,2010,French - Unknown,French - Unknown - 2010s
tt4296556,2015,R,Spanish,Mature,2010,Spanish - Mature,Spanish - Mature - 2010s
tt4302938,2016,PG,English,Family,2010,English - Family,English - Family - 2010s
tt4303340,2016,Not Rated,English,Unknown,2010,English - Unknown,English - Unknown - 2010s
tt4305148,2016,Not Rated,English,Unknown,2010,English - Unknown,English - Unknown - 2010s
tt4307968,2015,Unknown,Dutch,Unknown,2010,Dutch - Unknown,Dutch - Unknown - 2010s
tt4324054,2010,Not Rated,Tamil,Unknown,2010,Tamil - Unknown,Tamil - Unknown - 2010s
tt4332232,2019,TV-MA,English,Mature,2010,English - Mature,English - Mature - 2010s
tt4332746,2015,Not Rated,English,Unknown,2010,English - Unknown,English - Unknown - 2010s
tt4359278,1996,Unknown,Persian,Unknown,1990,Persian - Unknown,Persian - Unknown - 1990s
tt4361050,2016,PG-13,English,Teen,2010,English - Teen,English - Teen - 2010s
tt4364194,2019,PG-13,English,Teen,2010,English - Teen,English - Teen - 2010s
tt4370784,2016,PG-13,French,Teen,2010,French - Teen,French - Teen - 2010s
tt4392770,2016,Unrated,English,Unknown,2010,English - Unknown,English - Unknown - 2010s
tt4419684,2025,R,English,Mature,2020,English - Mature,English - Mature - 2020s
tt4424292,2016,Not Rated,English,Unknown,2010,English - Unknown,English - Unknown - 2010s
tt4425200,2017,R,English,Mature,2010,English - Mature,English - Mature - 2010s
tt4428762,2016,PG,French,Family,2010,French - Family,French - Family - 2010s
tt4430212,2015,Not Rated,Hindi,Unknown,2010,Hindi - Unknown,Hindi - Unknown - 2010s
tt4435072,2022,Unknown,Hindi,Unknown,2020,Hindi - Unknown,Hindi - Unknown - 2020s
tt4438594,2015,R,English,Mature,2010,English - Mature,English - Mature - 2010s
tt4439620,2021,R,English,Mature,2020,English - Mature,English - Mature - 2020s
tt4441422,2015,TV-MA,English,Mature,2010,English - Mature,English - Mature - 2010s
tt4451458,2016,Unrated,Spanish,Unknown,2010,Spanish - Unknown,Spanish - Unknown - 2010s
tt4457020,2015,PG-13,Spanish,Teen,2010,Spanish - Teen,Spanish - Teen - 2010s
tt4457344,2017,Not Rated,English,Unknown,2010,English - Unknown,English - Unknown - 2010s
tt4465564,2017,R,English,Mature,2010,English - Mature,English - Mature - 2010s
tt4466894,2017,TV-Y7,English,Family,2010,English - Family,English - Family - 2010s
tt4468740,2017,PG,English,Family,2010,English - Family,English - Family - 2010s
tt4470288,2018,Not Rated,English,Unknown,2010,English - Unknown,English - Unknown - 2010s
tt4474302,2014,R,Spanish,Mature,2010,Spanish - Mature,Spanish - Mature - 2010s
tt4475244,2015,PG,English,Family,2010,English - Family,English - Family - 2010s
tt4477536,2018,R,English,Mature,2010,English - Mature,English - Mature - 2010s
tt4488840,2017,Unknown,English,Unknown,2010,English - Unknown,English - Unknown - 2010s
tt4500922,2018,PG-13,English,Teen,2010,English - Teen,English - Teen - 2010s
tt4501268,2024,TV-MA,Hindi,Mature,2020,Hindi - Mature,Hindi - Mature - 2020s
tt4503906,2015,TV-Y7,Japanese,Family,2010,Japanese - Family,Japanese - Family - 2010s
tt4504044,2019,R,English,Mature,2010,English - Mature,English - Mature - 2010s
tt4510398,2015,Not Rated,English,Unknown,2010,English - Unknown,English - Unknown - 2010s
tt4511460,2015,Unknown,Malayalam,Unknown,2010,Malayalam - Unknown,Malayalam - Unknown - 2010s
tt4513674,2016,PG-13,English,Teen,2010,English - Teen,English - Teen - 2010s
tt4513678,2021,PG-13,English,Teen,2020,English - Teen,English - Teen - 2020s
tt4515698,2015,Unknown,English,Unknown,2010,English - Unknown,English - Unknown - 2010s
tt4519400,2017,TV-MA,English,Mature,2010,English - Mature,English - Mature - 2010s
tt4520364,2016,R,English,Mature,2010,English - Mature,English - Mature - 2010s
tt4520988,2019,PG,English,Family,2010,English - Family,English - Family - 2010s
tt4530422,2018,R,English,Mature,2010,English - Mature,English - Mature - 2010s
tt4532038,2020,PG,English,Family,2020,English - Family,English - Family - 2020s
tt4532826,2018,PG-13,English,Teen,2010,English - Teen,English - Teen - 2010s
tt4534886,2016,TV-MA,English,Mature,2010,English - Mature,English - Mature - 2010s
tt4539898,2021,13+,English,Unknown,2020,English - Unknown,English - Unknown - 2020s
tt4550098,2016,R,English,Mature,2010,English - Mature,English - Mature - 2010s
tt4550420,2016,R,English,Mature,2010,English - Mature,English - Mature - 2010s
tt4555426,2017,PG-13,English,Teen,2010,English - Teen,English - Teen - 2010s
tt4556662,2017,Unknown,N/A,Unknown,2010,N/A - Unknown,N/A - Unknown - 2010s
tt4556848,2015,Not Rated,Hindi,Unknown,2010,Hindi - Unknown,Hindi - Unknown - 2010s
tt4560008,2016,PG,English,Family,2010,English - Family,English - Family - 2010s
tt4560436,2018,R,English,Mature,2010,English - Mature,English - Mature - 2010s
tt4566758,2020,PG-13,English,Teen,2020,English - Teen,English - Teen - 2020s
tt4572514,2016,R,English,Mature,2010,English - Mature,English - Mature - 2010s
tt4572700,2018,Not Rated,English,Unknown,2010,English - Unknown,English - Unknown - 2010s
tt4574654,2019,TV-MA,English,Mature,2010,English - Mature,English - Mature - 2010s
tt4575576,2018,PG,English,Family,2010,English - Family,English - Family - 2010s
tt4580550,2018,Unknown,English,Unknown,2010,English - Unknown,English - Unknown - 2010s
tt4588594,2017,R,English,Mature,2010,English - Mature,English - Mature - 2010s
tt4594834,2015,R,English,Mature,2010,English - Mature,English - Mature - 2010s
tt4595186,2022,R,English,Mature,2020,English - Mature,English - Mature - 2020s
tt4600952,2017,Not Rated,Russian,Unknown,2010,Russian - Unknown,Russian - Unknown - 2010s
tt4606498,2016,Not Rated,English,Unknown,2010,English - Unknown,English - Unknown - 2010s
tt4610378,2018,TV-MA,Dutch,Mature,2010,Dutch - Mature,Dutch - Mature - 2010s
tt4616348,2022,Unknown,N/A,Unknown,2020,N/A - Unknown,N/A - Unknown - 2020s
tt4624424,2016,PG,English,Family,2010,English - Family,English - Family - 2010s
tt4630562,2017,PG-13,English,Teen,2010,English - Teen,English - Teen - 2010s
tt4633690,2017,R,English,Mature,2010,English - Mature,English - Mature - 2010s
tt4633694,2018,PG,English,Family,2010,English - Family,English - Family - 2010s
tt4649466,2017,R,English,Mature,2010,English - Mature,English - Mature - 2010s
tt4652532,2016,PG-13,Central Khmer,Teen,2010,Central Khmer - Teen,Central Khmer - Teen - 2010s
tt4653586,2016,Not Rated,English,Unknown,2010,English - Unknown,English - Unknown - 2010s
tt4655294,2016,PG-13,Mandarin,Teen,2010,Mandarin - Teen,Mandarin - Teen - 2010s
tt4666726,2016,R,English,Mature,2010,English - Mature,English - Mature - 2010s
tt4671002,2016,Not Rated,English,Unknown,2010,English - Unknown,English - Unknown - 2010s
tt4677924,2017,R,English,Mature,2010,English - Mature,English - Mature - 2010s
tt4680182,2016,R,English,Mature,2010,English - Mature,English - Mature - 2010s
tt4682266,2020,PG-13,English,Teen,2020,English - Teen,English - Teen - 2020s
tt4682786,2016,PG-13,English,Teen,2010,English - Teen,English - Teen - 2010s
tt4682804,2019,R,English,Mature,2010,English - Mature,English - Mature - 2010s
tt4685762,2020,PG-13,English,Teen,2020,English - Teen,English - Teen - 2020s
tt4685806,2018,R,English,Mature,2010,English - Mature,English - Mature - 2010s
tt4686844,2017,R,English,Mature,2010,English - Mature,English - Mature - 2010s
tt4687464,2016,Unknown,Maya,Unknown,2010,Maya - Unknown,Maya - Unknown - 2010s
tt4691334,1991,Unknown,Ukrainian,Unknown,1990,Ukrainian - Unknown,Ukrainian - Unknown - 1990s
tt4695012,2017,R,English,Mature,2010,English - Mature,English - Mature - 2010s
tt4698684,2016,PG-13,English,Teen,2010,English - Teen,English - Teen - 2010s
tt4701182,2018,PG-13,English,Teen,2010,English - Teen,English - Teen - 2010s
tt4701660,2016,R,Mandarin,Mature,2010,Mandarin - Mature,Mandarin - Mature - 2010s
tt4702568,2015,Unknown,English,Unknown,2010,English - Unknown,English - Unknown - 2010s
tt4704862,2015,Not Rated,None,Unknown,2010,None - Unknown,None - Unknown - 2010s
tt4711924,2016,TV-14,English,Teen,2010,English - Teen,English - Teen - 2010s
tt4714568,2016,Unknown,English,Unknown,2010,English - Unknown,English - Unknown - 2010s
tt4717208,2017,R,N/A,Mature,2010,N/A - Mature,N/A - Mature - 2010s
tt4729430,2019,PG,English,Family,2010,English - Family,English - Family - 2010s
tt4731008,2016,PG,English,Family,2010,English - Family,English - Family - 2010s
tt4731136,2016,R,English,Mature,2010,English - Mature,English - Mature - 2010s
tt4742556,2016,TV-PG,English,Teen,2010,English - Teen,English - Teen - 2010s
tt4744086,2016,Not Rated,Hindi,Unknown,2010,Hindi - Unknown,Hindi - Unknown - 2010s
tt4765862,2017,Unrated,English,Unknown,2010,English - Unknown,English - Unknown - 2010s
tt4768764,2015,Not Rated,Korean,Unknown,2010,Korean - Unknown,Korean - Unknown - 2010s
tt4776998,2016,PG-13,English,Teen,2010,English - Teen,English - Teen - 2010s
tt4777008,2019,PG,English,Family,2010,English - Family,English - Family - 2010s
tt4779682,2018,PG-13,English,Teen,2010,English - Teen,English - Teen - 2010s
tt4786282,2016,PG-13,English,Teen,2010,English - Teen,English - Teen - 2010s
tt4789618,2020,Unknown,English,Unknown,2020,English - Unknown,English - Unknown - 2020s
tt4795624,2018,Unknown,English,Unknown,2010,English - Unknown,English - Unknown - 2010s
tt4798836,2020,Unrated,English,Unknown,2020,English - Unknown,English - Unknown - 2020s
tt4799066,2018,PG-13,English,Teen,2010,English - Teen,English - Teen - 2010s
tt4801456,Unknown,Unknown,Unknown,Unknown,0,Unknown - Unknown,Unknown - Unknown - Unknown Decade
tt4806012,2016,Unknown,Spanish,Unknown,2010,Spanish - Unknown,Spanish - Unknown - 2010s
tt4820278,2016,PG,English,Family,2010,English - Family,English - Family - 2010s
tt4827420,2018,Unknown,English,Unknown,2010,English - Unknown,English - Unknown - 2010s
tt4836580,2018,TV-14,English,Teen,2010,English - Teen,English - Teen - 2010s
tt4837328,2015,Unknown,Marathi,Unknown,2010,Marathi - Unknown,Marathi - Unknown - 2010s
tt4846232,2017,R,English,Mature,2010,English - Mature,English - Mature - 2010s
tt4846340,2016,PG,English,Family,2010,English - Family,English - Family - 2010s
tt4849438,2017,Not Rated,Telugu,Unknown,2010,Telugu - Unknown,Telugu - Unknown - 2010s
tt4851640,2015,Not Rated,Chinese,Unknown,2010,Chinese - Unknown,Chinese - Unknown - 2010s
tt4856996,2018,Unknown,English,Unknown,2010,English - Unknown,English - Unknown - 2010s
tt4857264,2016,TV-MA,Spanish,Mature,2010,Spanish - Mature,Spanish - Mature - 2010s
tt4865436,2015,Not Rated,Hindi,Unknown,2010,Hindi - Unknown,Hindi - Unknown - 2010s
tt4875652,2016,R,English,Mature,2010,English - Mature,English - Mature - 2010s
tt4877122,2017,PG,English,Family,2010,English - Family,English - Family - 2010s
tt4877488,2017,Unknown,English,Unknown,2010,English - Unknown,English - Unknown - 2010s
tt4879798,2018,Unknown,English,Unknown,2010,English - Unknown,English - Unknown - 2010s
tt4881806,2018,PG-13,English,Teen,2010,English - Teen,English - Teen - 2010s
tt4894198,2017,Unknown,English,Unknown,2010,English - Unknown,English - Unknown - 2010s
tt4895628,2017,Unknown,Portuguese,Unknown,2010,Portuguese - Unknown,Portuguese - Unknown - 2010s
tt4907976,2017,Unknown,English,Unknown,2010,English - Unknown,English - Unknown - 2010s
tt4908742,2015,Unknown,English,Unknown,2010,English - Unknown,English - Unknown - 2010s
tt4909730,2018,Unknown,English,Unknown,2010,English - Unknown,English - Unknown - 2010s
tt4911940,2016,Unknown,German,Unknown,2010,German - Unknown,German - Unknown - 2010s
tt4912910,2018,PG-13,English,Teen,2010,English - Teen,English - Teen - 2010s
tt4913966,2019,R,English,Mature,2010,English - Mature,English - Mature - 2010s
tt4916630,2019,PG-13,English,Teen,2010,English - Teen,English - Teen - 2010s
tt4923002,2024,Unknown,English,Unknown,2020,English - Unknown,English - Unknown - 2020s
tt4935334,2015,R,English,Mature,2010,English - Mature,English - Mature - 2010s
tt4935418,2015,Not Rated,Turkish,Unknown,2010,Turkish - Unknown,Turkish - Unknown - 2010s
tt4954522,2016,R,French,Mature,2010,French - Mature,French - Mature - 2010s
tt4963830,2016,Not Rated,Danish,Unknown,2010,Danish - Unknown,Danish - Unknown - 2010s
tt4966046,2017,TV-MA,English,Mature,2010,English - Mature,English - Mature - 2010s
tt4970880,2015,Unknown,English,Unknown,2010,English - Unknown,English - Unknown - 2010s
tt4971346,2017,Unknown,English,Unknown,2010,English - Unknown,English - Unknown - 2010s
tt4972582,2016,PG-13,English,Teen,2010,English - Teen,English - Teen - 2010s
tt4977524,2019,Unknown,English,Unknown,2010,English - Unknown,English - Unknown - 2010s
tt4991512,2016,Unknown,English,Unknown,2010,English - Unknown,English - Unknown - 2010s
tt4992060,2016,Not Rated,English,Unknown,2010,English - Unknown,English - Unknown - 2010s
tt4997398,2016,TV-Y7,German,Family,2010,German - Family,German - Family - 2010s
tt4998632,2022,R,English,Mature,2020,English - Mature,English - Mature - 2020s
tt5013056,2017,PG-13,English,Teen,2010,English - Teen,English - Teen - 2010s
tt5013688,2016,Not Rated,English,Unknown,2010,English - Unknown,English - Unknown - 2010s
tt5015218,2022,Unknown,English,Unknown,2020,English - Unknown,English - Unknown - 2020s
tt5022702,2016,R,English,Mature,2010,English - Mature,English - Mature - 2010s
tt5024728,2015,Unrated,English,Unknown,2010,English - Unknown,English - Unknown - 2010s
tt5027774,2017,R,English,Mature,2010,English - Mature,English - Mature - 2010s
tt5028340,2018,PG,English,Family,2010,English - Family,English - Family - 2010s
tt5029668,2016,Unknown,German,Unknown,2010,German - Unknown,German - Unknown - 2010s
tt5029776,2017,G,German,Family,2010,German - Family,German - Family - 2010s
tt5033998,2019,PG-13,English,Teen,2010,English - Teen,English - Teen - 2010s
tt5034838,2021,PG-13,English,Teen,2020,English - Teen,English - Teen - 2020s
tt5039578,2017,Unrated,English,Unknown,2010,English - Unknown,English - Unknown - 2010s
tt5039860,2016,PG,French,Family,2010,French - Family,French - Family - 2010s
tt5039994,2017,Not Rated,English,Unknown,2010,English - Unknown,English - Unknown - 2010s
tt5040012,2024,R,English,Mature,2020,English - Mature,English - Mature - 2020s
tt5052298,2015,Unknown,Korean,Unknown,2010,Korean - Unknown,Korean - Unknown - 2010s
tt5052424,2017,Unknown,English,Unknown,2010,English - Unknown,English - Unknown - 2010s
tt5052448,2017,R,English,Mature,2010,English - Mature,English - Mature - 2010s
tt5052474,2018,R,English,Mature,2010,English - Mature,English - Mature - 2010s
tt5074352,2016,Not Rated,Hindi,Unknown,2010,Hindi - Unknown,Hindi - Unknown - 2010s
tt5078330,2016,G,Danish,Family,2010,Danish - Family,Danish - Family - 2010s
tt5078656,2017,PG,English,Family,2010,English - Family,English - Family - 2010s
tt5080908,2020,Unknown,Norwegian,Unknown,2020,Norwegian - Unknown,Norwegian - Unknown - 2020s
tt5083738,2018,R,English,Mature,2010,English - Mature,English - Mature - 2010s
tt5086770,2016,Unknown,English,Unknown,2010,English - Unknown,English - Unknown - 2010s
tt5089786,2016,Unknown,Spanish,Unknown,2010,Spanish - Unknown,Spanish - Unknown - 2010s
tt5091014,2017,Not Rated,English,Unknown,2010,English - Unknown,English - Unknown - 2010s
tt5091530,2017,Not Rated,English,Unknown,2010,English - Unknown,English - Unknown - 2010s
tt5092380,2018,Unknown,French,Unknown,2010,French - Unknown,French - Unknown - 2010s
tt5093026,2017,R,English,Mature,2010,English - Mature,English - Mature - 2010s
tt5093668,2016,PG-13,English,Teen,2010,English - Teen,English - Teen - 2010s
tt5095030,2018,PG-13,English,Teen,2010,English - Teen,English - Teen - 2010s
tt5096628,2016,Unrated,French,Unknown,2010,French - Unknown,French - Unknown - 2010s
tt5096846,2017,PG-13,English,Teen,2010,English - Teen,English - Teen - 2010s
tt5104604,2018,PG-13,English,Teen,2010,English - Teen,English - Teen - 2010s
tt5108870,2022,PG-13,English,Teen,2020,English - Teen,English - Teen - 2020s
tt5109280,2021,PG,English,Family,2020,English - Family,English - Family - 2020s
tt5109784,2017,R,English,Mature,2010,English - Mature,English - Mature - 2010s
tt5113040,2019,PG,English,Family,2010,English - Family,English - Family - 2010s
tt5113044,2022,PG,English,Family,2020,English - Family,English - Family - 2020s
tt5113250,2018,R,English,Mature,2010,English - Mature,English - Mature - 2010s
tt5116504,2017,R,English,Mature,2010,English - Mature,English - Mature - 2010s
tt5117372,2019,TV-MA,English,Mature,2010,English - Mature,English - Mature - 2010s
tt5140878,2017,R,English,Mature,2010,English - Mature,English - Mature - 2010s
tt5144174,2020,R,English,Mature,2020,English - Mature,English - Mature - 2020s
tt5147214,2016,Not Rated,Indonesian,Unknown,2010,Indonesian - Unknown,Indonesian - Unknown - 2010s
tt5153236,2017,PG-13,English,Teen,2010,English - Teen,English - Teen - 2010s
tt5157456,2016,Not Rated,Russian,Unknown,2010,Russian - Unknown,Russian - Unknown - 2010s
tt5160954,2017,Unknown,English,Unknown,2010,English - Unknown,English - Unknown - 2010s
tt5164214,2018,PG-13,English,Teen,2010,English - Teen,English - Teen - 2010s
tt5164432,2018,PG-13,English,Teen,2010,English - Teen,English - Teen - 2010s
tt5165344,2016,Not Rated,Hindi,Unknown,2010,Hindi - Unknown,Hindi - Unknown - 2010s
tt5167966,2017,Unknown,Japanese,Unknown,2010,Japanese - Unknown,Japanese - Unknown - 2010s
tt5173032,2016,Unrated,English,Unknown,2010,English - Unknown,English - Unknown - 2010s
tt5177088,2018,R,English,Mature,2010,English - Mature,English - Mature - 2010s
tt5177120,2024,R,English,Mature,2020,English - Mature,English - Mature - 2020s
tt5186236,2016,Unknown,Polish,Unknown,2010,Polish - Unknown,Polish - Unknown - 2010s
tt5186714,2016,PG-13,Persian,Teen,2010,Persian - Teen,Persian - Teen - 2010s
tt5192674,2018,Not Rated,English,Unknown,2010,English - Unknown,English - Unknown - 2010s
tt5193790,2017,Unknown,English,Unknown,2010,English - Unknown,English - Unknown - 2010s
tt5195828,2017,Unknown,English,Unknown,2010,English - Unknown,English - Unknown - 2010s
tt5198068,2020,PG,English,Family,2020,English - Family,English - Family - 2020s
tt5206260,2020,PG,English,Family,2020,English - Family,English - Family - 2020s
tt5215952,2016,TV-MA,Korean,Mature,2010,Korean - Mature,Korean - Mature - 2010s
tt5218346,2016,Unknown,German,Unknown,2010,German - Unknown,German - Unknown - 2010s
tt5220122,2018,PG,English,Family,2010,English - Family,English - Family - 2010s
tt5227660,2015,Unrated,Mandarin,Unknown,2010,Mandarin - Unknown,Mandarin - Unknown - 2010s
tt5227746,2018,Unknown,Swedish,Unknown,2010,Swedish - Unknown,Swedish - Unknown - 2010s
tt5246700,2018,TV-MA,English,Mature,2010,English - Mature,English - Mature - 2010s
tt5247022,2016,R,English,Mature,2010,English - Mature,English - Mature - 2010s
tt5247776,2017,PG-13,French,Teen,2010,French - Teen,French - Teen - 2010s
tt5252606,2015,Unknown,English,Unknown,2010,English - Unknown,English - Unknown - 2010s
tt5254610,2018,R,English,Mature,2010,English - Mature,English - Mature - 2010s
tt5254886,2017,Unknown,English,Unknown,2010,English - Unknown,English - Unknown - 2010s
tt5255524,2016,Not Rated,English,Unknown,2010,English - Unknown,English - Unknown - 2010s
tt5259966,2016,PG-13,Spanish,Teen,2010,Spanish - Teen,Spanish - Teen - 2010s
tt5261644,2016,Unknown,Japanese,Unknown,2010,Japanese - Unknown,Japanese - Unknown - 2010s
tt5265960,2016,Not Rated,Spanish,Unknown,2010,Spanish - Unknown,Spanish - Unknown - 2010s
tt5287168,2016,Not Rated,Swedish,Unknown,2010,Swedish - Unknown,Swedish - Unknown - 2010s
tt5294550,2017,R,English,Mature,2010,English - Mature,English - Mature - 2010s
tt5302918,2023,PG-13,English,Teen,2020,English - Teen,English - Teen - 2020s
tt5308322,2017,PG-13,English,Teen,2010,English - Teen,English - Teen - 2010s
tt5311514,2016,TV-PG,Japanese,Teen,2010,Japanese - Teen,Japanese - Teen - 2010s
tt5314190,2018,PG,English,Family,2010,English - Family,English - Family - 2010s
tt5323662,2016,Not Rated,Japanese,Unknown,2010,Japanese - Unknown,Japanese - Unknown - 2010s
tt5336112,2016,Unknown,English,Unknown,2010,English - Unknown,English - Unknown - 2010s
tt5338852,2016,Unknown,English,Unknown,2010,English - Unknown,English - Unknown - 2010s
tt5340300,2017,R,English,Mature,2010,English - Mature,English - Mature - 2010s
tt5340626,2017,Unknown,English,Unknown,2010,English - Unknown,English - Unknown - 2010s
tt5343008,2022,TV-MA,Zulu,Mature,2020,Zulu - Mature,Zulu - Mature - 2020s
tt5344794,2016,R,English,Mature,2010,English - Mature,English - Mature - 2010s
tt5351044,2016,Unknown,German,Unknown,2010,German - Unknown,German - Unknown - 2010s
tt5360996,2018,R,English,Mature,2010,English - Mature,English - Mature - 2010s
tt5362940,2019,R,English,Mature,2010,English - Mature,English - Mature - 2010s
tt5362988,2017,R,English,Mature,2010,English - Mature,English - Mature - 2010s
tt5378092,2018,TV-Y,English,Family,2010,English - Family,English - Family - 2010s
tt5390504,2017,R,English,Mature,2010,English - Mature,English - Mature - 2010s
tt5402714,2024,PG-13,English,Teen,2020,English - Teen,English - Teen - 2020s
tt5420210,2020,R,English,Mature,2020,English - Mature,English - Mature - 2020s
tt5431284,2018,PG-13,English,Teen,2010,English - Teen,English - Teen - 2010s
tt5432712,2017,Unknown,Italian,Unknown,2010,Italian - Unknown,Italian - Unknown - 2010s
tt5433138,2021,PG-13,English,Teen,2020,English - Teen,English - Teen - 2020s
tt5439796,2017,PG-13,English,Teen,2010,English - Teen,English - Teen - 2010s
tt5442430,2017,R,English,Mature,2010,English - Mature,English - Mature - 2010s
tt5448246,2016,Unknown,Arabic,Unknown,2010,Arabic - Unknown,Arabic - Unknown - 2010s
tt5451244,2017,TV-MA,Spanish,Mature,2010,Spanish - Mature,Spanish - Mature - 2010s
tt5456546,2017,TV-14,Hindi,Teen,2010,Hindi - Teen,Hindi - Teen - 2010s
tt5460114,2016,Unknown,English,Unknown,2010,English - Unknown,English - Unknown - 2010s
tt5461944,2018,R,Hindi,Mature,2010,Hindi - Mature,Hindi - Mature - 2010s
tt5462602,2017,R,English,Mature,2010,English - Mature,English - Mature - 2010s
tt5463162,2018,R,English,Mature,2010,English - Mature,English - Mature - 2010s
tt5466186,2018,PG-13,English,Teen,2010,English - Teen,English - Teen - 2010s
tt5471472,2019,Unknown,English,Unknown,2010,English - Unknown,English - Unknown - 2010s
tt5474042,2017,TV-PG,Hindi,Teen,2010,Hindi - Teen,Hindi - Teen - 2010s
tt5478746,2019,Unknown,English,Unknown,2010,English - Unknown,English - Unknown - 2010s
tt5480782,2017,PG,Portuguese,Family,2010,Portuguese - Family,Portuguese - Family - 2010s
tt5483634,2016,Unknown,Mandarin,Unknown,2010,Mandarin - Unknown,Mandarin - Unknown - 2010s
tt5488974,2015,Unknown,English,Unknown,2010,English - Unknown,English - Unknown - 2010s
tt5495040,2017,Unknown,English,Unknown,2010,English - Unknown,English - Unknown - 2010s
tt5503686,2019,R,English,Mature,2010,English - Mature,English - Mature - 2010s
tt5519340,2017,TV-MA,English,Mature,2010,English - Mature,English - Mature - 2010s
tt5533938,2019,Unknown,English,Unknown,2010,English - Unknown,English - Unknown - 2010s
tt5539054,2017,TV-MA,English,Mature,2010,English - Mature,English - Mature - 2010s
tt5541002,2018,PG,English,Family,2010,English - Family,English - Family - 2010s
tt5544384,2017,TV-14,Japanese,Teen,2010,Japanese - Teen,Japanese - Teen - 2010s
tt5554998,2016,Unknown,N/A,Unknown,2010,N/A - Unknown,N/A - Unknown - 2010s
tt5556054,2020,PG,English,Family,2020,English - Family,English - Family - 2020s
tt5564932,2017,PG-13,English,Teen,2010,English - Teen,English - Teen - 2010s
tt5578150,2017,TV-MA,English,Mature,2010,English - Mature,English - Mature - 2010s
tt5579356,2017,Unknown,English,Unknown,2010,English - Unknown,English - Unknown - 2010s
tt5580036,2017,R,English,Mature,2010,English - Mature,English - Mature - 2010s
tt5580390,2017,R,English,Mature,2010,English - Mature,English - Mature - 2010s
tt5580392,2018,TV-MA,English,Mature,2010,English - Mature,English - Mature - 2010s
tt5584732,2017,Not Rated,German,Unknown,2010,German - Unknown,German - Unknown - 2010s
tt5592228,2016,Unknown,English,Unknown,2010,English - Unknown,English - Unknown - 2010s
tt5592796,2018,R,English,Mature,2010,English - Mature,English - Mature - 2010s
tt5606268,2016,Not Rated,Arabic,Unknown,2010,Arabic - Unknown,Arabic - Unknown - 2010s
tt5606664,2019,R,English,Mature,2010,English - Mature,English - Mature - 2010s
tt5618752,2017,Not Rated,Russian,Unknown,2010,Russian - Unknown,Russian - Unknown - 2010s
tt5622770,2016,Not Rated,English,Unknown,2010,English - Unknown,English - Unknown - 2010s
tt5628302,2017,R,English,Mature,2010,English - Mature,English - Mature - 2010s
tt5629524,2018,Not Rated,English,Unknown,2010,English - Unknown,English - Unknown - 2010s
tt5629964,2016,Not Rated,English,Unknown,2010,English - Unknown,English - Unknown - 2010s
tt5632272,2017,Unknown,English,Unknown,2010,English - Unknown,English - Unknown - 2010s
tt5633396,2015,Unknown,Korean,Unknown,2010,Korean - Unknown,Korean - Unknown - 2010s
tt5638642,2017,TV-MA,English,Mature,2010,English - Mature,English - Mature - 2010s
tt5639720,2016,Unknown,Russian,Unknown,2010,Russian - Unknown,Russian - Unknown - 2010s
tt5640126,2017,Unknown,English,Unknown,2010,English - Unknown,English - Unknown - 2010s
tt5640450,2016,TV-MA,English,Mature,2010,English - Mature,English - Mature - 2010s
tt5657856,2017,Not Rated,English,Unknown,2010,English - Unknown,English - Unknown - 2010s
tt5658296,2017,Unknown,Persian,Unknown,2010,Persian - Unknown,Persian - Unknown - 2010s
tt5659250,2016,Unknown,Persian,Unknown,2010,Persian - Unknown,Persian - Unknown - 2010s
tt5667516,2017,Unknown,English,Unknown,2010,English - Unknown,English - Unknown - 2010s
tt5670152,2018,R,English,Mature,2010,English - Mature,English - Mature - 2010s
tt5671298,2018,Unknown,Mandarin,Unknown,2010,Mandarin - Unknown,Mandarin - Unknown - 2010s
tt5672048,2016,TV-14,Japanese,Teen,2010,Japanese - Teen,Japanese - Teen - 2010s
tt5679554,2017,Unknown,English,Unknown,2010,English - Unknown,English - Unknown - 2010s
tt5687236,2019,TV-MA,Spanish,Mature,2010,Spanish - Mature,Spanish - Mature - 2010s
tt5688068,2019,R,English,Mature,2010,English - Mature,English - Mature - 2010s
tt5688868,2018,R,English,Mature,2010,English - Mature,English - Mature - 2010s
tt5688932,2018,R,English,Mature,2010,English - Mature,English - Mature - 2010s
tt5691024,2018,Unrated,English,Unknown,2010,English - Unknown,English - Unknown - 2010s
tt5693136,2017,TV-MA,Basque,Mature,2010,Basque - Mature,Basque - Mature - 2010s
tt5699154,2017,Unknown,French,Unknown,2010,French - Unknown,French - Unknown - 2010s
tt5700672,2016,Not Rated,Korean,Unknown,2010,Korean - Unknown,Korean - Unknown - 2010s
tt5708420,2016,Unknown,English,Unknown,2010,English - Unknown,English - Unknown - 2010s
tt5710514,2017,TV-MA,English,Mature,2010,English - Mature,English - Mature - 2010s
tt5711148,2017,R,English,Mature,2010,English - Mature,English - Mature - 2010s
tt5713498,2017,Unknown,Mandarin,Unknown,2010,Mandarin - Unknown,Mandarin - Unknown - 2010s
tt5714470,2020,PG,English,Family,2020,English - Family,English - Family - 2020s
tt5715410,2017,PG,English,Family,2010,English - Family,English - Family - 2010s
tt5715874,2017,R,English,Mature,2010,English - Mature,English - Mature - 2010s
tt5719748,2019,R,English,Mature,2010,English - Mature,English - Mature - 2010s
tt5723286,2017,TV-MA,English,Mature,2010,English - Mature,English - Mature - 2010s
tt5726086,2018,PG-13,English,Teen,2010,English - Teen,English - Teen - 2010s
tt5726616,2017,R,English,Mature,2010,English - Mature,English - Mature - 2010s
tt5727208,2019,R,English,Mature,2010,English - Mature,English - Mature - 2010s
tt5736592,2016,Not Rated,English,Unknown,2010,English - Unknown,English - Unknown - 2010s
tt5737582,2017,Not Rated,English,Unknown,2010,English - Unknown,English - Unknown - 2010s
tt5739478,2016,TV-PG,English,Teen,2010,English - Teen,English - Teen - 2010s
tt5742374,2017,R,English,Mature,2010,English - Mature,English - Mature - 2010s
tt5742712,2020,Unknown,English,Unknown,2020,English - Unknown,English - Unknown - 2020s
tt5749956,2017,Unknown,Dutch,Unknown,2010,Dutch - Unknown,Dutch - Unknown - 2010s
tt5757556,2021,Unknown,English,Unknown,2020,English - Unknown,English - Unknown - 2020s
tt5758778,2018,PG-13,English,Teen,2010,English - Teen,English - Teen - 2010s
tt5768458,2016,Unknown,English,Unknown,2010,English - Unknown,English - Unknown - 2010s
tt5774060,2020,PG-13,English,Teen,2020,English - Teen,English - Teen - 2020s
tt5774062,2020,R,English,Mature,2020,English - Mature,English - Mature - 2020s
tt5776736,2016,TV-PG,Spanish,Teen,2010,Spanish - Teen,Spanish - Teen - 2010s
tt5776858,2017,R,English,Mature,2010,English - Mature,English - Mature - 2010s
tt5776928,2018,TV-MA,English,Mature,2010,English - Mature,English - Mature - 2010s
tt5795086,2017,R,English,Mature,2010,English - Mature,English - Mature - 2010s
tt5796838,2017,TV-MA,English,Mature,2010,English - Mature,English - Mature - 2010s
tt5801522,2017,Unknown,English,Unknown,2010,English - Unknown,English - Unknown - 2010s
tt5805470,2017,Unknown,Japanese,Unknown,2010,Japanese - Unknown,Japanese - Unknown - 2010s
tt5813916,2016,Unknown,Turkish,Unknown,2010,Turkish - Unknown,Turkish - Unknown - 2010s
tt5814060,2018,R,English,Mature,2010,English - Mature,English - Mature - 2010s
tt5814534,2019,PG,English,Family,2010,English - Family,English - Family - 2010s
tt5822536,2024,PG,English,Family,2020,English - Family,English - Family - 2020s
tt5822564,2019,R,English,Mature,2010,English - Mature,English - Mature - 2010s
tt5827916,2019,PG-13,English,Teen,2010,English - Teen,English - Teen - 2010s
tt5832544,2017,Not Rated,Telugu,Unknown,2010,Telugu - Unknown,Telugu - Unknown - 2010s
tt5834426,2022,PG-13,English,Teen,2020,English - Teen,English - Teen - 2020s
tt5834854,2019,R,English,Mature,2010,English - Mature,English - Mature - 2010s
tt5839426,2016,TV-MA,English,Mature,2010,English - Mature,English - Mature - 2010s
tt5848272,2018,PG,English,Family,2010,English - Family,English - Family - 2010s
tt5869224,2019,Unknown,Spanish,Unknown,2010,Spanish - Unknown,Spanish - Unknown - 2010s
tt5873100,2017,TV-PG,English,Teen,2010,English - Teen,English - Teen - 2010s
tt5874116,1999,TV-MA,English,Mature,1990,English - Mature,English - Mature - 1990s
tt5882416,2017,TV-G,Indonesian,Family,2010,Indonesian - Family,Indonesian - Family - 2010s
tt5883632,2016,Not Rated,Spanish,Unknown,2010,Spanish - Unknown,Spanish - Unknown - 2010s
tt5884052,2019,PG,English,Family,2010,English - Family,English - Family - 2010s
tt5886046,2019,PG-13,English,Teen,2010,English - Teen,English - Teen - 2010s
tt5889372,2016,G,English,Family,2010,English - Family,English - Family - 2010s
tt5891062,2020,Unknown,English,Unknown,2020,English - Unknown,English - Unknown - 2020s
tt5894778,2016,Not Rated,French,Unknown,2010,French - Unknown,French - Unknown - 2010s
tt5904182,2018,Unknown,Spanish,Unknown,2010,Spanish - Unknown,Spanish - Unknown - 2010s
tt5913798,2019,R,English,Mature,2010,English - Mature,English - Mature - 2010s
tt5915304,2016,Unknown,Filipino,Unknown,2010,Filipino - Unknown,Filipino - Unknown - 2010s
tt5918074,2016,Not Rated,English,Unknown,2010,English - Unknown,English - Unknown - 2010s
tt5929810,2016,Unknown,English,Unknown,2010,English - Unknown,English - Unknown - 2010s
tt5932800,2018,Unknown,English,Unknown,2010,English - Unknown,English - Unknown - 2010s
tt5941692,2019,PG-13,English,Teen,2010,English - Teen,English - Teen - 2010s
tt5946852,2016,Not Rated,Telugu,Unknown,2010,Telugu - Unknown,Telugu - Unknown - 2010s
tt5950044,2025,PG-13,English,Teen,2020,English - Teen,English - Teen - 2020s
tt5954304,2016,Unknown,English,Unknown,2010,English - Unknown,English - Unknown - 2010s
tt5955112,2016,Unknown,English,Unknown,2010,English - Unknown,English - Unknown - 2010s
tt5956100,2017,Not Rated,Hindi,Unknown,2010,Hindi - Unknown,Hindi - Unknown - 2010s
tt5957584,2016,Not Rated,English,Unknown,2010,English - Unknown,English - Unknown - 2010s
tt5959698,2016,Unknown,Spanish,Unknown,2010,Spanish - Unknown,Spanish - Unknown - 2010s
tt5969696,2017,Not Rated,Korean,Unknown,2010,Korean - Unknown,Korean - Unknown - 2010s
tt5974030,2019,R,English,Mature,2010,English - Mature,English - Mature - 2010s
tt5980232,2016,Not Rated,Tamil,Unknown,2010,Tamil - Unknown,Tamil - Unknown - 2010s
tt5991206,2016,PG,Hebrew,Family,2010,Hebrew - Family,Hebrew - Family - 2010s
tt5992138,2017,Not Rated,Mandarin,Unknown,2010,Mandarin - Unknown,Mandarin - Unknown - 2010s
tt5994166,2018,TV-14,English,Teen,2010,English - Teen,English - Teen - 2010s
tt5997666,2017,Not Rated,Hindi,Unknown,2010,Hindi - Unknown,Hindi - Unknown - 2010s
tt6013886,2020,TV-14,English,Teen,2020,English - Teen,English - Teen - 2020s
tt6013892,2017,Unknown,Georgian,Unknown,2010,Georgian - Unknown,Georgian - Unknown - 2010s
tt6015328,2017,Unknown,Cantonese,Unknown,2010,Cantonese - Unknown,Cantonese - Unknown - 2010s
tt6020800,2022,R,Irish Gaelic,Mature,2020,Irish Gaelic - Mature,Irish Gaelic - Mature - 2020s
tt6023386,2018,TV-MA,English,Mature,2010,English - Mature,English - Mature - 2010s
tt6027478,2016,Not Rated,Telugu,Unknown,2010,Telugu - Unknown,Telugu - Unknown - 2010s
tt6046314,2018,TV-MA,English,Mature,2010,English - Mature,English - Mature - 2010s
tt6047974,2017,Unknown,Japanese,Unknown,2010,Japanese - Unknown,Japanese - Unknown - 2010s
tt6048582,2016,Not Rated,English,Unknown,2010,English - Unknown,English - Unknown - 2010s
tt6048922,2020,PG-13,English,Teen,2020,English - Teen,English - Teen - 2020s
tt6051394,2017,Unknown,English,Unknown,2010,English - Unknown,English - Unknown - 2010s
tt6053438,2017,R,English,Mature,2010,English - Mature,English - Mature - 2010s
tt6053440,2017,Not Rated,English,Unknown,2010,English - Unknown,English - Unknown - 2010s
tt6055082,2017,Unknown,English,Unknown,2010,English - Unknown,English - Unknown - 2010s
tt6062774,2019,R,Spanish,Mature,2010,Spanish - Mature,Spanish - Mature - 2010s
tt6074542,2020,TV-MA,English,Mature,2020,English - Mature,English - Mature - 2020s
tt6079652,2020,Unknown,English,Unknown,2020,English - Unknown,English - Unknown - 2020s
tt6079772,2021,R,English,Mature,2020,English - Mature,English - Mature - 2020s
tt6085676,2016,Unknown,Greek,Unknown,2010,Greek - Unknown,Greek - Unknown - 2010s
tt6087226,2019,TV-MA,Russian,Mature,2010,Russian - Mature,Russian - Mature - 2010s
tt6087426,2017,R,English,Mature,2010,English - Mature,English - Mature - 2010s
tt6105098,2019,PG,English,Family,2010,English - Family,English - Family - 2010s
tt6111574,2021,R,English,Mature,2020,English - Mature,English - Mature - 2020s
tt6112836,2016,Unknown,English,Unknown,2010,English - Unknown,English - Unknown - 2010s
tt6119504,2017,TV-14,English,Teen,2010,English - Teen,English - Teen - 2010s
tt6121444,2017,Unknown,French,Unknown,2010,French - Unknown,French - Unknown - 2010s
tt6126492,2017,R,English,Mature,2010,English - Mature,English - Mature - 2010s
tt6129730,2016,Unknown,Korean,Unknown,2010,Korean - Unknown,Korean - Unknown - 2010s
tt6133466,2018,R,English,Mature,2010,English - Mature,English - Mature - 2010s
tt6137494,2017,TV-14,English,Teen,2010,English - Teen,English - Teen - 2010s
tt6138228,2017,Not Rated,English,Unknown,2010,English - Unknown,English - Unknown - 2010s
tt6139732,2019,PG,English,Family,2010,English - Family,English - Family - 2010s
tt6141246,2019,PG-13,English,Teen,2010,English - Teen,English - Teen - 2010s
tt6146586,2019,R,English,Mature,2010,English - Mature,English - Mature - 2010s
tt6148156,2017,Not Rated,Tamil,Unknown,2010,Tamil - Unknown,Tamil - Unknown - 2010s
tt6150962,2018,Unknown,English,Unknown,2010,English - Unknown,English - Unknown - 2010s
tt6156656,2018,Unknown,N/A,Unknown,2010,N/A - Unknown,N/A - Unknown - 2010s
tt6157294,2018,Unknown,Spanish,Unknown,2010,Spanish - Unknown,Spanish - Unknown - 2010s
tt6159660,2019,Unknown,French,Unknown,2010,French - Unknown,French - Unknown - 2010s
tt6173990,2018,Not Rated,Hindi,Unknown,2010,Hindi - Unknown,Hindi - Unknown - 2010s
tt6175078,2016,Unknown,Korean,Unknown,2010,Korean - Unknown,Korean - Unknown - 2010s
tt6179746,2018,TV-MA,English,Mature,2010,English - Mature,English - Mature - 2010s
tt6182054,2017,Unknown,English,Unknown,2010,English - Unknown,English - Unknown - 2010s
tt6183834,2017,Unknown,French,Unknown,2010,French - Unknown,French - Unknown - 2010s
tt6189022,2019,R,English,Mature,2010,English - Mature,English - Mature - 2010s
tt6201302,2019,Unknown,English,Unknown,2010,English - Unknown,English - Unknown - 2010s
tt6203324,2018,Unknown,English,Unknown,2010,English - Unknown,English - Unknown - 2010s
tt6214468,2018,Unknown,English,Unknown,2010,English - Unknown,English - Unknown - 2010s
tt6214928,2017,TV-MA,English,Mature,2010,English - Mature,English - Mature - 2010s
tt6215044,2017,TV-14,English,Teen,2010,English - Teen,English - Teen - 2010s
tt6215446,2018,Not Rated,English,Unknown,2010,English - Unknown,English - Unknown - 2010s
tt6218548,2016,Unknown,Mandarin,Unknown,2010,Mandarin - Unknown,Mandarin - Unknown - 2010s
tt6222286,2018,Unknown,English,Unknown,2010,English - Unknown,English - Unknown - 2010s
tt6228672,2016,Unknown,Persian,Unknown,2010,Persian - Unknown,Persian - Unknown - 2010s
tt6231824,2018,Unknown,English,Unknown,2010,English - Unknown,English - Unknown - 2010s
tt6236762,2018,Unknown,English,Unknown,2010,English - Unknown,English - Unknown - 2010s
tt6237268,2018,Unrated,English,Unknown,2010,English - Unknown,English - Unknown - 2010s
tt6243370,2021,Unknown,English,Unknown,2020,English - Unknown,English - Unknown - 2020s
tt6246322,2021,R,English,Mature,2020,English - Mature,English - Mature - 2020s
tt6247936,2017,PG-13,French,Teen,2010,French - Teen,French - Teen - 2010s
tt6251390,2018,Not Rated,English,Unknown,2010,English - Unknown,English - Unknown - 2010s
tt6255230,2019,TV-MA,English,Mature,2010,English - Mature,English - Mature - 2010s
tt6264654,2021,PG-13,English,Teen,2020,English - Teen,English - Teen - 2020s
tt6265828,2017,R,English,Mature,2010,English - Mature,English - Mature - 2010s
tt6266538,2018,R,English,Mature,2010,English - Mature,English - Mature - 2010s
tt6268812,2018,TV-MA,German,Mature,2010,German - Mature,German - Mature - 2010s
tt6277462,2022,Not Rated,Hindi,Unknown,2020,Hindi - Unknown,Hindi - Unknown - 2020s
tt6292852,2019,TV-14,English,Teen,2010,English - Teen,English - Teen - 2010s
tt6294822,2017,PG-13,English,Teen,2010,English - Teen,English - Teen - 2010s
tt6296236,2017,Unknown,Hindi,Unknown,2010,Hindi - Unknown,Hindi - Unknown - 2010s
tt6302006,2016,Unknown,Korean,Unknown,2010,Korean - Unknown,Korean - Unknown - 2010s
tt6304610,2017,Unrated,English,Unknown,2010,English - Unknown,English - Unknown - 2010s
tt6314690,2017,TV-Y,French,Family,2010,French - Family,French - Family - 2010s
tt6317656,2020,TV-14,English,Teen,2020,English - Teen,English - Teen - 2020s
tt6320628,2019,PG-13,English,Teen,2010,English - Teen,English - Teen - 2010s
tt6322902,2017,Unknown,Norwegian,Unknown,2010,Norwegian - Unknown,Norwegian - Unknown - 2010s
tt6323264,2016,Unknown,English,Unknown,2010,English - Unknown,English - Unknown - 2010s
tt6334354,2021,R,English,Mature,2020,English - Mature,English - Mature - 2020s
tt6338856,2023,PG,English,Family,2020,English - Family,English - Family - 2020s
tt6341108,2019,R,English,Mature,2010,English - Mature,English - Mature - 2010s
tt6343314,2018,PG-13,English,Teen,2010,English - Teen,English - Teen - 2010s
tt6353716,2017,Unknown,French,Unknown,2010,French - Unknown,French - Unknown - 2010s
tt6359082,2017,Not Rated,English,Unknown,2010,English - Unknown,English - Unknown - 2010s
tt6365796,2018,R,Inuktitut,Mature,2010,Inuktitut - Mature,Inuktitut - Mature - 2010s
tt6367558,2017,Not Rated,French,Unknown,2010,French - Unknown,French - Unknown - 2010s
tt6385680,2021,Unknown,English,Unknown,2020,English - Unknown,English - Unknown - 2020s
tt6385860,2017,Unknown,English,Unknown,2010,English - Unknown,English - Unknown - 2010s
tt6394270,2019,R,English,Mature,2010,English - Mature,English - Mature - 2010s
tt6395680,2018,Unknown,English,Unknown,2010,English - Unknown,English - Unknown - 2010s
tt6401004,2017,R,English,Mature,2010,English - Mature,English - Mature - 2010s
tt6409416,2019,Not Rated,Malayalam,Unknown,2010,Malayalam - Unknown,Malayalam - Unknown - 2010s
tt6409762,2018,Not Rated,English,Unknown,2010,English - Unknown,English - Unknown - 2010s
tt6412452,2018,R,English,Mature,2010,English - Mature,English - Mature - 2010s
tt6417984,2013,Unknown,N/A,Unknown,2010,N/A - Unknown,N/A - Unknown - 2010s
tt6418778,2018,PG-13,English,Teen,2010,English - Teen,English - Teen - 2010s
tt6424768,2017,TV-PG,Portuguese,Teen,2010,Portuguese - Teen,Portuguese - Teen - 2010s
tt6425474,2018,Unknown,English,Unknown,2010,English - Unknown,English - Unknown - 2010s
tt6435164,2022,Not Rated,English,Unknown,2020,English - Unknown,English - Unknown - 2020s
tt6436726,2019,R,English,Mature,2010,English - Mature,English - Mature - 2010s
tt6442766,2013,Unknown,N/A,Unknown,2010,N/A - Unknown,N/A - Unknown - 2010s
tt6443294,2018,R,English,Mature,2010,English - Mature,English - Mature - 2010s
tt6443346,2022,PG-13,English,Teen,2020,English - Teen,English - Teen - 2020s
tt6450804,2019,R,English,Mature,2010,English - Mature,English - Mature - 2010s
tt6456326,2020,Not Rated,English,Unknown,2020,English - Unknown,English - Unknown - 2020s
tt6456384,2017,Unknown,English,Unknown,2010,English - Unknown,English - Unknown - 2010s
tt6460276,2017,TV-14,English,Teen,2010,English - Teen,English - Teen - 2010s
tt6464678,2017,Not Rated,English,Unknown,2010,English - Unknown,English - Unknown - 2010s
tt6467266,2021,PG,English,Family,2020,English - Family,English - Family - 2020s
tt6472976,2019,PG-13,English,Teen,2010,English - Teen,English - Teen - 2010s
tt6475714,2020,PG-13,English,Teen,2020,English - Teen,English - Teen - 2020s
tt6489160,2017,Unknown,Czech,Unknown,2010,Czech - Unknown,Czech - Unknown - 2010s
tt6494344,2018,TV-G,N/A,Family,2010,N/A - Family,N/A - Family - 2010s
tt6495056,2023,PG,English,Family,2020,English - Family,English - Family - 2020s
tt6495094,2018,PG-13,English,Teen,2010,English - Teen,English - Teen - 2010s
tt6499752,2018,R,English,Mature,2010,English - Mature,English - Mature - 2010s
tt6502956,2018,TV-MA,Spanish,Mature,2010,Spanish - Mature,Spanish - Mature - 2010s
tt6512428,2018,PG-13,English,Teen,2010,English - Teen,English - Teen - 2010s
tt6513120,2019,PG-13,English,Teen,2010,English - Teen,English - Teen - 2010s
tt6515470,2017,Unknown,Spanish,Unknown,2010,Spanish - Unknown,Spanish - Unknown - 2010s
tt6522546,2017,Not Rated,Telugu,Unknown,2010,Telugu - Unknown,Telugu - Unknown - 2010s
tt6529772,2018,TV-14,English,Teen,2010,English - Teen,English - Teen - 2010s
tt6533240,2018,R,English,Mature,2010,English - Mature,English - Mature - 2010s
tt6542108,2018,TV-14,English,Teen,2010,English - Teen,English - Teen - 2010s
tt6543070,2012,G,Hindi,Family,2010,Hindi - Family,Hindi - Family - 2010s
tt6554976,2017,Unknown,German,Unknown,2010,German - Unknown,German - Unknown - 2010s
tt6559408,1960,Unknown,Mandarin,Unknown,1960,Mandarin - Unknown,Mandarin - Unknown - 1960s
tt6565702,2019,PG-13,English,Teen,2010,English - Teen,English - Teen - 2010s
tt6566576,2021,R,English,Mature,2020,English - Mature,English - Mature - 2020s
tt6571548,2021,R,Hindi,Mature,2020,Hindi - Mature,Hindi - Mature - 2020s
tt6576144,2019,Unknown,English,Unknown,2010,English - Unknown,English - Unknown - 2010s
tt6587046,2023,PG-13,Japanese,Teen,2020,Japanese - Teen,Japanese - Teen - 2020s
tt6587640,2020,PG,English,Family,2020,English - Family,English - Family - 2020s
tt6599340,2017,Not Rated,Korean,Unknown,2010,Korean - Unknown,Korean - Unknown - 2010s
tt6604188,2025,PG-13,English,Teen,2020,English - Teen,English - Teen - 2020s
tt6613958,2019,TV-MA,English,Mature,2010,English - Mature,English - Mature - 2010s
tt6621768,2022,Unknown,English,Unknown,2020,English - Unknown,English - Unknown - 2020s
tt6622902,2018,R,Japanese,Mature,2010,Japanese - Mature,Japanese - Mature - 2010s
tt6628394,2018,R,English,Mature,2010,English - Mature,English - Mature - 2010s
tt6628462,2023,TV-MA,English,Mature,2020,English - Mature,English - Mature - 2020s
tt6643972,2019,R,English,Mature,2010,English - Mature,English - Mature - 2010s
tt6644200,2018,PG-13,English,Teen,2010,English - Teen,English - Teen - 2010s
tt6648404,2017,Not Rated,Mandarin,Unknown,2010,Mandarin - Unknown,Mandarin - Unknown - 2010s
tt6663582,2018,R,English,Mature,2010,English - Mature,English - Mature - 2010s
tt6671772,2021,Unknown,English,Unknown,2020,English - Unknown,English - Unknown - 2020s
tt6672584,2019,Unknown,English,Unknown,2010,English - Unknown,English - Unknown - 2010s
tt6673612,2020,PG,English,Family,2020,English - Family,English - Family - 2020s
tt6675244,2018,Not Rated,German,Unknown,2010,German - Unknown,German - Unknown - 2010s
tt6678124,2022,Unknown,English,Unknown,2020,English - Unknown,English - Unknown - 2020s
tt6679794,2018,R,English,Mature,2010,English - Mature,English - Mature - 2010s
tt6680730,2018,Unknown,Malayalam,Unknown,2010,Malayalam - Unknown,Malayalam - Unknown - 2010s
tt6684714,2018,R,English,Mature,2010,English - Mature,English - Mature - 2010s
tt6688022,2018,R,English,Mature,2010,English - Mature,English - Mature - 2010s
tt6688304,2018,Unknown,English,Unknown,2010,English - Unknown,English - Unknown - 2010s
tt6688324,2019,TV-Y7,German,Family,2010,German - Family,German - Family - 2010s
tt6696280,2019,Unrated,English,Unknown,2010,English - Unknown,English - Unknown - 2010s
tt6699860,2018,TV-MA,Spanish,Mature,2010,Spanish - Mature,Spanish - Mature - 2010s
tt6703652,2020,Unknown,English,Unknown,2020,English - Unknown,English - Unknown - 2020s
tt6704880,2018,Not Rated,French,Unknown,2010,French - Unknown,French - Unknown - 2010s
tt6710474,2022,R,English,Mature,2020,English - Mature,English - Mature - 2020s
tt6712330,2018,Unknown,Tagalog,Unknown,2010,Tagalog - Unknown,Tagalog - Unknown - 2010s
tt6714544,2017,Unknown,Vietnamese,Unknown,2010,Vietnamese - Unknown,Vietnamese - Unknown - 2010s
tt6720438,2020,Unknown,English,Unknown,2020,English - Unknown,English - Unknown - 2020s
tt6723592,2020,PG-13,English,Teen,2020,English - Teen,English - Teen - 2020s
tt6741368,2018,Unknown,French,Unknown,2010,French - Unknown,French - Unknown - 2010s
tt6749318,2018,R,English,Mature,2010,English - Mature,English - Mature - 2010s
tt6751668,2019,R,Korean,Mature,2010,Korean - Mature,Korean - Mature - 2010s
tt6754750,2017,Unknown,Cantonese,Unknown,2010,Cantonese - Unknown,Cantonese - Unknown - 2010s
tt6771444,2017,TV-MA,English,Mature,2010,English - Mature,English - Mature - 2010s
tt6772804,2019,R,English,Mature,2010,English - Mature,English - Mature - 2010s
tt6776572,2017,TV-MA,Arabic,Mature,2010,Arabic - Mature,Arabic - Mature - 2010s
tt6785292,2019,Not Rated,Romanian,Unknown,2010,Romanian - Unknown,Romanian - Unknown - 2010s
tt6792282,2018,TV-MA,Spanish,Mature,2010,Spanish - Mature,Spanish - Mature - 2010s
tt6792478,2018,Unrated,English,Unknown,2010,English - Unknown,English - Unknown - 2010s
tt6793280,2018,Unrated,English,Unknown,2010,English - Unknown,English - Unknown - 2010s
tt6802896,2017,Unrated,Italian,Unknown,2010,Italian - Unknown,Italian - Unknown - 2010s
tt6806448,2019,PG-13,English,Teen,2010,English - Teen,English - Teen - 2010s
tt6816652,2021,Unknown,Finnish,Unknown,2020,Finnish - Unknown,Finnish - Unknown - 2020s
tt6820256,2018,PG-13,English,Teen,2010,English - Teen,English - Teen - 2010s
tt6823368,2019,PG-13,English,Teen,2010,English - Teen,English - Teen - 2010s
tt6836936,2019,TV-MA,Hindi,Mature,2010,Hindi - Mature,Hindi - Mature - 2010s
tt6850820,2018,R,English,Mature,2010,English - Mature,English - Mature - 2010s
tt6856242,2021,R,English,Mature,2020,English - Mature,English - Mature - 2020s
tt6857112,2019,R,English,Mature,2010,English - Mature,English - Mature - 2010s
tt6869538,2018,TV-MA,Mandarin,Mature,2010,Mandarin - Mature,Mandarin - Mature - 2010s
tt6874488,2017,Unknown,Polish,Unknown,2010,Polish - Unknown,Polish - Unknown - 2010s
tt6878306,2020,PG-13,English,Teen,2020,English - Teen,English - Teen - 2020s
tt6893370,2018,Unknown,Japanese,Unknown,2010,Japanese - Unknown,Japanese - Unknown - 2010s
tt6895284,2019,Not Rated,English,Unknown,2010,English - Unknown,English - Unknown - 2010s
tt6902676,2019,R,English,Mature,2010,English - Mature,English - Mature - 2010s
tt6906214,2020,Unknown,N/A,Unknown,2020,N/A - Unknown,N/A - Unknown - 2020s
tt6908274,2018,TV-MA,Spanish,Mature,2010,Spanish - Mature,Spanish - Mature - 2010s
tt6911608,2018,PG-13,English,Teen,2010,English - Teen,English - Teen - 2010s
tt6921496,2018,Not Rated,English,Unknown,2010,English - Unknown,English - Unknown - 2010s
tt6921996,2018,PG,English,Family,2010,English - Family,English - Family - 2010s
tt6924650,2019,PG-13,English,Teen,2010,English - Teen,English - Teen - 2010s
tt6929642,2018,Not Rated,Tamil,Unknown,2010,Tamil - Unknown,Tamil - Unknown - 2010s
tt6941654,2017,Unknown,Hindi,Unknown,2010,Hindi - Unknown,Hindi - Unknown - 2010s
tt6966692,2018,PG-13,English,Teen,2010,English - Teen,English - Teen - 2010s
tt6977338,2019,R,English,Mature,2010,English - Mature,English - Mature - 2010s
tt6998518,2018,Not Rated,English,Unknown,2010,English - Unknown,English - Unknown - 2010s
tt7014234,2018,R,English,Mature,2010,English - Mature,English - Mature - 2010s
tt7014356,2020,PG,English,Family,2020,English - Family,English - Family - 2020s
tt7034992,2022,Unknown,Korean,Unknown,2020,Korean - Unknown,Korean - Unknown - 2020s
tt7038762,2023,TV-PG,Spanish,Teen,2020,Spanish - Teen,Spanish - Teen - 2020s
tt7039000,2018,Not Rated,English,Unknown,2010,English - Unknown,English - Unknown - 2010s
tt7040874,2018,R,English,Mature,2010,English - Mature,English - Mature - 2010s
tt7043012,2019,R,English,Mature,2010,English - Mature,English - Mature - 2010s
tt7044076,2018,Not Rated,English,Unknown,2010,English - Unknown,English - Unknown - 2010s
tt7058612,2018,Unknown,Japanese,Unknown,2010,Japanese - Unknown,Japanese - Unknown - 2010s
tt7058854,2017,Not Rated,Japanese,Unknown,2010,Japanese - Unknown,Japanese - Unknown - 2010s
tt7069210,2021,R,English,Mature,2020,English - Mature,English - Mature - 2020s
tt7087210,2018,R,English,Mature,2010,English - Mature,English - Mature - 2010s
tt7089878,2018,Unknown,Japanese,Unknown,2010,Japanese - Unknown,Japanese - Unknown - 2010s
tt7097896,2021,PG-13,English,Teen,2020,English - Teen,English - Teen - 2020s
tt7098658,2018,Not Rated,Hindi,Unknown,2010,Hindi - Unknown,Hindi - Unknown - 2010s
tt7098662,2019,Unknown,English,Unknown,2010,English - Unknown,English - Unknown - 2010s
tt7105944,2018,Unknown,Italian,Unknown,2010,Italian - Unknown,Italian - Unknown - 2010s
tt7106686,2023,Unknown,Russian,Unknown,2020,Russian - Unknown,Russian - Unknown - 2020s
tt7117870,2019,Unknown,Malayalam,Unknown,2010,Malayalam - Unknown,Malayalam - Unknown - 2010s
tt7120532,2017,Unknown,Italian,Unknown,2010,Italian - Unknown,Italian - Unknown - 2010s
tt7121252,2018,TV-MA,Italian,Mature,2010,Italian - Mature,Italian - Mature - 2010s
tt7125774,2018,PG-13,German,Teen,2010,German - Teen,German - Teen - 2010s
tt7126948,2020,PG-13,English,Teen,2020,English - Teen,English - Teen - 2020s
tt7134096,2020,R,English,Mature,2020,English - Mature,English - Mature - 2020s
tt7137380,2018,R,English,Mature,2010,English - Mature,English - Mature - 2010s
tt7138894,2017,Not Rated,English,Unknown,2010,English - Unknown,English - Unknown - 2010s
tt7142506,2018,Unknown,Hindi,Unknown,2010,Hindi - Unknown,Hindi - Unknown - 2010s
tt7144666,2021,R,English,Mature,2020,English - Mature,English - Mature - 2020s
tt7146812,2020,PG,English,Family,2020,English - Family,English - Family - 2020s
tt7155170,2018,Not Rated,Japanese,Unknown,2010,Japanese - Unknown,Japanese - Unknown - 2010s
tt7164422,2017,Unknown,English,Unknown,2010,English - Unknown,English - Unknown - 2010s
tt7171442,2024,TV-14,Chinese,Teen,2020,Chinese - Teen,Chinese - Teen - 2020s
tt7185492,2017,Unknown,Mandarin,Unknown,2010,Mandarin - Unknown,Mandarin - Unknown - 2010s
tt7186092,2017,R,English,Mature,2010,English - Mature,English - Mature - 2010s
tt7188014,2019,G,English,Family,2010,English - Family,English - Family - 2010s
tt7200946,2019,TV-G,English,Family,2010,English - Family,English - Family - 2010s
tt7207726,2017,Unknown,English,Unknown,2010,English - Unknown,English - Unknown - 2010s
tt7210252,2018,Unknown,Japanese,Unknown,2010,Japanese - Unknown,Japanese - Unknown - 2010s
tt7214470,2018,Unknown,German,Unknown,2010,German - Unknown,German - Unknown - 2010s
tt7224520,2018,Not Rated,German,Unknown,2010,German - Unknown,German - Unknown - 2010s
tt7236034,2018,Not Rated,Japanese,Unknown,2010,Japanese - Unknown,Japanese - Unknown - 2010s
tt7255568,2019,Not Rated,Hindi,Unknown,2010,Hindi - Unknown,Hindi - Unknown - 2010s
tt7278838,2017,Unknown,English,Unknown,2010,English - Unknown,English - Unknown - 2010s
tt7280218,2019,Not Rated,English,Unknown,2010,English - Unknown,English - Unknown - 2010s
tt7280786,2018,Not Rated,Tamil,Unknown,2010,Tamil - Unknown,Tamil - Unknown - 2010s
tt7282468,2018,Not Rated,Korean,Unknown,2010,Korean - Unknown,Korean - Unknown - 2010s
tt7286456,2019,R,English,Mature,2010,English - Mature,English - Mature - 2010s
tt7295450,2018,R,English,Mature,2010,English - Mature,English - Mature - 2010s
tt7317310,2018,Unknown,Finnish,Unknown,2010,Finnish - Unknown,Finnish - Unknown - 2010s
tt7329656,2019,PG-13,English,Teen,2010,English - Teen,English - Teen - 2010s
tt7349662,2018,R,English,Mature,2010,English - Mature,English - Mature - 2010s
tt7349950,2019,R,English,Mature,2010,English - Mature,English - Mature - 2010s
tt7358598,2018,Unknown,Icelandic,Unknown,2010,Icelandic - Unknown,Icelandic - Unknown - 2010s
tt7362370,2018,Unknown,English,Unknown,2010,English - Unknown,English - Unknown - 2010s
tt7367960,2018,Not Rated,Danish,Unknown,2010,Danish - Unknown,Danish - Unknown - 2010s
tt7368668,2018,Unknown,Polish,Unknown,2010,Polish - Unknown,Polish - Unknown - 2010s
tt7388562,2018,PG-13,English,Teen,2010,English - Teen,English - Teen - 2010s
tt7391958,2018,Unknown,English,Unknown,2010,English - Unknown,English - Unknown - 2010s
tt7394674,2019,Not Rated,English,Unknown,2010,English - Unknown,English - Unknown - 2010s
tt7395114,2020,R,English,Mature,2020,English - Mature,English - Mature - 2020s
tt7398642,2018,Unknown,Norwegian,Unknown,2010,Norwegian - Unknown,Norwegian - Unknown - 2010s
tt7424930,2019,PG,N/A,Family,2010,N/A - Family,N/A - Family - 2010s
tt7449376,2019,Not Rated,English,Unknown,2010,English - Unknown,English - Unknown - 2010s
tt7451284,2018,PG-13,Japanese,Teen,2010,Japanese - Teen,Japanese - Teen - 2010s
tt7456310,2019,R,English,Mature,2010,English - Mature,English - Mature - 2010s
tt7460806,2018,R,English,Mature,2010,English - Mature,English - Mature - 2010s
tt7464188,2018,R,English,Mature,2010,English - Mature,English - Mature - 2010s
tt7466442,2022,PG-13,English,Teen,2020,English - Teen,English - Teen - 2020s
tt7468056,2017,Not Rated,Korean,Unknown,2010,Korean - Unknown,Korean - Unknown - 2010s
tt7476116,2018,Unknown,French,Unknown,2010,French - Unknown,French - Unknown - 2010s
tt7476946,2018,TV-MA,Japanese,Mature,2010,Japanese - Mature,Japanese - Mature - 2010s
tt7477126,2018,Unknown,English,Unknown,2010,English - Unknown,English - Unknown - 2010s
tt7478674,2021,Unknown,English,Unknown,2020,English - Unknown,English - Unknown - 2020s
tt7485048,2019,Not Rated,Hindi,Unknown,2010,Hindi - Unknown,Hindi - Unknown - 2010s
tt7493184,2018,Unknown,English,Unknown,2010,English - Unknown,English - Unknown - 2010s
tt7493806,2018,Unknown,Japanese,Unknown,2010,Japanese - Unknown,Japanese - Unknown - 2010s
tt7510222,2024,PG,English,Family,2020,English - Family,English - Family - 2020s
tt7521772,1993,TV-MA,None,Mature,1990,None - Mature,None - Mature - 1990s
tt7522868,2022,Unknown,English,Unknown,2020,English - Unknown,English - Unknown - 2020s
tt7524414,2019,Not Rated,English,Unknown,2010,English - Unknown,English - Unknown - 2010s
tt7525778,2018,TV-MA,English,Mature,2010,English - Mature,English - Mature - 2010s
tt7531096,2019,PG,English,Family,2010,English - Family,English - Family - 2010s
tt7534068,2018,Unknown,French,Unknown,2010,French - Unknown,French - Unknown - 2010s
tt7538958,2018,TV-MA,Spanish,Mature,2010,Spanish - Mature,Spanish - Mature - 2010s
tt7547158,2018,Unknown,Japanese,Unknown,2010,Japanese - Unknown,Japanese - Unknown - 2010s
tt7549644,2018,Unknown,English,Unknown,2010,English - Unknown,English - Unknown - 2010s
tt7549892,2017,Not Rated,Spanish,Unknown,2010,Spanish - Unknown,Spanish - Unknown - 2010s
tt7549996,2019,PG-13,English,Teen,2010,English - Teen,English - Teen - 2010s
tt7550000,2020,R,English,Mature,2020,English - Mature,English - Mature - 2020s
tt7556122,2020,R,English,Mature,2020,English - Mature,English - Mature - 2020s
tt7556502,2021,Unknown,English,Unknown,2020,English - Unknown,English - Unknown - 2020s
tt7557108,2019,R,English,Mature,2010,English - Mature,English - Mature - 2010s
tt7558302,2019,R,English,Mature,2010,English - Mature,English - Mature - 2010s
tt7575660,2018,Unknown,English,Unknown,2010,English - Unknown,English - Unknown - 2010s
tt7587876,2019,PG-13,English,Teen,2010,English - Teen,English - Teen - 2010s
tt7608380,2019,Unknown,English,Unknown,2010,English - Unknown,English - Unknown - 2010s
tt7611352,2018,TV-MA,English,Mature,2010,English - Mature,English - Mature - 2010s
tt7615052,2019,R,English,Mature,2010,English - Mature,English - Mature - 2010s
tt7631786,2017,TV-14,English,Teen,2010,English - Teen,English - Teen - 2010s
tt7638348,2020,TV-MA,English,Mature,2020,English - Mature,English - Mature - 2020s
tt7639502,2019,Unknown,N/A,Unknown,2010,N/A - Unknown,N/A - Unknown - 2010s
tt7653254,2019,R,English,Mature,2010,English - Mature,English - Mature - 2010s
tt7657566,2022,PG-13,English,Teen,2020,English - Teen,English - Teen - 2020s
tt7668870,2018,PG-13,English,Teen,2010,English - Teen,English - Teen - 2010s
tt7672068,2018,Not Rated,Russian,Unknown,2010,Russian - Unknown,Russian - Unknown - 2010s
tt7693316,2022,PG-13,English,Teen,2020,English - Teen,English - Teen - 2020s
tt7709804,2018,Unknown,English,Unknown,2010,English - Unknown,English - Unknown - 2010s
tt7713068,2020,R,English,Mature,2020,English - Mature,English - Mature - 2020s
tt7715202,2018,Not Rated,Tamil,Unknown,2010,Tamil - Unknown,Tamil - Unknown - 2010s
tt7715270,2019,Unknown,French,Unknown,2010,French - Unknown,French - Unknown - 2010s
tt7720142,2023,R,English,Mature,2020,English - Mature,English - Mature - 2020s
tt7726074,2018,Unknown,Kannada,Unknown,2010,Kannada - Unknown,Kannada - Unknown - 2010s
tt7736478,2019,R,Italian,Mature,2010,Italian - Mature,Italian - Mature - 2010s
tt7737528,2021,R,English,Mature,2020,English - Mature,English - Mature - 2020s
tt7737656,2019,TV-MA,English,Mature,2010,English - Mature,English - Mature - 2010s
tt7737786,2020,PG-13,English,Teen,2020,English - Teen,English - Teen - 2020s
tt7740496,2021,R,English,Mature,2020,English - Mature,English - Mature - 2020s
tt7745068,2018,PG-13,Japanese,Teen,2010,Japanese - Teen,Japanese - Teen - 2010s
tt7752126,2019,R,English,Mature,2010,English - Mature,English - Mature - 2010s
tt7756084,2020,Unknown,English,Unknown,2020,English - Unknown,English - Unknown - 2020s
tt7757688,2019,Unknown,Hungarian,Unknown,2010,Hungarian - Unknown,Hungarian - Unknown - 2010s
tt7765778,2020,Unknown,English,Unknown,2020,English - Unknown,English - Unknown - 2020s
tt7784604,2018,R,English,Mature,2010,English - Mature,English - Mature - 2010s
tt7787524,2025,TV-PG,English,Teen,2020,English - Teen,English - Teen - 2020s
tt7798634,2019,R,English,Mature,2010,English - Mature,English - Mature - 2010s
tt7801350,2020,Unknown,English,Unknown,2020,English - Unknown,English - Unknown - 2020s
tt7806572,2018,Unknown,Spanish,Unknown,2010,Spanish - Unknown,Spanish - Unknown - 2010s
tt7817234,2017,PG-13,English,Teen,2010,English - Teen,English - Teen - 2010s
tt7820614,2017,Unknown,English,Unknown,2010,English - Unknown,English - Unknown - 2010s
tt7831530,2018,Unknown,English,Unknown,2010,English - Unknown,English - Unknown - 2010s
tt7838252,2018,Not Rated,Kannada,Unknown,2010,Kannada - Unknown,Kannada - Unknown - 2010s
tt7843946,2018,TV-14,Indonesian,Teen,2010,Indonesian - Teen,Indonesian - Teen - 2010s
tt7844166,2018,Not Rated,Russian,Unknown,2010,Russian - Unknown,Russian - Unknown - 2010s
tt7846844,2020,PG-13,English,Teen,2020,English - Teen,English - Teen - 2020s
tt7853242,2018,TV-14,Hindi,Teen,2010,Hindi - Teen,Hindi - Teen - 2010s
tt7863198,2018,Not Rated,Russian,Unknown,2010,Russian - Unknown,Russian - Unknown - 2010s
tt7867076,2018,Not Rated,Marathi,Unknown,2010,Marathi - Unknown,Marathi - Unknown - 2010s
tt7867360,2019,Not Rated,Chinese,Unknown,2010,Chinese - Unknown,Chinese - Unknown - 2010s
tt7884368,2024,Unknown,English,Unknown,2020,English - Unknown,English - Unknown - 2020s
tt7885874,2018,TV-G,Indonesian,Family,2010,Indonesian - Family,Indonesian - Family - 2010s
tt7886936,2020,Not Rated,English,Unknown,2020,English - Unknown,English - Unknown - 2020s
tt7888964,2021,R,English,Mature,2020,English - Mature,English - Mature - 2020s
tt7892450,2020,PG,English,Family,2020,English - Family,English - Family - 2020s
tt7935892,2018,R,English,Mature,2010,English - Mature,English - Mature - 2010s
tt7937254,2021,R,English,Mature,2020,English - Mature,English - Mature - 2020s
tt7937262,2019,Unknown,English,Unknown,2010,English - Unknown,English - Unknown - 2010s
tt7939766,2020,R,English,Mature,2020,English - Mature,English - Mature - 2020s
tt7941194,2019,TV-PG,English,Teen,2010,English - Teen,English - Teen - 2010s
tt7947624,2019,Unknown,English,Unknown,2010,English - Unknown,English - Unknown - 2010s
tt7950388,2018,Unknown,German,Unknown,2010,German - Unknown,German - Unknown - 2010s
tt7954694,2019,Unknown,N/A,Unknown,2010,N/A - Unknown,N/A - Unknown - 2010s
tt7957694,2019,TV-14,English,Teen,2010,English - Teen,English - Teen - 2010s
tt7959026,2018,R,English,Mature,2010,English - Mature,English - Mature - 2010s
tt7959216,2018,Not Rated,Norwegian,Unknown,2010,Norwegian - Unknown,Norwegian - Unknown - 2010s
tt7967302,2025,PG,English,Family,2020,English - Family,English - Family - 2020s
tt7973568,2017,Unknown,English,Unknown,2010,English - Unknown,English - Unknown - 2010s
tt7975244,2019,PG-13,English,Teen,2010,English - Teen,English - Teen - 2010s
tt7979580,2021,PG,English,Family,2020,English - Family,English - Family - 2020s
tt7984734,2019,R,English,Mature,2010,English - Mature,English - Mature - 2010s
tt7984766,2019,R,English,Mature,2010,English - Mature,English - Mature - 2010s
tt7985648,2019,TV-14,Kazakh,Teen,2010,Kazakh - Teen,Kazakh - Teen - 2010s
tt7991608,2021,PG-13,English,Teen,2020,English - Teen,English - Teen - 2020s
tt8000096,2019,Unknown,English,Unknown,2010,English - Unknown,English - Unknown - 2010s
tt8009428,2022,R,English,Mature,2020,English - Mature,English - Mature - 2020s
tt8020856,2018,Unknown,Mandarin,Unknown,2010,Mandarin - Unknown,Mandarin - Unknown - 2010s
tt8027910,2021,Unknown,English,Unknown,2020,English - Unknown,English - Unknown - 2020s
tt8028526,2018,TV-Y7,Mandarin,Family,2010,Mandarin - Family,Mandarin - Family - 2010s
tt8033592,2018,Not Rated,Mandarin,Unknown,2010,Mandarin - Unknown,Mandarin - Unknown - 2010s
tt8041270,2022,PG-13,English,Teen,2020,English - Teen,English - Teen - 2020s
tt8042260,2019,Unknown,Tamil,Unknown,2010,Tamil - Unknown,Tamil - Unknown - 2010s
tt8050724,2018,Unknown,Mandarin,Unknown,2010,Mandarin - Unknown,Mandarin - Unknown - 2010s
tt8060328,2020,Not Rated,Russian,Unknown,2020,Russian - Unknown,Russian - Unknown - 2020s
tt8072078,2018,Unknown,Spanish,Unknown,2010,Spanish - Unknown,Spanish - Unknown - 2010s
tt8075192,2018,R,Japanese,Mature,2010,Japanese - Mature,Japanese - Mature - 2010s
tt8079248,2019,PG-13,English,Teen,2010,English - Teen,English - Teen - 2010s
tt8090624,2020,Unknown,English,Unknown,2020,English - Unknown,English - Unknown - 2020s
tt8097030,2022,PG,English,Family,2020,English - Family,English - Family - 2020s
tt8097306,2018,R,English,Mature,2010,English - Mature,English - Mature - 2010s
tt8106534,2019,R,English,Mature,2010,English - Mature,English - Mature - 2010s
tt8108198,2018,Not Rated,Hindi,Unknown,2010,Hindi - Unknown,Hindi - Unknown - 2010s
tt8114980,2021,TV-MA,English,Mature,2020,English - Mature,English - Mature - 2020s
tt8119844,2019,Unknown,Korean,Unknown,2010,Korean - Unknown,Korean - Unknown - 2010s
tt8132778,2020,R,French,Mature,2020,French - Mature,French - Mature - 2020s
tt8140564,2018,TV-PG,Tagalog,Teen,2010,Tagalog - Teen,Tagalog - Teen - 2010s
tt8155182,2018,R,English,Mature,2010,English - Mature,English - Mature - 2010s
tt8155288,2019,PG-13,English,Teen,2010,English - Teen,English - Teen - 2010s
tt8165192,2021,Not Rated,English,Unknown,2020,English - Unknown,English - Unknown - 2020s
tt8178634,2022,TV-MA,Telugu,Mature,2020,Telugu - Mature,Telugu - Mature - 2020s
tt8179470,2020,Not Rated,English,Unknown,2020,English - Unknown,English - Unknown - 2020s
tt8193978,2017,Unknown,English,Unknown,2010,English - Unknown,English - Unknown - 2010s
tt8206398,2022,Unknown,English,Unknown,2020,English - Unknown,English - Unknown - 2020s
tt8206668,2019,TV-MA,English,Mature,2010,English - Mature,English - Mature - 2010s
tt8223844,2018,PG,Japanese,Family,2010,Japanese - Family,Japanese - Family - 2010s
tt8228172,2019,Not Rated,English,Unknown,2010,English - Unknown,English - Unknown - 2010s
tt8228288,2019,TV-MA,Spanish,Mature,2010,Spanish - Mature,Spanish - Mature - 2010s
tt8233874,2019,R,English,Mature,2010,English - Mature,English - Mature - 2010s
tt8237272,2020,Unknown,English,Unknown,2020,English - Unknown,English - Unknown - 2020s
tt8243160,2019,Unknown,Danish,Unknown,2010,Danish - Unknown,Danish - Unknown - 2010s
tt8243286,2019,Unknown,English,Unknown,2010,English - Unknown,English - Unknown - 2010s
tt8244784,2020,R,English,Mature,2020,English - Mature,English - Mature - 2020s
tt8262226,2018,Unknown,English,Unknown,2010,English - Unknown,English - Unknown - 2010s
tt8263682,2017,Unknown,Mongolian,Unknown,2010,Mongolian - Unknown,Mongolian - Unknown - 2010s
tt8269566,2019,Unknown,Swedish,Unknown,2010,Swedish - Unknown,Swedish - Unknown - 2010s
tt8275670,2018,Unknown,English,Unknown,2010,English - Unknown,English - Unknown - 2010s
tt8291224,2019,Not Rated,Hindi,Unknown,2010,Hindi - Unknown,Hindi - Unknown - 2010s
tt8302986,2018,Unknown,Urdu,Unknown,2010,Urdu - Unknown,Urdu - Unknown - 2010s
tt8310924,2019,PG,English,Family,2010,English - Family,English - Family - 2010s
tt8318284,2020,R,English,Mature,2020,English - Mature,English - Mature - 2020s
tt8318348,2019,PG,English,Family,2010,English - Family,English - Family - 2010s
tt8328612,2018,Not Rated,English,Unknown,2010,English - Unknown,English - Unknown - 2010s
tt8328740,2018,PG,Japanese,Family,2010,Japanese - Family,Japanese - Family - 2010s
tt8332922,2020,PG-13,English,Teen,2020,English - Teen,English - Teen - 2020s
tt8333418,2020,TV-MA,English,Mature,2020,English - Mature,English - Mature - 2020s
tt8337264,2023,PG,English,Family,2020,English - Family,English - Family - 2020s
tt8338762,2020,R,English,Mature,2020,English - Mature,English - Mature - 2020s
tt8350100,2021,Unknown,English,Unknown,2020,English - Unknown,English - Unknown - 2020s
tt8350360,2019,R,English,Mature,2010,English - Mature,English - Mature - 2010s
tt8354344,2019,Not Rated,English,Unknown,2010,English - Unknown,English - Unknown - 2010s
tt8354582,2021,Unknown,English,Unknown,2020,English - Unknown,English - Unknown - 2020s
tt8359840,2019,Unknown,French,Unknown,2010,French - Unknown,French - Unknown - 2010s
tt8359848,2018,R,French,Mature,2010,French - Mature,French - Mature - 2010s
tt8364368,2019,R,English,Mature,2010,English - Mature,English - Mature - 2010s
tt8367814,2019,R,English,Mature,2010,English - Mature,English - Mature - 2010s
tt8368368,2024,R,English,Mature,2020,English - Mature,English - Mature - 2020s
tt8368406,2019,R,English,Mature,2010,English - Mature,English - Mature - 2010s
tt8368512,2020,PG-13,English,Teen,2020,English - Teen,English - Teen - 2020s
tt8382922,2018,Unknown,Mandarin,Unknown,2010,Mandarin - Unknown,Mandarin - Unknown - 2010s
tt8383538,2019,Unknown,Italian,Unknown,2010,Italian - Unknown,Italian - Unknown - 2010s
tt8385148,2021,R,English,Mature,2020,English - Mature,English - Mature - 2020s
tt8388508,2019,Not Rated,Telugu,Unknown,2010,Telugu - Unknown,Telugu - Unknown - 2010s
tt8391200,2021,Unknown,English,Unknown,2020,English - Unknown,English - Unknown - 2020s
tt8398928,2021,TV-MA,English,Mature,2020,English - Mature,English - Mature - 2020s
tt8399288,2021,PG,English,Family,2020,English - Family,English - Family - 2020s
tt8404614,2019,PG-13,English,Teen,2010,English - Teen,English - Teen - 2010s
tt8413040,2020,Unknown,English,Unknown,2020,English - Unknown,English - Unknown - 2020s
tt8417168,2023,PG,English,Family,2020,English - Family,English - Family - 2020s
tt8426838,2018,Unrated,English,Unknown,2010,English - Unknown,English - Unknown - 2010s
tt8434152,2019,Unknown,English,Unknown,2010,English - Unknown,English - Unknown - 2010s
tt8443704,2018,TV-MA,Mandarin,Mature,2010,Mandarin - Mature,Mandarin - Mature - 2010s
tt8467658,2018,Unknown,Italian,Unknown,2010,Italian - Unknown,Italian - Unknown - 2010s
tt8470448,2019,Unknown,English,Unknown,2010,English - Unknown,English - Unknown - 2010s
tt8478602,2018,TV-14,Japanese,Teen,2010,Japanese - Teen,Japanese - Teen - 2010s
tt8480678,2021,PG,English,Family,2020,English - Family,English - Family - 2020s
tt8484370,2019,Unknown,N/A,Unknown,2010,N/A - Unknown,N/A - Unknown - 2010s
tt8485772,2019,TV-MA,English,Mature,2010,English - Mature,English - Mature - 2010s
tt8503618,2020,PG-13,English,Teen,2020,English - Teen,English - Teen - 2020s
tt8508734,2020,TV-14,English,Teen,2020,English - Teen,English - Teen - 2020s
tt8510350,2019,Not Rated,English,Unknown,2010,English - Unknown,English - Unknown - 2010s
tt8510488,2019,TV-PG,English,Teen,2010,English - Teen,English - Teen - 2010s
tt8526576,2019,Unknown,English,Unknown,2010,English - Unknown,English - Unknown - 2010s
tt8526872,2019,R,English,Mature,2010,English - Mature,English - Mature - 2010s
tt8544498,2020,R,English,Mature,2020,English - Mature,English - Mature - 2020s
tt8555778,2020,Unknown,English,Unknown,2020,English - Unknown,English - Unknown - 2020s
tt8579674,2019,R,English,Mature,2010,English - Mature,English - Mature - 2010s
tt8595708,2018,TV-14,Malay,Teen,2010,Malay - Teen,Malay - Teen - 2010s
tt8613070,2019,R,French,Mature,2010,French - Mature,French - Mature - 2010s
tt8618118,2018,TV-MA,Polish,Mature,2010,Polish - Mature,Polish - Mature - 2010s
tt8623904,2019,PG-13,English,Teen,2010,English - Teen,English - Teen - 2010s
tt8629748,2020,R,English,Mature,2020,English - Mature,English - Mature - 2020s
tt8633478,2020,PG-13,English,Teen,2020,English - Teen,English - Teen - 2020s
tt8635092,2021,PG-13,English,Teen,2020,English - Teen,English - Teen - 2020s
tt8638640,2019,Not Rated,Malayalam,Unknown,2010,Malayalam - Unknown,Malayalam - Unknown - 2010s
tt8647400,2019,Not Rated,Hindi,Unknown,2010,Hindi - Unknown,Hindi - Unknown - 2010s
tt8652636,2019,Unknown,English,Unknown,2010,English - Unknown,English - Unknown - 2010s
tt8663516,2019,R,English,Mature,2010,English - Mature,English - Mature - 2010s
tt8664988,2019,TV-MA,Russian,Mature,2010,Russian - Mature,Russian - Mature - 2010s
tt8688634,2019,R,English,Mature,2010,English - Mature,English - Mature - 2010s
tt8695030,2019,R,English,Mature,2010,English - Mature,English - Mature - 2010s
tt8696440,2018,TV-PG,Turkish,Teen,2010,Turkish - Teen,Turkish - Teen - 2010s
tt8708174,2020,Unknown,English,Unknown,2020,English - Unknown,English - Unknown - 2020s
tt8717296,2019,Unknown,English,Unknown,2010,English - Unknown,English - Unknown - 2010s
tt8718158,2021,R,English,Mature,2020,English - Mature,English - Mature - 2020s
tt8721424,2021,PG-13,English,Teen,2020,English - Teen,English - Teen - 2020s
tt8721556,2019,Not Rated,Malayalam,Unknown,2010,Malayalam - Unknown,Malayalam - Unknown - 2010s
tt8727708,2018,Unknown,English,Unknown,2010,English - Unknown,English - Unknown - 2010s
tt8752474,2019,PG-13,English,Teen,2010,English - Teen,English - Teen - 2010s
tt8760708,2022,PG-13,English,Teen,2020,English - Teen,English - Teen - 2020s
tt8764056,2018,Unknown,German,Unknown,2010,German - Unknown,German - Unknown - 2010s
tt8772262,2019,R,English,Mature,2010,English - Mature,English - Mature - 2010s
tt8774100,2019,Unknown,English,Unknown,2010,English - Unknown,English - Unknown - 2010s
tt8787116,2018,Unknown,Mandarin,Unknown,2010,Mandarin - Unknown,Mandarin - Unknown - 2010s
tt8803724,2019,Unknown,English,Unknown,2010,English - Unknown,English - Unknown - 2010s
tt8804688,2019,Unknown,English,Unknown,2010,English - Unknown,English - Unknown - 2010s
tt8820590,2018,TV-14,Russian,Teen,2010,Russian - Teen,Russian - Teen - 2010s
tt8821182,2018,TV-14,Tagalog,Teen,2010,Tagalog - Teen,Tagalog - Teen - 2010s
tt8829830,2020,R,English,Mature,2020,English - Mature,English - Mature - 2020s
tt8844888,2018,R,English,Mature,2010,English - Mature,English - Mature - 2010s
tt8845432,2018,Not Rated,Mandarin,Unknown,2010,Mandarin - Unknown,Mandarin - Unknown - 2010s
tt8847712,2021,R,English,Mature,2020,English - Mature,English - Mature - 2020s
tt8851148,2022,PG-13,English,Teen,2020,English - Teen,English - Teen - 2020s
tt8858104,2019,TV-MA,English,Mature,2010,English - Mature,English - Mature - 2010s
tt8861786,2018,PG,English,Family,2010,English - Family,English - Family - 2010s
tt8866450,2019,Unknown,Japanese,Unknown,2010,Japanese - Unknown,Japanese - Unknown - 2010s
tt8883524,2018,R,English,Mature,2010,English - Mature,English - Mature - 2010s
tt8884906,2020,R,English,Mature,2020,English - Mature,English - Mature - 2020s
tt8902980,2019,TV-MA,English,Mature,2010,English - Mature,English - Mature - 2010s
tt8906844,2021,Not Rated,English,Unknown,2020,English - Unknown,English - Unknown - 2020s
tt8912936,2022,PG,English,Family,2020,English - Family,English - Family - 2020s
tt8918392,2019,Unknown,English,Unknown,2010,English - Unknown,English - Unknown - 2010s
tt8925540,2018,PG,French,Family,2010,French - Family,French - Family - 2010s
tt8931870,2019,Unknown,English,Unknown,2010,English - Unknown,English - Unknown - 2010s
tt8936646,2020,R,English,Mature,2020,English - Mature,English - Mature - 2020s
tt8945942,2020,Unrated,English,Unknown,2020,English - Unknown,English - Unknown - 2020s
tt8946378,2019,PG-13,English,Teen,2010,English - Teen,English - Teen - 2010s
tt8948132,2020,Unknown,Danish,Unknown,2020,Danish - Unknown,Danish - Unknown - 2020s
tt8956390,2018,Unknown,Spanish,Unknown,2010,Spanish - Unknown,Spanish - Unknown - 2010s
tt8971216,2018,Unknown,English,Unknown,2010,English - Unknown,English - Unknown - 2010s
tt8971476,2019,Unknown,English,Unknown,2010,English - Unknown,English - Unknown - 2010s
tt8972556,2020,R,English,Mature,2020,English - Mature,English - Mature - 2020s
tt8974368,2019,Unknown,Dutch,Unknown,2010,Dutch - Unknown,Dutch - Unknown - 2010s
tt8974576,2019,TV-14,English,Teen,2010,English - Teen,English - Teen - 2010s
tt8982672,2019,Unknown,English,Unknown,2010,English - Unknown,English - Unknown - 2010s
tt8983166,2020,Not Rated,Hindi,Unknown,2020,Hindi - Unknown,Hindi - Unknown - 2020s
tt8983294,2018,Unknown,English,Unknown,2010,English - Unknown,English - Unknown - 2010s
tt8995218,2019,Not Rated,English,Unknown,2010,English - Unknown,English - Unknown - 2010s
tt8997712,2020,TV-14,English,Teen,2020,English - Teen,English - Teen - 2020s
tt9000000,2019,Unknown,Chinese,Unknown,2010,Chinese - Unknown,Chinese - Unknown - 2010s
tt9009826,2021,R,English,Mature,2020,English - Mature,English - Mature - 2020s
tt9012672,2020,Unknown,English,Unknown,2020,English - Unknown,English - Unknown - 2020s
tt9024942,2018,Unknown,English,Unknown,2010,English - Unknown,English - Unknown - 2010s
tt9032400,2021,PG-13,English,Teen,2020,English - Teen,English - Teen - 2020s
tt9032888,2019,TV-PG,English,Teen,2010,English - Teen,English - Teen - 2010s
tt9035000,2020,Unknown,English,Unknown,2020,English - Unknown,English - Unknown - 2020s
tt9037650,2019,PG,German,Family,2010,German - Family,German - Family - 2010s
tt9038270,2018,Unknown,English,Unknown,2010,English - Unknown,English - Unknown - 2010s
tt9042304,2019,TV-MA,English,Mature,2010,English - Mature,English - Mature - 2010s
tt9044418,2023,Unknown,English,Unknown,2020,English - Unknown,English - Unknown - 2020s
tt9048026,2018,Unknown,Spanish,Unknown,2010,Spanish - Unknown,Spanish - Unknown - 2010s
tt9052870,2019,Not Rated,Hindi,Unknown,2010,Hindi - Unknown,Hindi - Unknown - 2010s
tt9062342,2018,Unknown,Spanish,Unknown,2010,Spanish - Unknown,Spanish - Unknown - 2010s
tt9063106,2018,TV-14,Malay,Teen,2010,Malay - Teen,Malay - Teen - 2010s
tt9065812,2020,TV-MA,English,Mature,2020,English - Mature,English - Mature - 2020s
tt9071322,2019,PG-13,English,Teen,2010,English - Teen,English - Teen - 2010s
tt9075778,2019,PG,English,Family,2010,English - Family,English - Family - 2010s
tt9089294,2018,TV-14,Japanese,Teen,2010,Japanese - Teen,Japanese - Teen - 2010s
tt9093094,2020,Unknown,Spanish,Unknown,2020,Spanish - Unknown,Spanish - Unknown - 2020s
tt9099242,2019,Unknown,English,Unknown,2010,English - Unknown,English - Unknown - 2010s
tt9106672,2019,Unknown,German,Unknown,2010,German - Unknown,German - Unknown - 2010s
tt9112182,2023,TV-MA,N/A,Mature,2020,N/A - Mature,N/A - Mature - 2020s
tt9113332,2019,Unknown,Malay,Unknown,2010,Malay - Unknown,Malay - Unknown - 2010s
tt9114286,2022,PG-13,English,Teen,2020,English - Teen,English - Teen - 2020s
tt9120416,2019,Unknown,French,Unknown,2010,French - Unknown,French - Unknown - 2010s
tt9128686,2018,Not Rated,Thai,Unknown,2010,Thai - Unknown,Thai - Unknown - 2010s
tt9139586,2020,R,English,Mature,2020,English - Mature,English - Mature - 2020s
tt9154602,2019,Not Rated,Telugu,Unknown,2010,Telugu - Unknown,Telugu - Unknown - 2010s
tt9165824,2020,Unknown,English,Unknown,2020,English - Unknown,English - Unknown - 2020s
tt9172840,2019,Unknown,Hindi,Unknown,2010,Hindi - Unknown,Hindi - Unknown - 2010s
tt9176260,2019,Unknown,Hindi,Unknown,2010,Hindi - Unknown,Hindi - Unknown - 2010s
tt9182412,2008,Unknown,English,Unknown,2000,English - Unknown,English - Unknown - 2000s
tt9204760,2021,Unknown,Dutch,Unknown,2020,Dutch - Unknown,Dutch - Unknown - 2020s
tt9206798,2018,PG-13,English,Teen,2010,English - Teen,English - Teen - 2010s
tt9214310,2019,Unknown,Portuguese,Unknown,2010,Portuguese - Unknown,Portuguese - Unknown - 2010s
tt9239888,2019,TV-MA,Italian,Mature,2010,Italian - Mature,Italian - Mature - 2010s
tt9243804,2021,R,English,Mature,2020,English - Mature,English - Mature - 2020s
tt9243946,2019,TV-MA,English,Mature,2010,English - Mature,English - Mature - 2010s
tt9250156,2018,Unknown,English,Unknown,2010,English - Unknown,English - Unknown - 2010s
tt9252508,2019,TV-PG,English,Teen,2010,English - Teen,English - Teen - 2010s
tt9290986,2018,Unknown,English,Unknown,2010,English - Unknown,English - Unknown - 2010s
tt9303120,2019,Unknown,Japanese,Unknown,2010,Japanese - Unknown,Japanese - Unknown - 2010s
tt9308390,2021,Unrated,Danish,Unknown,2020,Danish - Unknown,Danish - Unknown - 2020s
tt9331416,2019,Unknown,English,Unknown,2010,English - Unknown,English - Unknown - 2010s
tt9346816,2018,Unknown,Uzbek,Unknown,2010,Uzbek - Unknown,Uzbek - Unknown - 2010s
tt9347730,2021,R,English,Mature,2020,English - Mature,English - Mature - 2020s
tt9348566,2022,Unknown,English,Unknown,2020,English - Unknown,English - Unknown - 2020s
tt9354842,2020,TV-14,English,Teen,2020,English - Teen,English - Teen - 2020s
tt9356952,2019,R,English,Mature,2010,English - Mature,English - Mature - 2010s
tt9365800,2022,R,English,Mature,2020,English - Mature,English - Mature - 2020s
tt9371362,2020,Unknown,English,Unknown,2020,English - Unknown,English - Unknown - 2020s
tt9373688,2021,Not Rated,English,Unknown,2020,English - Unknown,English - Unknown - 2020s
tt9376612,2021,PG-13,English,Teen,2020,English - Teen,English - Teen - 2020s
tt9390222,2019,Unknown,Hindi,Unknown,2010,Hindi - Unknown,Hindi - Unknown - 2010s
tt9392374,2020,Unknown,English,Unknown,2020,English - Unknown,English - Unknown - 2020s
tt9411972,2022,PG-13,English,Teen,2020,English - Teen,English - Teen - 2020s
tt9419884,2022,PG-13,English,Teen,2020,English - Teen,English - Teen - 2020s
tt9421570,2021,R,English,Mature,2020,English - Mature,English - Mature - 2020s
tt9426186,2018,Not Rated,Korean,Unknown,2010,Korean - Unknown,Korean - Unknown - 2010s
tt9456222,2018,Unknown,Mandarin,Unknown,2010,Mandarin - Unknown,Mandarin - Unknown - 2010s
tt9484998,2020,R,English,Mature,2020,English - Mature,English - Mature - 2020s
tt9495224,2018,TV-MA,English,Mature,2010,English - Mature,English - Mature - 2010s
tt9497120,2018,Unknown,Russian,Unknown,2010,Russian - Unknown,Russian - Unknown - 2010s
tt9526152,2019,TV-MA,Japanese,Mature,2010,Japanese - Mature,Japanese - Mature - 2010s
tt9526822,2019,Unknown,Tagalog,Unknown,2010,Tagalog - Unknown,Tagalog - Unknown - 2010s
tt9531772,2021,TV-14,Hindi,Teen,2020,Hindi - Teen,Hindi - Teen - 2020s
tt9541602,2019,Not Rated,Korean,Unknown,2010,Korean - Unknown,Korean - Unknown - 2010s
tt9542116,2020,Unknown,English,Unknown,2020,English - Unknown,English - Unknown - 2020s
tt9562694,2019,Not Rated,English,Unknown,2010,English - Unknown,English - Unknown - 2010s
tt9568230,2021,Unknown,English,Unknown,2020,English - Unknown,English - Unknown - 2020s
tt9575160,2019,Unknown,Cantonese,Unknown,2010,Cantonese - Unknown,Cantonese - Unknown - 2010s
tt9586294,2019,Unknown,Mandarin,Unknown,2010,Mandarin - Unknown,Mandarin - Unknown - 2010s
tt9592522,2021,Not Rated,N/A,Unknown,2020,N/A - Unknown,N/A - Unknown - 2020s
tt9602258,2019,Unknown,Korean,Unknown,2010,Korean - Unknown,Korean - Unknown - 2010s
tt9603212,2023,PG-13,English,Teen,2020,English - Teen,English - Teen - 2020s
tt9620288,2021,PG-13,English,Teen,2020,English - Teen,English - Teen - 2020s
tt9620292,2020,R,English,Mature,2020,English - Mature,English - Mature - 2020s
tt9639470,2021,R,English,Mature,2020,English - Mature,English - Mature - 2020s
tt9640414,2020,TV-14,N/A,Teen,2020,N/A - Teen,N/A - Teen - 2020s
tt9657076,2021,Unknown,English,Unknown,2020,English - Unknown,English - Unknown - 2020s
tt9664108,2021,PG-13,English,Teen,2020,English - Teen,English - Teen - 2020s
tt9669176,2022,R,English,Mature,2020,English - Mature,English - Mature - 2020s
tt9670282,2019,TV-14,English,Teen,2010,English - Teen,English - Teen - 2010s
tt9676318,2019,Not Rated,English,Unknown,2010,English - Unknown,English - Unknown - 2010s
tt9676614,2017,Unknown,Italian,Unknown,2010,Italian - Unknown,Italian - Unknown - 2010s
tt9685342,2021,Unknown,Mandarin,Unknown,2020,Mandarin - Unknown,Mandarin - Unknown - 2020s
tt9694312,2020,Unrated,English,Unknown,2020,English - Unknown,English - Unknown - 2020s
tt9695308,2019,Unknown,Dutch,Unknown,2010,Dutch - Unknown,Dutch - Unknown - 2010s
tt9695404,2019,Unknown,Dutch,Unknown,2010,Dutch - Unknown,Dutch - Unknown - 2010s
tt9697340,2019,Unknown,English,Unknown,2010,English - Unknown,English - Unknown - 2010s
tt9701940,2021,R,English,Mature,2020,English - Mature,English - Mature - 2020s
tt9731360,2020,Unknown,English,Unknown,2020,English - Unknown,English - Unknown - 2020s
tt9731436,1932,Not Rated,French,Unknown,1930,French - Unknown,French - Unknown - 1930s
tt9738400,2020,Unknown,English,Unknown,2020,English - Unknown,English - Unknown - 2020s
tt9747594,2020,Unknown,Korean,Unknown,2020,Korean - Unknown,Korean - Unknown - 2020s
tt9760852,2020,Unknown,Basque,Unknown,2020,Basque - Unknown,Basque - Unknown - 2020s
tt9764362,2022,R,English,Mature,2020,English - Mature,English - Mature - 2020s
tt9772374,2020,R,English,Mature,2020,English - Mature,English - Mature - 2020s
tt9777462,2019,Unknown,Mandarin,Unknown,2010,Mandarin - Unknown,Mandarin - Unknown - 2010s
tt9777666,2021,PG-13,English,Teen,2020,English - Teen,English - Teen - 2020s
tt9783600,2022,R,English,Mature,2020,English - Mature,English - Mature - 2020s
tt9784798,2021,R,English,Mature,2020,English - Mature,English - Mature - 2020s
tt9806192,2019,TV-MA,French,Mature,2010,French - Mature,French - Mature - 2010s
tt9806370,2020,Not Rated,English,Unknown,2020,English - Unknown,English - Unknown - 2020s
tt9809140,2019,TV-14,Spanish,Teen,2010,Spanish - Teen,Spanish - Teen - 2010s
tt9834506,2020,Not Rated,Hungarian,Unknown,2020,Hungarian - Unknown,Hungarian - Unknown - 2020s
tt9837502,2018,Unknown,English,Unknown,2010,English - Unknown,English - Unknown - 2010s
tt9840958,2019,Unknown,English,Unknown,2010,English - Unknown,English - Unknown - 2010s
tt9844522,2021,PG-13,English,Teen,2020,English - Teen,English - Teen - 2020s
tt9844938,2021,Unknown,Japanese,Unknown,2020,Japanese - Unknown,Japanese - Unknown - 2020s
tt9845564,2021,TV-MA,Spanish,Mature,2020,Spanish - Mature,Spanish - Mature - 2020s
tt9849004,2021,R,English,Mature,2020,English - Mature,English - Mature - 2020s
tt9851854,2022,Not Rated,Hindi,Unknown,2020,Hindi - Unknown,Hindi - Unknown - 2020s
tt9855978,2020,Not Rated,Danish,Unknown,2020,Danish - Unknown,Danish - Unknown - 2020s
tt9860350,2020,Unknown,Japanese,Unknown,2020,Japanese - Unknown,Japanese - Unknown - 2020s
tt9860728,2019,TV-PG,English,Teen,2010,English - Teen,English - Teen - 2010s
tt9866072,2020,TV-MA,English,Mature,2020,English - Mature,English - Mature - 2020s
tt9868158,2020,Unknown,English,Unknown,2020,English - Unknown,English - Unknown - 2020s
tt9877170,2020,TV-MA,Hindi,Mature,2020,Hindi - Mature,Hindi - Mature - 2020s
tt9893250,2020,R,English,Mature,2020,English - Mature,English - Mature - 2020s
tt9894470,2019,Not Rated,English,Unknown,2010,English - Unknown,English - Unknown - 2010s
tt9898858,2020,TV-MA,English,Mature,2020,English - Mature,English - Mature - 2020s
tt9916362,2020,TV-MA,Spanish,Mature,2020,Spanish - Mature,Spanish - Mature - 2020s
